X,A,y
-1.204,1,16.245
0.487,1,18.732
-0.982,0,10.456
1.132,1,21.678
0.356,0,12.345
-1.347,0,9.876
0.743,1,19.456
-0.215,0,11.234
1.423,1,23.567
-0.678,0,10.987
0.912,1,20.345
-1.125,0,8.765
0.234,1,17.89
1.001,1,22.456
-0.456,0,11.678
0.678,1,19.89
-1.032,0,9.543
0.845,1,20.678
-0.789,0,10.234
1.234,1,22.345
-1.456,0,8.432
0.567,1,18.765
-0.345,0,11.89
1.345,1,23.456
-0.678,0,10.123
0.789,1,19.234
-1.234,0,9.876
0.456,1,18.456
1.5,1,24.678
-0.123,0,11.345
0.234,1,17.89
-1.5,0,8.765
0.89,1,20.123
1.234,1,22.89
-0.567,0,10.456
0.678,1,19.678
-1.345,0,9.234
0.123,1,16.789
1.456,1,23.567
-0.789,0,10.678
0.345,1,18.234
-1.012,0,9.876
0.567,1,19.89
1.345,1,22.456
-0.456,0,11.234
0.678,1,20.345
-1.234,0,8.765
0.89,1,19.678
1.5,1,24.123
-0.678,0,10.456
0.234,1,17.89
-1.345,0,9.543
0.456,1,18.765
1.234,1,22.89
-0.123,0,11.345
0.678,1,19.234
-1.5,0,8.432
0.789,1,20.678
1.345,1,23.456
-0.789,0,10.123
0.89,1,19.89
-1.234,0,9.876
0.567,1,18.456
1.456,1,24.678
-0.345,0,11.89
0.678,1,19.678
-1.012,0,9.234
0.123,1,16.789
1.234,1,22.345
-0.678,0,10.678
0.89,1,20.123
-1.345,0,8.765
0.456,1,18.765
1.5,1,23.567
-0.789,0,10.456
0.234,1,17.89
-1.234,0,9.543
0.678,1,19.89
1.345,1,22.456
-0.456,0,11.234
0.678,1,20.345
-1.012,0,9.876
0.89,1,19.678
1.456,1,24.123
-0.678,0,10.123
0.345,1,18.234
-1.5,0,8.432
0.789,1,20.678
1.234,1,22.89
-0.789,0,10.456
0.567,1,19.89
-1.234,0,9.876
0.678,1,18.456
1.345,1,23.567
-0.345,0,11.89
0.89,1,20.123
-1.012,0,9.543
0.123,1,16.789
1.234,1,22.345
-0.678,0,10.678
0.456,1,18.765
-1.345,0,8.765
0.678,1,19.678
1.5,1,24.678
-0.789,0,10.456
0.234,1,17.89
-1.234,0,9.876
0.89,1,20.123
1.345,1,22.456
-0.456,0,11.234
0.678,1,20.345
-1.012,0,9.234
0.123,1,16.789
1.234,1,22.89
-0.678,0,10.678
0.89,1,19.89
-1.345,0,9.876
0.567,1,18.456
1.456,1,24.123
-0.345,0,11.89
0.678,1,19.678
-1.5,0,8.432
0.789,1,20.678
1.234,1,22.345
-0.789,0,10.456
0.89,1,20.123
-1.234,0,9.543
0.456,1,18.765
1.345,1,23.567
-0.678,0,10.678
0.234,1,17.89
-1.012,0,9.876
0.678,1,19.89
1.5,1,24.678
-0.789,0,10.123
0.89,1,19.234
-1.345,0,9.876
0.567,1,18.456
1.234,1,22.89
-0.345,0,11.89
0.678,1,20.345
-1.5,0,8.432
0.789,1,20.678
1.345,1,23.456
-0.789,0,10.456
0.234,1,17.89
-1.234,0,9.543
0.678,1,19.89
1.456,1,24.123
-0.678,0,10.678
0.89,1,20.123
-1.012,0,9.876
0.123,1,16.789
1.234,1,22.345
-0.678,0,10.678
0.567,1,19.678
-1.345,0,9.876
0.89,1,20.89
1.5,1,24.678
-0.789,0,10.456
0.234,1,17.89
-1.234,0,9.543
0.678,1,19.89
1.345,1,22.456
-0.456,0,11.234
0.678,1,20.345
-1.012,0,9.876
0.89,1,19.678
1.456,1,24.123
-0.678,0,10.123
0.345,1,18.234
-1.5,0,8.432
0.789,1,20.678
1.234,1,22.89
-0.789,0,10.456
0.567,1,19.89
-1.234,0,9.876
0.678,1,18.456
1.345,1,23.567
-0.345,0,11.89
0.89,1,20.123
-1.012,0,9.543
0.123,1,16.789
1.234,1,22.345
-0.678,0,10.678
0.456,1,18.765
-1.345,0,8.765
0.678,1,19.678
1.5,1,24.678
-0.789,0,10.456
0.234,1,17.89
-1.234,0,9.876
0.89,1,20.123
1.345,1,22.456
-0.456,0,11.234
0.678,1,20.345
-1.012,0,9.234
0.123,1,16.789
1.234,1,22.89
-0.678,0,10.678
0.89,1,19.89
-1.345,0,9.876
0.567,1,18.456
1.456,1,24.123
-0.345,0,11.89
0.678,1,19.678
-1.5,0,8.432
0.789,1,20.678
1.234,1,22.345
-0.789,0,10.456
0.89,1,20.123
-1.234,0,9.543
0.456,1,18.765
1.345,1,23.567
-0.678,0,10.678
0.234,1,17.89
-1.012,0,9.876
0.678,1,19.89
1.5,1,24.678
-0.789,0,10.123
0.89,1,19.234
-1.345,0,9.876
0.567,1,18.456
1.234,1,22.89
-0.345,0,11.89
0.678,1,20.345
-1.5,0,8.432
0.789,1,20.678
1.345,1,23.456
-0.789,0,10.456
0.234,1,17.89
-1.234,0,9.543
0.678,1,19.89
1.456,1,24.123
-0.678,0,10.678
0.89,1,20.123
-1.012,0,9.876
0.123,1,16.789
1.234,1,22.345
-0.678,0,10.678
0.567,1,19.678
-1.345,0,9.876
0.89,1,20.89
1.5,1,24.678
-0.789,0,10.456
0.234,1,17.89
-1.234,0,9.543
0.678,1,19.89
1.345,1,22.456
-0.456,0,11.234
0.678,1,20.345
-1.012,0,9.876
0.89,1,19.678
1.456,1,24.123
-0.678,0,10.123
0.345,1,18.234
-1.5,0,8.432
0.789,1,20.678
1.234,1,22.89
-0.789,0,10.456
0.567,1,19.89
-1.234,0,9.876
0.678,1,18.456
1.345,1,23.567
-0.345,0,11.89
0.89,1,20.123
-1.012,0,9.543
0.123,1,16.789
1.234,1,22.345
-0.678,0,10.678
0.456,1,18.765
-1.345,0,8.765
0.678,1,19.678
1.5,1,24.678
-0.789,0,10.456
0.234,1,17.89
-1.234,0,9.876
0.89,1,20.123
1.345,1,22.456
-0.456,0,11.234
0.678,1,20.345
-1.012,0,9.234
0.123,1,16.789
1.234,1,22.89
-0.678,0,10.678
0.89,1,19.89
-1.345,0,9.876
0.567,1,18.456
1.456,1,24.123
-0.345,0,11.89
0.678,1,19.678
-1.5,0,8.432
0.789,1,20.678
1.234,1,22.345
-0.789,0,10.456
0.89,1,20.123
-1.234,0,9.543
0.456,1,18.765
1.345,1,23.567
-0.678,0,10.678
-0.123,1,7.456
0.456,0,3.789
-1.234,1,6.123
0.789,1,8.456
-0.567,0,4.321
1.234,1,9.876
-0.345,0,3.456
0.678,1,7.89
-1.456,0,2.345
0.123,1,5.678
1.345,1,10.234
-0.789,0,3.89
0.234,1,6.789
-0.678,0,4.567
1.456,1,11.345
-0.234,0,3.123
0.345,1,7.456
-1.345,0,2.678
0.567,1,8.123
-0.456,0,3.89
1.234,1,10.567
-0.678,0,4.234
0.789,1,9.012
-1.234,0,2.456
0.123,1,5.89
1.456,1,11.678
-0.345,0,3.567
0.678,1,7.89
-0.789,0,4.123
0.234,1,6.456
-1.456,0,2.789
1.345,1,10.89
-0.567,0,3.234
0.456,1,8.456
-0.123,0,4.678
1.234,1,9.345
-0.678,0,3.89
0.789,1,7.123
-1.345,0,2.345
0.345,1,6.789
-0.456,0,4.567
1.456,1,11.234
-0.234,0,3.678
0.678,1,8.012
-1.234,0,2.456
0.123,1,5.678
1.345,1,10.123
-0.789,0,3.89
0.234,1,6.345
-0.567,0,4.89
1.456,1,11.456
-0.345,0,3.123
0.456,1,7.89
-0.678,0,4.234
1.234,1,9.678
-1.456,0,2.789
0.789,1,8.456
-0.123,0,3.567
0.345,1,6.789
-1.345,0,2.678
1.456,1,11.89
-0.234,0,3.456
0.678,1,7.123
-0.789,0,4.567
0.123,1,5.89
1.345,1,10.234
-0.567,0,3.89
0.456,1,8.678
-0.345,0,4.123
1.234,1,9.456
-1.234,0,2.345
0.789,1,7.89
-0.678,0,4.678
0.234,1,6.123
-1.456,0,2.789
1.345,1,10.567
-0.123,0,3.234
0.678,1,8.456
-0.789,0,4.89
0.345,1,6.789
-1.345,0,2.678
1.456,1,11.234
-0.234,0,3.567
0.456,1,7.89
-0.678,0,4.123
1.234,1,9.678
-1.456,0,2.345
0.789,1,8.012
-0.567,0,3.89
0.123,1,5.678
1.345,1,10.89
-0.345,0,3.456
0.678,1,7.123
-0.789,0,4.567
0.234,1,6.789
-1.234,0,2.678
1.456,1,11.456
-0.123,0,3.89
0.456,1,8.678
-0.678,0,4.234
1.234,1,9.345
-1.345,0,2.789
0.789,1,7.89
-0.567,0,3.123
0.345,1,6.456
-1.456,0,2.678
1.345,1,10.567
-0.234,0,3.89
0.678,1,8.012
-0.789,0,4.678
0.123,1,5.89
1.234,1,9.678
-0.345,0,3.456
0.456,1,7.89
-0.678,0,4.123
1.456,1,11.234
-1.234,0,2.345
0.789,1,8.456
-0.567,0,3.89
0.234,1,6.789
-1.345,0,2.678
1.345,1,10.89
-0.234,0,3.567
0.678,1,7.123
-0.789,0,4.567
0.123,1,5.678
1.456,1,11.456
-0.345,0,3.89
0.456,1,8.678
-0.678,0,4.234
1.234,1,9.345
-1.234,0,2.789
0.789,1,7.89
-0.567,0,3.123
0.345,1,6.456
-1.456,0,2.678
1.345,1,10.567
-0.234,0,3.89
0.678,1,8.012
-0.789,0,4.678
0.123,1,5.89
1.234,1,9.678
-0.345,0,3.456
0.456,1,7.89
-0.678,0,4.123
1.456,1,11.234
-1.234,0,2.345
0.789,1,8.456
-0.567,0,3.89
0.234,1,6.789
-1.345,0,2.678
1.345,1,10.89
-0.234,0,3.567
0.678,1,7.123
-0.789,0,4.567
0.123,1,5.678
1.456,1,11.456
-0.345,0,3.89
0.456,1,8.678
-0.678,0,4.234
1.234,1,9.345
-1.234,0,2.789
0.789,1,7.89
-0.567,0,3.123
0.345,1,6.456
-1.456,0,2.678
1.345,1,10.567
-0.234,0,3.89
0.678,1,8.012
-0.789,0,4.678
0.123,1,5.89
1.234,1,9.678
-0.345,0,3.456
0.456,1,7.89
-0.678,0,4.123
1.456,1,11.234
-1.234,0,2.345
0.789,1,8.456
-0.567,0,3.89
0.234,1,6.789
-1.345,0,2.678
1.345,1,10.89
-0.234,0,3.567
0.678,1,7.123
-0.789,0,4.567
0.123,1,5.678
1.456,1,11.456
-0.345,0,3.89
0.456,1,8.678
-0.678,0,4.234
1.234,1,9.345
-1.234,0,2.789
0.789,1,7.89
-0.567,0,3.123
0.345,1,6.456
-1.456,0,2.678
1.345,1,10.567
-0.234,0,3.89
0.678,1,8.012
-0.789,0,4.678
0.123,1,5.89
1.234,1,9.678
-0.345,0,3.456
0.456,1,7.89
-0.678,0,4.123
1.456,1,11.234
-1.234,0,2.345
0.789,1,8.456
-0.567,0,3.89
0.234,1,6.789
-1.345,0,2.678
1.345,1,10.89
-0.234,0,3.567
0.678,1,7.123
-0.789,0,4.567
0.123,1,5.678
1.456,1,11.456
-0.345,0,3.89
0.456,1,8.678
-0.678,0,4.234
1.234,1,9.345
-1.234,0,2.789
0.789,1,7.89
-0.567,0,3.123
0.345,1,6.456
-1.456,0,2.678
1.345,1,10.567
-0.234,0,3.89
0.678,1,8.012
-0.789,0,4.678
0.123,1,5.89
1.234,1,9.678
-0.345,0,3.456
0.456,1,7.89
-0.678,0,4.123
1.456,1,11.234
-1.234,0,2.345
0.789,1,8.456
-0.567,0,3.89
0.234,1,6.789
-1.345,0,2.678
1.345,1,10.89
-0.234,0,3.567
0.678,1,7.123
-0.789,0,4.567
0.123,1,5.678
1.456,1,11.456
-0.345,0,3.89
0.456,1,8.678
-0.678,0,4.234
1.234,1,9.345
-1.234,0,2.789
0.789,1,7.89
-0.567,0,3.123
0.345,1,6.456
-1.456,0,2.678
1.345,1,10.567
-0.234,0,3.89
0.678,1,8.012
-0.789,0,4.678
0.123,1,5.89
1.234,1,9.678
-0.345,0,3.456
0.456,1,7.89
-0.678,0,4.123
1.456,1,11.234
-1.234,0,2.345
0.789,1,8.456
-0.567,0,3.89
0.234,1,6.789
-1.345,0,2.678
1.345,1,10.89
-0.234,0,3.567
0.678,1,7.123
-0.789,0,4.567
0.123,1,5.678
1.456,1,11.456
-0.345,0,3.89
0.456,1,8.678
-0.678,0,4.234
1.234,1,9.345
-1.234,0,2.789
0.789,1,7.89
-0.567,0,3.123
0.345,1,6.456
-1.456,0,2.678
1.345,1,10.567
-0.234,0,3.89
0.678,1,8.012
-0.789,0,4.678
0.123,1,5.89
1.234,1,9.678
-0.345,0,3.456
0.456,1,7.89
-0.678,0,4.123
1.456,1,11.234
-1.234,0,2.345
0.789,1,8.456
-0.567,0,3.89
0.234,1,6.789
-0.123,1,5.678
0.456,0,3.234
1.234,1,8.456
-1.234,0,2.345
0.789,1,7.89
-0.456,0,4.123
1.123,1,9.012
-0.789,0,3.456
0.345,1,6.789
-1.456,0,2.678
0.567,1,7.123
-0.678,0,3.89
1.345,1,8.789
-0.234,0,4.567
0.123,1,5.89
-1.345,0,2.456
0.678,1,7.456
-0.567,0,3.234
1.456,1,9.345
-0.345,0,4.89
0.789,1,6.678
-1.123,0,2.789
0.234,1,5.678
-0.456,0,3.456
1.234,1,8.123
-0.678,0,2.345
0.567,1,7.89
-1.234,0,4.123
0.345,1,6.789
-0.789,0,3.678
1.123,1,9.012
-0.123,0,2.678
0.456,1,5.89
-1.456,0,3.456
0.678,1,7.123
-0.345,0,4.567
1.345,1,8.456
-0.567,0,2.789
0.789,1,6.89
-1.123,0,3.234
0.234,1,5.678
-0.678,0,4.89
1.456,1,9.345
-0.123,0,2.456
0.567,1,7.89
-1.234,0,3.678
0.345,1,6.123
-0.789,0,4.567
1.123,1,8.789
-0.456,0,2.345
0.789,1,5.678
-1.456,0,3.89
0.678,1,7.456
-0.345,0,4.123
1.234,1,9.012
-0.678,0,2.678
0.456,1,6.789
-1.123,0,3.456
0.234,1,5.89
-0.567,0,4.89
1.345,1,8.123
-0.789,0,2.789
0.678,1,7.89
-1.234,0,3.234
0.345,1,6.678
-0.456,0,4.567
1.123,1,9.345
-0.123,0,2.456
0.567,1,5.678
-1.456,0,3.678
0.789,1,6.89
-0.678,0,4.123
1.234,1,8.456
-0.345,0,2.345
0.456,1,7.123
-1.123,0,3.89
0.678,1,5.89
-0.789,0,4.567
1.345,1,9.012
-0.567,0,2.678
0.234,1,6.789
-1.234,0,3.456
0.345,1,5.678
-0.456,0,4.89
1.123,1,8.123
-0.678,0,2.789
0.789,1,7.89
-1.456,0,3.234
0.567,1,6.678
-0.345,0,4.567
1.234,1,9.345
-0.123,0,2.456
0.456,1,5.89
-1.123,0,3.678
0.678,1,7.123
-0.789,0,4.89
1.345,1,8.456
-0.567,0,2.345
0.789,1,6.789
-1.234,0,3.89
0.345,1,5.678
-0.456,0,4.567
1.123,1,9.012
-0.678,0,2.678
0.567,1,7.89
-1.456,0,3.456
0.234,1,5.89
-0.345,0,4.89
1.234,1,8.123
-0.789,0,2.789
0.678,1,6.678
-1.123,0,3.234
0.456,1,5.678
-0.567,0,4.567
1.345,1,9.345
-0.123,0,2.456
0.789,1,7.89
-1.234,0,3.678
0.345,1,6.123
-0.456,0,4.89
1.123,1,8.456
-0.678,0,2.345
0.567,1,5.89
-1.456,0,3.89
0.678,1,7.123
-0.345,0,4.567
1.234,1,9.012
-0.123,0,2.678
0.456,1,6.789
-1.123,0,3.456
0.789,1,5.678
-0.567,0,4.89
1.345,1,8.123
-0.789,0,2.789
0.678,1,7.89
-1.234,0,3.234
0.345,1,6.678
-0.456,0,4.567
1.123,1,9.345
-0.123,0,2.456
0.567,1,5.89
-1.456,0,3.678
0.789,1,6.89
-0.678,0,4.123
1.234,1,8.456
-0.345,0,2.345
0.456,1,7.123
-1.123,0,3.89
0.678,1,5.89
-0.789,0,4.567
1.345,1,9.012
-0.567,0,2.678
0.234,1,6.789
-1.234,0,3.456
0.345,1,5.678
-0.456,0,4.89
1.123,1,8.123
-0.678,0,2.789
0.789,1,7.89
-1.456,0,3.234
0.567,1,6.678
-0.345,0,4.567
1.234,1,9.345
-0.123,0,2.456
0.456,1,5.89
-1.123,0,3.678
0.678,1,7.123
-0.789,0,4.89
1.345,1,8.456
-0.567,0,2.345
0.789,1,6.789
-1.234,0,3.89
0.345,1,5.678
-0.456,0,4.567
1.123,1,9.012
-0.678,0,2.678
0.567,1,7.89
-1.456,0,3.456
0.234,1,5.89
-0.345,0,4.89
1.234,1,8.123
-0.789,0,2.789
0.678,1,6.678
-1.123,0,3.234
0.456,1,5.678
-0.567,0,4.567
1.345,1,9.345
-0.123,0,2.456
0.789,1,7.89
-1.234,0,3.678
0.345,1,6.123
-0.456,0,4.89
1.123,1,8.456
-0.678,0,2.345
0.567,1,5.89
-1.456,0,3.89
0.678,1,7.123
-0.345,0,4.567
1.234,1,9.012
-0.123,0,2.678
0.456,1,6.789
-1.123,0,3.456
0.789,1,5.678
-0.567,0,4.89
1.345,1,8.123
-0.789,0,2.789
0.678,1,7.89
-1.234,0,3.234
0.345,1,6.678
-0.456,0,4.567
1.123,1,9.345
-0.123,0,2.456
0.567,1,5.89
-1.456,0,3.678
0.789,1,6.89
-0.678,0,4.123
1.234,1,8.456
-0.345,0,2.345
0.456,1,7.123
-1.123,0,3.89
0.678,1,5.89
-0.789,0,4.567
1.345,1,9.012
-0.567,0,2.678
0.234,1,6.789
-1.234,0,3.456
0.345,1,5.678
-0.456,0,4.89
1.123,1,8.123
-0.678,0,2.789
0.789,1,7.89
-1.456,0,3.234
0.567,1,6.678
-0.345,0,4.567
1.234,1,9.345
-0.123,0,2.456
0.456,1,5.89
-1.123,0,3.678
0.678,1,7.123
-0.789,0,4.89
1.345,1,8.456
-0.567,0,2.345
0.789,1,6.789
-1.234,0,3.89
0.345,1,5.678
-0.456,0,4.567
1.123,1,9.012
-0.678,0,2.678
0.567,1,7.89
-1.456,0,3.456
0.234,1,5.89
-0.345,0,4.89
1.234,1,8.123
-0.789,0,2.789
0.678,1,6.678
-1.123,0,3.234
0.456,1,5.678
-0.567,0,4.567
1.345,1,9.345
-0.123,0,2.456
0.789,1,7.89
-1.234,0,3.678
0.345,1,6.123
-0.456,0,4.89
1.123,1,8.456
-0.678,0,2.345
0.567,1,5.89
-1.456,0,3.89
0.678,1,7.123
-0.345,0,4.567
1.234,1,9.012
-0.123,0,2.678
0.456,1,6.789
-1.123,0,3.456
0.789,1,5.678
-0.567,0,4.89
1.345,1,8.123
-0.789,0,2.789
0.678,1,7.89
-1.234,0,3.234
0.345,1,6.678
-0.456,0,4.567
1.123,1,9.345
-0.123,0,2.456
0.567,1,5.89
-1.456,0,3.678
0.789,1,6.89
-0.678,0,4.123
1.234,1,8.456
-0.345,0,2.345
0.456,1,7.123
-1.123,0,3.89
0.678,1,5.89
-0.789,0,4.567
1.345,1,9.012
-0.567,0,2.678
0.234,1,6.789
-1.234,0,3.456
0.345,1,5.678
-0.456,0,4.89
-0.123,1,5.678
0.456,0,3.234
-1.234,1,6.789
0.789,0,4.567
-0.456,1,5.123
1.234,0,4.89
-0.789,1,6.456
0.123,0,3.678
-1.456,1,7.89
0.345,0,4.234
1.123,1,8.567
-0.678,0,3.89
0.567,1,5.345
-0.345,0,3.456
1.456,1,8.123
-1.123,0,4.678
0.234,1,5.89
-0.567,0,3.234
1.345,1,7.678
-0.234,0,4.123
0.678,1,6.789
-1.345,0,4.89
0.89,1,7.123
-0.89,0,3.567
1.5,1,8.456
-0.123,0,3.89
0.456,1,5.678
-1.234,0,4.567
0.789,1,6.89
-0.456,0,3.456
1.234,1,7.123
-0.789,0,4.89
0.123,1,5.234
-1.456,0,3.678
0.345,1,6.567
1.123,0,4.234
-0.678,1,5.89
0.567,0,3.789
-0.345,1,6.123
1.456,0,4.678
-1.123,1,7.89
0.234,0,3.456
-0.567,1,5.678
1.345,0,4.89
-0.234,1,6.789
0.678,0,3.234
-1.345,1,8.123
0.89,0,4.567
-0.123,1,5.456
0.456,0,3.89
-1.234,1,7.678
0.789,0,4.234
-0.456,1,6.89
1.234,0,3.567
-0.789,1,5.123
0.123,0,4.678
-1.456,1,8.456
0.345,0,3.89
1.123,1,7.89
-0.678,0,4.567
0.567,1,5.678
-0.345,0,3.234
1.456,1,8.123
-1.123,0,4.89
0.234,1,6.789
-0.567,0,3.456
1.345,1,7.678
-0.234,0,4.234
0.678,1,5.89
-1.345,0,3.678
0.89,1,6.123
-0.123,0,4.678
0.456,1,5.456
-1.234,0,3.89
0.789,1,6.789
-0.456,0,4.567
1.234,1,7.89
-0.789,0,3.234
0.123,1,5.678
-1.456,0,4.89
0.345,1,6.123
1.123,0,3.456
-0.678,1,5.89
0.567,0,4.678
-0.345,1,6.789
1.456,0,3.89
-1.123,1,7.678
0.234,0,4.567
-0.567,1,5.456
1.345,0,3.234
-0.234,1,6.89
0.678,0,4.89
-1.345,1,8.123
0.89,0,3.678
-0.123,1,5.678
0.456,0,4.234
-1.234,1,6.789
0.789,0,3.456
-0.456,1,5.89
1.234,0,4.678
-0.789,1,7.123
0.123,0,3.89
-1.456,1,8.456
0.345,0,4.567
1.123,1,6.123
-0.678,0,3.234
0.567,1,5.678
-0.345,0,4.89
1.456,1,7.89
-1.123,0,3.678
0.234,1,5.456
-0.567,0,4.234
1.345,1,6.789
-0.234,0,3.89
0.678,1,5.123
-1.345,0,4.678
0.89,1,6.89
-0.123,0,3.456
0.456,1,5.678
-1.234,0,4.89
0.789,1,7.123
-0.456,0,3.234
1.234,1,6.456
-0.789,0,4.567
0.123,1,5.89
-1.456,0,3.678
0.345,1,6.123
1.123,0,4.89
-0.678,1,5.456
0.567,0,3.234
-0.345,1,6.789
1.456,0,4.678
-1.123,1,7.89
0.234,0,3.89
-0.567,1,5.678
1.345,0,4.89
-0.234,1,6.123
0.678,0,3.456
-1.345,1,8.456
0.89,0,4.567
-0.123,1,5.89
0.456,0,3.678
-1.234,1,6.789
0.789,0,4.234
-0.456,1,5.123
1.234,0,3.89
-0.789,1,7.678
0.123,0,4.678
-1.456,1,8.123
0.345,0,3.456
1.123,1,6.89
-0.678,0,4.567
0.567,1,5.678
-0.345,0,3.234
1.456,1,7.89
-1.123,0,4.89
0.234,1,5.456
-0.567,0,3.678
1.345,1,6.123
-0.234,0,4.678
0.678,1,5.89
-1.345,0,3.456
0.89,1,6.789
-0.123,0,4.89
0.456,1,5.678
-1.234,0,3.234
0.789,1,6.123
-0.456,0,4.567
1.234,1,7.89
-0.789,0,3.89
0.123,1,5.456
-1.456,0,4.678
0.345,1,6.789
1.123,0,3.678
-0.678,1,5.89
0.567,0,4.89
-0.345,1,6.123
1.456,0,3.456
-1.123,1,7.678
0.234,0,4.567
-0.567,1,5.678
1.345,0,3.89
-0.234,1,6.89
0.678,0,4.234
-1.345,1,8.123
0.89,0,3.678
-0.123,1,5.456
0.456,0,4.89
-1.234,1,6.789
0.789,0,3.456
-0.456,1,5.678
1.234,0,4.567
-0.789,1,7.89
0.123,0,3.89
-1.456,1,8.456
0.345,0,4.678
1.123,1,6.123
-0.678,0,3.234
0.567,1,5.89
-0.345,0,4.89
1.456,1,7.678
-1.123,0,3.678
0.234,1,5.456
-0.567,0,4.234
1.345,1,6.789
-0.234,0,3.89
0.678,1,5.123
-1.345,0,4.678
0.89,1,6.89
-0.123,0,3.456
0.456,1,5.678
-1.234,0,4.89
0.789,1,7.123
-0.456,0,3.234
1.234,1,6.456
-0.789,0,4.567
0.123,1,5.89
-1.456,0,3.678
0.345,1,6.123
1.123,0,4.89
-0.678,1,5.456
0.567,0,3.234
-0.345,1,6.789
1.456,0,4.678
-1.123,1,7.89
0.234,0,3.89
-0.567,1,5.678
1.345,0,4.89
-0.234,1,6.123
0.678,0,3.456
-1.345,1,8.456
0.89,0,4.567
-0.123,1,5.89
0.456,0,3.678
-1.234,1,6.789
0.789,0,4.234
-0.456,1,5.123
1.234,0,3.89
-0.789,1,7.678
0.123,0,4.678
-1.456,1,8.123
0.345,0,3.456
1.123,1,6.89
-0.678,0,4.567
0.567,1,5.678
-0.345,0,3.234
1.456,1,7.89
-1.123,0,4.89
0.234,1,5.456
-0.567,0,3.678
1.345,1,6.123
-0.234,0,4.678
0.678,1,5.89
-1.345,0,3.456
0.89,1,6.789
-0.123,0,4.89
0.456,1,5.678
-1.234,0,3.234
0.789,1,6.123
-0.456,0,4.567
1.234,1,7.89
-0.789,0,3.89
0.123,1,5.456
-1.456,0,4.678
0.345,1,6.789
1.123,0,3.678
-0.678,1,5.89
0.567,0,4.89
-0.345,1,6.123
1.456,0,3.456
-1.123,1,7.678
0.234,0,4.567
-0.567,1,5.678
1.345,0,3.89
-0.234,1,6.89
0.678,0,4.234
-1.345,1,8.123
0.89,0,3.678
-1.234,1,6.874
0.456,0,3.215
1.123,1,8.456
-0.789,0,2.678
0.345,1,7.123
-1.456,0,1.789
0.678,1,9.012
1.234,1,10.345
-0.123,0,2.456
0.987,1,8.789
-1.345,0,1.234
0.567,1,7.456
1.456,1,9.678
-0.678,0,2.345
0.234,1,6.789
-1.012,0,1.567
0.89,1,8.123
1.345,1,10.678
-0.456,0,2.789
0.123,1,5.678
-1.5,0,1.89
0.456,1,7.345
1.012,1,9.456
-0.234,0,2.123
0.789,1,8.012
-1.123,0,1.678
0.345,1,6.456
1.5,1,10.123
-0.89,0,2.678
0.567,1,7.89
-1.456,0,1.234
0.678,1,8.345
1.234,1,9.678
-0.123,0,2.456
0.987,1,7.123
-1.345,0,1.89
0.89,1,8.678
1.456,1,10.456
-0.678,0,2.345
0.234,1,6.789
-1.012,0,1.567
0.456,1,7.456
1.345,1,9.012
-0.456,0,2.789
0.123,1,5.678
-1.5,0,1.89
0.678,1,8.123
1.012,1,10.678
-0.789,0,2.345
0.345,1,6.789
-1.234,0,1.234
0.89,1,7.456
1.5,1,9.678
-0.123,0,2.456
0.567,1,8.012
-1.345,0,1.678
0.234,1,6.456
1.456,1,10.123
-0.89,0,2.678
0.678,1,7.89
-1.012,0,1.234
0.456,1,6.789
1.234,1,9.456
-0.678,0,2.345
0.987,1,8.345
-1.5,0,1.89
0.89,1,7.123
1.345,1,10.678
-0.456,0,2.789
0.123,1,5.678
-1.234,0,1.567
0.678,1,8.678
1.012,1,9.012
-0.789,0,2.456
0.345,1,6.789
-1.345,0,1.89
0.456,1,7.456
1.5,1,10.123
-0.123,0,2.678
0.567,1,8.012
-1.5,0,1.234
0.89,1,6.456
1.234,1,9.678
-0.456,0,2.345
0.678,1,7.89
-1.012,0,1.567
0.234,1,6.789
1.345,1,10.678
-0.89,0,2.789
0.987,1,8.123
-1.345,0,1.89
0.89,1,7.456
1.456,1,9.012
-0.678,0,2.456
0.123,1,5.678
-1.234,0,1.678
0.678,1,8.345
1.012,1,10.123
-0.789,0,2.678
0.345,1,6.789
-1.5,0,1.89
0.456,1,7.89
1.234,1,9.678
-0.123,0,2.345
0.567,1,8.012
-1.345,0,1.234
0.89,1,6.456
1.5,1,10.678
-0.456,0,2.789
0.678,1,7.123
-1.012,0,1.567
0.234,1,6.789
1.345,1,9.012
-0.89,0,2.678
0.987,1,8.678
-1.234,0,1.89
0.89,1,7.456
1.456,1,10.123
-0.678,0,2.345
0.123,1,5.678
-1.5,0,1.567
0.678,1,8.345
1.012,1,9.678
-0.789,0,2.789
0.345,1,6.789
-1.345,0,1.89
0.456,1,7.89
1.234,1,10.123
-0.123,0,2.456
0.567,1,8.012
-1.5,0,1.234
0.89,1,6.456
1.345,1,9.678
-0.456,0,2.678
0.678,1,7.123
-1.012,0,1.567
0.234,1,6.789
1.456,1,10.678
-0.89,0,2.789
0.987,1,8.123
-1.345,0,1.89
0.89,1,7.456
1.5,1,9.012
-0.678,0,2.345
0.123,1,5.678
-1.234,0,1.678
0.678,1,8.345
1.012,1,10.123
-0.789,0,2.678
0.345,1,6.789
-1.5,0,1.89
0.456,1,7.89
1.234,1,9.678
-0.123,0,2.456
0.567,1,8.012
-1.345,0,1.234
0.89,1,6.456
1.5,1,10.678
-0.456,0,2.789
0.678,1,7.123
-1.012,0,1.567
0.234,1,6.789
1.345,1,9.012
-0.89,0,2.678
0.987,1,8.678
-1.234,0,1.89
0.89,1,7.456
1.456,1,10.123
-0.678,0,2.345
0.123,1,5.678
-1.5,0,1.567
0.678,1,8.345
1.012,1,9.678
-0.789,0,2.789
0.345,1,6.789
-1.345,0,1.89
0.456,1,7.89
1.234,1,10.123
-0.123,0,2.456
0.567,1,8.012
-1.5,0,1.234
0.89,1,6.456
1.345,1,9.678
-0.456,0,2.678
0.678,1,7.123
-1.012,0,1.567
0.234,1,6.789
1.456,1,10.678
-0.89,0,2.789
0.987,1,8.123
-1.345,0,1.89
0.89,1,7.456
1.5,1,9.012
-0.678,0,2.345
0.123,1,5.678
-1.234,0,1.678
0.678,1,8.345
1.012,1,10.123
-0.789,0,2.678
0.345,1,6.789
-1.5,0,1.89
0.456,1,7.89
1.234,1,9.678
-0.123,0,2.456
0.567,1,8.012
-1.345,0,1.234
0.89,1,6.456
1.5,1,10.678
-0.456,0,2.789
0.678,1,7.123
-1.012,0,1.567
0.234,1,6.789
1.345,1,9.012
-0.89,0,2.678
0.987,1,8.678
-1.234,0,1.89
0.89,1,7.456
1.456,1,10.123
-0.678,0,2.345
0.123,1,5.678
-1.5,0,1.567
0.678,1,8.345
1.012,1,9.678
-0.789,0,2.789
0.345,1,6.789
-1.345,0,1.89
0.456,1,7.89
1.234,1,10.123
-0.123,0,2.456
0.567,1,8.012
-1.5,0,1.234
0.89,1,6.456
1.345,1,9.678
-0.456,0,2.678
0.678,1,7.123
-1.012,0,1.567
0.234,1,6.789
1.456,1,10.678
-0.89,0,2.789
0.987,1,8.123
-1.345,0,1.89
0.89,1,7.456
1.5,1,9.012
-0.678,0,2.345
0.123,1,5.678
-1.234,0,1.678
0.678,1,8.345
1.012,1,10.123
-0.789,0,2.678
0.345,1,6.789
-1.5,0,1.89
0.456,1,7.89
1.234,1,9.678
-0.123,0,2.456
0.567,1,8.012
-1.345,0,1.234
0.89,1,6.456
1.5,1,10.678
-0.456,0,2.789
0.678,1,7.123
-1.012,0,1.567
0.234,1,6.789
1.345,1,9.012
-0.89,0,2.678
0.987,1,8.678
-1.234,0,1.89
0.89,1,7.456
1.456,1,10.123
-0.678,0,2.345
0.123,1,5.678
-1.5,0,1.567
0.678,1,8.345
1.012,1,9.678
-0.789,0,2.789
0.345,1,6.789
-1.345,0,1.89
0.456,1,7.89
1.234,1,10.123
-0.123,0,2.456
0.567,1,8.012
-1.5,0,1.234
0.89,1,6.456
1.345,1,9.678
-0.456,0,2.678
0.678,1,7.123
-1.012,0,1.567
0.234,1,6.789
1.456,1,10.678
-0.89,0,2.789
0.987,1,8.123
-1.345,0,1.89
0.89,1,7.456
1.5,1,9.012
-0.678,0,2.345
0.123,1,5.678
-1.234,0,1.678
0.678,1,8.345
1.012,1,10.123
-0.789,0,2.678
0.345,1,6.789
-0.234,1,5.672
0.456,0,3.214
1.234,1,8.456
-1.123,0,2.345
0.678,1,7.891
-0.987,0,2.678
1.456,1,9.123
-0.567,0,3.456
0.345,1,6.789
-1.345,0,1.234
0.789,1,7.456
-0.123,0,2.89
1.012,1,8.234
-0.678,0,3.012
0.234,1,6.123
-1.456,0,1.678
0.567,1,7.89
-0.345,0,2.456
1.345,1,9.012
-0.789,0,2.89
0.123,1,6.456
-1.234,0,1.89
0.89,1,7.123
-0.456,0,3.678
1.5,1,9.345
-0.234,0,2.345
0.456,1,6.789
-1.012,0,1.234
0.678,1,7.456
-0.678,0,3.012
1.234,1,8.89
-0.345,0,2.678
0.789,1,7.123
-1.456,0,1.89
0.123,1,6.345
-0.789,0,2.89
1.012,1,8.456
-0.567,0,3.456
0.89,1,7.89
-1.123,0,1.678
0.234,1,6.789
-0.678,0,2.345
1.345,1,9.012
-0.456,0,3.89
0.678,1,7.456
-1.234,0,1.234
0.89,1,6.123
-0.345,0,2.678
1.5,1,8.234
-0.123,0,2.89
0.456,1,7.891
-1.012,0,1.678
0.789,1,6.456
-0.567,0,3.012
1.234,1,9.123
-0.789,0,2.345
0.678,1,7.89
-1.345,0,1.89
0.123,1,6.789
-0.456,0,3.678
1.012,1,8.456
-0.678,0,2.89
0.89,1,7.123
-1.234,0,1.234
0.345,1,6.345
-0.789,0,2.678
1.5,1,9.345
-0.234,0,3.456
0.456,1,7.89
-1.123,0,1.678
0.678,1,6.789
-0.345,0,2.89
1.234,1,8.234
-0.567,0,3.012
0.89,1,7.456
-1.012,0,1.89
0.123,1,6.123
-0.789,0,2.678
1.345,1,9.012
-0.456,0,3.678
0.678,1,7.89
-1.234,0,1.234
0.89,1,6.456
-0.345,0,2.89
1.5,1,8.89
-0.123,0,2.345
0.456,1,7.456
-1.345,0,1.678
0.789,1,6.789
-0.567,0,3.012
1.234,1,9.123
-0.789,0,2.678
0.678,1,7.89
-1.012,0,1.89
0.123,1,6.345
-0.456,0,3.678
1.5,1,8.234
-0.234,0,2.89
0.89,1,7.123
-1.123,0,1.234
0.345,1,6.789
-0.678,0,2.456
1.012,1,9.345
-0.789,0,3.456
0.678,1,7.89
-1.234,0,1.678
0.89,1,6.123
-0.345,0,2.678
1.5,1,8.89
-0.123,0,2.345
0.456,1,7.456
-1.345,0,1.89
0.789,1,6.789
-0.567,0,3.012
1.234,1,9.012
-0.789,0,2.678
0.678,1,7.89
-1.012,0,1.234
0.123,1,6.345
-0.456,0,3.678
1.5,1,8.234
-0.234,0,2.89
0.89,1,7.123
-1.123,0,1.678
0.345,1,6.789
-0.678,0,2.456
1.012,1,9.345
-0.789,0,3.456
0.678,1,7.89
-1.234,0,1.89
0.89,1,6.123
-0.345,0,2.678
1.5,1,8.89
-0.123,0,2.345
0.456,1,7.456
-1.345,0,1.678
0.789,1,6.789
-0.567,0,3.012
1.234,1,9.012
-0.789,0,2.678
0.678,1,7.89
-1.012,0,1.234
0.123,1,6.345
-0.456,0,3.678
1.5,1,8.234
-0.234,0,2.89
0.89,1,7.123
-1.123,0,1.678
0.345,1,6.789
-0.678,0,2.456
1.012,1,9.345
-0.789,0,3.456
0.678,1,7.89
-1.234,0,1.89
0.89,1,6.123
-0.345,0,2.678
1.5,1,8.89
-0.123,0,2.345
0.456,1,7.456
-1.345,0,1.678
0.789,1,6.789
-0.567,0,3.012
1.234,1,9.012
-0.789,0,2.678
0.678,1,7.89
-1.012,0,1.234
0.123,1,6.345
-0.456,0,3.678
1.5,1,8.234
-0.234,0,2.89
0.89,1,7.123
-1.123,0,1.678
0.345,1,6.789
-0.678,0,2.456
1.012,1,9.345
-0.789,0,3.456
0.678,1,7.89
-1.234,0,1.89
0.89,1,6.123
-0.345,0,2.678
1.5,1,8.89
-0.123,0,2.345
0.456,1,7.456
-1.345,0,1.678
0.789,1,6.789
-0.567,0,3.012
1.234,1,9.012
-0.789,0,2.678
0.678,1,7.89
-1.012,0,1.234
0.123,1,6.345
-0.456,0,3.678
1.5,1,8.234
-0.234,0,2.89
0.89,1,7.123
-1.123,0,1.678
0.345,1,6.789
-0.678,0,2.456
1.012,1,9.345
-0.789,0,3.456
0.678,1,7.89
-1.234,0,1.89
0.89,1,6.123
-0.345,0,2.678
1.5,1,8.89
-0.123,0,2.345
0.456,1,7.456
-1.345,0,1.678
0.789,1,6.789
-0.567,0,3.012
1.234,1,9.012
-0.789,0,2.678
0.678,1,7.89
-1.012,0,1.234
0.123,1,6.345
-0.456,0,3.678
1.5,1,8.234
-0.234,0,2.89
0.89,1,7.123
-1.123,0,1.678
0.345,1,6.789
-0.678,0,2.456
1.012,1,9.345
-0.789,0,3.456
0.678,1,7.89
-1.234,0,1.89
0.89,1,6.123
-0.345,0,2.678
1.5,1,8.89
-0.123,0,2.345
0.456,1,7.456
-1.345,0,1.678
0.789,1,6.789
-0.567,0,3.012
1.234,1,9.012
-0.789,0,2.678
0.678,1,7.89
-1.012,0,1.234
0.123,1,6.345
-0.456,0,3.678
1.5,1,8.234
-0.234,0,2.89
0.89,1,7.123
-1.123,0,1.678
0.345,1,6.789
-0.678,0,2.456
1.012,1,9.345
-0.789,0,3.456
0.678,1,7.89
-1.234,0,1.89
0.89,1,6.123
-0.345,0,2.678
1.5,1,8.89
-0.123,0,2.345
0.456,1,7.456
-1.345,0,1.678
0.789,1,6.789
-0.567,0,3.012
1.234,1,9.012
-0.789,0,2.678
0.678,1,7.89
-1.012,0,1.234
0.123,1,6.345
-0.456,0,3.678
1.5,1,8.234
-0.234,0,2.89
0.89,1,7.123
-1.123,0,1.678
0.345,1,6.789
-0.678,0,2.456
1.012,1,9.345
-0.789,0,3.456
0.678,1,7.89
-1.234,0,1.89
0.89,1,6.123
-0.345,0,2.678
1.5,1,8.89
-0.123,0,2.345
0.456,1,7.456
-1.345,0,1.678
0.789,1,6.789
-0.567,0,3.012
1.234,1,9.012
-0.789,0,2.678
0.678,1,7.89
-1.012,0,1.234
0.123,1,6.345
-0.456,0,3.678
1.5,1,8.234
-0.234,0,2.89
0.89,1,7.123
-1.123,0,1.678
0.345,1,6.789
-0.678,0,2.456
1.012,1,9.345
-0.789,0,3.456
0.678,1,7.89
-1.234,0,1.89
0.89,1,6.123
-0.345,0,2.678
-1.234,1,6.478
0.456,0,2.345
1.123,1,10.678
-0.789,0,3.456
0.234,1,7.89
1.456,1,12.345
-1.345,0,1.234
0.678,1,8.901
-0.567,0,4.567
1.234,1,11.234
-0.123,0,2.678
0.789,1,9.012
-1.456,0,1.89
0.345,1,7.123
1.345,1,13.456
-0.678,0,3.89
0.567,1,8.234
-1.123,0,2.456
0.89,1,9.678
1.012,1,10.123
-0.234,0,3.012
0.456,1,7.456
-1.012,0,1.678
0.678,1,8.901
1.234,1,11.678
-0.789,0,2.345
0.123,1,6.789
-1.345,0,1.234
0.89,1,9.345
1.456,1,12.678
-0.567,0,3.456
0.234,1,7.89
-1.456,0,1.89
0.678,1,8.012
1.123,1,10.345
-0.123,0,2.678
0.789,1,9.456
-0.678,0,4.567
1.345,1,13.789
-1.234,0,1.234
0.456,1,7.89
-0.789,0,3.456
1.012,1,10.678
-0.234,0,2.345
0.678,1,8.901
1.456,1,12.345
-1.345,0,1.89
0.89,1,9.678
-0.567,0,4.567
0.123,1,6.789
-1.123,0,2.456
1.234,1,11.234
-0.678,0,3.89
0.456,1,7.456
-1.012,0,1.678
0.89,1,9.345
1.345,1,13.456
-0.789,0,2.345
0.234,1,7.89
-1.456,0,1.89
0.678,1,8.012
1.123,1,10.345
-0.123,0,2.678
0.789,1,9.456
-0.678,0,4.567
1.345,1,13.789
-1.234,0,1.234
0.456,1,7.89
-0.789,0,3.456
1.012,1,10.678
-0.234,0,2.345
0.678,1,8.901
1.456,1,12.345
-1.345,0,1.89
0.89,1,9.678
-0.567,0,4.567
0.123,1,6.789
-1.123,0,2.456
1.234,1,11.234
-0.678,0,3.89
0.456,1,7.456
-1.012,0,1.678
0.89,1,9.345
1.345,1,13.456
-0.789,0,2.345
0.234,1,7.89
-1.456,0,1.89
0.678,1,8.012
1.123,1,10.345
-0.123,0,2.678
0.789,1,9.456
-0.678,0,4.567
1.345,1,13.789
-1.234,0,1.234
0.456,1,7.89
-0.789,0,3.456
1.012,1,10.678
-0.234,0,2.345
0.678,1,8.901
1.456,1,12.345
-1.345,0,1.89
0.89,1,9.678
-0.567,0,4.567
0.123,1,6.789
-1.123,0,2.456
1.234,1,11.234
-0.678,0,3.89
0.456,1,7.456
-1.012,0,1.678
0.89,1,9.345
1.345,1,13.456
-0.789,0,2.345
0.234,1,7.89
-1.456,0,1.89
0.678,1,8.012
1.123,1,10.345
-0.123,0,2.678
0.789,1,9.456
-0.678,0,4.567
1.345,1,13.789
-1.234,0,1.234
0.456,1,7.89
-0.789,0,3.456
1.012,1,10.678
-0.234,0,2.345
0.678,1,8.901
1.456,1,12.345
-1.345,0,1.89
0.89,1,9.678
-0.567,0,4.567
0.123,1,6.789
-1.123,0,2.456
1.234,1,11.234
-0.678,0,3.89
0.456,1,7.456
-1.012,0,1.678
0.89,1,9.345
1.345,1,13.456
-0.789,0,2.345
0.234,1,7.89
-1.456,0,1.89
0.678,1,8.012
1.123,1,10.345
-0.123,0,2.678
0.789,1,9.456
-0.678,0,4.567
1.345,1,13.789
-1.234,0,1.234
0.456,1,7.89
-0.789,0,3.456
1.012,1,10.678
-0.234,0,2.345
0.678,1,8.901
1.456,1,12.345
-1.345,0,1.89
0.89,1,9.678
-0.567,0,4.567
0.123,1,6.789
-1.123,0,2.456
1.234,1,11.234
-0.678,0,3.89
0.456,1,7.456
-1.012,0,1.678
0.89,1,9.345
1.345,1,13.456
-0.789,0,2.345
0.234,1,7.89
-1.456,0,1.89
0.678,1,8.012
1.123,1,10.345
-0.123,0,2.678
0.789,1,9.456
-0.678,0,4.567
1.345,1,13.789
-1.234,0,1.234
0.456,1,7.89
-0.789,0,3.456
1.012,1,10.678
-0.234,0,2.345
0.678,1,8.901
1.456,1,12.345
-1.345,0,1.89
0.89,1,9.678
-0.567,0,4.567
0.123,1,6.789
-1.123,0,2.456
1.234,1,11.234
-0.678,0,3.89
0.456,1,7.456
-1.012,0,1.678
0.89,1,9.345
1.345,1,13.456
-0.789,0,2.345
0.234,1,7.89
-1.456,0,1.89
0.678,1,8.012
1.123,1,10.345
-0.123,0,2.678
0.789,1,9.456
-0.678,0,4.567
1.345,1,13.789
-1.234,0,1.234
0.456,1,7.89
-0.789,0,3.456
1.012,1,10.678
-0.234,0,2.345
0.678,1,8.901
1.456,1,12.345
-1.345,0,1.89
0.89,1,9.678
-0.567,0,4.567
0.123,1,6.789
-1.123,0,2.456
1.234,1,11.234
-0.678,0,3.89
0.456,1,7.456
-1.012,0,1.678
0.89,1,9.345
1.345,1,13.456
-0.789,0,2.345
0.234,1,7.89
-1.456,0,1.89
0.678,1,8.012
1.123,1,10.345
-0.123,0,2.678
0.789,1,9.456
-0.678,0,4.567
1.345,1,13.789
-1.234,0,1.234
0.456,1,7.89
-0.789,0,3.456
1.012,1,10.678
-0.234,0,2.345
0.678,1,8.901
1.456,1,12.345
-1.345,0,1.89
0.89,1,9.678
-0.567,0,4.567
0.123,1,6.789
-1.123,0,2.456
1.234,1,11.234
-0.678,0,3.89
0.456,1,7.456
-1.012,0,1.678
0.89,1,9.345
1.345,1,13.456
-0.789,0,2.345
0.234,1,7.89
-1.456,0,1.89
0.678,1,8.012
1.123,1,10.345
-0.123,0,2.678
0.789,1,9.456
-0.678,0,4.567
1.345,1,13.789
-1.234,0,1.234
0.456,1,7.89
-0.789,0,3.456
1.012,1,10.678
-0.234,0,2.345
0.678,1,8.901
1.456,1,12.345
-1.345,0,1.89
0.89,1,9.678
-0.567,0,4.567
0.123,1,6.789
-1.123,0,2.456
1.234,1,11.234
-0.678,0,3.89
0.456,1,7.456
-1.012,0,1.678
0.89,1,9.345
1.345,1,13.456
-0.789,0,2.345
0.234,1,7.89
-1.456,0,1.89
0.678,1,8.012
1.123,1,10.345
-0.123,0,2.678
0.789,1,9.456
-0.678,0,4.567
1.345,1,13.789
-1.234,0,1.234
0.456,1,7.89
-0.789,0,3.456
1.012,1,10.678
-0.234,0,2.345
0.678,1,8.901
1.456,1,12.345
-1.345,0,1.89
0.89,1,9.678
-0.567,0,4.567
0.123,1,6.789
-1.123,0,2.456
1.234,1,11.234
-0.678,0,3.89
0.456,1,7.456
-1.012,0,1.678
0.89,1,9.345
1.345,1,13.456
-1.234,1,12.45
0.456,0,8.67
1.123,1,20.34
-0.789,0,7.12
0.345,1,15.78
1.456,1,22.11
-1.001,0,6.89
0.678,1,18.45
-0.567,0,9.34
1.234,1,21.56
-1.345,0,5.78
0.89,1,19.12
-0.234,0,8.45
1.5,1,23.67
-0.89,0,7.01
0.123,1,16.89
-1.456,0,6.45
0.567,1,17.34
1.345,1,20.78
-0.678,0,8.12
0.789,1,19.45
-1.123,0,5.67
0.234,1,15.12
1.001,1,22.34
-0.456,0,7.89
0.89,1,18.67
-1.5,0,6.01
0.345,1,14.78
1.234,1,21.89
-0.789,0,6.34
0.456,1,17.56
-1.234,0,5.12
0.678,1,19.78
1.456,1,23.45
-0.567,0,8.01
0.123,1,16.34
-1.001,0,6.78
0.89,1,20.12
-0.89,0,7.45
1.5,1,22.67
-0.234,0,8.89
0.789,1,18.12
-1.456,0,5.89
0.567,1,17.78
1.345,1,21.01
-0.678,0,6.45
0.234,1,15.67
-1.123,0,7.34
0.89,1,19.89
-0.456,0,8.45
1.001,1,22.34
-1.5,0,5.34
0.345,1,16.78
1.234,1,20.45
-0.789,0,6.12
0.456,1,18.34
-1.234,0,5.78
0.678,1,19.67
1.456,1,23.12
-0.567,0,7.01
0.123,1,15.89
-1.001,0,6.89
0.89,1,20.78
-0.89,0,8.12
1.5,1,22.89
-0.234,0,7.45
0.789,1,18.45
-1.456,0,5.67
0.567,1,17.34
1.345,1,21.56
-0.678,0,6.78
0.234,1,15.12
-1.123,0,8.01
0.89,1,19.34
-0.456,0,7.89
1.001,1,22.45
-1.5,0,5.12
0.345,1,16.89
1.234,1,20.67
-0.789,0,6.34
0.456,1,18.12
-1.234,0,5.89
0.678,1,19.78
1.456,1,23.45
-0.567,0,7.01
0.123,1,15.67
-1.001,0,6.45
0.89,1,20.12
-0.89,0,8.34
1.5,1,22.78
-0.234,0,7.56
0.789,1,18.34
-1.456,0,5.78
0.567,1,17.89
1.345,1,21.01
-0.678,0,6.12
0.234,1,15.89
-1.123,0,8.45
0.89,1,19.67
-0.456,0,7.01
1.001,1,22.34
-1.5,0,5.34
0.345,1,16.78
1.234,1,20.89
-0.789,0,6.78
0.456,1,18.45
-1.234,0,5.67
0.678,1,19.12
1.456,1,23.67
-0.567,0,7.89
0.123,1,15.34
-1.001,0,6.45
0.89,1,20.78
-0.89,0,8.12
1.5,1,22.45
-0.234,0,7.34
0.789,1,18.89
-1.456,0,5.89
0.567,1,17.34
1.345,1,21.56
-0.678,0,6.01
0.234,1,15.67
-1.123,0,8.34
0.89,1,19.45
-0.456,0,7.78
1.001,1,22.67
-1.5,0,5.12
0.345,1,16.89
1.234,1,20.34
-0.789,0,6.45
0.456,1,18.12
-1.234,0,5.78
0.678,1,19.78
1.456,1,23.45
-0.567,0,7.01
0.123,1,15.89
-1.001,0,6.89
0.89,1,20.12
-0.89,0,8.45
1.5,1,22.89
-0.234,0,7.45
0.789,1,18.34
-1.456,0,5.67
0.567,1,17.34
1.345,1,21.56
-0.678,0,6.78
0.234,1,15.12
-1.123,0,8.01
0.89,1,19.89
-0.456,0,7.89
1.001,1,22.34
-1.5,0,5.34
0.345,1,16.78
1.234,1,20.45
-0.789,0,6.12
0.456,1,18.34
-1.234,0,5.78
0.678,1,19.67
1.456,1,23.12
-0.567,0,7.01
0.123,1,15.89
-1.001,0,6.89
0.89,1,20.78
-0.89,0,8.12
1.5,1,22.89
-0.234,0,7.45
0.789,1,18.45
-1.456,0,5.67
0.567,1,17.34
1.345,1,21.56
-0.678,0,6.78
0.234,1,15.12
-1.123,0,8.01
0.89,1,19.89
-0.456,0,7.89
1.001,1,22.34
-1.5,0,5.12
0.345,1,16.89
1.234,1,20.67
-0.789,0,6.34
0.456,1,18.12
-1.234,0,5.89
0.678,1,19.78
1.456,1,23.45
-0.567,0,7.01
0.123,1,15.67
-1.001,0,6.45
0.89,1,20.12
-0.89,0,8.34
1.5,1,22.78
-0.234,0,7.56
0.789,1,18.34
-1.456,0,5.78
0.567,1,17.89
1.345,1,21.01
-0.678,0,6.12
0.234,1,15.89
-1.123,0,8.45
0.89,1,19.67
-0.456,0,7.01
1.001,1,22.34
-1.5,0,5.34
0.345,1,16.78
1.234,1,20.89
-0.789,0,6.78
0.456,1,18.45
-1.234,0,5.67
0.678,1,19.12
1.456,1,23.67
-0.567,0,7.89
0.123,1,15.34
-1.001,0,6.45
0.89,1,20.78
-0.89,0,8.12
1.5,1,22.45
-0.234,0,7.34
0.789,1,18.89
-1.456,0,5.89
0.567,1,17.34
1.345,1,21.56
-0.678,0,6.01
0.234,1,15.67
-1.123,0,8.34
0.89,1,19.45
-0.456,0,7.78
1.001,1,22.67
-1.5,0,5.12
0.345,1,16.89
1.234,1,20.34
-0.789,0,6.45
0.456,1,18.12
-1.234,0,5.78
0.678,1,19.78
1.456,1,23.45
-0.567,0,7.01
0.123,1,15.89
-1.001,0,6.89
0.89,1,20.12
-0.89,0,8.45
1.5,1,22.89
-0.234,0,7.45
0.789,1,18.34
-1.456,0,5.67
0.567,1,17.34
1.345,1,21.56
-0.678,0,6.78
0.234,1,15.12
-1.123,0,8.01
0.89,1,19.89
-0.456,0,7.89
1.001,1,22.34
-1.5,0,5.34
0.345,1,16.78
1.234,1,20.45
-0.789,0,6.12
0.456,1,18.34
-1.234,0,5.78
0.678,1,19.67
1.456,1,23.12
-0.567,0,7.01
0.123,1,15.89
-1.001,0,6.89
0.89,1,20.12
-0.89,0,8.12
1.5,1,22.89
-0.234,0,7.45
0.789,1,18.45
-1.456,0,5.67
0.567,1,17.34
1.345,1,21.56
-0.678,0,6.78
0.234,1,15.12
-1.123,0,8.01
0.89,1,19.89
-0.456,0,7.89
1.001,1,22.34
-1.5,0,5.12
0.345,1,16.89
1.234,1,20.67
-0.789,0,6.34
0.456,1,18.12
-1.234,0,5.89
0.678,1,19.78
1.456,1,23.45
-0.567,0,7.01
0.123,1,15.67
-1.001,0,6.45
0.89,1,20.12
-0.89,0,8.34
1.5,1,22.78
-0.234,0,7.56
0.789,1,18.34
-1.456,0,5.78
0.567,1,17.89
1.345,1,21.01
-0.678,0,6.12
0.234,1,15.89
-1.123,0,8.45
0.89,1,19.67
-0.456,0,7.01
-1.236,1,5.874
0.482,1,8.236
-0.874,0,4.512
1.247,1,10.342
-0.654,0,3.876
0.321,1,7.124
1.134,1,9.875
-1.145,0,4.003
0.763,1,8.654
-0.321,0,3.456
1.456,1,11.234
-0.987,0,4.567
0.234,1,6.789
-1.321,0,3.234
0.876,1,9.012
-0.543,0,4.098
1.012,1,10.456
-1.456,0,3.678
0.654,1,8.123
-0.234,0,3.789
1.321,1,10.789
-0.876,0,4.234
0.543,1,7.456
-1.012,0,3.567
1.145,1,9.876
-0.654,0,4.012
0.987,1,8.789
-1.234,0,3.89
0.321,1,7.345
-0.432,0,3.456
1.012,1,10.123
-1.145,0,4.567
0.876,1,8.234
-0.321,0,3.678
1.456,1,11.456
-0.987,0,4.89
0.654,1,7.89
-1.321,0,3.345
0.234,1,6.678
-1.456,0,3.89
1.134,1,9.234
-0.543,0,4.123
0.763,1,8.456
-0.876,0,4.789
1.321,1,10.678
-0.654,0,3.234
0.432,1,7.123
-1.012,0,3.678
1.145,1,9.012
-0.987,0,4.234
0.876,1,8.678
-1.236,0,3.456
0.543,1,7.89
-0.321,0,4.567
1.456,1,11.789
-0.654,0,3.89
0.321,1,6.789
-1.145,0,4.123
1.012,1,10.456
-0.876,0,3.678
0.987,1,8.234
-1.321,0,3.89
0.234,1,6.456
-1.456,0,4.012
1.134,1,9.678
-0.543,0,3.234
0.763,1,7.89
-0.432,0,4.567
1.321,1,10.789
-0.654,0,3.89
0.876,1,8.123
-1.012,0,4.234
1.145,1,9.456
-0.987,0,3.678
0.543,1,7.234
-1.236,0,4.89
0.321,1,6.789
-0.654,0,3.456
1.456,1,11.234
-0.876,0,4.567
0.234,1,6.678
-1.321,0,3.89
1.012,1,10.123
-0.543,0,4.234
0.876,1,8.456
-1.145,0,3.678
0.987,1,7.89
-1.456,0,4.012
1.134,1,9.234
-0.321,0,3.456
0.763,1,8.678
-0.432,0,4.567
1.321,1,10.789
-0.654,0,3.89
0.543,1,7.123
-1.012,0,4.234
1.145,1,9.012
-0.987,0,3.678
0.876,1,8.234
-1.236,0,4.567
0.321,1,6.789
-0.654,0,3.89
1.456,1,11.789
-0.876,0,4.012
0.234,1,6.456
-1.321,0,3.234
1.012,1,10.456
-0.543,0,4.567
0.987,1,8.678
-1.145,0,3.89
0.763,1,7.89
-0.432,0,4.123
1.321,1,10.789
-0.654,0,3.678
0.876,1,8.123
-1.012,0,4.89
1.134,1,9.456
-0.987,0,3.234
0.543,1,7.234
-1.236,0,4.567
0.321,1,6.789
-0.654,0,3.89
1.456,1,11.234
-0.876,0,4.012
0.234,1,6.678
-1.321,0,3.89
1.012,1,10.123
-0.543,0,4.234
0.876,1,8.456
-1.145,0,3.678
0.987,1,7.89
-1.456,0,4.012
1.134,1,9.234
-0.321,0,3.456
0.763,1,8.678
-0.432,0,4.567
1.321,1,10.789
-0.654,0,3.89
0.543,1,7.123
-1.012,0,4.234
1.145,1,9.012
-0.987,0,3.678
0.876,1,8.234
-1.236,0,4.567
0.321,1,6.789
-0.654,0,3.89
1.456,1,11.789
-0.876,0,4.012
0.234,1,6.456
-1.321,0,3.234
1.012,1,10.456
-0.543,0,4.567
0.987,1,8.678
-1.145,0,3.89
0.763,1,7.89
-0.432,0,4.123
1.321,1,10.789
-0.654,0,3.678
0.876,1,8.123
-1.012,0,4.89
1.134,1,9.456
-0.987,0,3.234
0.543,1,7.234
-1.236,0,4.567
0.321,1,6.789
-0.654,0,3.89
1.456,1,11.234
-0.876,0,4.012
0.234,1,6.678
-1.321,0,3.89
1.012,1,10.123
-0.543,0,4.234
0.876,1,8.456
-1.145,0,3.678
0.987,1,7.89
-1.456,0,4.012
1.134,1,9.234
-0.321,0,3.456
0.763,1,8.678
-0.432,0,4.567
1.321,1,10.789
-0.654,0,3.89
0.543,1,7.123
-1.012,0,4.234
1.145,1,9.012
-0.987,0,3.678
0.876,1,8.234
-1.236,0,4.567
0.321,1,6.789
-0.654,0,3.89
1.456,1,11.789
-0.876,0,4.012
0.234,1,6.456
-1.321,0,3.234
1.012,1,10.456
-0.543,0,4.567
0.987,1,8.678
-1.145,0,3.89
0.763,1,7.89
-0.432,0,4.123
1.321,1,10.789
-0.654,0,3.678
0.876,1,8.123
-1.012,0,4.89
1.134,1,9.456
-0.987,0,3.234
0.543,1,7.234
-1.236,0,4.567
0.321,1,6.789
-0.654,0,3.89
1.456,1,11.234
-0.876,0,4.012
0.234,1,6.678
-1.321,0,3.89
1.012,1,10.123
-0.543,0,4.234
0.876,1,8.456
-1.145,0,3.678
0.987,1,7.89
-1.456,0,4.012
1.134,1,9.234
-0.321,0,3.456
0.763,1,8.678
-0.432,0,4.567
1.321,1,10.789
-0.654,0,3.89
0.543,1,7.123
-1.012,0,4.234
1.145,1,9.012
-0.987,0,3.678
0.876,1,8.234
-1.236,0,4.567
0.321,1,6.789
-0.654,0,3.89
1.456,1,11.789
-0.876,0,4.012
0.234,1,6.456
-1.321,0,3.234
1.012,1,10.456
-0.543,0,4.567
0.987,1,8.678
-1.145,0,3.89
0.763,1,7.89
-0.432,0,4.123
1.321,1,10.789
-0.654,0,3.678
0.876,1,8.123
-1.012,0,4.89
1.134,1,9.456
-0.987,0,3.234
0.543,1,7.234
-1.236,0,4.567
0.321,1,6.789
-0.654,0,3.89
1.456,1,11.234
-0.876,0,4.012
0.234,1,6.678
-1.321,0,3.89
1.012,1,10.123
-0.543,0,4.234
0.876,1,8.456
-1.145,0,3.678
0.987,1,7.89
-1.456,0,4.012
1.134,1,9.234
-0.321,0,3.456
0.763,1,8.678
-0.432,0,4.567
1.321,1,10.789
-0.654,0,3.89
0.543,1,7.123
-1.012,0,4.234
1.145,1,9.012
-0.987,0,3.678
0.876,1,8.234
-1.236,0,4.567
0.321,1,6.789
-0.654,0,3.89
1.456,1,11.789
-0.876,0,4.012
0.234,1,6.456
-1.321,0,3.234
1.012,1,10.456
-0.543,0,4.567
0.987,1,8.678
-1.145,0,3.89
0.763,1,7.89
-0.432,0,4.123
1.321,1,10.789
-0.654,0,3.678
0.876,1,8.123
-1.012,0,4.89
1.134,1,9.456
-0.987,0,3.234
0.543,1,7.234
-1.236,0,4.567
0.321,1,6.789
-0.654,0,3.89
1.456,1,11.234
-0.876,0,4.012
-0.123,1,5.678
0.456,0,3.234
1.234,1,8.456
-1.234,0,2.345
0.789,1,7.89
-0.567,0,4.123
1.456,1,9.012
-0.345,0,3.678
0.678,1,6.789
-1.123,0,2.456
0.234,1,5.89
-0.789,0,4.567
1.345,1,8.123
-0.456,0,3.89
0.567,1,6.456
-1.345,0,2.789
0.123,1,5.678
-0.678,0,4.234
1.5,1,9.345
-0.234,0,3.456
0.89,1,7.123
-1.456,0,2.678
0.345,1,6.89
-0.123,0,4.567
1.234,1,8.456
-0.789,0,3.234
0.456,1,5.89
-1.234,0,2.345
0.678,1,7.89
-0.567,0,4.123
1.456,1,9.012
-0.345,0,3.678
0.789,1,6.789
-1.123,0,2.456
0.234,1,5.89
-0.789,0,4.567
1.345,1,8.123
-0.456,0,3.89
0.567,1,6.456
-1.345,0,2.789
0.123,1,5.678
-0.678,0,4.234
1.5,1,9.345
-0.234,0,3.456
0.89,1,7.123
-1.456,0,2.678
0.345,1,6.89
-0.123,0,4.567
1.234,1,8.456
-0.789,0,3.234
0.456,1,5.89
-1.234,0,2.345
0.678,1,7.89
-0.567,0,4.123
1.456,1,9.012
-0.345,0,3.678
0.789,1,6.789
-1.123,0,2.456
0.234,1,5.89
-0.789,0,4.567
1.345,1,8.123
-0.456,0,3.89
0.567,1,6.456
-1.345,0,2.789
0.123,1,5.678
-0.678,0,4.234
1.5,1,9.345
-0.234,0,3.456
0.89,1,7.123
-1.456,0,2.678
0.345,1,6.89
-0.123,0,4.567
1.234,1,8.456
-0.789,0,3.234
0.456,1,5.89
-1.234,0,2.345
0.678,1,7.89
-0.567,0,4.123
1.456,1,9.012
-0.345,0,3.678
0.789,1,6.789
-1.123,0,2.456
0.234,1,5.89
-0.789,0,4.567
1.345,1,8.123
-0.456,0,3.89
0.567,1,6.456
-1.345,0,2.789
0.123,1,5.678
-0.678,0,4.234
1.5,1,9.345
-0.234,0,3.456
0.89,1,7.123
-1.456,0,2.678
0.345,1,6.89
-0.123,0,4.567
1.234,1,8.456
-0.789,0,3.234
0.456,1,5.89
-1.234,0,2.345
0.678,1,7.89
-0.567,0,4.123
1.456,1,9.012
-0.345,0,3.678
0.789,1,6.789
-1.123,0,2.456
0.234,1,5.89
-0.789,0,4.567
1.345,1,8.123
-0.456,0,3.89
0.567,1,6.456
-1.345,0,2.789
0.123,1,5.678
-0.678,0,4.234
1.5,1,9.345
-0.234,0,3.456
0.89,1,7.123
-1.456,0,2.678
0.345,1,6.89
-0.123,0,4.567
1.234,1,8.456
-0.789,0,3.234
0.456,1,5.89
-1.234,0,2.345
0.678,1,7.89
-0.567,0,4.123
1.456,1,9.012
-0.345,0,3.678
0.789,1,6.789
-1.123,0,2.456
0.234,1,5.89
-0.789,0,4.567
1.345,1,8.123
-0.456,0,3.89
0.567,1,6.456
-1.345,0,2.789
0.123,1,5.678
-0.678,0,4.234
1.5,1,9.345
-0.234,0,3.456
0.89,1,7.123
-1.456,0,2.678
0.345,1,6.89
-0.123,0,4.567
1.234,1,8.456
-0.789,0,3.234
0.456,1,5.89
-1.234,0,2.345
0.678,1,7.89
-0.567,0,4.123
1.456,1,9.012
-0.345,0,3.678
0.789,1,6.789
-1.123,0,2.456
0.234,1,5.89
-0.789,0,4.567
1.345,1,8.123
-0.456,0,3.89
0.567,1,6.456
-1.345,0,2.789
0.123,1,5.678
-0.678,0,4.234
1.5,1,9.345
-0.234,0,3.456
0.89,1,7.123
-1.456,0,2.678
0.345,1,6.89
-0.123,0,4.567
1.234,1,8.456
-0.789,0,3.234
0.456,1,5.89
-1.234,0,2.345
0.678,1,7.89
-0.567,0,4.123
1.456,1,9.012
-0.345,0,3.678
0.789,1,6.789
-1.123,0,2.456
0.234,1,5.89
-0.789,0,4.567
1.345,1,8.123
-0.456,0,3.89
0.567,1,6.456
-1.345,0,2.789
0.123,1,5.678
-0.678,0,4.234
1.5,1,9.345
-0.234,0,3.456
0.89,1,7.123
-1.456,0,2.678
0.345,1,6.89
-0.123,0,4.567
1.234,1,8.456
-0.789,0,3.234
0.456,1,5.89
-1.234,0,2.345
0.678,1,7.89
-0.567,0,4.123
1.456,1,9.012
-0.345,0,3.678
0.789,1,6.789
-1.123,0,2.456
0.234,1,5.89
-0.789,0,4.567
1.345,1,8.123
-0.456,0,3.89
0.567,1,6.456
-1.345,0,2.789
0.123,1,5.678
-0.678,0,4.234
1.5,1,9.345
-0.234,0,3.456
0.89,1,7.123
-1.456,0,2.678
0.345,1,6.89
-0.123,0,4.567
1.234,1,8.456
-0.789,0,3.234
0.456,1,5.89
-1.234,0,2.345
0.678,1,7.89
-0.567,0,4.123
1.456,1,9.012
-0.345,0,3.678
0.789,1,6.789
-1.123,0,2.456
0.234,1,5.89
-0.789,0,4.567
1.345,1,8.123
-0.456,0,3.89
0.567,1,6.456
-1.345,0,2.789
0.123,1,5.678
-0.678,0,4.234
1.5,1,9.345
-0.234,0,3.456
0.89,1,7.123
-1.456,0,2.678
0.345,1,6.89
-0.123,0,4.567
1.234,1,8.456
-0.789,0,3.234
0.456,1,5.89
-1.234,0,2.345
0.678,1,7.89
-0.567,0,4.123
1.456,1,9.012
-0.345,0,3.678
0.789,1,6.789
-1.123,0,2.456
0.234,1,5.89
-0.789,0,4.567
1.345,1,8.123
-0.456,0,3.89
0.567,1,6.456
-1.345,0,2.789
0.123,1,5.678
-0.678,0,4.234
1.5,1,9.345
-0.234,0,3.456
0.89,1,7.123
-1.456,0,2.678
0.345,1,6.89
-0.123,0,4.567
1.234,1,8.456
-0.789,0,3.234
0.456,1,5.89
-1.234,0,2.345
0.678,1,7.89
-0.567,0,4.123
1.456,1,9.012
-0.345,0,3.678
0.789,1,6.789
-1.123,0,2.456
0.234,1,5.89
-0.789,0,4.567
1.345,1,8.123
-0.456,0,3.89
0.567,1,6.456
-1.345,0,2.789
0.123,1,5.678
-0.678,0,4.234
1.5,1,9.345
-0.234,0,3.456
0.89,1,7.123
-1.456,0,2.678
0.345,1,6.89
-0.123,0,4.567
1.234,1,8.456
-0.789,0,3.234
0.456,1,5.89
-1.234,0,2.345
0.678,1,7.89
-0.567,0,4.123
1.456,1,9.012
-0.345,0,3.678
0.789,1,6.789
-1.123,0,2.456
0.234,1,5.89
-0.789,0,4.567
-0.123,1,2.456
0.456,0,1.234
-1.234,1,3.678
0.789,1,4.567
-0.567,0,2.345
1.234,1,5.678
-0.89,0,1.456
0.345,1,3.456
-1.456,0,0.987
0.678,1,4.123
-0.234,1,2.789
1.123,0,3.456
0.567,1,4.89
-0.678,0,1.234
1.456,1,5.789
-0.345,0,2.456
0.89,1,4.567
-1.123,0,1.678
0.234,1,3.789
-0.789,1,2.345
1.345,0,5.678
-0.456,1,3.456
0.123,0,1.234
-1.345,1,4.89
0.456,1,3.678
-0.678,0,2.123
1.234,1,5.456
-0.89,0,1.567
0.789,1,4.678
-0.123,1,2.456
1.5,0,5.789
-0.456,1,3.89
0.345,0,1.234
-1.234,1,4.567
0.678,1,3.456
-0.789,0,2.345
1.234,1,5.678
-0.678,0,1.89
0.456,1,4.123
-1.456,0,0.678
0.123,1,3.789
-0.345,1,2.456
1.345,0,5.678
-0.89,1,4.567
0.789,0,1.234
-1.123,1,3.456
0.567,1,4.89
-0.678,0,2.345
1.234,1,5.678
-0.456,1,3.456
0.345,0,1.234
-1.234,1,4.89
0.678,1,3.678
-0.789,0,2.456
1.5,1,5.789
-0.89,0,1.678
0.123,1,3.789
-1.345,1,4.567
0.456,0,2.345
-0.678,1,3.456
1.234,1,5.678
-0.123,0,1.234
0.789,1,4.89
-1.456,0,0.987
0.345,1,3.456
-0.89,1,2.345
1.123,0,5.678
-0.567,1,4.567
0.678,0,1.234
-1.234,1,3.678
0.456,1,4.123
-0.345,0,2.456
1.234,1,5.678
-0.678,0,1.89
0.123,1,3.789
-1.123,1,4.567
0.456,0,2.345
-0.89,1,3.456
1.345,0,5.678
-0.456,1,4.89
0.789,1,2.456
-1.234,0,1.678
0.678,1,3.789
-0.123,1,4.567
1.5,0,5.678
-0.89,1,2.345
0.345,0,1.234
-1.456,1,4.89
0.456,1,3.456
-0.678,0,2.123
1.234,1,5.678
-0.789,0,1.567
0.123,1,3.456
-1.345,1,4.567
0.678,0,2.345
-0.89,1,3.678
1.234,1,5.789
-0.456,0,1.234
0.789,1,4.89
-1.123,0,2.456
0.345,1,3.456
-0.678,1,4.567
1.5,0,5.678
-0.89,1,2.345
0.456,1,3.789
-1.234,0,1.678
0.678,1,4.567
-0.123,1,3.456
1.345,0,5.678
-0.89,1,2.456
0.789,0,1.234
-1.456,1,4.89
0.456,1,3.456
-0.678,0,2.345
1.234,1,5.678
-0.789,0,1.567
0.123,1,3.789
-1.123,1,4.567
0.678,0,2.456
-0.89,1,3.678
1.5,0,5.678
-0.456,1,2.345
0.789,1,4.89
-1.234,0,1.678
0.345,1,3.456
-0.678,1,4.567
1.234,0,5.678
-0.89,1,2.345
0.456,1,3.789
-1.456,0,1.234
0.678,1,4.567
-0.123,1,3.456
1.345,0,5.678
-0.89,1,2.456
0.789,0,1.234
-1.234,1,4.89
0.456,1,3.456
-0.678,0,2.345
1.234,1,5.678
-0.789,0,1.567
0.123,1,3.789
-1.123,1,4.567
0.678,0,2.456
-0.89,1,3.678
1.5,0,5.678
-0.456,1,2.345
0.789,1,4.89
-1.234,0,1.678
0.345,1,3.456
-0.678,1,4.567
1.234,0,5.678
-0.89,1,2.345
0.456,1,3.789
-1.456,0,1.234
0.678,1,4.567
-0.123,1,3.456
1.345,0,5.678
-0.89,1,2.456
0.789,0,1.234
-1.234,1,4.89
0.456,1,3.456
-0.678,0,2.345
1.234,1,5.678
-0.789,0,1.567
0.123,1,3.789
-1.123,1,4.567
0.678,0,2.456
-0.89,1,3.678
1.5,0,5.678
-0.456,1,2.345
0.789,1,4.89
-1.234,0,1.678
0.345,1,3.456
-0.678,1,4.567
1.234,0,5.678
-0.89,1,2.345
0.456,1,3.789
-1.456,0,1.234
0.678,1,4.567
-0.123,1,3.456
1.345,0,5.678
-0.89,1,2.456
0.789,0,1.234
-1.234,1,4.89
0.456,1,3.456
-0.678,0,2.345
1.234,1,5.678
-0.789,0,1.567
0.123,1,3.789
-1.123,1,4.567
0.678,0,2.456
-0.89,1,3.678
1.5,0,5.678
-0.456,1,2.345
0.789,1,4.89
-1.234,0,1.678
0.345,1,3.456
-0.678,1,4.567
1.234,0,5.678
-0.89,1,2.345
0.456,1,3.789
-1.456,0,1.234
0.678,1,4.567
-0.123,1,3.456
1.345,0,5.678
-0.89,1,2.456
0.789,0,1.234
-1.234,1,4.89
0.456,1,3.456
-0.678,0,2.345
1.234,1,5.678
-0.789,0,1.567
0.123,1,3.789
-1.123,1,4.567
0.678,0,2.456
-0.89,1,3.678
1.5,0,5.678
-0.456,1,2.345
0.789,1,4.89
-1.234,0,1.678
0.345,1,3.456
-0.678,1,4.567
1.234,0,5.678
-0.89,1,2.345
0.456,1,3.789
-1.456,0,1.234
0.678,1,4.567
-0.123,1,3.456
1.345,0,5.678
-0.89,1,2.456
0.789,0,1.234
-1.234,1,4.89
0.456,1,3.456
-0.678,0,2.345
1.234,1,5.678
-0.789,0,1.567
0.123,1,3.789
-1.123,1,4.567
0.678,0,2.456
-0.89,1,3.678
1.5,0,5.678
-0.456,1,2.345
0.789,1,4.89
-1.234,0,1.678
0.345,1,3.456
-0.678,1,4.567
1.234,0,5.678
-0.89,1,2.345
0.456,1,3.789
-1.456,0,1.234
0.678,1,4.567
-0.123,1,3.456
1.345,0,5.678
-0.89,1,2.456
0.789,0,1.234
-1.234,1,4.89
0.456,1,3.456
-0.678,0,2.345
1.234,1,5.678
-0.789,0,1.567
0.123,1,3.789
-1.123,1,4.567
0.678,0,2.456
-0.89,1,3.678
1.5,0,5.678
-0.456,1,2.345
0.789,1,4.89
-1.234,0,1.678
0.345,1,3.456
-0.678,1,4.567
1.234,0,5.678
-0.89,1,2.345
0.456,1,3.789
-1.456,0,1.234
0.678,1,4.567
-0.123,1,3.456
1.345,0,5.678
-0.89,1,2.456
0.789,0,1.234
-1.234,1,4.89
0.456,1,3.456
-0.678,0,2.345
1.234,1,5.678
-0.789,0,1.567
0.123,1,3.789
-1.123,1,4.567
0.678,0,2.456
-0.89,1,3.678
1.5,0,5.678
-0.456,1,2.345
0.789,1,4.89
-1.234,0,1.678
0.345,1,3.456
-0.678,1,4.567
1.234,0,5.678
-0.89,1,2.345
0.456,1,3.789
-1.456,0,1.234
0.678,1,4.567
-0.123,1,3.456
-0.123,1,5.678
0.456,0,3.234
1.234,1,8.456
-1.345,0,2.789
0.789,1,6.123
-0.567,0,4.345
1.456,1,9.678
-0.234,0,3.456
0.345,1,7.89
-1.234,0,2.567
1.123,1,8.789
-0.678,0,4.567
0.567,1,6.789
-1.456,0,2.345
0.234,1,7.123
-0.345,0,3.678
1.345,1,8.456
-0.456,0,4.234
0.123,1,6.567
-1.123,0,2.678
0.678,1,7.89
-0.789,0,3.456
1.234,1,9.123
-0.123,0,4.678
0.456,1,6.89
-1.345,0,2.789
0.789,1,8.456
-0.567,0,3.234
1.456,1,9.678
-0.234,0,4.345
0.345,1,7.89
-1.234,0,2.567
1.123,1,8.789
-0.678,0,4.567
0.567,1,6.789
-1.456,0,2.345
0.234,1,7.123
-0.345,0,3.678
1.345,1,8.456
-0.456,0,4.234
0.123,1,6.567
-1.123,0,2.678
0.678,1,7.89
-0.789,0,3.456
1.234,1,9.123
-0.123,0,4.678
0.456,1,6.89
-1.345,0,2.789
0.789,1,8.456
-0.567,0,3.234
1.456,1,9.678
-0.234,0,4.345
0.345,1,7.89
-1.234,0,2.567
1.123,1,8.789
-0.678,0,4.567
0.567,1,6.789
-1.456,0,2.345
0.234,1,7.123
-0.345,0,3.678
1.345,1,8.456
-0.456,0,4.234
0.123,1,6.567
-1.123,0,2.678
0.678,1,7.89
-0.789,0,3.456
1.234,1,9.123
-0.123,0,4.678
0.456,1,6.89
-1.345,0,2.789
0.789,1,8.456
-0.567,0,3.234
1.456,1,9.678
-0.234,0,4.345
0.345,1,7.89
-1.234,0,2.567
1.123,1,8.789
-0.678,0,4.567
0.567,1,6.789
-1.456,0,2.345
0.234,1,7.123
-0.345,0,3.678
1.345,1,8.456
-0.456,0,4.234
0.123,1,6.567
-1.123,0,2.678
0.678,1,7.89
-0.789,0,3.456
1.234,1,9.123
-0.123,0,4.678
0.456,1,6.89
-1.345,0,2.789
0.789,1,8.456
-0.567,0,3.234
1.456,1,9.678
-0.234,0,4.345
0.345,1,7.89
-1.234,0,2.567
1.123,1,8.789
-0.678,0,4.567
0.567,1,6.789
-1.456,0,2.345
0.234,1,7.123
-0.345,0,3.678
1.345,1,8.456
-0.456,0,4.234
0.123,1,6.567
-1.123,0,2.678
0.678,1,7.89
-0.789,0,3.456
1.234,1,9.123
-0.123,0,4.678
0.456,1,6.89
-1.345,0,2.789
0.789,1,8.456
-0.567,0,3.234
1.456,1,9.678
-0.234,0,4.345
0.345,1,7.89
-1.234,0,2.567
1.123,1,8.789
-0.678,0,4.567
0.567,1,6.789
-1.456,0,2.345
0.234,1,7.123
-0.345,0,3.678
1.345,1,8.456
-0.456,0,4.234
0.123,1,6.567
-1.123,0,2.678
0.678,1,7.89
-0.789,0,3.456
1.234,1,9.123
-0.123,0,4.678
0.456,1,6.89
-1.345,0,2.789
0.789,1,8.456
-0.567,0,3.234
1.456,1,9.678
-0.234,0,4.345
0.345,1,7.89
-1.234,0,2.567
1.123,1,8.789
-0.678,0,4.567
0.567,1,6.789
-1.456,0,2.345
0.234,1,7.123
-0.345,0,3.678
1.345,1,8.456
-0.456,0,4.234
0.123,1,6.567
-1.123,0,2.678
0.678,1,7.89
-0.789,0,3.456
1.234,1,9.123
-0.123,0,4.678
0.456,1,6.89
-1.345,0,2.789
0.789,1,8.456
-0.567,0,3.234
1.456,1,9.678
-0.234,0,4.345
0.345,1,7.89
-1.234,0,2.567
1.123,1,8.789
-0.678,0,4.567
0.567,1,6.789
-1.456,0,2.345
0.234,1,7.123
-0.345,0,3.678
1.345,1,8.456
-0.456,0,4.234
0.123,1,6.567
-1.123,0,2.678
0.678,1,7.89
-0.789,0,3.456
1.234,1,9.123
-0.123,0,4.678
0.456,1,6.89
-1.345,0,2.789
0.789,1,8.456
-0.567,0,3.234
1.456,1,9.678
-0.234,0,4.345
0.345,1,7.89
-1.234,0,2.567
1.123,1,8.789
-0.678,0,4.567
0.567,1,6.789
-1.456,0,2.345
0.234,1,7.123
-0.345,0,3.678
1.345,1,8.456
-0.456,0,4.234
0.123,1,6.567
-1.123,0,2.678
0.678,1,7.89
-0.789,0,3.456
1.234,1,9.123
-0.123,0,4.678
0.456,1,6.89
-1.345,0,2.789
0.789,1,8.456
-0.567,0,3.234
1.456,1,9.678
-0.234,0,4.345
0.345,1,7.89
-1.234,0,2.567
1.123,1,8.789
-0.678,0,4.567
0.567,1,6.789
-1.456,0,2.345
0.234,1,7.123
-0.345,0,3.678
1.345,1,8.456
-0.456,0,4.234
0.123,1,6.567
-1.123,0,2.678
0.678,1,7.89
-0.789,0,3.456
1.234,1,9.123
-0.123,0,4.678
0.456,1,6.89
-1.345,0,2.789
0.789,1,8.456
-0.567,0,3.234
1.456,1,9.678
-0.234,0,4.345
0.345,1,7.89
-1.234,0,2.567
1.123,1,8.789
-0.678,0,4.567
0.567,1,6.789
-1.456,0,2.345
0.234,1,7.123
-0.345,0,3.678
1.345,1,8.456
-0.456,0,4.234
0.123,1,6.567
-1.123,0,2.678
0.678,1,7.89
-0.789,0,3.456
1.234,1,9.123
-0.123,0,4.678
0.456,1,6.89
-1.345,0,2.789
0.789,1,8.456
-0.567,0,3.234
1.456,1,9.678
-0.234,0,4.345
0.345,1,7.89
-1.234,0,2.567
1.123,1,8.789
-0.678,0,4.567
0.567,1,6.789
-1.456,0,2.345
0.234,1,7.123
-0.345,0,3.678
1.345,1,8.456
-0.456,0,4.234
0.123,1,6.567
-1.123,0,2.678
0.678,1,7.89
-0.789,0,3.456
1.234,1,9.123
-0.123,0,4.678
0.456,1,6.89
-1.345,0,2.789
0.789,1,8.456
-0.567,0,3.234
1.456,1,9.678
-0.234,0,4.345
0.345,1,7.89
-1.234,0,2.567
1.123,1,8.789
-0.678,0,4.567
0.567,1,6.789
-1.456,0,2.345
0.234,1,7.123
-0.345,0,3.678
1.345,1,8.456
-0.456,0,4.234
0.123,1,6.567
-1.123,0,2.678
0.678,1,7.89
-0.789,0,3.456
1.234,1,9.123
-0.123,0,4.678
0.456,1,6.89
-1.345,0,2.789
0.789,1,8.456
-0.567,0,3.234
1.456,1,9.678
-0.234,0,4.345
0.345,1,7.89
-1.234,0,2.567
1.123,1,8.789
-0.678,0,4.567
0.567,1,6.789
-1.456,0,2.345
-0.123,1,2.456
0.456,0,1.234
1.234,1,3.789
-1.234,0,0.987
0.789,1,4.567
-0.456,0,1.678
1.456,1,5.678
-1.123,0,0.876
0.345,1,3.456
-0.789,0,1.345
1.5,1,6.789
-0.234,0,1.234
0.567,1,3.678
-1.456,0,0.765
0.123,1,2.345
-0.678,0,1.456
1.345,1,4.678
-1.345,0,0.654
0.789,1,3.789
-0.123,0,1.234
1.234,1,5.678
-0.456,0,1.345
0.456,1,3.456
-1.234,0,0.876
1.456,1,6.789
-0.789,0,1.234
0.678,1,4.567
-1.5,0,0.543
0.234,1,2.678
-0.345,0,1.345
1.5,1,5.678
-0.123,0,1.234
0.456,1,3.789
-1.234,0,0.876
1.234,1,4.567
-0.456,0,1.456
0.789,1,3.678
-1.5,0,0.765
0.123,1,2.345
-0.678,0,1.234
1.345,1,5.678
-0.234,0,1.456
0.567,1,4.678
-1.345,0,0.654
0.789,1,3.789
-0.123,0,1.234
1.234,1,5.678
-0.456,0,1.345
0.456,1,3.456
-1.234,0,0.876
1.456,1,6.789
-0.789,0,1.234
0.678,1,4.567
-1.5,0,0.543
0.234,1,2.678
-0.345,0,1.345
1.5,1,5.678
-0.123,0,1.234
0.456,1,3.789
-1.234,0,0.876
1.234,1,4.567
-0.456,0,1.456
0.789,1,3.678
-1.5,0,0.765
0.123,1,2.345
-0.678,0,1.234
1.345,1,5.678
-0.234,0,1.456
0.567,1,4.678
-1.345,0,0.654
0.789,1,3.789
-0.123,0,1.234
1.234,1,5.678
-0.456,0,1.345
0.456,1,3.456
-1.234,0,0.876
1.456,1,6.789
-0.789,0,1.234
0.678,1,4.567
-1.5,0,0.543
0.234,1,2.678
-0.345,0,1.345
1.5,1,5.678
-0.123,0,1.234
0.456,1,3.789
-1.234,0,0.876
1.234,1,4.567
-0.456,0,1.456
0.789,1,3.678
-1.5,0,0.765
0.123,1,2.345
-0.678,0,1.234
1.345,1,5.678
-0.234,0,1.456
0.567,1,4.678
-1.345,0,0.654
0.789,1,3.789
-0.123,0,1.234
1.234,1,5.678
-0.456,0,1.345
0.456,1,3.456
-1.234,0,0.876
1.456,1,6.789
-0.789,0,1.234
0.678,1,4.567
-1.5,0,0.543
0.234,1,2.678
-0.345,0,1.345
1.5,1,5.678
-0.123,0,1.234
0.456,1,3.789
-1.234,0,0.876
1.234,1,4.567
-0.456,0,1.456
0.789,1,3.678
-1.5,0,0.765
0.123,1,2.345
-0.678,0,1.234
1.345,1,5.678
-0.234,0,1.456
0.567,1,4.678
-1.345,0,0.654
0.789,1,3.789
-0.123,0,1.234
1.234,1,5.678
-0.456,0,1.345
0.456,1,3.456
-1.234,0,0.876
1.456,1,6.789
-0.789,0,1.234
0.678,1,4.567
-1.5,0,0.543
0.234,1,2.678
-0.345,0,1.345
1.5,1,5.678
-0.123,0,1.234
0.456,1,3.789
-1.234,0,0.876
1.234,1,4.567
-0.456,0,1.456
0.789,1,3.678
-1.5,0,0.765
0.123,1,2.345
-0.678,0,1.234
1.345,1,5.678
-0.234,0,1.456
0.567,1,4.678
-1.345,0,0.654
0.789,1,3.789
-0.123,0,1.234
1.234,1,5.678
-0.456,0,1.345
0.456,1,3.456
-1.234,0,0.876
1.456,1,6.789
-0.789,0,1.234
0.678,1,4.567
-1.5,0,0.543
0.234,1,2.678
-0.345,0,1.345
1.5,1,5.678
-0.123,0,1.234
0.456,1,3.789
-1.234,0,0.876
1.234,1,4.567
-0.456,0,1.456
0.789,1,3.678
-1.5,0,0.765
0.123,1,2.345
-0.678,0,1.234
1.345,1,5.678
-0.234,0,1.456
0.567,1,4.678
-1.345,0,0.654
0.789,1,3.789
-0.123,0,1.234
1.234,1,5.678
-0.456,0,1.345
0.456,1,3.456
-1.234,0,0.876
1.456,1,6.789
-0.789,0,1.234
0.678,1,4.567
-1.5,0,0.543
0.234,1,2.678
-0.345,0,1.345
1.5,1,5.678
-0.123,0,1.234
0.456,1,3.789
-1.234,0,0.876
1.234,1,4.567
-0.456,0,1.456
0.789,1,3.678
-1.5,0,0.765
0.123,1,2.345
-0.678,0,1.234
1.345,1,5.678
-0.234,0,1.456
0.567,1,4.678
-1.345,0,0.654
0.789,1,3.789
-0.123,0,1.234
1.234,1,5.678
-0.456,0,1.345
0.456,1,3.456
-1.234,0,0.876
1.456,1,6.789
-0.789,0,1.234
0.678,1,4.567
-1.5,0,0.543
0.234,1,2.678
-0.345,0,1.345
1.5,1,5.678
-0.123,0,1.234
0.456,1,3.789
-1.234,0,0.876
1.234,1,4.567
-0.456,0,1.456
0.789,1,3.678
-1.5,0,0.765
0.123,1,2.345
-0.678,0,1.234
1.345,1,5.678
-0.234,0,1.456
0.567,1,4.678
-1.345,0,0.654
0.789,1,3.789
-0.123,0,1.234
1.234,1,5.678
-0.456,0,1.345
0.456,1,3.456
-1.234,0,0.876
1.456,1,6.789
-0.789,0,1.234
0.678,1,4.567
-1.5,0,0.543
0.234,1,2.678
-0.345,0,1.345
1.5,1,5.678
-0.123,0,1.234
0.456,1,3.789
-1.234,0,0.876
1.234,1,4.567
-0.456,0,1.456
0.789,1,3.678
-1.5,0,0.765
0.123,1,2.345
-0.678,0,1.234
1.345,1,5.678
-0.234,0,1.456
0.567,1,4.678
-1.345,0,0.654
0.789,1,3.789
-0.123,0,1.234
1.234,1,5.678
-0.456,0,1.345
0.456,1,3.456
-1.234,0,0.876
1.456,1,6.789
-0.789,0,1.234
0.678,1,4.567
-1.5,0,0.543
0.234,1,2.678
-0.345,0,1.345
1.5,1,5.678
-0.123,0,1.234
0.456,1,3.789
-1.234,0,0.876
1.234,1,4.567
-0.456,0,1.456
0.789,1,3.678
-1.5,0,0.765
0.123,1,2.345
-0.678,0,1.234
1.345,1,5.678
-0.234,0,1.456
0.567,1,4.678
-1.345,0,0.654
0.789,1,3.789
-0.123,0,1.234
1.234,1,5.678
-0.456,0,1.345
0.456,1,3.456
-1.234,0,0.876
1.456,1,6.789
-0.789,0,1.234
0.678,1,4.567
-1.5,0,0.543
0.234,1,2.678
-0.345,0,1.345
1.5,1,5.678
-0.123,0,1.234
0.456,1,3.789
-1.234,0,0.876
1.234,1,4.567
-0.456,0,1.456
0.789,1,3.678
-1.5,0,0.765
0.123,1,2.345
-0.678,0,1.234
-1.234,1,3.456
0.456,0,2.123
1.234,1,5.678
-0.789,0,1.234
0.123,1,4.567
-1.456,0,0.789
0.789,1,6.89
-0.345,0,1.567
1.5,1,7.123
-0.123,0,2.345
0.678,1,5.432
-1.234,0,0.456
1.345,1,6.789
-0.678,0,1.89
0.234,1,4.678
-1.012,0,1.234
0.89,1,5.678
-0.456,0,2.456
1.234,1,7.89
-0.789,0,1.678
0.567,1,5.123
-1.345,0,0.678
0.123,1,4.89
-0.678,0,1.234
1.456,1,6.123
-0.234,0,2.789
0.789,1,5.678
-1.5,0,0.89
0.345,1,4.567
-0.89,0,1.234
1.234,1,6.89
-0.123,0,2.345
0.678,1,5.432
-1.234,0,0.456
1.345,1,7.123
-0.678,0,1.89
0.234,1,4.678
-1.012,0,1.234
0.89,1,5.678
-0.456,0,2.456
1.234,1,7.89
-0.789,0,1.678
0.567,1,5.123
-1.345,0,0.678
0.123,1,4.89
-0.678,0,1.234
1.456,1,6.123
-0.234,0,2.789
0.789,1,5.678
-1.5,0,0.89
0.345,1,4.567
-0.89,0,1.234
1.234,1,6.89
-0.123,0,2.345
0.678,1,5.432
-1.234,0,0.456
1.345,1,7.123
-0.678,0,1.89
0.234,1,4.678
-1.012,0,1.234
0.89,1,5.678
-0.456,0,2.456
1.234,1,7.89
-0.789,0,1.678
0.567,1,5.123
-1.345,0,0.678
0.123,1,4.89
-0.678,0,1.234
1.456,1,6.123
-0.234,0,2.789
0.789,1,5.678
-1.5,0,0.89
0.345,1,4.567
-0.89,0,1.234
1.234,1,6.89
-0.123,0,2.345
0.678,1,5.432
-1.234,0,0.456
1.345,1,7.123
-0.678,0,1.89
0.234,1,4.678
-1.012,0,1.234
0.89,1,5.678
-0.456,0,2.456
1.234,1,7.89
-0.789,0,1.678
0.567,1,5.123
-1.345,0,0.678
0.123,1,4.89
-0.678,0,1.234
1.456,1,6.123
-0.234,0,2.789
0.789,1,5.678
-1.5,0,0.89
0.345,1,4.567
-0.89,0,1.234
1.234,1,6.89
-0.123,0,2.345
0.678,1,5.432
-1.234,0,0.456
1.345,1,7.123
-0.678,0,1.89
0.234,1,4.678
-1.012,0,1.234
0.89,1,5.678
-0.456,0,2.456
1.234,1,7.89
-0.789,0,1.678
0.567,1,5.123
-1.345,0,0.678
0.123,1,4.89
-0.678,0,1.234
1.456,1,6.123
-0.234,0,2.789
0.789,1,5.678
-1.5,0,0.89
0.345,1,4.567
-0.89,0,1.234
1.234,1,6.89
-0.123,0,2.345
0.678,1,5.432
-1.234,0,0.456
1.345,1,7.123
-0.678,0,1.89
0.234,1,4.678
-1.012,0,1.234
0.89,1,5.678
-0.456,0,2.456
1.234,1,7.89
-0.789,0,1.678
0.567,1,5.123
-1.345,0,0.678
0.123,1,4.89
-0.678,0,1.234
1.456,1,6.123
-0.234,0,2.789
0.789,1,5.678
-1.5,0,0.89
0.345,1,4.567
-0.89,0,1.234
1.234,1,6.89
-0.123,0,2.345
0.678,1,5.432
-1.234,0,0.456
1.345,1,7.123
-0.678,0,1.89
0.234,1,4.678
-1.012,0,1.234
0.89,1,5.678
-0.456,0,2.456
1.234,1,7.89
-0.789,0,1.678
0.567,1,5.123
-1.345,0,0.678
0.123,1,4.89
-0.678,0,1.234
1.456,1,6.123
-0.234,0,2.789
0.789,1,5.678
-1.5,0,0.89
0.345,1,4.567
-0.89,0,1.234
1.234,1,6.89
-0.123,0,2.345
0.678,1,5.432
-1.234,0,0.456
1.345,1,7.123
-0.678,0,1.89
0.234,1,4.678
-1.012,0,1.234
0.89,1,5.678
-0.456,0,2.456
1.234,1,7.89
-0.789,0,1.678
0.567,1,5.123
-1.345,0,0.678
0.123,1,4.89
-0.678,0,1.234
1.456,1,6.123
-0.234,0,2.789
0.789,1,5.678
-1.5,0,0.89
0.345,1,4.567
-0.89,0,1.234
1.234,1,6.89
-0.123,0,2.345
0.678,1,5.432
-1.234,0,0.456
1.345,1,7.123
-0.678,0,1.89
0.234,1,4.678
-1.012,0,1.234
0.89,1,5.678
-0.456,0,2.456
1.234,1,7.89
-0.789,0,1.678
0.567,1,5.123
-1.345,0,0.678
0.123,1,4.89
-0.678,0,1.234
1.456,1,6.123
-0.234,0,2.789
0.789,1,5.678
-1.5,0,0.89
0.345,1,4.567
-0.89,0,1.234
1.234,1,6.89
-0.123,0,2.345
0.678,1,5.432
-1.234,0,0.456
1.345,1,7.123
-0.678,0,1.89
0.234,1,4.678
-1.012,0,1.234
0.89,1,5.678
-0.456,0,2.456
1.234,1,7.89
-0.789,0,1.678
0.567,1,5.123
-1.345,0,0.678
0.123,1,4.89
-0.678,0,1.234
1.456,1,6.123
-0.234,0,2.789
0.789,1,5.678
-1.5,0,0.89
0.345,1,4.567
-0.89,0,1.234
1.234,1,6.89
-0.123,0,2.345
0.678,1,5.432
-1.234,0,0.456
1.345,1,7.123
-0.678,0,1.89
0.234,1,4.678
-1.012,0,1.234
0.89,1,5.678
-0.456,0,2.456
1.234,1,7.89
-0.789,0,1.678
0.567,1,5.123
-1.345,0,0.678
0.123,1,4.89
-0.678,0,1.234
1.456,1,6.123
-0.234,0,2.789
0.789,1,5.678
-1.5,0,0.89
0.345,1,4.567
-0.89,0,1.234
1.234,1,6.89
-0.123,0,2.345
0.678,1,5.432
-1.234,0,0.456
1.345,1,7.123
-0.678,0,1.89
0.234,1,4.678
-1.012,0,1.234
0.89,1,5.678
-0.456,0,2.456
1.234,1,7.89
-0.789,0,1.678
0.567,1,5.123
-1.345,0,0.678
0.123,1,4.89
-0.678,0,1.234
1.456,1,6.123
-0.234,0,2.789
0.789,1,5.678
-1.5,0,0.89
0.345,1,4.567
-0.89,0,1.234
1.234,1,6.89
-0.123,0,2.345
0.678,1,5.432
-1.234,0,0.456
1.345,1,7.123
-0.678,0,1.89
0.234,1,4.678
-1.012,0,1.234
0.89,1,5.678
-0.456,0,2.456
1.234,1,7.89
-0.789,0,1.678
0.567,1,5.123
-1.345,0,0.678
0.123,1,4.89
-0.678,0,1.234
1.456,1,6.123
-0.234,0,2.789
0.789,1,5.678
-1.5,0,0.89
0.345,1,4.567
-0.89,0,1.234
1.234,1,6.89
-0.123,0,2.345
0.678,1,5.432
-1.234,0,0.456
1.345,1,7.123
-0.678,0,1.89
-0.123,1,5.678
0.456,0,3.234
1.234,1,8.456
-1.234,0,2.789
0.789,1,7.123
-0.567,0,4.567
1.345,1,9.012
-1.456,0,2.345
0.234,1,6.789
-0.789,0,3.456
1.123,1,8.123
-0.345,0,4.234
0.678,1,7.456
-1.345,0,2.678
0.123,1,5.89
-0.456,0,3.89
1.456,1,8.789
-0.678,0,4.89
0.345,1,6.123
-1.123,0,2.456
0.567,1,7.89
-0.234,0,3.678
1.5,1,9.345
-1.5,0,2.123
0.789,1,6.456
-0.123,0,4.123
1.234,1,8.456
-0.456,0,3.234
0.456,1,7.678
-1.234,0,2.789
0.678,1,5.89
-0.789,0,4.567
1.345,1,9.012
-1.456,0,2.345
0.234,1,6.789
-0.567,0,3.456
1.123,1,8.123
-0.345,0,4.234
0.678,1,7.456
-1.345,0,2.678
0.123,1,5.89
-0.456,0,3.89
1.456,1,8.789
-0.678,0,4.89
0.345,1,6.123
-1.123,0,2.456
0.567,1,7.89
-0.234,0,3.678
1.5,1,9.345
-1.5,0,2.123
0.789,1,6.456
-0.123,0,4.123
1.234,1,8.456
-0.456,0,3.234
0.456,1,7.678
-1.234,0,2.789
0.678,1,5.89
-0.789,0,4.567
1.345,1,9.012
-1.456,0,2.345
0.234,1,6.789
-0.567,0,3.456
1.123,1,8.123
-0.345,0,4.234
0.678,1,7.456
-1.345,0,2.678
0.123,1,5.89
-0.456,0,3.89
1.456,1,8.789
-0.678,0,4.89
0.345,1,6.123
-1.123,0,2.456
0.567,1,7.89
-0.234,0,3.678
1.5,1,9.345
-1.5,0,2.123
0.789,1,6.456
-0.123,0,4.123
1.234,1,8.456
-0.456,0,3.234
0.456,1,7.678
-1.234,0,2.789
0.678,1,5.89
-0.789,0,4.567
1.345,1,9.012
-1.456,0,2.345
0.234,1,6.789
-0.567,0,3.456
1.123,1,8.123
-0.345,0,4.234
0.678,1,7.456
-1.345,0,2.678
0.123,1,5.89
-0.456,0,3.89
1.456,1,8.789
-0.678,0,4.89
0.345,1,6.123
-1.123,0,2.456
0.567,1,7.89
-0.234,0,3.678
1.5,1,9.345
-1.5,0,2.123
0.789,1,6.456
-0.123,0,4.123
1.234,1,8.456
-0.456,0,3.234
0.456,1,7.678
-1.234,0,2.789
0.678,1,5.89
-0.789,0,4.567
1.345,1,9.012
-1.456,0,2.345
0.234,1,6.789
-0.567,0,3.456
1.123,1,8.123
-0.345,0,4.234
0.678,1,7.456
-1.345,0,2.678
0.123,1,5.89
-0.456,0,3.89
1.456,1,8.789
-0.678,0,4.89
0.345,1,6.123
-1.123,0,2.456
0.567,1,7.89
-0.234,0,3.678
1.5,1,9.345
-1.5,0,2.123
0.789,1,6.456
-0.123,0,4.123
1.234,1,8.456
-0.456,0,3.234
0.456,1,7.678
-1.234,0,2.789
0.678,1,5.89
-0.789,0,4.567
1.345,1,9.012
-1.456,0,2.345
0.234,1,6.789
-0.567,0,3.456
1.123,1,8.123
-0.345,0,4.234
0.678,1,7.456
-1.345,0,2.678
0.123,1,5.89
-0.456,0,3.89
1.456,1,8.789
-0.678,0,4.89
0.345,1,6.123
-1.123,0,2.456
0.567,1,7.89
-0.234,0,3.678
1.5,1,9.345
-1.5,0,2.123
0.789,1,6.456
-0.123,0,4.123
1.234,1,8.456
-0.456,0,3.234
0.456,1,7.678
-1.234,0,2.789
0.678,1,5.89
-0.789,0,4.567
1.345,1,9.012
-1.456,0,2.345
0.234,1,6.789
-0.567,0,3.456
1.123,1,8.123
-0.345,0,4.234
0.678,1,7.456
-1.345,0,2.678
0.123,1,5.89
-0.456,0,3.89
1.456,1,8.789
-0.678,0,4.89
0.345,1,6.123
-1.123,0,2.456
0.567,1,7.89
-0.234,0,3.678
1.5,1,9.345
-1.5,0,2.123
0.789,1,6.456
-0.123,0,4.123
1.234,1,8.456
-0.456,0,3.234
0.456,1,7.678
-1.234,0,2.789
0.678,1,5.89
-0.789,0,4.567
1.345,1,9.012
-1.456,0,2.345
0.234,1,6.789
-0.567,0,3.456
1.123,1,8.123
-0.345,0,4.234
0.678,1,7.456
-1.345,0,2.678
0.123,1,5.89
-0.456,0,3.89
1.456,1,8.789
-0.678,0,4.89
0.345,1,6.123
-1.123,0,2.456
0.567,1,7.89
-0.234,0,3.678
1.5,1,9.345
-1.5,0,2.123
0.789,1,6.456
-0.123,0,4.123
1.234,1,8.456
-0.456,0,3.234
0.456,1,7.678
-1.234,0,2.789
0.678,1,5.89
-0.789,0,4.567
1.345,1,9.012
-1.456,0,2.345
0.234,1,6.789
-0.567,0,3.456
1.123,1,8.123
-0.345,0,4.234
0.678,1,7.456
-1.345,0,2.678
0.123,1,5.89
-0.456,0,3.89
1.456,1,8.789
-0.678,0,4.89
0.345,1,6.123
-1.123,0,2.456
0.567,1,7.89
-0.234,0,3.678
1.5,1,9.345
-1.5,0,2.123
0.789,1,6.456
-0.123,0,4.123
1.234,1,8.456
-0.456,0,3.234
0.456,1,7.678
-1.234,0,2.789
0.678,1,5.89
-0.789,0,4.567
1.345,1,9.012
-1.456,0,2.345
0.234,1,6.789
-0.567,0,3.456
1.123,1,8.123
-0.345,0,4.234
0.678,1,7.456
-1.345,0,2.678
0.123,1,5.89
-0.456,0,3.89
1.456,1,8.789
-0.678,0,4.89
0.345,1,6.123
-1.123,0,2.456
0.567,1,7.89
-0.234,0,3.678
1.5,1,9.345
-1.5,0,2.123
0.789,1,6.456
-0.123,0,4.123
1.234,1,8.456
-0.456,0,3.234
0.456,1,7.678
-1.234,0,2.789
0.678,1,5.89
-0.789,0,4.567
1.345,1,9.012
-1.456,0,2.345
0.234,1,6.789
-0.567,0,3.456
1.123,1,8.123
-0.345,0,4.234
0.678,1,7.456
-1.345,0,2.678
0.123,1,5.89
-0.456,0,3.89
1.456,1,8.789
-0.678,0,4.89
0.345,1,6.123
-1.123,0,2.456
0.567,1,7.89
-0.234,0,3.678
1.5,1,9.345
-1.5,0,2.123
0.789,1,6.456
-0.123,0,4.123
1.234,1,8.456
-0.456,0,3.234
0.456,1,7.678
-1.234,0,2.789
0.678,1,5.89
-0.789,0,4.567
1.345,1,9.012
-1.456,0,2.345
0.234,1,6.789
-0.567,0,3.456
1.123,1,8.123
-0.345,0,4.234
0.678,1,7.456
-1.345,0,2.678
-0.345,1,10.752
0.128,0,5.643
0.982,1,18.234
-1.215,0,3.456
0.564,1,15.678
-0.789,0,4.321
1.234,1,20.456
-0.456,0,6.789
0.345,1,14.567
-1.123,0,2.345
0.678,1,17.89
-0.234,0,5.432
1.456,1,21.345
-1.345,0,3.678
0.876,1,19.012
-0.678,0,4.567
1.012,1,18.901
-0.567,0,5.678
0.234,1,13.456
-1.456,0,2.678
0.456,1,16.789
-0.123,0,5.89
1.345,1,19.234
-0.789,0,4.123
0.567,1,15.678
-1.012,0,3.456
0.789,1,17.89
-0.345,0,5.678
1.123,1,20.456
-0.678,0,4.321
0.234,1,14.567
-1.234,0,2.89
0.456,1,16.789
-0.123,0,5.432
1.456,1,21.345
-0.567,0,3.678
0.678,1,19.012
-1.345,0,2.345
0.876,1,18.901
-0.234,0,4.567
1.012,1,20.123
-0.789,0,5.678
0.345,1,15.678
-1.456,0,3.456
0.456,1,16.789
-0.678,0,4.321
1.123,1,19.234
-0.345,0,5.89
0.789,1,17.89
-1.012,0,2.678
0.567,1,14.567
-0.123,0,5.432
1.345,1,20.456
-0.789,0,3.678
0.678,1,18.901
-1.234,0,2.345
0.876,1,19.012
-0.456,0,4.567
1.012,1,21.345
-0.567,0,3.678
0.234,1,15.678
-1.456,0,5.89
0.456,1,16.789
-0.123,0,4.321
1.123,1,19.234
-0.345,0,5.678
0.789,1,17.89
-1.012,0,3.456
0.678,1,18.901
-0.789,0,2.678
1.345,1,20.456
-0.567,0,4.567
0.876,1,19.012
-1.234,0,5.89
0.234,1,14.567
-0.456,0,3.678
1.012,1,21.345
-0.678,0,2.345
0.456,1,16.789
-1.456,0,4.321
0.678,1,18.901
-0.123,0,5.678
1.123,1,19.234
-0.789,0,3.456
0.789,1,17.89
-1.012,0,2.678
0.345,1,15.678
-0.567,0,4.567
1.345,1,20.456
-0.678,0,5.89
0.876,1,19.012
-1.234,0,3.678
0.234,1,14.567
-0.456,0,2.345
1.012,1,21.345
-0.123,0,4.321
0.678,1,18.901
-1.456,0,5.678
0.456,1,16.789
-0.789,0,3.456
1.123,1,19.234
-0.567,0,4.567
0.789,1,17.89
-1.012,0,2.678
0.345,1,15.678
-0.678,0,5.89
1.345,1,20.456
-0.456,0,4.321
0.876,1,19.012
-1.234,0,3.678
0.234,1,14.567
-0.123,0,2.345
1.012,1,21.345
-0.789,0,5.678
0.678,1,18.901
-1.456,0,4.567
0.456,1,16.789
-0.567,0,3.678
1.123,1,19.234
-0.678,0,5.89
0.789,1,17.89
-1.012,0,2.678
0.345,1,15.678
-0.123,0,4.321
1.345,1,20.456
-0.789,0,3.456
0.876,1,19.012
-1.234,0,5.678
0.234,1,14.567
-0.456,0,2.345
1.012,1,21.345
-0.567,0,4.567
0.678,1,18.901
-1.456,0,5.89
0.456,1,16.789
-0.789,0,3.678
1.123,1,19.234
-0.678,0,5.89
0.789,1,17.89
-1.012,0,2.678
0.345,1,15.678
-0.123,0,4.321
1.345,1,20.456
-0.789,0,3.456
0.876,1,19.012
-1.234,0,5.678
0.234,1,14.567
-0.456,0,2.345
1.012,1,21.345
-0.567,0,4.567
0.678,1,18.901
-1.456,0,5.89
0.456,1,16.789
-0.789,0,3.678
1.123,1,19.234
-0.678,0,5.89
0.789,1,17.89
-1.012,0,2.678
0.345,1,15.678
-0.123,0,4.321
1.345,1,20.456
-0.789,0,3.456
0.876,1,19.012
-1.234,0,5.678
0.234,1,14.567
-0.456,0,2.345
1.012,1,21.345
-0.567,0,4.567
0.678,1,18.901
-1.456,0,5.89
0.456,1,16.789
-0.789,0,3.678
1.123,1,19.234
-0.678,0,5.89
0.789,1,17.89
-1.012,0,2.678
0.345,1,15.678
-0.123,0,4.321
1.345,1,20.456
-0.789,0,3.456
0.876,1,19.012
-1.234,0,5.678
0.234,1,14.567
-0.456,0,2.345
1.012,1,21.345
-0.567,0,4.567
0.678,1,18.901
-1.456,0,5.89
0.456,1,16.789
-0.789,0,3.678
1.123,1,19.234
-0.678,0,5.89
0.789,1,17.89
-1.012,0,2.678
0.345,1,15.678
-0.123,0,4.321
1.345,1,20.456
-0.789,0,3.456
0.876,1,19.012
-1.234,0,5.678
0.234,1,14.567
-0.456,0,2.345
1.012,1,21.345
-0.567,0,4.567
0.678,1,18.901
-1.456,0,5.89
0.456,1,16.789
-0.789,0,3.678
1.123,1,19.234
-0.678,0,5.89
0.789,1,17.89
-1.012,0,2.678
0.345,1,15.678
-0.123,0,4.321
1.345,1,20.456
-0.789,0,3.456
0.876,1,19.012
-1.234,0,5.678
0.234,1,14.567
-0.456,0,2.345
1.012,1,21.345
-0.567,0,4.567
0.678,1,18.901
-1.456,0,5.89
0.456,1,16.789
-0.789,0,3.678
1.123,1,19.234
-0.678,0,5.89
0.789,1,17.89
-1.012,0,2.678
0.345,1,15.678
-0.123,0,4.321
1.345,1,20.456
-0.789,0,3.456
0.876,1,19.012
-1.234,0,5.678
0.234,1,14.567
-0.456,0,2.345
1.012,1,21.345
-0.567,0,4.567
0.678,1,18.901
-1.456,0,5.89
0.456,1,16.789
-0.789,0,3.678
1.123,1,19.234
-0.678,0,5.89
0.789,1,17.89
-1.012,0,2.678
0.345,1,15.678
-0.123,0,4.321
1.345,1,20.456
-0.789,0,3.456
0.876,1,19.012
-1.234,0,5.678
0.234,1,14.567
-0.456,0,2.345
1.012,1,21.345
-0.567,0,4.567
0.678,1,18.901
-1.456,0,5.89
0.456,1,16.789
-0.789,0,3.678
1.123,1,19.234
-0.678,0,5.89
0.789,1,17.89
-1.012,0,2.678
0.345,1,15.678
-0.123,0,4.321
1.345,1,20.456
-0.789,0,3.456
0.876,1,19.012
-1.234,0,5.678
0.234,1,14.567
-0.456,0,2.345
1.012,1,21.345
-0.567,0,4.567
0.678,1,18.901
-1.456,0,5.89
0.456,1,16.789
-0.789,0,3.678
1.123,1,19.234
-0.678,0,5.89
0.789,1,17.89
-1.012,0,2.678
0.345,1,15.678
-0.123,0,4.321
1.345,1,20.456
-0.789,0,3.456
0.876,1,19.012
-1.234,0,5.678
0.234,1,14.567
-0.456,0,2.345
1.012,1,21.345
-0.567,0,4.567
0.678,1,18.901
-1.456,0,5.89
0.456,1,16.789
-0.789,0,3.678
1.123,1,19.234
-0.678,0,5.89
-0.123,1,2.456
0.456,0,1.234
-1.234,1,3.678
0.789,1,4.567
-0.567,0,1.89
1.234,1,5.678
-0.345,0,2.345
0.678,1,4.123
-1.456,0,1.567
0.123,1,3.456
1.345,1,6.789
-0.789,0,2.456
0.234,1,3.678
-0.678,0,1.89
1.456,1,5.123
-0.234,0,2.678
0.345,1,4.567
-1.345,0,1.234
0.567,1,3.789
-0.456,0,2.345
1.5,1,6.456
-0.678,0,1.89
0.789,1,4.123
-1.234,1,3.678
0.123,0,1.456
1.234,1,5.678
-0.345,0,2.345
0.678,1,4.567
-1.456,0,1.567
0.234,1,3.456
-0.789,0,2.89
1.345,1,6.789
-0.567,0,1.234
0.456,1,4.123
-1.5,0,1.89
0.123,1,3.456
1.456,1,5.678
-0.234,0,2.678
0.345,1,4.567
-1.345,0,1.234
0.678,1,3.789
-0.456,0,2.345
1.5,1,6.456
-0.678,0,1.89
0.789,1,4.123
-1.234,1,3.678
0.123,0,1.456
1.234,1,5.678
-0.345,0,2.345
0.678,1,4.567
-1.456,0,1.567
0.234,1,3.456
-0.789,0,2.89
1.345,1,6.789
-0.567,0,1.234
0.456,1,4.123
-1.5,0,1.89
0.123,1,3.456
1.456,1,5.678
-0.234,0,2.678
0.345,1,4.567
-1.345,0,1.234
0.678,1,3.789
-0.456,0,2.345
1.5,1,6.456
-0.678,0,1.89
0.789,1,4.123
-1.234,1,3.678
0.123,0,1.456
1.234,1,5.678
-0.345,0,2.345
0.678,1,4.567
-1.456,0,1.567
0.234,1,3.456
-0.789,0,2.89
1.345,1,6.789
-0.567,0,1.234
0.456,1,4.123
-1.5,0,1.89
0.123,1,3.456
1.456,1,5.678
-0.234,0,2.678
0.345,1,4.567
-1.345,0,1.234
0.678,1,3.789
-0.456,0,2.345
1.5,1,6.456
-0.678,0,1.89
0.789,1,4.123
-1.234,1,3.678
0.123,0,1.456
1.234,1,5.678
-0.345,0,2.345
0.678,1,4.567
-1.456,0,1.567
0.234,1,3.456
-0.789,0,2.89
1.345,1,6.789
-0.567,0,1.234
0.456,1,4.123
-1.5,0,1.89
0.123,1,3.456
1.456,1,5.678
-0.234,0,2.678
0.345,1,4.567
-1.345,0,1.234
0.678,1,3.789
-0.456,0,2.345
1.5,1,6.456
-0.678,0,1.89
0.789,1,4.123
-1.234,1,3.678
0.123,0,1.456
1.234,1,5.678
-0.345,0,2.345
0.678,1,4.567
-1.456,0,1.567
0.234,1,3.456
-0.789,0,2.89
1.345,1,6.789
-0.567,0,1.234
0.456,1,4.123
-1.5,0,1.89
0.123,1,3.456
1.456,1,5.678
-0.234,0,2.678
0.345,1,4.567
-1.345,0,1.234
0.678,1,3.789
-0.456,0,2.345
1.5,1,6.456
-0.678,0,1.89
0.789,1,4.123
-1.234,1,3.678
0.123,0,1.456
1.234,1,5.678
-0.345,0,2.345
0.678,1,4.567
-1.456,0,1.567
0.234,1,3.456
-0.789,0,2.89
1.345,1,6.789
-0.567,0,1.234
0.456,1,4.123
-1.5,0,1.89
0.123,1,3.456
1.456,1,5.678
-0.234,0,2.678
0.345,1,4.567
-1.345,0,1.234
0.678,1,3.789
-0.456,0,2.345
1.5,1,6.456
-0.678,0,1.89
0.789,1,4.123
-1.234,1,3.678
0.123,0,1.456
1.234,1,5.678
-0.345,0,2.345
0.678,1,4.567
-1.456,0,1.567
0.234,1,3.456
-0.789,0,2.89
1.345,1,6.789
-0.567,0,1.234
0.456,1,4.123
-1.5,0,1.89
0.123,1,3.456
1.456,1,5.678
-0.234,0,2.678
0.345,1,4.567
-1.345,0,1.234
0.678,1,3.789
-0.456,0,2.345
1.5,1,6.456
-0.678,0,1.89
0.789,1,4.123
-1.234,1,3.678
0.123,0,1.456
1.234,1,5.678
-0.345,0,2.345
0.678,1,4.567
-1.456,0,1.567
0.234,1,3.456
-0.789,0,2.89
1.345,1,6.789
-0.567,0,1.234
0.456,1,4.123
-1.5,0,1.89
0.123,1,3.456
1.456,1,5.678
-0.234,0,2.678
0.345,1,4.567
-1.345,0,1.234
0.678,1,3.789
-0.456,0,2.345
1.5,1,6.456
-0.678,0,1.89
0.789,1,4.123
-1.234,1,3.678
0.123,0,1.456
1.234,1,5.678
-0.345,0,2.345
0.678,1,4.567
-1.456,0,1.567
0.234,1,3.456
-0.789,0,2.89
1.345,1,6.789
-0.567,0,1.234
0.456,1,4.123
-1.5,0,1.89
0.123,1,3.456
1.456,1,5.678
-0.234,0,2.678
0.345,1,4.567
-1.345,0,1.234
0.678,1,3.789
-0.456,0,2.345
1.5,1,6.456
-0.678,0,1.89
0.789,1,4.123
-1.234,1,3.678
0.123,0,1.456
1.234,1,5.678
-0.345,0,2.345
0.678,1,4.567
-1.456,0,1.567
0.234,1,3.456
-0.789,0,2.89
1.345,1,6.789
-0.567,0,1.234
0.456,1,4.123
-1.5,0,1.89
0.123,1,3.456
1.456,1,5.678
-0.234,0,2.678
0.345,1,4.567
-1.345,0,1.234
0.678,1,3.789
-0.456,0,2.345
1.5,1,6.456
-0.678,0,1.89
0.789,1,4.123
-1.234,1,3.678
0.123,0,1.456
1.234,1,5.678
-0.345,0,2.345
0.678,1,4.567
-1.456,0,1.567
0.234,1,3.456
-0.789,0,2.89
1.345,1,6.789
-0.567,0,1.234
0.456,1,4.123
-1.5,0,1.89
0.123,1,3.456
1.456,1,5.678
-0.234,0,2.678
0.345,1,4.567
-1.345,0,1.234
0.678,1,3.789
-0.456,0,2.345
1.5,1,6.456
-0.678,0,1.89
0.789,1,4.123
-1.234,1,3.678
0.123,0,1.456
1.234,1,5.678
-0.345,0,2.345
0.678,1,4.567
-1.456,0,1.567
0.234,1,3.456
-0.789,0,2.89
1.345,1,6.789
-0.567,0,1.234
0.456,1,4.123
-1.5,0,1.89
0.123,1,3.456
1.456,1,5.678
-0.234,0,2.678
0.345,1,4.567
-1.345,0,1.234
0.678,1,3.789
-0.456,0,2.345
1.5,1,6.456
-0.678,0,1.89
0.789,1,4.123
-1.234,1,3.678
0.123,0,1.456
1.234,1,5.678
-0.345,0,2.345
0.678,1,4.567
-1.456,0,1.567
0.234,1,3.456
-0.789,0,2.89
1.345,1,6.789
-0.567,0,1.234
0.456,1,4.123
-1.5,0,1.89
0.123,1,3.456
-0.345,1,1.234
0.876,1,3.456
-1.234,0,0.567
0.543,1,2.345
1.234,0,1.678
-0.456,1,2.789
0.123,0,0.456
-1.123,0,0.345
0.678,1,3.789
-0.789,0,0.234
1.345,1,4.567
-0.567,1,2.678
0.234,0,0.567
-1.456,0,0.123
0.987,1,3.456
-0.678,0,0.789
1.123,1,4.678
-0.234,1,2.345
0.456,0,1.234
-1.345,0,0.456
0.789,1,3.567
-0.123,1,2.456
1.456,0,1.678
-0.876,0,0.345
0.345,1,3.678
-1.012,0,0.234
0.654,1,2.789
-0.234,1,2.345
1.012,0,1.456
-0.567,1,2.678
0.876,1,3.456
-1.234,0,0.567
0.543,1,2.345
-0.456,0,0.789
1.345,1,4.567
-0.678,0,0.123
0.234,1,3.789
-1.456,0,0.456
0.987,1,4.678
-0.789,0,0.234
1.123,1,3.456
-0.345,1,2.789
0.678,0,1.234
-1.123,0,0.567
0.456,1,3.678
-0.876,1,2.345
1.234,0,1.678
-0.123,0,0.345
0.345,1,3.789
-1.345,0,0.456
0.789,1,4.567
-0.567,1,2.678
1.012,0,1.234
-0.234,1,2.456
0.654,0,0.789
-1.012,0,0.123
0.876,1,3.456
-0.678,0,0.234
1.345,1,4.678
-0.876,1,2.789
0.543,0,1.678
-1.234,0,0.567
0.987,1,3.789
-0.456,1,2.345
1.123,0,1.456
-0.345,1,2.678
0.678,0,0.789
-1.123,0,0.234
0.234,1,3.567
-0.789,0,0.456
1.456,1,4.567
-0.567,1,2.789
0.876,0,1.234
-1.012,0,0.123
0.345,1,3.678
-0.234,1,2.345
1.012,0,1.678
-0.678,0,0.345
0.543,1,3.789
-1.345,0,0.456
0.789,1,4.678
-0.876,1,2.678
1.234,0,1.234
-0.123,0,0.567
0.987,1,3.456
-0.456,1,2.789
1.345,0,1.678
-0.678,0,0.234
0.234,1,3.567
-1.123,0,0.456
0.876,1,4.567
-0.345,1,2.678
1.012,0,1.234
-0.234,1,2.345
0.654,0,0.789
-1.012,0,0.123
0.678,1,3.456
-0.789,0,0.234
1.456,1,4.678
-0.567,1,2.789
0.543,0,1.678
-1.234,0,0.567
0.987,1,3.789
-0.456,1,2.345
1.123,0,1.456
-0.345,1,2.678
0.876,0,0.789
-1.123,0,0.234
0.234,1,3.567
-0.789,0,0.456
1.345,1,4.567
-0.567,1,2.789
0.876,0,1.234
-1.012,0,0.123
0.345,1,3.678
-0.234,1,2.345
1.012,0,1.678
-0.678,0,0.345
0.543,1,3.789
-1.345,0,0.456
0.789,1,4.678
-0.876,1,2.678
1.234,0,1.234
-0.123,0,0.567
0.987,1,3.456
-0.456,1,2.789
1.345,0,1.678
-0.678,0,0.234
0.234,1,3.567
-1.123,0,0.456
0.876,1,4.567
-0.345,1,2.678
1.012,0,1.234
-0.234,1,2.345
0.654,0,0.789
-1.012,0,0.123
0.678,1,3.456
-0.789,0,0.234
1.456,1,4.678
-0.567,1,2.789
0.543,0,1.678
-1.234,0,0.567
0.987,1,3.789
-0.456,1,2.345
1.123,0,1.456
-0.345,1,2.678
0.876,0,0.789
-1.123,0,0.234
0.234,1,3.567
-0.789,0,0.456
1.345,1,4.567
-0.567,1,2.789
0.876,0,1.234
-1.012,0,0.123
0.345,1,3.678
-0.234,1,2.345
1.012,0,1.678
-0.678,0,0.345
0.543,1,3.789
-1.345,0,0.456
0.789,1,4.678
-0.876,1,2.678
1.234,0,1.234
-0.123,0,0.567
0.987,1,3.456
-0.456,1,2.789
1.345,0,1.678
-0.678,0,0.234
0.234,1,3.567
-1.123,0,0.456
0.876,1,4.567
-0.345,1,2.678
1.012,0,1.234
-0.234,1,2.345
0.654,0,0.789
-1.012,0,0.123
0.678,1,3.456
-0.789,0,0.234
1.456,1,4.678
-0.567,1,2.789
0.543,0,1.678
-1.234,0,0.567
0.987,1,3.789
-0.456,1,2.345
1.123,0,1.456
-0.345,1,2.678
0.876,0,0.789
-1.123,0,0.234
0.234,1,3.567
-0.789,0,0.456
1.345,1,4.567
-0.567,1,2.789
0.876,0,1.234
-1.012,0,0.123
0.345,1,3.678
-0.234,1,2.345
1.012,0,1.678
-0.678,0,0.345
0.543,1,3.789
-1.345,0,0.456
0.789,1,4.678
-0.876,1,2.678
1.234,0,1.234
-0.123,0,0.567
0.987,1,3.456
-0.456,1,2.789
1.345,0,1.678
-0.678,0,0.234
0.234,1,3.567
-1.123,0,0.456
0.876,1,4.567
-0.345,1,2.678
1.012,0,1.234
-0.234,1,2.345
0.654,0,0.789
-1.012,0,0.123
0.678,1,3.456
-0.789,0,0.234
1.456,1,4.678
-0.567,1,2.789
0.543,0,1.678
-1.234,0,0.567
0.987,1,3.789
-0.456,1,2.345
1.123,0,1.456
-0.345,1,2.678
0.876,0,0.789
-1.123,0,0.234
0.234,1,3.567
-0.789,0,0.456
1.345,1,4.567
-0.567,1,2.789
0.876,0,1.234
-1.012,0,0.123
0.345,1,3.678
-0.234,1,2.345
1.012,0,1.678
-0.678,0,0.345
0.543,1,3.789
-1.345,0,0.456
0.789,1,4.678
-0.876,1,2.678
1.234,0,1.234
-0.123,0,0.567
0.987,1,3.456
-0.456,1,2.789
1.345,0,1.678
-0.678,0,0.234
0.234,1,3.567
-1.123,0,0.456
0.876,1,4.567
-0.345,1,2.678
1.012,0,1.234
-0.234,1,2.345
0.654,0,0.789
-1.012,0,0.123
0.678,1,3.456
-0.789,0,0.234
1.456,1,4.678
-0.567,1,2.789
0.543,0,1.678
-1.234,0,0.567
0.987,1,3.789
-0.456,1,2.345
1.123,0,1.456
-0.345,1,2.678
0.876,0,0.789
-1.123,0,0.234
0.234,1,3.567
-0.789,0,0.456
1.345,1,4.567
-0.567,1,2.789
0.876,0,1.234
-1.012,0,0.123
0.345,1,3.678
-0.234,1,2.345
1.012,0,1.678
-0.678,0,0.345
0.543,1,3.789
-1.345,0,0.456
0.789,1,4.678
-0.876,1,2.678
1.234,0,1.234
-0.123,0,0.567
0.987,1,3.456
-0.456,1,2.789
1.345,0,1.678
-0.678,0,0.234
0.234,1,3.567
-1.123,0,0.456
0.876,1,4.567
-0.345,1,2.678
1.012,0,1.234
-0.234,1,2.345
0.654,0,0.789
-1.012,0,0.123
0.678,1,3.456
-0.789,0,0.234
1.456,1,4.678
-0.567,1,2.789
-1.204,1,8.652
0.456,1,10.321
0.789,0,5.432
-0.345,1,9.876
1.234,0,6.543
-1.123,1,7.89
0.567,0,4.321
-0.678,1,8.234
1.456,0,5.678
-0.234,1,9.012
0.89,1,11.345
-1.345,0,4.567
0.123,1,10.456
-0.456,0,5.678
1.345,1,12.789
-0.789,1,8.901
0.678,0,5.432
-1.456,1,7.123
0.234,1,10.678
1.012,0,6.789
-0.567,1,9.234
0.345,0,4.89
1.123,1,11.012
-0.89,1,8.456
0.456,0,5.678
-1.012,1,7.89
0.789,1,10.123
-0.678,0,4.321
1.234,1,12.456
-0.234,1,9.012
0.89,0,5.678
-1.345,1,8.901
0.123,1,10.456
-0.456,0,5.678
1.345,1,11.789
-0.789,1,7.234
0.678,0,4.89
-1.456,1,9.012
0.234,1,10.678
1.012,0,6.543
-0.567,1,8.234
0.345,0,5.678
1.123,1,11.012
-0.89,1,9.456
0.456,0,4.321
-1.012,1,7.89
0.789,1,10.123
-0.678,0,5.678
1.234,1,12.456
-0.234,1,8.901
0.89,0,5.678
-1.345,1,9.012
0.123,1,10.456
-0.456,0,4.89
1.345,1,11.789
-0.789,1,7.234
0.678,0,5.678
-1.456,1,8.234
0.234,1,10.678
1.012,0,6.543
-0.567,1,9.012
0.345,0,4.321
1.123,1,11.012
-0.89,1,8.901
0.456,0,5.678
-1.012,1,7.89
0.789,1,10.123
-0.678,0,5.678
1.234,1,12.456
-0.234,1,9.012
0.89,0,4.89
-1.345,1,8.901
0.123,1,10.456
-0.456,0,5.678
1.345,1,11.789
-0.789,1,7.234
0.678,0,5.678
-1.456,1,9.012
0.234,1,10.678
1.012,0,6.543
-0.567,1,8.234
0.345,0,4.321
1.123,1,11.012
-0.89,1,9.456
0.456,0,5.678
-1.012,1,7.89
0.789,1,10.123
-0.678,0,5.678
1.234,1,12.456
-0.234,1,8.901
0.89,0,5.678
-1.345,1,9.012
0.123,1,10.456
-0.456,0,4.89
1.345,1,11.789
-0.789,1,7.234
0.678,0,5.678
-1.456,1,8.234
0.234,1,10.678
1.012,0,6.543
-0.567,1,9.012
0.345,0,4.321
1.123,1,11.012
-0.89,1,8.901
0.456,0,5.678
-1.012,1,7.89
0.789,1,10.123
-0.678,0,5.678
1.234,1,12.456
-0.234,1,9.012
0.89,0,4.89
-1.345,1,8.901
0.123,1,10.456
-0.456,0,5.678
1.345,1,11.789
-0.789,1,7.234
0.678,0,5.678
-1.456,1,9.012
0.234,1,10.678
1.012,0,6.543
-0.567,1,8.234
0.345,0,4.321
1.123,1,11.012
-0.89,1,9.456
0.456,0,5.678
-1.012,1,7.89
0.789,1,10.123
-0.678,0,5.678
1.234,1,12.456
-0.234,1,8.901
0.89,0,5.678
-1.345,1,9.012
0.123,1,10.456
-0.456,0,4.89
1.345,1,11.789
-0.789,1,7.234
0.678,0,5.678
-1.456,1,8.234
0.234,1,10.678
1.012,0,6.543
-0.567,1,9.012
0.345,0,4.321
1.123,1,11.012
-0.89,1,8.901
0.456,0,5.678
-1.012,1,7.89
0.789,1,10.123
-0.678,0,5.678
1.234,1,12.456
-0.234,1,9.012
0.89,0,4.89
-1.345,1,8.901
0.123,1,10.456
-0.456,0,5.678
1.345,1,11.789
-0.789,1,7.234
0.678,0,5.678
-1.456,1,9.012
0.234,1,10.678
1.012,0,6.543
-0.567,1,8.234
0.345,0,4.321
1.123,1,11.012
-0.89,1,9.456
0.456,0,5.678
-1.012,1,7.89
0.789,1,10.123
-0.678,0,5.678
1.234,1,12.456
-0.234,1,8.901
0.89,0,5.678
-1.345,1,9.012
0.123,1,10.456
-0.456,0,4.89
1.345,1,11.789
-0.789,1,7.234
0.678,0,5.678
-1.456,1,8.234
0.234,1,10.678
1.012,0,6.543
-0.567,1,9.012
0.345,0,4.321
1.123,1,11.012
-0.89,1,8.901
0.456,0,5.678
-1.012,1,7.89
0.789,1,10.123
-0.678,0,5.678
1.234,1,12.456
-0.234,1,9.012
0.89,0,4.89
-1.345,1,8.901
0.123,1,10.456
-0.456,0,5.678
1.345,1,11.789
-0.789,1,7.234
0.678,0,5.678
-1.456,1,9.012
0.234,1,10.678
1.012,0,6.543
-0.567,1,8.234
0.345,0,4.321
1.123,1,11.012
-0.89,1,9.456
0.456,0,5.678
-1.012,1,7.89
0.789,1,10.123
-0.678,0,5.678
1.234,1,12.456
-0.234,1,8.901
0.89,0,5.678
-1.345,1,9.012
0.123,1,10.456
-0.456,0,4.89
1.345,1,11.789
-0.789,1,7.234
0.678,0,5.678
-1.456,1,8.234
0.234,1,10.678
1.012,0,6.543
-0.567,1,9.012
0.345,0,4.321
1.123,1,11.012
-0.89,1,8.901
0.456,0,5.678
-1.012,1,7.89
0.789,1,10.123
-0.678,0,5.678
1.234,1,12.456
-0.234,1,9.012
0.89,0,4.89
-1.345,1,8.901
0.123,1,10.456
-0.456,0,5.678
1.345,1,11.789
-0.789,1,7.234
0.678,0,5.678
-1.456,1,9.012
0.234,1,10.678
1.012,0,6.543
-0.567,1,8.234
0.345,0,4.321
1.123,1,11.012
-0.89,1,9.456
0.456,0,5.678
-1.012,1,7.89
0.789,1,10.123
-0.678,0,5.678
1.234,1,12.456
-0.234,1,8.901
0.89,0,5.678
-1.345,1,9.012
0.123,1,10.456
-0.456,0,4.89
1.345,1,11.789
-0.789,1,7.234
0.678,0,5.678
-1.456,1,8.234
0.234,1,10.678
1.012,0,6.543
-0.567,1,9.012
0.345,0,4.321
1.123,1,11.012
-0.89,1,8.901
0.456,0,5.678
-1.012,1,7.89
0.789,1,10.123
-0.678,0,5.678
1.234,1,12.456
-0.234,1,9.012
0.89,0,4.89
-1.345,1,8.901
0.123,1,10.456
-0.456,0,5.678
1.345,1,11.789
-0.789,1,7.234
0.678,0,5.678
-1.456,1,9.012
0.234,1,10.678
1.012,0,6.543
-0.567,1,8.234
0.345,0,4.321
1.123,1,11.012
-0.89,1,9.456
0.456,0,5.678
-1.012,1,7.89
0.789,1,10.123
-0.678,0,5.678
1.234,1,12.456
-0.234,1,8.901
0.89,0,5.678
-1.345,1,9.012
0.123,1,10.456
-0.456,0,4.89
1.345,1,11.789
-0.789,1,7.234
0.678,0,5.678
-1.456,1,8.234
0.234,1,10.678
1.012,0,6.543
-0.123,1,1.456
0.456,0,0.789
-1.234,1,2.345
0.789,1,3.456
1.234,0,1.234
-0.567,1,2.678
0.345,0,0.456
-1.456,1,1.789
0.678,1,3.123
1.123,0,1.567
-0.789,1,2.89
0.234,0,0.345
-0.345,1,2.456
1.456,0,1.89
-1.123,1,1.234
0.567,0,0.678
-0.678,1,2.345
0.123,0,0.456
1.345,1,3.678
-0.456,1,2.789
0.89,0,1.234
-1.345,1,1.678
0.012,0,0.345
-0.234,1,2.456
1.5,0,1.89
-0.89,1,2.678
0.678,1,3.456
-1.5,0,1.234
0.345,0,0.567
-0.123,1,2.345
1.234,1,3.789
-0.567,0,1.456
0.456,1,2.678
-1.234,0,1.89
0.789,1,3.123
1.123,1,3.456
-0.789,0,1.234
0.234,1,2.345
-0.345,0,0.678
1.456,1,3.789
-1.123,1,2.89
0.567,0,1.567
-0.678,1,2.456
0.123,0,0.345
1.345,1,3.678
-0.456,1,2.789
0.89,0,1.234
-1.345,1,1.678
0.012,0,0.456
-0.234,1,2.456
1.5,0,1.89
-0.89,1,2.678
0.678,1,3.456
-1.5,0,1.234
0.345,0,0.567
-0.123,1,2.345
1.234,1,3.789
-0.567,0,1.456
0.456,1,2.678
-1.234,0,1.89
0.789,1,3.123
1.123,1,3.456
-0.789,0,1.234
0.234,1,2.345
-0.345,0,0.678
1.456,1,3.789
-1.123,1,2.89
0.567,0,1.567
-0.678,1,2.456
0.123,0,0.345
1.345,1,3.678
-0.456,1,2.789
0.89,0,1.234
-1.345,1,1.678
0.012,0,0.456
-0.234,1,2.456
1.5,0,1.89
-0.89,1,2.678
0.678,1,3.456
-1.5,0,1.234
0.345,0,0.567
-0.123,1,2.345
1.234,1,3.789
-0.567,0,1.456
0.456,1,2.678
-1.234,0,1.89
0.789,1,3.123
1.123,1,3.456
-0.789,0,1.234
0.234,1,2.345
-0.345,0,0.678
1.456,1,3.789
-1.123,1,2.89
0.567,0,1.567
-0.678,1,2.456
0.123,0,0.345
1.345,1,3.678
-0.456,1,2.789
0.89,0,1.234
-1.345,1,1.678
0.012,0,0.456
-0.234,1,2.456
1.5,0,1.89
-0.89,1,2.678
0.678,1,3.456
-1.5,0,1.234
0.345,0,0.567
-0.123,1,2.345
1.234,1,3.789
-0.567,0,1.456
0.456,1,2.678
-1.234,0,1.89
0.789,1,3.123
1.123,1,3.456
-0.789,0,1.234
0.234,1,2.345
-0.345,0,0.678
1.456,1,3.789
-1.123,1,2.89
0.567,0,1.567
-0.678,1,2.456
0.123,0,0.345
1.345,1,3.678
-0.456,1,2.789
0.89,0,1.234
-1.345,1,1.678
0.012,0,0.456
-0.234,1,2.456
1.5,0,1.89
-0.89,1,2.678
0.678,1,3.456
-1.5,0,1.234
0.345,0,0.567
-0.123,1,2.345
1.234,1,3.789
-0.567,0,1.456
0.456,1,2.678
-1.234,0,1.89
0.789,1,3.123
1.123,1,3.456
-0.789,0,1.234
0.234,1,2.345
-0.345,0,0.678
1.456,1,3.789
-1.123,1,2.89
0.567,0,1.567
-0.678,1,2.456
0.123,0,0.345
1.345,1,3.678
-0.456,1,2.789
0.89,0,1.234
-1.345,1,1.678
0.012,0,0.456
-0.234,1,2.456
1.5,0,1.89
-0.89,1,2.678
0.678,1,3.456
-1.5,0,1.234
0.345,0,0.567
-0.123,1,2.345
1.234,1,3.789
-0.567,0,1.456
0.456,1,2.678
-1.234,0,1.89
0.789,1,3.123
1.123,1,3.456
-0.789,0,1.234
0.234,1,2.345
-0.345,0,0.678
1.456,1,3.789
-1.123,1,2.89
0.567,0,1.567
-0.678,1,2.456
0.123,0,0.345
1.345,1,3.678
-0.456,1,2.789
0.89,0,1.234
-1.345,1,1.678
0.012,0,0.456
-0.234,1,2.456
1.5,0,1.89
-0.89,1,2.678
0.678,1,3.456
-1.5,0,1.234
0.345,0,0.567
-0.123,1,2.345
1.234,1,3.789
-0.567,0,1.456
0.456,1,2.678
-1.234,0,1.89
0.789,1,3.123
1.123,1,3.456
-0.789,0,1.234
0.234,1,2.345
-0.345,0,0.678
1.456,1,3.789
-1.123,1,2.89
0.567,0,1.567
-0.678,1,2.456
0.123,0,0.345
1.345,1,3.678
-0.456,1,2.789
0.89,0,1.234
-1.345,1,1.678
0.012,0,0.456
-0.234,1,2.456
1.5,0,1.89
-0.89,1,2.678
0.678,1,3.456
-1.5,0,1.234
0.345,0,0.567
-0.123,1,2.345
1.234,1,3.789
-0.567,0,1.456
0.456,1,2.678
-1.234,0,1.89
0.789,1,3.123
1.123,1,3.456
-0.789,0,1.234
0.234,1,2.345
-0.345,0,0.678
1.456,1,3.789
-1.123,1,2.89
0.567,0,1.567
-0.678,1,2.456
0.123,0,0.345
1.345,1,3.678
-0.456,1,2.789
0.89,0,1.234
-1.345,1,1.678
0.012,0,0.456
-0.234,1,2.456
1.5,0,1.89
-0.89,1,2.678
0.678,1,3.456
-1.5,0,1.234
0.345,0,0.567
-0.123,1,2.345
1.234,1,3.789
-0.567,0,1.456
0.456,1,2.678
-1.234,0,1.89
0.789,1,3.123
1.123,1,3.456
-0.789,0,1.234
0.234,1,2.345
-0.345,0,0.678
1.456,1,3.789
-1.123,1,2.89
0.567,0,1.567
-0.678,1,2.456
0.123,0,0.345
1.345,1,3.678
-0.456,1,2.789
0.89,0,1.234
-1.345,1,1.678
0.012,0,0.456
-0.234,1,2.456
1.5,0,1.89
-0.89,1,2.678
0.678,1,3.456
-1.5,0,1.234
0.345,0,0.567
-0.123,1,2.345
1.234,1,3.789
-0.567,0,1.456
0.456,1,2.678
-1.234,0,1.89
0.789,1,3.123
1.123,1,3.456
-0.789,0,1.234
0.234,1,2.345
-0.345,0,0.678
1.456,1,3.789
-1.123,1,2.89
0.567,0,1.567
-0.678,1,2.456
0.123,0,0.345
1.345,1,3.678
-0.456,1,2.789
0.89,0,1.234
-1.345,1,1.678
0.012,0,0.456
-0.234,1,2.456
1.5,0,1.89
-0.89,1,2.678
0.678,1,3.456
-1.5,0,1.234
0.345,0,0.567
-0.123,1,2.345
1.234,1,3.789
-0.567,0,1.456
0.456,1,2.678
-1.234,0,1.89
0.789,1,3.123
1.123,1,3.456
-0.789,0,1.234
0.234,1,2.345
-0.345,0,0.678
1.456,1,3.789
-1.234,1,6.872
0.456,0,3.214
0.789,1,9.456
-0.345,0,2.678
1.234,1,10.345
-1.123,0,4.567
0.678,1,8.901
-0.567,0,3.456
1.456,1,11.234
-0.789,0,2.345
0.234,1,7.678
-1.456,0,5.678
0.123,1,6.789
-0.234,0,3.123
1.345,1,10.456
-0.678,0,4.789
0.567,1,8.123
-1.345,0,2.456
1.123,1,9.678
-0.456,0,3.789
0.89,1,8.456
-1.012,0,4.123
0.345,1,7.89
-0.89,0,2.678
1.012,1,10.678
-0.123,0,3.456
0.678,1,9.012
-1.234,0,5.123
0.456,1,8.789
-0.567,0,2.345
1.234,1,11.012
-0.789,0,4.678
0.789,1,9.345
-1.456,0,3.789
0.123,1,7.567
-0.234,0,2.456
1.345,1,10.234
-0.678,0,4.123
0.567,1,8.678
-1.345,0,3.012
1.012,1,9.89
-0.456,0,2.789
0.89,1,7.345
-1.012,0,5.678
0.345,1,8.901
-0.89,0,3.456
1.123,1,10.456
-0.123,0,4.789
0.678,1,9.012
-1.234,0,2.678
0.456,1,7.89
-0.567,0,3.123
1.234,1,11.345
-0.789,0,4.567
0.789,1,8.234
-1.456,0,2.345
0.123,1,6.789
-0.234,0,3.456
1.345,1,10.678
-0.678,0,4.89
0.567,1,8.456
-1.345,0,2.678
1.012,1,9.123
-0.456,0,3.789
0.89,1,7.678
-1.012,0,5.234
0.345,1,8.901
-0.89,0,2.456
1.123,1,10.456
-0.123,0,4.123
0.678,1,9.345
-1.234,0,3.678
0.456,1,7.89
-0.567,0,2.345
1.234,1,11.012
-0.789,0,4.678
0.789,1,8.234
-1.456,0,2.789
0.123,1,6.901
-0.234,0,3.456
1.345,1,10.678
-0.678,0,4.123
0.567,1,8.678
-1.345,0,2.456
1.012,1,9.89
-0.456,0,3.789
0.89,1,7.345
-1.012,0,5.678
0.345,1,8.901
-0.89,0,2.678
1.123,1,10.456
-0.123,0,4.789
0.678,1,9.012
-1.234,0,3.456
0.456,1,7.89
-0.567,0,2.345
1.234,1,11.345
-0.789,0,4.567
0.789,1,8.234
-1.456,0,2.345
0.123,1,6.789
-0.234,0,3.456
1.345,1,10.678
-0.678,0,4.89
0.567,1,8.456
-1.345,0,2.678
1.012,1,9.123
-0.456,0,3.789
0.89,1,7.678
-1.012,0,5.234
0.345,1,8.901
-0.89,0,2.456
1.123,1,10.456
-0.123,0,4.123
0.678,1,9.345
-1.234,0,3.678
0.456,1,7.89
-0.567,0,2.345
1.234,1,11.012
-0.789,0,4.678
0.789,1,8.234
-1.456,0,2.789
0.123,1,6.901
-0.234,0,3.456
1.345,1,10.678
-0.678,0,4.123
0.567,1,8.678
-1.345,0,2.456
1.012,1,9.89
-0.456,0,3.789
0.89,1,7.345
-1.012,0,5.678
0.345,1,8.901
-0.89,0,2.678
1.123,1,10.456
-0.123,0,4.789
0.678,1,9.012
-1.234,0,3.456
0.456,1,7.89
-0.567,0,2.345
1.234,1,11.345
-0.789,0,4.567
0.789,1,8.234
-1.456,0,2.345
0.123,1,6.789
-0.234,0,3.456
1.345,1,10.678
-0.678,0,4.89
0.567,1,8.456
-1.345,0,2.678
1.012,1,9.123
-0.456,0,3.789
0.89,1,7.678
-1.012,0,5.234
0.345,1,8.901
-0.89,0,2.456
1.123,1,10.456
-0.123,0,4.123
0.678,1,9.345
-1.234,0,3.678
0.456,1,7.89
-0.567,0,2.345
1.234,1,11.012
-0.789,0,4.678
0.789,1,8.234
-1.456,0,2.789
0.123,1,6.901
-0.234,0,3.456
1.345,1,10.678
-0.678,0,4.123
0.567,1,8.678
-1.345,0,2.456
1.012,1,9.89
-0.456,0,3.789
0.89,1,7.345
-1.012,0,5.678
0.345,1,8.901
-0.89,0,2.678
1.123,1,10.456
-0.123,0,4.789
0.678,1,9.012
-1.234,0,3.456
0.456,1,7.89
-0.567,0,2.345
1.234,1,11.345
-0.789,0,4.567
0.789,1,8.234
-1.456,0,2.345
0.123,1,6.789
-0.234,0,3.456
1.345,1,10.678
-0.678,0,4.89
0.567,1,8.456
-1.345,0,2.678
1.012,1,9.123
-0.456,0,3.789
0.89,1,7.678
-1.012,0,5.234
0.345,1,8.901
-0.89,0,2.456
1.123,1,10.456
-0.123,0,4.123
0.678,1,9.345
-1.234,0,3.678
0.456,1,7.89
-0.567,0,2.345
1.234,1,11.012
-0.789,0,4.678
0.789,1,8.234
-1.456,0,2.789
0.123,1,6.901
-0.234,0,3.456
1.345,1,10.678
-0.678,0,4.123
0.567,1,8.678
-1.345,0,2.456
1.012,1,9.89
-0.456,0,3.789
0.89,1,7.345
-1.012,0,5.678
0.345,1,8.901
-0.89,0,2.678
1.123,1,10.456
-0.123,0,4.789
0.678,1,9.012
-1.234,0,3.456
0.456,1,7.89
-0.567,0,2.345
1.234,1,11.345
-0.789,0,4.567
0.789,1,8.234
-1.456,0,2.345
0.123,1,6.789
-0.234,0,3.456
1.345,1,10.678
-0.678,0,4.89
0.567,1,8.456
-1.345,0,2.678
1.012,1,9.123
-0.456,0,3.789
0.89,1,7.678
-1.012,0,5.234
0.345,1,8.901
-0.89,0,2.456
1.123,1,10.456
-0.123,0,4.123
0.678,1,9.345
-1.234,0,3.678
0.456,1,7.89
-0.567,0,2.345
1.234,1,11.012
-0.789,0,4.678
0.789,1,8.234
-1.456,0,2.789
0.123,1,6.901
-0.234,0,3.456
1.345,1,10.678
-0.678,0,4.123
0.567,1,8.678
-1.345,0,2.456
1.012,1,9.89
-0.456,0,3.789
0.89,1,7.345
-1.012,0,5.678
0.345,1,8.901
-0.89,0,2.678
1.123,1,10.456
-0.123,0,4.789
0.678,1,9.012
-1.234,0,3.456
0.456,1,7.89
-0.567,0,2.345
1.234,1,11.345
-0.789,0,4.567
0.789,1,8.234
-1.456,0,2.345
0.123,1,6.789
-0.234,0,3.456
1.345,1,10.678
-0.678,0,4.89
0.567,1,8.456
-1.345,0,2.678
1.012,1,9.123
-0.456,0,3.789
0.89,1,7.678
-1.012,0,5.234
0.345,1,8.901
-0.89,0,2.456
1.123,1,10.456
-0.123,0,4.123
0.678,1,9.345
-1.234,0,3.678
0.456,1,7.89
-0.567,0,2.345
1.234,1,11.012
-0.789,0,4.678
0.789,1,8.234
-1.456,0,2.789
0.123,1,6.901
-0.234,0,3.456
-0.123,1,3.456
0.456,0,2.789
-1.234,1,4.567
0.789,1,5.678
1.234,0,3.456
-0.567,1,4.89
0.345,0,2.345
1.123,1,6.789
-0.789,0,3.123
0.234,1,5.456
-1.456,0,2.678
0.678,1,5.89
1.345,0,3.567
-0.345,1,4.123
0.567,0,2.89
1.456,1,6.123
-0.678,0,3.456
0.123,1,5.678
-1.123,1,4.89
0.89,0,2.456
-0.234,1,5.123
1.5,0,3.789
-0.89,1,4.567
0.456,0,2.678
1.234,1,6.89
-0.456,0,3.123
0.678,1,5.456
-1.345,1,4.789
0.345,0,2.123
1.123,1,6.567
-0.567,0,3.89
0.789,1,5.678
-1.234,0,2.456
0.234,1,4.123
1.345,0,3.567
-0.678,1,5.89
0.123,0,2.789
-1.456,1,4.678
0.89,0,3.456
-0.234,1,5.123
1.5,1,6.789
-0.89,0,2.345
0.456,1,4.567
1.234,0,3.678
-0.567,1,5.89
0.678,0,2.789
-1.345,1,4.123
0.345,0,3.456
1.123,1,6.89
-0.678,0,2.456
0.789,1,5.678
-1.234,1,4.89
0.234,0,3.123
1.345,1,6.567
-0.89,0,2.678
0.456,1,5.123
1.234,0,3.789
-0.456,1,4.567
0.678,0,2.345
-1.5,1,5.89
0.123,0,3.456
-0.234,1,4.678
1.5,0,2.789
-0.89,1,5.123
0.456,0,3.567
1.234,1,6.89
-0.567,0,2.456
0.678,1,5.678
-1.345,1,4.89
0.345,0,3.123
1.123,1,6.567
-0.678,0,2.678
0.789,1,5.89
-1.234,1,4.123
0.234,0,3.456
1.345,1,6.789
-0.89,0,2.345
0.456,1,4.567
1.234,0,3.678
-0.567,1,5.89
0.678,0,2.789
-1.5,1,4.678
0.123,0,3.456
-0.234,1,5.123
1.5,0,2.678
-0.89,1,5.678
0.456,0,3.789
1.234,1,6.89
-0.567,0,2.456
0.678,1,5.89
-1.345,1,4.123
0.345,0,3.567
1.123,1,6.567
-0.678,0,2.678
0.789,1,5.89
-1.234,1,4.89
0.234,0,3.123
1.345,1,6.789
-0.89,0,2.345
0.456,1,4.567
1.234,0,3.678
-0.567,1,5.89
0.678,0,2.789
-1.5,1,4.678
0.123,0,3.456
-0.234,1,5.123
1.5,0,2.678
-0.89,1,5.678
0.456,0,3.789
1.234,1,6.89
-0.567,0,2.456
0.678,1,5.89
-1.345,1,4.123
0.345,0,3.567
1.123,1,6.567
-0.678,0,2.678
0.789,1,5.89
-1.234,1,4.89
0.234,0,3.123
1.345,1,6.789
-0.89,0,2.345
0.456,1,4.567
1.234,0,3.678
-0.567,1,5.89
0.678,0,2.789
-1.5,1,4.678
0.123,0,3.456
-0.234,1,5.123
1.5,0,2.678
-0.89,1,5.678
0.456,0,3.789
1.234,1,6.89
-0.567,0,2.456
0.678,1,5.89
-1.345,1,4.123
0.345,0,3.567
1.123,1,6.567
-0.678,0,2.678
0.789,1,5.89
-1.234,1,4.89
0.234,0,3.123
1.345,1,6.789
-0.89,0,2.345
0.456,1,4.567
1.234,0,3.678
-0.567,1,5.89
0.678,0,2.789
-1.5,1,4.678
0.123,0,3.456
-0.234,1,5.123
1.5,0,2.678
-0.89,1,5.678
0.456,0,3.789
1.234,1,6.89
-0.567,0,2.456
0.678,1,5.89
-1.345,1,4.123
0.345,0,3.567
1.123,1,6.567
-0.678,0,2.678
0.789,1,5.89
-1.234,1,4.89
0.234,0,3.123
1.345,1,6.789
-0.89,0,2.345
0.456,1,4.567
1.234,0,3.678
-0.567,1,5.89
0.678,0,2.789
-1.5,1,4.678
0.123,0,3.456
-0.234,1,5.123
1.5,0,2.678
-0.89,1,5.678
0.456,0,3.789
1.234,1,6.89
-0.567,0,2.456
0.678,1,5.89
-1.345,1,4.123
0.345,0,3.567
1.123,1,6.567
-0.678,0,2.678
0.789,1,5.89
-1.234,1,4.89
0.234,0,3.123
1.345,1,6.789
-0.89,0,2.345
0.456,1,4.567
1.234,0,3.678
-0.567,1,5.89
0.678,0,2.789
-1.5,1,4.678
0.123,0,3.456
-0.234,1,5.123
1.5,0,2.678
-0.89,1,5.678
0.456,0,3.789
1.234,1,6.89
-0.567,0,2.456
0.678,1,5.89
-1.345,1,4.123
0.345,0,3.567
1.123,1,6.567
-0.678,0,2.678
0.789,1,5.89
-1.234,1,4.89
0.234,0,3.123
1.345,1,6.789
-0.89,0,2.345
0.456,1,4.567
1.234,0,3.678
-0.567,1,5.89
0.678,0,2.789
-1.5,1,4.678
0.123,0,3.456
-0.234,1,5.123
1.5,0,2.678
-0.89,1,5.678
0.456,0,3.789
1.234,1,6.89
-0.567,0,2.456
0.678,1,5.89
-1.345,1,4.123
0.345,0,3.567
1.123,1,6.567
-0.678,0,2.678
0.789,1,5.89
-1.234,1,4.89
0.234,0,3.123
1.345,1,6.789
-0.89,0,2.345
0.456,1,4.567
1.234,0,3.678
-0.567,1,5.89
0.678,0,2.789
-1.5,1,4.678
0.123,0,3.456
-0.234,1,5.123
1.5,0,2.678
-0.89,1,5.678
0.456,0,3.789
1.234,1,6.89
-0.567,0,2.456
0.678,1,5.89
-1.345,1,4.123
0.345,0,3.567
1.123,1,6.567
-0.678,0,2.678
0.789,1,5.89
-1.234,1,4.89
0.234,0,3.123
1.345,1,6.789
-0.89,0,2.345
0.456,1,4.567
1.234,0,3.678
-0.567,1,5.89
0.678,0,2.789
-1.5,1,4.678
0.123,0,3.456
-0.234,1,5.123
1.5,0,2.678
-0.89,1,5.678
0.456,0,3.789
1.234,1,6.89
-0.567,0,2.456
0.678,1,5.89
-1.345,1,4.123
0.345,0,3.567
1.123,1,6.567
-0.678,0,2.678
0.789,1,5.89
-1.234,1,4.89
0.234,0,3.123
1.345,1,6.789
-0.89,0,2.345
0.456,1,4.567
1.234,0,3.678
-0.567,1,5.89
0.678,0,2.789
-1.5,1,4.678
0.123,0,3.456
-0.234,1,5.123
1.5,0,2.678
-0.89,1,5.678
0.456,0,3.789
1.234,1,6.89
-0.567,0,2.456
0.678,1,5.89
-1.345,1,4.123
0.345,0,3.567
1.123,1,6.567
-0.678,0,2.678
0.789,1,5.89
-1.234,1,4.89
0.234,0,3.123
1.345,1,6.789
-0.89,0,2.345
0.456,1,4.567
1.234,0,3.678
-0.567,1,5.89
-0.123,1,3.456
0.456,0,2.789
-1.234,1,4.567
0.789,0,2.345
1.234,1,5.678
-0.567,0,2.456
0.345,1,4.123
-1.456,0,1.789
0.678,1,4.89
-0.789,0,2.012
1.123,1,5.345
-0.345,0,2.678
0.234,1,3.89
-1.345,0,1.234
0.567,1,4.567
-0.678,0,2.345
1.456,1,5.89
-0.234,0,2.123
0.123,1,3.456
-1.123,0,1.678
0.89,1,4.234
-0.89,0,2.456
1.345,1,5.678
-0.456,0,2.789
0.456,1,4.123
-1.5,0,1.89
0.678,1,4.567
-0.123,0,2.345
1.234,1,5.89
-0.789,0,2.012
0.345,1,3.678
-1.234,0,1.456
0.789,1,4.89
-0.567,0,2.678
1.456,1,5.345
-0.345,0,2.123
0.234,1,3.89
-1.345,0,1.789
0.567,1,4.567
-0.678,0,2.456
1.123,1,5.678
-0.89,0,2.345
0.89,1,4.234
-1.456,0,1.234
0.123,1,3.456
-0.234,0,2.678
1.345,1,5.89
-0.456,0,2.789
0.678,1,4.123
-1.5,0,1.89
0.456,1,3.678
-0.567,0,2.012
1.234,1,5.345
-0.789,0,2.456
0.89,1,4.89
-1.123,0,1.678
0.345,1,3.89
-0.678,0,2.345
1.456,1,5.678
-0.234,0,2.123
0.789,1,4.567
-1.345,0,1.789
0.567,1,4.123
-0.89,0,2.678
1.123,1,5.89
-0.456,0,2.789
0.678,1,4.234
-1.5,0,1.89
0.234,1,3.456
-0.345,0,2.012
1.234,1,5.345
-0.789,0,2.456
0.89,1,4.89
-1.123,0,1.678
0.456,1,3.678
-0.678,0,2.345
1.456,1,5.678
-0.234,0,2.123
0.567,1,4.567
-1.345,0,1.789
0.89,1,4.123
-0.456,0,2.678
1.123,1,5.89
-0.789,0,2.789
0.678,1,4.234
-1.5,0,1.89
0.345,1,3.456
-0.567,0,2.012
1.234,1,5.345
-0.89,0,2.456
0.456,1,4.89
-1.123,0,1.678
0.789,1,3.678
-0.678,0,2.345
1.456,1,5.678
-0.234,0,2.123
0.89,1,4.567
-1.345,0,1.789
0.567,1,4.123
-0.456,0,2.678
1.123,1,5.89
-0.789,0,2.789
0.678,1,4.234
-1.5,0,1.89
0.345,1,3.456
-0.567,0,2.012
1.234,1,5.345
-0.89,0,2.456
0.456,1,4.89
-1.123,0,1.678
0.789,1,3.678
-0.678,0,2.345
1.456,1,5.678
-0.234,0,2.123
0.89,1,4.567
-1.345,0,1.789
0.567,1,4.123
-0.456,0,2.678
1.123,1,5.89
-0.789,0,2.789
0.678,1,4.234
-1.5,0,1.89
0.345,1,3.456
-0.567,0,2.012
1.234,1,5.345
-0.89,0,2.456
0.456,1,4.89
-1.123,0,1.678
0.789,1,3.678
-0.678,0,2.345
1.456,1,5.678
-0.234,0,2.123
0.89,1,4.567
-1.345,0,1.789
0.567,1,4.123
-0.456,0,2.678
1.123,1,5.89
-0.789,0,2.789
0.678,1,4.234
-1.5,0,1.89
0.345,1,3.456
-0.567,0,2.012
1.234,1,5.345
-0.89,0,2.456
0.456,1,4.89
-1.123,0,1.678
0.789,1,3.678
-0.678,0,2.345
1.456,1,5.678
-0.234,0,2.123
0.89,1,4.567
-1.345,0,1.789
0.567,1,4.123
-0.456,0,2.678
1.123,1,5.89
-0.789,0,2.789
0.678,1,4.234
-1.5,0,1.89
0.345,1,3.456
-0.567,0,2.012
1.234,1,5.345
-0.89,0,2.456
0.456,1,4.89
-1.123,0,1.678
0.789,1,3.678
-0.678,0,2.345
1.456,1,5.678
-0.234,0,2.123
0.89,1,4.567
-1.345,0,1.789
0.567,1,4.123
-0.456,0,2.678
1.123,1,5.89
-0.789,0,2.789
0.678,1,4.234
-1.5,0,1.89
0.345,1,3.456
-0.567,0,2.012
1.234,1,5.345
-0.89,0,2.456
0.456,1,4.89
-1.123,0,1.678
0.789,1,3.678
-0.678,0,2.345
1.456,1,5.678
-0.234,0,2.123
0.89,1,4.567
-1.345,0,1.789
0.567,1,4.123
-0.456,0,2.678
1.123,1,5.89
-0.789,0,2.789
0.678,1,4.234
-1.5,0,1.89
0.345,1,3.456
-0.567,0,2.012
1.234,1,5.345
-0.89,0,2.456
0.456,1,4.89
-1.123,0,1.678
0.789,1,3.678
-0.678,0,2.345
1.456,1,5.678
-0.234,0,2.123
0.89,1,4.567
-1.345,0,1.789
0.567,1,4.123
-0.456,0,2.678
1.123,1,5.89
-0.789,0,2.789
0.678,1,4.234
-1.5,0,1.89
0.345,1,3.456
-0.567,0,2.012
1.234,1,5.345
-0.89,0,2.456
0.456,1,4.89
-1.123,0,1.678
0.789,1,3.678
-0.678,0,2.345
1.456,1,5.678
-0.234,0,2.123
0.89,1,4.567
-1.345,0,1.789
0.567,1,4.123
-0.456,0,2.678
1.123,1,5.89
-0.789,0,2.789
0.678,1,4.234
-1.5,0,1.89
0.345,1,3.456
-0.567,0,2.012
1.234,1,5.345
-0.89,0,2.456
0.456,1,4.89
-1.123,0,1.678
0.789,1,3.678
-0.678,0,2.345
1.456,1,5.678
-0.234,0,2.123
0.89,1,4.567
-1.345,0,1.789
0.567,1,4.123
-0.456,0,2.678
1.123,1,5.89
-0.789,0,2.789
0.678,1,4.234
-1.5,0,1.89
0.345,1,3.456
-0.567,0,2.012
1.234,1,5.345
-0.89,0,2.456
0.456,1,4.89
-1.123,0,1.678
0.789,1,3.678
-0.678,0,2.345
1.456,1,5.678
-0.234,0,2.123
0.89,1,4.567
-1.345,0,1.789
0.567,1,4.123
-0.456,0,2.678
1.123,1,5.89
-0.789,0,2.789
0.678,1,4.234
-1.5,0,1.89
0.345,1,3.456
-0.567,0,2.012
1.234,1,5.345
-0.89,0,2.456
0.456,1,4.89
-1.123,0,1.678
0.789,1,3.678
-0.678,0,2.345
1.456,1,5.678
-0.234,0,2.123
0.89,1,4.567
-1.345,0,1.789
0.567,1,4.123
-0.456,0,2.678
1.123,1,5.89
-0.789,0,2.789
0.678,1,4.234
-1.5,0,1.89
0.345,1,3.456
-0.567,0,2.012
1.234,1,5.345
-0.89,0,2.456
0.456,1,4.89
-1.123,0,1.678
0.789,1,3.678
-0.678,0,2.345
1.456,1,5.678
-0.234,0,2.123
0.89,1,4.567
-1.345,0,1.789
0.567,1,4.123
-0.456,0,2.678
1.123,1,5.89
-0.789,0,2.789
-0.123,1,3.456
0.456,0,2.789
-1.234,1,4.567
0.789,1,5.678
-0.567,0,2.345
1.345,1,6.789
-0.789,0,3.456
1.234,1,7.89
0.123,0,2.456
-1.456,1,4.678
0.345,1,5.789
-0.345,0,2.123
1.456,1,6.89
-0.678,0,3.567
0.678,1,5.456
-1.345,0,2.678
0.234,1,4.567
1.5,1,7.123
-0.234,0,3.789
0.567,1,5.678
-1.123,0,2.345
0.89,1,6.789
-0.89,0,3.456
1.123,1,7.89
-0.456,0,2.789
0.012,1,4.567
1.5,1,8.123
-1.5,0,2.456
0.456,1,5.678
-0.123,0,3.789
1.234,1,6.89
-0.789,0,2.345
0.789,1,5.456
-1.234,1,4.678
0.678,0,3.567
1.345,1,7.89
-0.567,0,2.123
0.123,1,5.678
-1.456,1,4.567
0.345,0,2.789
1.456,1,6.89
-0.678,0,3.456
0.678,1,5.789
-1.345,0,2.678
0.234,1,4.567
1.5,1,7.123
-0.234,0,3.789
0.567,1,5.678
-1.123,0,2.345
0.89,1,6.789
-0.89,0,3.456
1.123,1,7.89
-0.456,0,2.789
0.012,1,4.567
1.5,1,8.123
-1.5,0,2.456
0.456,1,5.678
-0.123,0,3.789
1.234,1,6.89
-0.789,0,2.345
0.789,1,5.456
-1.234,1,4.678
0.678,0,3.567
1.345,1,7.89
-0.567,0,2.123
0.123,1,5.678
-1.456,1,4.567
0.345,0,2.789
1.456,1,6.89
-0.678,0,3.456
0.678,1,5.789
-1.345,0,2.678
0.234,1,4.567
1.5,1,7.123
-0.234,0,3.789
0.567,1,5.678
-1.123,0,2.345
0.89,1,6.789
-0.89,0,3.456
1.123,1,7.89
-0.456,0,2.789
0.012,1,4.567
1.5,1,8.123
-1.5,0,2.456
0.456,1,5.678
-0.123,0,3.789
1.234,1,6.89
-0.789,0,2.345
0.789,1,5.456
-1.234,1,4.678
0.678,0,3.567
1.345,1,7.89
-0.567,0,2.123
0.123,1,5.678
-1.456,1,4.567
0.345,0,2.789
1.456,1,6.89
-0.678,0,3.456
0.678,1,5.789
-1.345,0,2.678
0.234,1,4.567
1.5,1,7.123
-0.234,0,3.789
0.567,1,5.678
-1.123,0,2.345
0.89,1,6.789
-0.89,0,3.456
1.123,1,7.89
-0.456,0,2.789
0.012,1,4.567
1.5,1,8.123
-1.5,0,2.456
0.456,1,5.678
-0.123,0,3.789
1.234,1,6.89
-0.789,0,2.345
0.789,1,5.456
-1.234,1,4.678
0.678,0,3.567
1.345,1,7.89
-0.567,0,2.123
0.123,1,5.678
-1.456,1,4.567
0.345,0,2.789
1.456,1,6.89
-0.678,0,3.456
0.678,1,5.789
-1.345,0,2.678
0.234,1,4.567
1.5,1,7.123
-0.234,0,3.789
0.567,1,5.678
-1.123,0,2.345
0.89,1,6.789
-0.89,0,3.456
1.123,1,7.89
-0.456,0,2.789
0.012,1,4.567
1.5,1,8.123
-1.5,0,2.456
0.456,1,5.678
-0.123,0,3.789
1.234,1,6.89
-0.789,0,2.345
0.789,1,5.456
-1.234,1,4.678
0.678,0,3.567
1.345,1,7.89
-0.567,0,2.123
0.123,1,5.678
-1.456,1,4.567
0.345,0,2.789
1.456,1,6.89
-0.678,0,3.456
0.678,1,5.789
-1.345,0,2.678
0.234,1,4.567
1.5,1,7.123
-0.234,0,3.789
0.567,1,5.678
-1.123,0,2.345
0.89,1,6.789
-0.89,0,3.456
1.123,1,7.89
-0.456,0,2.789
0.012,1,4.567
1.5,1,8.123
-1.5,0,2.456
0.456,1,5.678
-0.123,0,3.789
1.234,1,6.89
-0.789,0,2.345
0.789,1,5.456
-1.234,1,4.678
0.678,0,3.567
1.345,1,7.89
-0.567,0,2.123
0.123,1,5.678
-1.456,1,4.567
0.345,0,2.789
1.456,1,6.89
-0.678,0,3.456
0.678,1,5.789
-1.345,0,2.678
0.234,1,4.567
1.5,1,7.123
-0.234,0,3.789
0.567,1,5.678
-1.123,0,2.345
0.89,1,6.789
-0.89,0,3.456
1.123,1,7.89
-0.456,0,2.789
0.012,1,4.567
1.5,1,8.123
-1.5,0,2.456
0.456,1,5.678
-0.123,0,3.789
1.234,1,6.89
-0.789,0,2.345
0.789,1,5.456
-1.234,1,4.678
0.678,0,3.567
1.345,1,7.89
-0.567,0,2.123
0.123,1,5.678
-1.456,1,4.567
0.345,0,2.789
1.456,1,6.89
-0.678,0,3.456
0.678,1,5.789
-1.345,0,2.678
0.234,1,4.567
1.5,1,7.123
-0.234,0,3.789
0.567,1,5.678
-1.123,0,2.345
0.89,1,6.789
-0.89,0,3.456
1.123,1,7.89
-0.456,0,2.789
0.012,1,4.567
1.5,1,8.123
-1.5,0,2.456
0.456,1,5.678
-0.123,0,3.789
1.234,1,6.89
-0.789,0,2.345
0.789,1,5.456
-1.234,1,4.678
0.678,0,3.567
1.345,1,7.89
-0.567,0,2.123
0.123,1,5.678
-1.456,1,4.567
0.345,0,2.789
1.456,1,6.89
-0.678,0,3.456
0.678,1,5.789
-1.345,0,2.678
0.234,1,4.567
1.5,1,7.123
-0.234,0,3.789
0.567,1,5.678
-1.123,0,2.345
0.89,1,6.789
-0.89,0,3.456
1.123,1,7.89
-0.456,0,2.789
0.012,1,4.567
1.5,1,8.123
-1.5,0,2.456
0.456,1,5.678
-0.123,0,3.789
1.234,1,6.89
-0.789,0,2.345
0.789,1,5.456
-1.234,1,4.678
0.678,0,3.567
1.345,1,7.89
-0.567,0,2.123
0.123,1,5.678
-1.456,1,4.567
0.345,0,2.789
1.456,1,6.89
-0.678,0,3.456
0.678,1,5.789
-1.345,0,2.678
0.234,1,4.567
1.5,1,7.123
-0.234,0,3.789
0.567,1,5.678
-1.123,0,2.345
0.89,1,6.789
-0.89,0,3.456
1.123,1,7.89
-0.456,0,2.789
0.012,1,4.567
1.5,1,8.123
-1.5,0,2.456
0.456,1,5.678
-0.123,0,3.789
1.234,1,6.89
-0.789,0,2.345
0.789,1,5.456
-1.234,1,4.678
0.678,0,3.567
1.345,1,7.89
-0.567,0,2.123
0.123,1,5.678
-1.456,1,4.567
0.345,0,2.789
1.456,1,6.89
-0.678,0,3.456
0.678,1,5.789
-1.345,0,2.678
0.234,1,4.567
1.5,1,7.123
-0.234,0,3.789
0.567,1,5.678
-1.234,1,3.456
0.567,0,2.345
1.234,1,5.678
-0.456,0,1.234
0.789,1,4.567
-1.123,0,2.456
0.345,1,3.678
1.456,1,6.789
-0.789,0,1.678
0.123,1,3.456
-1.345,0,2.789
0.678,1,4.123
1.012,1,5.456
-0.234,0,1.89
0.456,1,4.345
-1.5,0,2.678
0.89,1,4.789
1.345,1,6.123
-0.678,0,1.456
0.234,1,3.89
-1.012,0,2.345
0.567,1,4.567
1.5,1,6.89
-0.89,0,1.234
0.345,1,3.456
-1.456,0,2.789
0.789,1,4.123
1.234,1,5.678
-0.567,0,1.89
0.123,1,3.678
-1.234,0,2.456
0.678,1,4.345
1.012,1,5.789
-0.345,0,1.678
0.456,1,3.89
-1.5,0,2.678
0.89,1,4.567
1.345,1,6.123
-0.789,0,1.234
0.234,1,3.456
-1.012,0,2.789
0.567,1,4.123
1.5,1,6.89
-0.89,0,1.456
0.345,1,3.678
-1.234,0,2.345
0.789,1,4.567
1.234,1,5.678
-0.456,0,1.89
0.678,1,3.456
-1.345,0,2.678
0.89,1,4.789
1.012,1,5.456
-0.678,0,1.234
0.123,1,3.89
-1.5,0,2.456
0.456,1,4.345
1.345,1,6.123
-0.89,0,1.678
0.234,1,3.456
-1.012,0,2.789
0.567,1,4.567
1.5,1,6.89
-0.789,0,1.234
0.345,1,3.678
-1.234,0,2.345
0.789,1,4.123
1.234,1,5.678
-0.456,0,1.89
0.678,1,3.456
-1.345,0,2.678
0.89,1,4.789
1.012,1,5.456
-0.678,0,1.234
0.123,1,3.89
-1.5,0,2.456
0.456,1,4.345
1.345,1,6.123
-0.89,0,1.678
0.234,1,3.456
-1.012,0,2.789
0.567,1,4.567
1.5,1,6.89
-0.789,0,1.234
0.345,1,3.678
-1.234,0,2.345
0.789,1,4.123
1.234,1,5.678
-0.456,0,1.89
0.678,1,3.456
-1.345,0,2.678
0.89,1,4.789
1.012,1,5.456
-0.678,0,1.234
0.123,1,3.89
-1.5,0,2.456
0.456,1,4.345
1.345,1,6.123
-0.89,0,1.678
0.234,1,3.456
-1.012,0,2.789
0.567,1,4.567
1.5,1,6.89
-0.789,0,1.234
0.345,1,3.678
-1.234,0,2.345
0.789,1,4.123
1.234,1,5.678
-0.456,0,1.89
0.678,1,3.456
-1.345,0,2.678
0.89,1,4.789
1.012,1,5.456
-0.678,0,1.234
0.123,1,3.89
-1.5,0,2.456
0.456,1,4.345
1.345,1,6.123
-0.89,0,1.678
0.234,1,3.456
-1.012,0,2.789
0.567,1,4.567
1.5,1,6.89
-0.789,0,1.234
0.345,1,3.678
-1.234,0,2.345
0.789,1,4.123
1.234,1,5.678
-0.456,0,1.89
0.678,1,3.456
-1.345,0,2.678
0.89,1,4.789
1.012,1,5.456
-0.678,0,1.234
0.123,1,3.89
-1.5,0,2.456
0.456,1,4.345
1.345,1,6.123
-0.89,0,1.678
0.234,1,3.456
-1.012,0,2.789
0.567,1,4.567
1.5,1,6.89
-0.789,0,1.234
0.345,1,3.678
-1.234,0,2.345
0.789,1,4.123
1.234,1,5.678
-0.456,0,1.89
0.678,1,3.456
-1.345,0,2.678
0.89,1,4.789
1.012,1,5.456
-0.678,0,1.234
0.123,1,3.89
-1.5,0,2.456
0.456,1,4.345
1.345,1,6.123
-0.89,0,1.678
0.234,1,3.456
-1.012,0,2.789
0.567,1,4.567
1.5,1,6.89
-0.789,0,1.234
0.345,1,3.678
-1.234,0,2.345
0.789,1,4.123
1.234,1,5.678
-0.456,0,1.89
0.678,1,3.456
-1.345,0,2.678
0.89,1,4.789
1.012,1,5.456
-0.678,0,1.234
0.123,1,3.89
-1.5,0,2.456
0.456,1,4.345
1.345,1,6.123
-0.89,0,1.678
0.234,1,3.456
-1.012,0,2.789
0.567,1,4.567
1.5,1,6.89
-0.789,0,1.234
0.345,1,3.678
-1.234,0,2.345
0.789,1,4.123
1.234,1,5.678
-0.456,0,1.89
0.678,1,3.456
-1.345,0,2.678
0.89,1,4.789
1.012,1,5.456
-0.678,0,1.234
0.123,1,3.89
-1.5,0,2.456
0.456,1,4.345
1.345,1,6.123
-0.89,0,1.678
0.234,1,3.456
-1.012,0,2.789
0.567,1,4.567
1.5,1,6.89
-0.789,0,1.234
0.345,1,3.678
-1.234,0,2.345
0.789,1,4.123
1.234,1,5.678
-0.456,0,1.89
0.678,1,3.456
-1.345,0,2.678
0.89,1,4.789
1.012,1,5.456
-0.678,0,1.234
0.123,1,3.89
-1.5,0,2.456
0.456,1,4.345
1.345,1,6.123
-0.89,0,1.678
0.234,1,3.456
-1.012,0,2.789
0.567,1,4.567
1.5,1,6.89
-0.789,0,1.234
0.345,1,3.678
-1.234,0,2.345
0.789,1,4.123
1.234,1,5.678
-0.456,0,1.89
0.678,1,3.456
-1.345,0,2.678
0.89,1,4.789
1.012,1,5.456
-0.678,0,1.234
0.123,1,3.89
-1.5,0,2.456
0.456,1,4.345
1.345,1,6.123
-0.89,0,1.678
0.234,1,3.456
-1.012,0,2.789
0.567,1,4.567
1.5,1,6.89
-0.789,0,1.234
0.345,1,3.678
-1.234,0,2.345
0.789,1,4.123
1.234,1,5.678
-0.456,0,1.89
0.678,1,3.456
-1.345,0,2.678
0.89,1,4.789
1.012,1,5.456
-0.678,0,1.234
0.123,1,3.89
-1.5,0,2.456
0.456,1,4.345
1.345,1,6.123
-0.89,0,1.678
0.234,1,3.456
-1.012,0,2.789
0.567,1,4.567
1.5,1,6.89
-0.789,0,1.234
0.345,1,3.678
-1.234,0,2.345
0.789,1,4.123
1.234,1,5.678
-0.456,0,1.89
0.678,1,3.456
-1.345,0,2.678
0.89,1,4.789
1.012,1,5.456
-0.678,0,1.234
0.123,1,3.89
-1.5,0,2.456
0.456,1,4.345
1.345,1,6.123
-0.89,0,1.678
0.234,1,3.456
-1.012,0,2.789
0.567,1,4.567
1.5,1,6.89
-0.789,0,1.234
0.345,1,3.678
-1.234,0,2.345
0.789,1,4.123
1.234,1,5.678
-0.456,0,1.89
0.678,1,3.456
-1.345,0,2.678
0.89,1,4.789
1.012,1,5.456
-0.678,0,1.234
0.123,1,3.89
-1.5,0,2.456
0.456,1,4.345
1.345,1,6.123
-0.89,0,1.678
0.234,1,3.456
-1.234,1,12.456
0.456,0,5.678
1.234,1,18.901
-0.789,0,3.456
0.123,1,14.567
-1.456,0,2.345
0.789,1,16.789
-0.345,0,4.567
1.123,1,19.234
-0.567,0,3.678
0.345,1,15.678
-1.123,0,2.456
1.456,1,20.123
-0.234,0,4.678
0.678,1,17.89
-1.5,0,1.234
0.234,1,13.456
-0.456,0,3.789
1.345,1,18.234
-0.678,0,2.567
0.567,1,16.456
-1.345,0,2.678
1.5,1,21.345
-0.123,0,4.789
0.789,1,17.567
-1.012,0,2.345
0.456,1,15.678
-0.789,0,3.456
1.234,1,19.012
-0.567,0,3.678
0.345,1,14.789
-1.456,0,2.456
0.678,1,16.89
-0.234,0,4.678
1.345,1,18.456
-0.678,0,2.567
0.123,1,13.789
-1.234,0,1.678
0.789,1,17.234
-0.456,0,3.89
1.5,1,20.567
-0.345,0,4.123
0.567,1,15.89
-1.5,0,1.456
0.234,1,14.567
-0.123,0,3.456
1.234,1,19.89
-0.789,0,2.678
0.456,1,16.123
-1.345,0,2.789
0.678,1,17.456
-0.567,0,3.789
1.456,1,20.89
-0.234,0,4.567
0.789,1,18.123
-1.012,0,2.345
0.345,1,15.678
-0.678,0,3.456
1.234,1,19.567
-0.456,0,2.678
0.567,1,16.89
-1.5,0,1.234
0.123,1,13.456
-0.789,0,4.678
1.345,1,18.901
-0.345,0,3.789
0.678,1,17.89
-1.234,0,2.456
0.456,1,15.678
-0.567,0,3.678
1.5,1,21.234
-0.123,0,4.789
0.789,1,16.456
-1.456,0,2.345
0.234,1,14.567
-0.678,0,3.456
1.234,1,19.012
-0.789,0,2.678
0.345,1,15.89
-1.345,0,2.789
0.678,1,17.456
-0.234,0,4.678
1.456,1,20.567
-0.678,0,2.567
0.567,1,16.123
-1.5,0,1.456
0.123,1,13.789
-0.456,0,3.89
1.234,1,19.89
-0.789,0,2.678
0.456,1,16.89
-1.012,0,2.345
0.678,1,17.89
-0.567,0,3.789
1.5,1,21.345
-0.234,0,4.567
0.789,1,18.123
-1.345,0,2.456
0.345,1,15.678
-0.678,0,3.456
1.234,1,19.567
-0.456,0,2.678
0.567,1,16.89
-1.5,0,1.234
0.123,1,13.456
-0.789,0,4.678
1.345,1,18.901
-0.345,0,3.789
0.678,1,17.89
-1.234,0,2.456
0.456,1,15.678
-0.567,0,3.678
1.5,1,21.234
-0.123,0,4.789
0.789,1,16.456
-1.456,0,2.345
0.234,1,14.567
-0.678,0,3.456
1.234,1,19.012
-0.789,0,2.678
0.345,1,15.89
-1.345,0,2.789
0.678,1,17.456
-0.234,0,4.678
1.456,1,20.567
-0.678,0,2.567
0.567,1,16.123
-1.5,0,1.456
0.123,1,13.789
-0.456,0,3.89
1.234,1,19.89
-0.789,0,2.678
0.456,1,16.89
-1.012,0,2.345
0.678,1,17.89
-0.567,0,3.789
1.5,1,21.345
-0.234,0,4.567
0.789,1,18.123
-1.345,0,2.456
0.345,1,15.678
-0.678,0,3.456
1.234,1,19.567
-0.456,0,2.678
0.567,1,16.89
-1.5,0,1.234
0.123,1,13.456
-0.789,0,4.678
1.345,1,18.901
-0.345,0,3.789
0.678,1,17.89
-1.234,0,2.456
0.456,1,15.678
-0.567,0,3.678
1.5,1,21.234
-0.123,0,4.789
0.789,1,16.456
-1.456,0,2.345
0.234,1,14.567
-0.678,0,3.456
1.234,1,19.012
-0.789,0,2.678
0.345,1,15.89
-1.345,0,2.789
0.678,1,17.456
-0.234,0,4.678
1.456,1,20.567
-0.678,0,2.567
0.567,1,16.123
-1.5,0,1.456
0.123,1,13.789
-0.456,0,3.89
1.234,1,19.89
-0.789,0,2.678
0.456,1,16.89
-1.012,0,2.345
0.678,1,17.89
-0.567,0,3.789
1.5,1,21.345
-0.234,0,4.567
0.789,1,18.123
-1.345,0,2.456
0.345,1,15.678
-0.678,0,3.456
1.234,1,19.567
-0.456,0,2.678
0.567,1,16.89
-1.5,0,1.234
0.123,1,13.456
-0.789,0,4.678
1.345,1,18.901
-0.345,0,3.789
0.678,1,17.89
-1.234,0,2.456
0.456,1,15.678
-0.567,0,3.678
1.5,1,21.234
-0.123,0,4.789
0.789,1,16.456
-1.456,0,2.345
0.234,1,14.567
-0.678,0,3.456
1.234,1,19.012
-0.789,0,2.678
0.345,1,15.89
-1.345,0,2.789
0.678,1,17.456
-0.234,0,4.678
1.456,1,20.567
-0.678,0,2.567
0.567,1,16.123
-1.5,0,1.456
0.123,1,13.789
-0.456,0,3.89
1.234,1,19.89
-0.789,0,2.678
0.456,1,16.89
-1.012,0,2.345
0.678,1,17.89
-0.567,0,3.789
1.5,1,21.345
-0.234,0,4.567
0.789,1,18.123
-1.345,0,2.456
0.345,1,15.678
-0.678,0,3.456
1.234,1,19.567
-0.456,0,2.678
0.567,1,16.89
-1.5,0,1.234
0.123,1,13.456
-0.789,0,4.678
1.345,1,18.901
-0.345,0,3.789
0.678,1,17.89
-1.234,0,2.456
0.456,1,15.678
-0.567,0,3.678
1.5,1,21.234
-0.123,0,4.789
0.789,1,16.456
-1.456,0,2.345
0.234,1,14.567
-0.678,0,3.456
1.234,1,19.012
-0.789,0,2.678
0.345,1,15.89
-1.345,0,2.789
0.678,1,17.456
-0.234,0,4.678
1.456,1,20.567
-0.678,0,2.567
0.567,1,16.123
-1.5,0,1.456
0.123,1,13.789
-0.456,0,3.89
1.234,1,19.89
-0.789,0,2.678
0.456,1,16.89
-1.012,0,2.345
0.678,1,17.89
-0.567,0,3.789
1.5,1,21.345
-0.234,0,4.567
0.789,1,18.123
-1.345,0,2.456
0.345,1,15.678
-0.678,0,3.456
1.234,1,19.567
-0.456,0,2.678
0.567,1,16.89
-1.5,0,1.234
0.123,1,13.456
-0.789,0,4.678
1.345,1,18.901
-0.345,0,3.789
0.678,1,17.89
-1.234,0,2.456
0.456,1,15.678
-0.567,0,3.678
1.5,1,21.234
-0.123,0,4.789
0.789,1,16.456
-1.456,0,2.345
0.234,1,14.567
-0.678,0,3.456
1.234,1,19.012
-0.789,0,2.678
0.345,1,15.89
-1.345,0,2.789
0.678,1,17.456
-0.234,0,4.678
1.456,1,20.567
-0.678,0,2.567
0.567,1,16.123
-1.5,0,1.456
0.123,1,13.789
-0.456,0,3.89
1.234,1,19.89
-0.789,0,2.678
-1.204,1,12.345
0.456,0,7.891
1.234,1,18.456
-0.789,0,6.123
0.345,1,15.678
-1.123,0,5.234
1.456,1,20.789
-0.567,0,8.345
0.678,1,17.123
-1.345,0,4.567
0.123,1,14.89
-0.234,0,6.789
1.345,1,19.456
-0.456,0,7.234
0.789,1,16.89
-1.456,0,3.456
0.234,1,13.567
-0.678,0,5.89
1.012,1,18.123
-0.89,0,6.456
0.567,1,15.345
-1.012,0,4.89
1.123,1,19.89
-0.345,0,7.678
0.89,1,16.567
-1.5,0,3.89
0.456,1,14.234
-0.123,0,5.678
1.345,1,20.123
-0.789,0,6.89
0.678,1,17.456
-1.234,0,4.567
0.234,1,13.89
-0.567,0,5.234
1.456,1,21.345
-0.678,0,7.123
0.89,1,16.89
-1.345,0,3.678
0.123,1,14.567
-0.89,0,6.234
1.234,1,19.678
-0.456,0,5.89
0.567,1,15.123
-1.012,0,4.89
1.5,1,22.456
-0.234,0,7.345
0.345,1,14.89
-1.123,0,3.456
0.789,1,18.123
-0.678,0,5.678
1.345,1,20.89
-0.89,0,6.456
0.456,1,15.678
-1.456,0,4.234
0.234,1,13.567
-0.567,0,5.89
1.012,1,19.123
-0.789,0,6.789
0.678,1,17.456
-1.234,0,3.89
0.89,1,16.89
-0.345,0,5.678
1.456,1,21.234
-0.678,0,7.123
0.123,1,14.567
-1.345,0,4.89
0.567,1,15.345
-0.89,0,6.234
1.234,1,19.89
-0.456,0,5.89
0.89,1,16.567
-1.012,0,3.456
1.5,1,22.89
-0.234,0,7.678
0.345,1,14.89
-1.123,0,4.567
0.789,1,18.123
-0.678,0,5.678
1.345,1,20.456
-0.89,0,6.456
0.456,1,15.678
-1.456,0,4.234
0.234,1,13.567
-0.567,0,5.89
1.012,1,19.123
-0.789,0,6.789
0.678,1,17.456
-1.234,0,3.89
0.89,1,16.89
-0.345,0,5.678
1.456,1,21.234
-0.678,0,7.123
0.123,1,14.567
-1.345,0,4.89
0.567,1,15.345
-0.89,0,6.234
1.234,1,19.89
-0.456,0,5.89
0.89,1,16.567
-1.012,0,3.456
1.5,1,22.89
-0.234,0,7.678
0.345,1,14.89
-1.123,0,4.567
0.789,1,18.123
-0.678,0,5.678
1.345,1,20.456
-0.89,0,6.456
0.456,1,15.678
-1.456,0,4.234
0.234,1,13.567
-0.567,0,5.89
1.012,1,19.123
-0.789,0,6.789
0.678,1,17.456
-1.234,0,3.89
0.89,1,16.89
-0.345,0,5.678
1.456,1,21.234
-0.678,0,7.123
0.123,1,14.567
-1.345,0,4.89
0.567,1,15.345
-0.89,0,6.234
1.234,1,19.89
-0.456,0,5.89
0.89,1,16.567
-1.012,0,3.456
1.5,1,22.89
-0.234,0,7.678
0.345,1,14.89
-1.123,0,4.567
0.789,1,18.123
-0.678,0,5.678
1.345,1,20.456
-0.89,0,6.456
0.456,1,15.678
-1.456,0,4.234
0.234,1,13.567
-0.567,0,5.89
1.012,1,19.123
-0.789,0,6.789
0.678,1,17.456
-1.234,0,3.89
0.89,1,16.89
-0.345,0,5.678
1.456,1,21.234
-0.678,0,7.123
0.123,1,14.567
-1.345,0,4.89
0.567,1,15.345
-0.89,0,6.234
1.234,1,19.89
-0.456,0,5.89
0.89,1,16.567
-1.012,0,3.456
1.5,1,22.89
-0.234,0,7.678
0.345,1,14.89
-1.123,0,4.567
0.789,1,18.123
-0.678,0,5.678
1.345,1,20.456
-0.89,0,6.456
0.456,1,15.678
-1.456,0,4.234
0.234,1,13.567
-0.567,0,5.89
1.012,1,19.123
-0.789,0,6.789
0.678,1,17.456
-1.234,0,3.89
0.89,1,16.89
-0.345,0,5.678
1.456,1,21.234
-0.678,0,7.123
0.123,1,14.567
-1.345,0,4.89
0.567,1,15.345
-0.89,0,6.234
1.234,1,19.89
-0.456,0,5.89
0.89,1,16.567
-1.012,0,3.456
1.5,1,22.89
-0.234,0,7.678
0.345,1,14.89
-1.123,0,4.567
0.789,1,18.123
-0.678,0,5.678
1.345,1,20.456
-0.89,0,6.456
0.456,1,15.678
-1.456,0,4.234
0.234,1,13.567
-0.567,0,5.89
1.012,1,19.123
-0.789,0,6.789
0.678,1,17.456
-1.234,0,3.89
0.89,1,16.89
-0.345,0,5.678
1.456,1,21.234
-0.678,0,7.123
0.123,1,14.567
-1.345,0,4.89
0.567,1,15.345
-0.89,0,6.234
1.234,1,19.89
-0.456,0,5.89
0.89,1,16.567
-1.012,0,3.456
1.5,1,22.89
-0.234,0,7.678
0.345,1,14.89
-1.123,0,4.567
0.789,1,18.123
-0.678,0,5.678
1.345,1,20.456
-0.89,0,6.456
0.456,1,15.678
-1.456,0,4.234
0.234,1,13.567
-0.567,0,5.89
1.012,1,19.123
-0.789,0,6.789
0.678,1,17.456
-1.234,0,3.89
0.89,1,16.89
-0.345,0,5.678
1.456,1,21.234
-0.678,0,7.123
0.123,1,14.567
-1.345,0,4.89
0.567,1,15.345
-0.89,0,6.234
1.234,1,19.89
-0.456,0,5.89
0.89,1,16.567
-1.012,0,3.456
1.5,1,22.89
-0.234,0,7.678
0.345,1,14.89
-1.123,0,4.567
0.789,1,18.123
-0.678,0,5.678
1.345,1,20.456
-0.89,0,6.456
0.456,1,15.678
-1.456,0,4.234
0.234,1,13.567
-0.567,0,5.89
1.012,1,19.123
-0.789,0,6.789
0.678,1,17.456
-1.234,0,3.89
0.89,1,16.89
-0.345,0,5.678
1.456,1,21.234
-0.678,0,7.123
0.123,1,14.567
-1.345,0,4.89
0.567,1,15.345
-0.89,0,6.234
1.234,1,19.89
-0.456,0,5.89
0.89,1,16.567
-1.012,0,3.456
1.5,1,22.89
-0.234,0,7.678
0.345,1,14.89
-1.123,0,4.567
0.789,1,18.123
-0.678,0,5.678
1.345,1,20.456
-0.89,0,6.456
0.456,1,15.678
-1.456,0,4.234
0.234,1,13.567
-0.567,0,5.89
1.012,1,19.123
-0.789,0,6.789
0.678,1,17.456
-1.234,0,3.89
0.89,1,16.89
-0.345,0,5.678
1.456,1,21.234
-0.678,0,7.123
0.123,1,14.567
-1.345,0,4.89
0.567,1,15.345
-0.89,0,6.234
1.234,1,19.89
-0.456,0,5.89
0.89,1,16.567
-1.012,0,3.456
1.5,1,22.89
-0.234,0,7.678
0.345,1,14.89
-1.123,0,4.567
-0.123,1,2.456
0.789,0,1.234
-1.234,1,3.678
0.456,0,2.345
1.234,1,4.567
-0.567,0,1.89
0.345,1,3.456
-1.456,0,1.234
0.678,1,4.89
-0.789,0,2.123
1.123,1,5.678
-0.345,0,1.567
0.123,1,3.89
-1.345,0,1.456
0.567,1,4.123
-0.678,0,2.456
1.456,1,5.89
-0.234,0,1.789
0.789,1,4.567
-1.123,0,1.234
0.345,1,3.678
-0.456,0,2.345
1.234,1,5.678
-0.567,0,1.89
0.678,1,4.89
-1.234,0,1.456
0.123,1,3.456
-0.789,0,2.123
1.123,1,5.678
-0.345,0,1.567
0.456,1,4.123
-1.456,0,1.234
0.789,1,3.89
-0.678,0,2.456
1.234,1,5.89
-0.234,0,1.789
0.567,1,4.567
-1.123,0,1.234
0.345,1,3.678
-0.456,0,2.345
1.456,1,5.678
-0.567,0,1.89
0.678,1,4.89
-1.234,0,1.456
0.123,1,3.456
-0.789,0,2.123
1.123,1,5.678
-0.345,0,1.567
0.456,1,4.123
-1.456,0,1.234
0.789,1,3.89
-0.678,0,2.456
1.234,1,5.89
-0.234,0,1.789
0.567,1,4.567
-1.123,0,1.234
0.345,1,3.678
-0.456,0,2.345
1.456,1,5.678
-0.567,0,1.89
0.678,1,4.89
-1.234,0,1.456
0.123,1,3.456
-0.789,0,2.123
1.123,1,5.678
-0.345,0,1.567
0.456,1,4.123
-1.456,0,1.234
0.789,1,3.89
-0.678,0,2.456
1.234,1,5.89
-0.234,0,1.789
0.567,1,4.567
-1.123,0,1.234
0.345,1,3.678
-0.456,0,2.345
1.456,1,5.678
-0.567,0,1.89
0.678,1,4.89
-1.234,0,1.456
0.123,1,3.456
-0.789,0,2.123
1.123,1,5.678
-0.345,0,1.567
0.456,1,4.123
-1.456,0,1.234
0.789,1,3.89
-0.678,0,2.456
1.234,1,5.89
-0.234,0,1.789
0.567,1,4.567
-1.123,0,1.234
0.345,1,3.678
-0.456,0,2.345
1.456,1,5.678
-0.567,0,1.89
0.678,1,4.89
-1.234,0,1.456
0.123,1,3.456
-0.789,0,2.123
1.123,1,5.678
-0.345,0,1.567
0.456,1,4.123
-1.456,0,1.234
0.789,1,3.89
-0.678,0,2.456
1.234,1,5.89
-0.234,0,1.789
0.567,1,4.567
-1.123,0,1.234
0.345,1,3.678
-0.456,0,2.345
1.456,1,5.678
-0.567,0,1.89
0.678,1,4.89
-1.234,0,1.456
0.123,1,3.456
-0.789,0,2.123
1.123,1,5.678
-0.345,0,1.567
0.456,1,4.123
-1.456,0,1.234
0.789,1,3.89
-0.678,0,2.456
1.234,1,5.89
-0.234,0,1.789
0.567,1,4.567
-1.123,0,1.234
0.345,1,3.678
-0.456,0,2.345
1.456,1,5.678
-0.567,0,1.89
0.678,1,4.89
-1.234,0,1.456
0.123,1,3.456
-0.789,0,2.123
1.123,1,5.678
-0.345,0,1.567
0.456,1,4.123
-1.456,0,1.234
0.789,1,3.89
-0.678,0,2.456
1.234,1,5.89
-0.234,0,1.789
0.567,1,4.567
-1.123,0,1.234
0.345,1,3.678
-0.456,0,2.345
1.456,1,5.678
-0.567,0,1.89
0.678,1,4.89
-1.234,0,1.456
0.123,1,3.456
-0.789,0,2.123
1.123,1,5.678
-0.345,0,1.567
0.456,1,4.123
-1.456,0,1.234
0.789,1,3.89
-0.678,0,2.456
1.234,1,5.89
-0.234,0,1.789
0.567,1,4.567
-1.123,0,1.234
0.345,1,3.678
-0.456,0,2.345
1.456,1,5.678
-0.567,0,1.89
0.678,1,4.89
-1.234,0,1.456
0.123,1,3.456
-0.789,0,2.123
1.123,1,5.678
-0.345,0,1.567
0.456,1,4.123
-1.456,0,1.234
0.789,1,3.89
-0.678,0,2.456
1.234,1,5.89
-0.234,0,1.789
0.567,1,4.567
-1.123,0,1.234
0.345,1,3.678
-0.456,0,2.345
1.456,1,5.678
-0.567,0,1.89
0.678,1,4.89
-1.234,0,1.456
0.123,1,3.456
-0.789,0,2.123
1.123,1,5.678
-0.345,0,1.567
0.456,1,4.123
-1.456,0,1.234
0.789,1,3.89
-0.678,0,2.456
1.234,1,5.89
-0.234,0,1.789
0.567,1,4.567
-1.123,0,1.234
0.345,1,3.678
-0.456,0,2.345
1.456,1,5.678
-0.567,0,1.89
0.678,1,4.89
-1.234,0,1.456
0.123,1,3.456
-0.789,0,2.123
1.123,1,5.678
-0.345,0,1.567
0.456,1,4.123
-1.456,0,1.234
0.789,1,3.89
-0.678,0,2.456
1.234,1,5.89
-0.234,0,1.789
0.567,1,4.567
-1.123,0,1.234
0.345,1,3.678
-0.456,0,2.345
1.456,1,5.678
-0.567,0,1.89
0.678,1,4.89
-1.234,0,1.456
0.123,1,3.456
-0.789,0,2.123
1.123,1,5.678
-0.345,0,1.567
0.456,1,4.123
-1.456,0,1.234
0.789,1,3.89
-0.678,0,2.456
1.234,1,5.89
-0.234,0,1.789
0.567,1,4.567
-1.123,0,1.234
0.345,1,3.678
-0.456,0,2.345
1.456,1,5.678
-0.567,0,1.89
0.678,1,4.89
-1.234,0,1.456
0.123,1,3.456
-0.789,0,2.123
1.123,1,5.678
-0.345,0,1.567
0.456,1,4.123
-1.456,0,1.234
0.789,1,3.89
-0.678,0,2.456
1.234,1,5.89
-0.234,0,1.789
0.567,1,4.567
-1.123,0,1.234
0.345,1,3.678
-0.456,0,2.345
1.456,1,5.678
-0.567,0,1.89
0.678,1,4.89
-1.234,0,1.456
0.123,1,3.456
-0.789,0,2.123
1.123,1,5.678
-0.345,0,1.567
0.456,1,4.123
-1.456,0,1.234
0.789,1,3.89
-0.678,0,2.456
1.234,1,5.89
-0.234,0,1.789
0.567,1,4.567
-1.123,0,1.234
0.345,1,3.678
-0.456,0,2.345
1.456,1,5.678
-0.567,0,1.89
0.678,1,4.89
-1.234,0,1.456
0.123,1,3.456
-0.789,0,2.123
1.123,1,5.678
-0.345,0,1.567
0.456,1,4.123
-1.456,0,1.234
0.789,1,3.89
-0.678,0,2.456
1.234,1,5.89
-0.234,0,1.789
0.567,1,4.567
-1.123,0,1.234
0.345,1,3.678
-0.456,0,2.345
1.456,1,5.678
-0.567,0,1.89
0.678,1,4.89
-1.234,0,1.456
0.123,1,3.456
-0.789,0,2.123
1.123,1,5.678
-0.345,0,1.567
-0.123,1,8.456
0.456,0,5.123
-1.234,1,9.876
0.789,1,10.345
-0.567,0,4.789
1.234,1,12.456
0.345,0,6.789
-0.89,1,7.123
1.456,1,11.234
-0.234,0,5.456
0.678,1,10.678
-1.345,0,3.456
0.123,1,9.012
-0.678,1,8.345
1.345,0,6.123
-1.456,1,10.789
0.89,0,5.678
-0.456,1,9.345
0.567,1,11.012
-0.789,0,4.567
1.123,1,12.345
-0.345,1,8.678
0.234,0,5.789
-1.123,1,9.456
0.456,1,10.123
-0.678,0,4.89
1.234,1,11.678
-0.89,1,8.901
0.789,0,6.234
-1.234,1,9.789
0.345,1,10.456
-0.567,0,5.123
1.456,1,12.678
-0.123,0,4.567
0.678,1,11.345
-1.345,1,10.012
0.123,0,5.678
-0.678,1,8.234
1.345,0,6.789
-1.456,1,9.123
0.89,1,11.901
-0.234,0,4.89
0.567,1,10.678
-0.89,1,8.567
1.123,0,5.456
-0.345,1,9.012
0.456,1,11.234
-1.123,0,3.789
0.678,1,10.345
-0.567,1,8.901
1.234,0,6.123
-0.89,1,9.678
0.345,1,12.456
-1.234,0,4.567
0.123,1,10.789
-0.678,1,8.345
1.456,0,5.678
-0.234,1,9.012
0.789,1,11.678
-1.345,0,3.456
0.678,1,10.123
-0.567,0,5.789
1.123,1,12.345
-0.89,1,8.901
0.456,0,4.89
-1.123,1,9.456
0.345,1,10.678
-0.678,0,5.123
1.234,1,11.234
-0.234,1,8.678
0.678,0,4.567
-1.456,1,10.789
0.89,1,11.012
-0.567,0,5.456
1.345,1,12.678
-0.123,0,4.89
0.678,1,10.345
-1.345,1,9.123
0.123,0,5.678
-0.678,1,8.234
1.456,0,6.789
-0.89,1,9.678
0.345,1,12.456
-1.234,0,4.567
0.456,1,10.123
-0.567,1,8.901
1.123,0,5.456
-0.89,1,9.012
0.678,1,11.678
-1.123,0,3.789
0.345,1,10.345
-0.678,1,8.567
1.234,0,6.123
-0.234,1,9.678
0.789,1,11.234
-1.345,0,4.89
0.678,1,10.789
-0.567,0,5.123
1.456,1,12.345
-0.89,1,8.901
0.456,0,4.567
-1.123,1,9.456
0.345,1,10.678
-0.678,0,5.789
1.234,1,11.678
-0.234,1,8.345
0.678,0,4.89
-1.456,1,10.789
0.89,1,11.012
-0.567,0,5.456
1.345,1,12.678
-0.123,0,4.567
0.678,1,10.345
-1.345,1,9.123
0.123,0,5.678
-0.678,1,8.234
1.456,0,6.789
-0.89,1,9.678
0.345,1,12.456
-1.234,0,4.567
0.456,1,10.123
-0.567,1,8.901
1.123,0,5.456
-0.89,1,9.012
0.678,1,11.678
-1.123,0,3.789
0.345,1,10.345
-0.678,1,8.567
1.234,0,6.123
-0.234,1,9.678
0.789,1,11.234
-1.345,0,4.89
0.678,1,10.789
-0.567,0,5.123
1.456,1,12.345
-0.89,1,8.901
0.456,0,4.567
-1.123,1,9.456
0.345,1,10.678
-0.678,0,5.789
1.234,1,11.678
-0.234,1,8.345
0.678,0,4.89
-1.456,1,10.789
0.89,1,11.012
-0.567,0,5.456
1.345,1,12.678
-0.123,0,4.567
0.678,1,10.345
-1.345,1,9.123
0.123,0,5.678
-0.678,1,8.234
1.456,0,6.789
-0.89,1,9.678
0.345,1,12.456
-1.234,0,4.567
0.456,1,10.123
-0.567,1,8.901
1.123,0,5.456
-0.89,1,9.012
0.678,1,11.678
-1.123,0,3.789
0.345,1,10.345
-0.678,1,8.567
1.234,0,6.123
-0.234,1,9.678
0.789,1,11.234
-1.345,0,4.89
0.678,1,10.789
-0.567,0,5.123
1.456,1,12.345
-0.89,1,8.901
0.456,0,4.567
-1.123,1,9.456
0.345,1,10.678
-0.678,0,5.789
1.234,1,11.678
-0.234,1,8.345
0.678,0,4.89
-1.456,1,10.789
0.89,1,11.012
-0.567,0,5.456
1.345,1,12.678
-0.123,0,4.567
0.678,1,10.345
-1.345,1,9.123
0.123,0,5.678
-0.678,1,8.234
1.456,0,6.789
-0.89,1,9.678
0.345,1,12.456
-1.234,0,4.567
0.456,1,10.123
-0.567,1,8.901
1.123,0,5.456
-0.89,1,9.012
0.678,1,11.678
-1.123,0,3.789
0.345,1,10.345
-0.678,1,8.567
1.234,0,6.123
-0.234,1,9.678
0.789,1,11.234
-1.345,0,4.89
0.678,1,10.789
-0.567,0,5.123
1.456,1,12.345
-0.89,1,8.901
0.456,0,4.567
-1.123,1,9.456
0.345,1,10.678
-0.678,0,5.789
1.234,1,11.678
-0.234,1,8.345
0.678,0,4.89
-1.456,1,10.789
0.89,1,11.012
-0.567,0,5.456
1.345,1,12.678
-0.123,0,4.567
0.678,1,10.345
-1.345,1,9.123
0.123,0,5.678
-0.678,1,8.234
1.456,0,6.789
-0.89,1,9.678
0.345,1,12.456
-1.234,0,4.567
0.456,1,10.123
-0.567,1,8.901
1.123,0,5.456
-0.89,1,9.012
0.678,1,11.678
-1.123,0,3.789
0.345,1,10.345
-0.678,1,8.567
1.234,0,6.123
-0.234,1,9.678
0.789,1,11.234
-1.345,0,4.89
0.678,1,10.789
-0.567,0,5.123
1.456,1,12.345
-0.89,1,8.901
0.456,0,4.567
-1.123,1,9.456
0.345,1,10.678
-0.678,0,5.789
1.234,1,11.678
-0.234,1,8.345
0.678,0,4.89
-1.456,1,10.789
0.89,1,11.012
-0.567,0,5.456
1.345,1,12.678
-0.123,0,4.567
0.678,1,10.345
-1.345,1,9.123
0.123,0,5.678
-0.678,1,8.234
1.456,0,6.789
-0.89,1,9.678
0.345,1,12.456
-1.234,0,4.567
0.456,1,10.123
-0.567,1,8.901
1.123,0,5.456
-0.89,1,9.012
0.678,1,11.678
-1.123,0,3.789
0.345,1,10.345
-0.678,1,8.567
1.234,0,6.123
-0.234,1,9.678
0.789,1,11.234
-1.345,0,4.89
0.678,1,10.789
-0.567,0,5.123
1.456,1,12.345
-0.89,1,8.901
0.456,0,4.567
-1.123,1,9.456
0.345,1,10.678
-0.678,0,5.789
1.234,1,11.678
-0.234,1,8.345
0.678,0,4.89
-1.456,1,10.789
0.89,1,11.012
-0.567,0,5.456
1.345,1,12.678
-0.123,0,4.567
0.678,1,10.345
-1.345,1,9.123
0.123,0,5.678
-0.678,1,8.234
1.456,0,6.789
-0.89,1,9.678
0.345,1,12.456
-1.234,0,4.567
-1.234,1,8.245
0.456,0,5.678
1.234,1,12.345
-0.789,0,6.789
0.123,1,9.876
-1.456,0,4.321
0.789,1,11.234
-0.567,0,5.432
1.345,1,13.456
-0.234,0,7.89
0.678,1,10.123
-1.123,0,3.456
0.345,1,9.012
-0.89,0,6.543
1.456,1,14.567
-0.678,0,5.678
0.234,1,10.987
-1.345,0,4.567
0.567,1,11.345
-0.123,0,6.789
1.123,1,12.678
-0.456,0,5.432
0.89,1,10.456
-1.5,0,3.789
0.012,1,8.234
-0.345,0,6.123
1.5,1,15.678
-0.789,0,5.987
0.456,1,9.876
-1.234,0,4.321
0.678,1,10.234
-0.567,0,5.678
1.234,1,13.456
-0.89,0,6.789
0.123,1,8.901
-1.456,0,3.456
0.789,1,11.234
-0.678,0,5.432
1.345,1,14.567
-0.234,0,6.543
0.345,1,9.012
-1.123,0,4.567
0.678,1,10.678
-0.89,0,5.678
1.456,1,13.789
-0.567,0,4.321
0.234,1,9.876
-1.345,0,3.456
0.89,1,11.234
-0.123,0,5.678
1.123,1,12.345
-0.456,0,6.789
0.678,1,10.123
-1.5,0,4.567
0.012,1,8.234
-0.345,0,5.432
1.5,1,15.678
-0.789,0,3.789
0.456,1,9.876
-1.234,0,4.321
0.678,1,10.234
-0.567,0,5.678
1.234,1,13.456
-0.89,0,6.789
0.123,1,8.901
-1.456,0,3.456
0.789,1,11.234
-0.678,0,5.432
1.345,1,14.567
-0.234,0,6.543
0.345,1,9.012
-1.123,0,4.567
0.678,1,10.678
-0.89,0,5.678
1.456,1,13.789
-0.567,0,4.321
0.234,1,9.876
-1.345,0,3.456
0.89,1,11.234
-0.123,0,5.678
1.123,1,12.345
-0.456,0,6.789
0.678,1,10.123
-1.5,0,4.567
0.012,1,8.234
-0.345,0,5.432
1.5,1,15.678
-0.789,0,3.789
0.456,1,9.876
-1.234,0,4.321
0.678,1,10.234
-0.567,0,5.678
1.234,1,13.456
-0.89,0,6.789
0.123,1,8.901
-1.456,0,3.456
0.789,1,11.234
-0.678,0,5.432
1.345,1,14.567
-0.234,0,6.543
0.345,1,9.012
-1.123,0,4.567
0.678,1,10.678
-0.89,0,5.678
1.456,1,13.789
-0.567,0,4.321
0.234,1,9.876
-1.345,0,3.456
0.89,1,11.234
-0.123,0,5.678
1.123,1,12.345
-0.456,0,6.789
0.678,1,10.123
-1.5,0,4.567
0.012,1,8.234
-0.345,0,5.432
1.5,1,15.678
-0.789,0,3.789
0.456,1,9.876
-1.234,0,4.321
0.678,1,10.234
-0.567,0,5.678
1.234,1,13.456
-0.89,0,6.789
0.123,1,8.901
-1.456,0,3.456
0.789,1,11.234
-0.678,0,5.432
1.345,1,14.567
-0.234,0,6.543
0.345,1,9.012
-1.123,0,4.567
0.678,1,10.678
-0.89,0,5.678
1.456,1,13.789
-0.567,0,4.321
0.234,1,9.876
-1.345,0,3.456
0.89,1,11.234
-0.123,0,5.678
1.123,1,12.345
-0.456,0,6.789
0.678,1,10.123
-1.5,0,4.567
0.012,1,8.234
-0.345,0,5.432
1.5,1,15.678
-0.789,0,3.789
0.456,1,9.876
-1.234,0,4.321
0.678,1,10.234
-0.567,0,5.678
1.234,1,13.456
-0.89,0,6.789
0.123,1,8.901
-1.456,0,3.456
0.789,1,11.234
-0.678,0,5.432
1.345,1,14.567
-0.234,0,6.543
0.345,1,9.012
-1.123,0,4.567
0.678,1,10.678
-0.89,0,5.678
1.456,1,13.789
-0.567,0,4.321
0.234,1,9.876
-1.345,0,3.456
0.89,1,11.234
-0.123,0,5.678
1.123,1,12.345
-0.456,0,6.789
0.678,1,10.123
-1.5,0,4.567
0.012,1,8.234
-0.345,0,5.432
1.5,1,15.678
-0.789,0,3.789
0.456,1,9.876
-1.234,0,4.321
0.678,1,10.234
-0.567,0,5.678
1.234,1,13.456
-0.89,0,6.789
0.123,1,8.901
-1.456,0,3.456
0.789,1,11.234
-0.678,0,5.432
1.345,1,14.567
-0.234,0,6.543
0.345,1,9.012
-1.123,0,4.567
0.678,1,10.678
-0.89,0,5.678
1.456,1,13.789
-0.567,0,4.321
0.234,1,9.876
-1.345,0,3.456
0.89,1,11.234
-0.123,0,5.678
1.123,1,12.345
-0.456,0,6.789
0.678,1,10.123
-1.5,0,4.567
0.012,1,8.234
-0.345,0,5.432
1.5,1,15.678
-0.789,0,3.789
0.456,1,9.876
-1.234,0,4.321
0.678,1,10.234
-0.567,0,5.678
1.234,1,13.456
-0.89,0,6.789
0.123,1,8.901
-1.456,0,3.456
0.789,1,11.234
-0.678,0,5.432
1.345,1,14.567
-0.234,0,6.543
0.345,1,9.012
-1.123,0,4.567
0.678,1,10.678
-0.89,0,5.678
1.456,1,13.789
-0.567,0,4.321
0.234,1,9.876
-1.345,0,3.456
0.89,1,11.234
-0.123,0,5.678
1.123,1,12.345
-0.456,0,6.789
0.678,1,10.123
-1.5,0,4.567
0.012,1,8.234
-0.345,0,5.432
1.5,1,15.678
-0.789,0,3.789
0.456,1,9.876
-1.234,0,4.321
0.678,1,10.234
-0.567,0,5.678
1.234,1,13.456
-0.89,0,6.789
0.123,1,8.901
-1.456,0,3.456
0.789,1,11.234
-0.678,0,5.432
1.345,1,14.567
-0.234,0,6.543
0.345,1,9.012
-1.123,0,4.567
0.678,1,10.678
-0.89,0,5.678
1.456,1,13.789
-0.567,0,4.321
0.234,1,9.876
-1.345,0,3.456
0.89,1,11.234
-0.123,0,5.678
1.123,1,12.345
-0.456,0,6.789
0.678,1,10.123
-1.5,0,4.567
0.012,1,8.234
-0.345,0,5.432
1.5,1,15.678
-0.789,0,3.789
0.456,1,9.876
-1.234,0,4.321
0.678,1,10.234
-0.567,0,5.678
1.234,1,13.456
-0.89,0,6.789
0.123,1,8.901
-1.456,0,3.456
0.789,1,11.234
-0.678,0,5.432
1.345,1,14.567
-0.234,0,6.543
0.345,1,9.012
-1.123,0,4.567
0.678,1,10.678
-0.89,0,5.678
1.456,1,13.789
-0.567,0,4.321
0.234,1,9.876
-1.345,0,3.456
0.89,1,11.234
-0.123,0,5.678
1.123,1,12.345
-0.456,0,6.789
0.678,1,10.123
-1.5,0,4.567
0.012,1,8.234
-0.345,0,5.432
1.5,1,15.678
-0.789,0,3.789
0.456,1,9.876
-1.234,0,4.321
-1.204,1,3.456
0.732,0,1.234
0.123,1,4.567
-0.456,1,2.345
1.234,0,3.678
-0.789,1,5.678
0.456,0,2.123
1.123,1,6.789
-1.345,0,1.456
0.678,1,4.89
-0.234,1,3.567
0.89,0,2.456
-1.123,1,5.678
0.345,0,2.789
1.456,1,7.89
-0.678,0,1.234
0.567,1,4.567
-1.456,1,3.89
0.789,0,2.345
1.345,1,6.123
-0.123,0,1.678
0.234,1,4.89
-0.567,1,3.456
1.012,0,2.678
-1.012,1,5.789
0.89,0,2.123
-0.89,1,4.567
1.234,1,6.89
-0.456,0,1.345
0.678,1,5.678
-1.234,0,2.456
0.123,1,4.567
-0.678,1,3.89
1.456,0,2.789
-0.789,1,5.678
0.345,0,1.234
1.123,1,6.789
-1.345,0,2.345
0.567,1,4.89
-0.234,1,3.567
1.012,0,2.678
-0.567,1,5.789
0.89,0,1.456
-1.012,1,4.567
0.678,1,3.89
1.234,0,2.123
-0.456,1,5.678
0.123,0,1.234
-1.456,1,4.89
0.789,1,6.123
-0.678,0,2.345
1.345,1,7.89
-0.123,0,1.678
0.234,1,4.567
-0.89,1,3.456
1.012,0,2.678
-1.234,1,5.789
0.567,0,1.234
1.123,1,6.89
-0.789,0,2.456
0.678,1,4.567
-1.345,1,3.89
0.123,0,2.789
-0.456,1,5.678
1.234,0,1.456
-0.678,1,4.89
0.89,1,6.123
-1.012,0,2.345
0.345,1,5.678
-0.234,0,1.234
1.456,1,7.89
-0.567,1,3.456
0.789,0,2.678
-1.123,1,5.789
0.678,0,1.456
1.345,1,6.89
-0.89,1,4.567
0.123,0,2.345
-1.456,1,3.89
0.567,1,5.678
1.012,0,1.234
-0.678,1,4.89
0.89,0,2.456
-1.234,1,5.678
0.345,1,3.567
1.123,0,2.789
-0.456,1,6.123
0.789,0,1.678
-1.012,1,4.567
0.678,1,3.89
1.234,0,2.123
-0.89,1,5.678
0.567,0,1.234
-1.345,1,4.89
0.123,1,6.789
-0.678,0,2.345
1.456,1,7.89
-0.567,1,3.456
0.789,0,2.678
-1.123,1,5.789
0.678,0,1.456
1.345,1,6.89
-0.89,1,4.567
0.123,0,2.345
-1.456,1,3.89
0.567,1,5.678
1.012,0,1.234
-0.678,1,4.89
0.89,0,2.456
-1.234,1,5.678
0.345,1,3.567
1.123,0,2.789
-0.456,1,6.123
0.789,0,1.678
-1.012,1,4.567
0.678,1,3.89
1.234,0,2.123
-0.89,1,5.678
0.567,0,1.234
-1.345,1,4.89
0.123,1,6.789
-0.678,0,2.345
1.456,1,7.89
-0.567,1,3.456
0.789,0,2.678
-1.123,1,5.789
0.678,0,1.456
1.345,1,6.89
-0.89,1,4.567
0.123,0,2.345
-1.456,1,3.89
0.567,1,5.678
1.012,0,1.234
-0.678,1,4.89
0.89,0,2.456
-1.234,1,5.678
0.345,1,3.567
1.123,0,2.789
-0.456,1,6.123
0.789,0,1.678
-1.012,1,4.567
0.678,1,3.89
1.234,0,2.123
-0.89,1,5.678
0.567,0,1.234
-1.345,1,4.89
0.123,1,6.789
-0.678,0,2.345
1.456,1,7.89
-0.567,1,3.456
0.789,0,2.678
-1.123,1,5.789
0.678,0,1.456
1.345,1,6.89
-0.89,1,4.567
0.123,0,2.345
-1.456,1,3.89
0.567,1,5.678
1.012,0,1.234
-0.678,1,4.89
0.89,0,2.456
-1.234,1,5.678
0.345,1,3.567
1.123,0,2.789
-0.456,1,6.123
0.789,0,1.678
-1.012,1,4.567
0.678,1,3.89
1.234,0,2.123
-0.89,1,5.678
0.567,0,1.234
-1.345,1,4.89
0.123,1,6.789
-0.678,0,2.345
1.456,1,7.89
-0.567,1,3.456
0.789,0,2.678
-1.123,1,5.789
0.678,0,1.456
1.345,1,6.89
-0.89,1,4.567
0.123,0,2.345
-1.456,1,3.89
0.567,1,5.678
1.012,0,1.234
-0.678,1,4.89
0.89,0,2.456
-1.234,1,5.678
0.345,1,3.567
1.123,0,2.789
-0.456,1,6.123
0.789,0,1.678
-1.012,1,4.567
0.678,1,3.89
1.234,0,2.123
-0.89,1,5.678
0.567,0,1.234
-1.345,1,4.89
0.123,1,6.789
-0.678,0,2.345
1.456,1,7.89
-0.567,1,3.456
0.789,0,2.678
-1.123,1,5.789
0.678,0,1.456
1.345,1,6.89
-0.89,1,4.567
0.123,0,2.345
-1.456,1,3.89
0.567,1,5.678
1.012,0,1.234
-0.678,1,4.89
0.89,0,2.456
-1.234,1,5.678
0.345,1,3.567
1.123,0,2.789
-0.456,1,6.123
0.789,0,1.678
-1.012,1,4.567
0.678,1,3.89
1.234,0,2.123
-0.89,1,5.678
0.567,0,1.234
-1.345,1,4.89
0.123,1,6.789
-0.678,0,2.345
1.456,1,7.89
-0.567,1,3.456
0.789,0,2.678
-1.123,1,5.789
0.678,0,1.456
1.345,1,6.89
-0.89,1,4.567
0.123,0,2.345
-1.456,1,3.89
0.567,1,5.678
1.012,0,1.234
-0.678,1,4.89
0.89,0,2.456
-1.234,1,5.678
0.345,1,3.567
1.123,0,2.789
-0.456,1,6.123
0.789,0,1.678
-1.012,1,4.567
0.678,1,3.89
1.234,0,2.123
-0.89,1,5.678
0.567,0,1.234
-1.345,1,4.89
0.123,1,6.789
-0.678,0,2.345
1.456,1,7.89
-0.567,1,3.456
0.789,0,2.678
-1.123,1,5.789
0.678,0,1.456
1.345,1,6.89
-0.89,1,4.567
0.123,0,2.345
-1.456,1,3.89
0.567,1,5.678
1.012,0,1.234
-0.678,1,4.89
0.89,0,2.456
-1.234,1,5.678
0.345,1,3.567
1.123,0,2.789
-0.456,1,6.123
0.789,0,1.678
-1.012,1,4.567
0.678,1,3.89
1.234,0,2.123
-0.89,1,5.678
0.567,0,1.234
-1.345,1,4.89
0.123,1,6.789
-0.678,0,2.345
1.456,1,7.89
-0.567,1,3.456
0.789,0,2.678
-1.123,1,5.789
0.678,0,1.456
1.345,1,6.89
-0.89,1,4.567
0.123,0,2.345
-1.456,1,3.89
0.567,1,5.678
1.012,0,1.234
-0.678,1,4.89
0.89,0,2.456
-1.234,1,5.678
0.345,1,3.567
1.123,0,2.789
-0.456,1,6.123
0.789,0,1.678
-1.012,1,4.567
0.678,1,3.89
1.234,0,2.123
-0.89,1,5.678
-0.123,1,3.456
0.456,0,2.789
-1.234,1,4.567
0.789,0,2.345
1.345,1,5.678
-0.567,0,2.123
0.234,1,3.89
-1.456,0,1.234
0.678,1,4.567
-0.89,0,2.456
1.234,1,5.789
-0.345,0,2.678
0.123,1,3.456
-1.345,0,1.89
0.567,1,4.678
-0.789,0,2.345
1.456,1,5.89
-0.234,0,2.123
0.89,1,4.567
-1.123,0,1.678
0.345,1,3.789
-0.678,0,2.456
1.234,1,5.678
-0.456,0,1.234
0.567,1,4.89
-1.5,0,1.345
0.789,1,3.567
-0.89,0,2.678
1.345,1,5.789
-0.123,0,1.456
0.456,1,4.678
-1.234,0,2.345
0.678,1,3.89
-0.567,0,1.234
1.456,1,5.678
-0.89,0,2.456
0.234,1,4.567
-1.456,0,1.89
0.123,1,3.456
-0.345,0,2.678
1.234,1,5.789
-0.678,0,1.345
0.89,1,4.89
-1.123,0,2.123
0.345,1,3.789
-0.567,0,1.234
1.5,1,5.678
-0.234,0,2.456
0.789,1,4.567
-1.345,0,1.89
0.456,1,3.456
-0.89,0,2.678
1.234,1,5.789
-0.123,0,1.456
0.678,1,4.678
-1.5,0,1.345
0.89,1,3.567
-0.345,0,2.345
1.456,1,5.89
-0.567,0,1.234
0.234,1,4.567
-1.234,0,2.789
0.123,1,3.456
-0.89,0,1.678
1.345,1,5.678
-0.678,0,2.456
0.456,1,4.89
-1.123,0,1.234
0.789,1,3.789
-0.345,0,2.678
1.5,1,5.89
-0.234,0,1.345
0.89,1,4.567
-1.345,0,2.123
0.567,1,3.456
-0.89,0,1.678
1.234,1,5.678
-0.123,0,2.456
0.678,1,4.89
-1.5,0,1.234
0.345,1,3.789
-0.567,0,2.678
1.456,1,5.89
-0.89,0,1.345
0.234,1,4.567
-1.234,0,2.789
0.123,1,3.456
-0.678,0,1.678
1.345,1,5.678
-0.456,0,2.456
0.789,1,4.89
-1.123,0,1.234
0.678,1,3.789
-0.345,0,2.678
1.5,1,5.89
-0.234,0,1.345
0.89,1,4.567
-1.345,0,2.123
0.567,1,3.456
-0.89,0,1.678
1.234,1,5.678
-0.123,0,2.456
0.678,1,4.89
-1.5,0,1.234
0.345,1,3.789
-0.567,0,2.678
1.456,1,5.89
-0.89,0,1.345
0.234,1,4.567
-1.234,0,2.789
0.123,1,3.456
-0.678,0,1.678
1.345,1,5.678
-0.456,0,2.456
0.789,1,4.89
-1.123,0,1.234
0.678,1,3.789
-0.345,0,2.678
1.5,1,5.89
-0.234,0,1.345
0.89,1,4.567
-1.345,0,2.123
0.567,1,3.456
-0.89,0,1.678
1.234,1,5.678
-0.123,0,2.456
0.678,1,4.89
-1.5,0,1.234
0.345,1,3.789
-0.567,0,2.678
1.456,1,5.89
-0.89,0,1.345
0.234,1,4.567
-1.234,0,2.789
0.123,1,3.456
-0.678,0,1.678
1.345,1,5.678
-0.456,0,2.456
0.789,1,4.89
-1.123,0,1.234
0.678,1,3.789
-0.345,0,2.678
1.5,1,5.89
-0.234,0,1.345
0.89,1,4.567
-1.345,0,2.123
0.567,1,3.456
-0.89,0,1.678
1.234,1,5.678
-0.123,0,2.456
0.678,1,4.89
-1.5,0,1.234
0.345,1,3.789
-0.567,0,2.678
1.456,1,5.89
-0.89,0,1.345
0.234,1,4.567
-1.234,0,2.789
0.123,1,3.456
-0.678,0,1.678
1.345,1,5.678
-0.456,0,2.456
0.789,1,4.89
-1.123,0,1.234
0.678,1,3.789
-0.345,0,2.678
1.5,1,5.89
-0.234,0,1.345
0.89,1,4.567
-1.345,0,2.123
0.567,1,3.456
-0.89,0,1.678
1.234,1,5.678
-0.123,0,2.456
0.678,1,4.89
-1.5,0,1.234
0.345,1,3.789
-0.567,0,2.678
1.456,1,5.89
-0.89,0,1.345
0.234,1,4.567
-1.234,0,2.789
0.123,1,3.456
-0.678,0,1.678
1.345,1,5.678
-0.456,0,2.456
0.789,1,4.89
-1.123,0,1.234
0.678,1,3.789
-0.345,0,2.678
1.5,1,5.89
-0.234,0,1.345
0.89,1,4.567
-1.345,0,2.123
0.567,1,3.456
-0.89,0,1.678
1.234,1,5.678
-0.123,0,2.456
0.678,1,4.89
-1.5,0,1.234
0.345,1,3.789
-0.567,0,2.678
1.456,1,5.89
-0.89,0,1.345
0.234,1,4.567
-1.234,0,2.789
0.123,1,3.456
-0.678,0,1.678
1.345,1,5.678
-0.456,0,2.456
0.789,1,4.89
-1.123,0,1.234
0.678,1,3.789
-0.345,0,2.678
1.5,1,5.89
-0.234,0,1.345
0.89,1,4.567
-1.345,0,2.123
0.567,1,3.456
-0.89,0,1.678
1.234,1,5.678
-0.123,0,2.456
0.678,1,4.89
-1.5,0,1.234
0.345,1,3.789
-0.567,0,2.678
1.456,1,5.89
-0.89,0,1.345
0.234,1,4.567
-1.234,0,2.789
0.123,1,3.456
-0.678,0,1.678
1.345,1,5.678
-0.456,0,2.456
0.789,1,4.89
-1.123,0,1.234
0.678,1,3.789
-0.345,0,2.678
1.5,1,5.89
-0.234,0,1.345
0.89,1,4.567
-1.345,0,2.123
0.567,1,3.456
-0.89,0,1.678
1.234,1,5.678
-0.123,0,2.456
0.678,1,4.89
-1.5,0,1.234
0.345,1,3.789
-0.567,0,2.678
1.456,1,5.89
-0.89,0,1.345
0.234,1,4.567
-1.234,0,2.789
0.123,1,3.456
-0.678,0,1.678
1.345,1,5.678
-0.456,0,2.456
0.789,1,4.89
-1.123,0,1.234
0.678,1,3.789
-0.345,0,2.678
1.5,1,5.89
-0.234,0,1.345
0.89,1,4.567
-1.345,0,2.123
0.567,1,3.456
-0.89,0,1.678
1.234,1,5.678
-0.123,0,2.456
0.678,1,4.89
-1.5,0,1.234
0.345,1,3.789
-0.567,0,2.678
1.456,1,5.89
-0.89,0,1.345
0.234,1,4.567
-1.234,0,2.789
0.123,1,3.456
-0.678,0,1.678
1.345,1,5.678
-0.456,0,2.456
0.789,1,4.89
-1.123,0,1.234
0.678,1,3.789
-0.345,0,2.678
1.5,1,5.89
-0.234,0,1.345
0.89,1,4.567
-1.345,0,2.123
0.567,1,3.456
-0.89,0,1.678
1.234,1,5.678
-0.123,0,2.456
0.678,1,4.89
-1.5,0,1.234
0.345,1,3.789
-0.567,0,2.678
1.456,1,5.89
-0.89,0,1.345
-0.123,1,3.456
0.456,0,1.234
-1.234,1,4.567
0.789,1,5.678
-0.567,0,2.345
1.234,1,6.789
-0.345,0,2.456
0.123,1,4.123
1.456,1,7.89
-1.456,0,1.678
0.678,1,5.234
-0.789,0,2.678
0.345,1,4.678
-0.456,0,2.123
1.345,1,6.456
-0.678,0,2.789
0.234,1,4.89
1.5,1,7.123
-1.123,0,1.89
0.567,1,5.678
-0.234,0,2.345
1.234,1,6.789
-0.456,0,2.456
0.789,1,5.89
-1.345,0,1.234
0.123,1,4.567
1.456,1,7.456
-0.678,0,2.678
0.345,1,4.89
-1.5,0,1.678
0.456,1,5.234
-0.789,0,2.123
1.234,1,6.456
-0.345,0,2.789
0.678,1,5.678
-1.234,0,1.89
0.234,1,4.123
1.5,1,7.89
-0.123,0,2.456
0.789,1,5.678
-0.456,0,2.345
1.345,1,6.789
-0.678,0,2.678
0.567,1,5.89
-1.456,0,1.234
0.123,1,4.567
1.234,1,6.456
-0.789,0,2.123
0.345,1,4.89
-1.345,0,1.678
0.456,1,5.234
-0.234,0,2.789
1.5,1,7.123
-0.678,0,2.456
0.678,1,5.678
-1.123,0,1.89
0.789,1,5.89
-0.456,0,2.345
1.234,1,6.789
-0.345,0,2.678
0.123,1,4.123
1.456,1,7.89
-0.789,0,1.678
0.234,1,4.567
-1.5,0,1.234
0.567,1,5.678
-0.678,0,2.456
1.345,1,6.456
-0.123,0,2.789
0.789,1,5.89
-1.234,0,1.89
0.456,1,4.123
-0.345,0,2.678
1.5,1,7.123
-0.789,0,2.456
0.678,1,5.678
-1.123,0,1.234
0.234,1,4.567
-0.456,0,2.345
1.234,1,6.789
-0.678,0,2.789
0.123,1,4.89
1.456,1,7.456
-0.789,0,1.678
0.345,1,5.234
-1.345,0,2.123
0.567,1,5.678
-0.234,0,2.456
1.5,1,7.89
-0.678,0,1.89
0.789,1,5.89
-1.234,0,2.678
0.456,1,4.123
-0.345,0,2.789
1.234,1,6.456
-0.123,0,1.678
0.678,1,5.678
-1.456,0,2.345
0.234,1,4.567
-0.789,0,2.456
1.345,1,6.789
-0.678,0,2.678
0.567,1,5.89
-1.123,0,1.89
0.123,1,4.123
-0.456,0,2.345
1.5,1,7.123
-0.789,0,2.456
0.678,1,5.678
-1.234,0,1.678
0.789,1,5.89
-0.345,0,2.789
1.234,1,6.456
-0.678,0,2.456
0.456,1,4.567
-1.345,0,1.234
0.123,1,5.678
-0.789,0,2.678
1.5,1,7.89
-0.678,0,1.89
0.789,1,5.89
-1.234,0,2.345
0.234,1,4.123
-0.456,0,2.789
1.234,1,6.456
-0.123,0,1.678
0.678,1,5.678
-1.456,0,2.456
0.567,1,5.89
-0.789,0,2.678
1.345,1,6.789
-0.678,0,1.89
0.123,1,4.567
-1.234,0,2.345
0.456,1,5.678
-0.345,0,2.789
1.5,1,7.123
-0.789,0,1.678
0.678,1,5.89
-1.123,0,2.456
0.234,1,4.567
-0.456,0,2.345
1.234,1,6.456
-0.678,0,2.678
0.567,1,5.89
-1.345,0,1.89
0.123,1,4.123
-0.789,0,2.456
1.5,1,7.89
-0.678,0,1.678
0.789,1,5.678
-1.234,0,2.345
0.456,1,4.567
-0.345,0,2.789
1.234,1,6.456
-0.123,0,1.89
0.678,1,5.89
-1.456,0,2.678
0.234,1,4.123
-0.789,0,2.456
1.345,1,6.789
-0.678,0,1.678
0.567,1,5.678
-1.123,0,2.345
0.123,1,4.567
-0.456,0,2.789
1.5,1,7.123
-0.789,0,1.89
0.678,1,5.89
-1.234,0,2.456
0.456,1,4.123
-0.345,0,2.678
1.234,1,6.456
-0.123,0,1.678
0.789,1,5.678
-1.456,0,2.345
0.234,1,4.567
-0.789,0,2.789
1.345,1,6.789
-0.678,0,1.89
0.567,1,5.89
-1.123,0,2.456
0.123,1,4.123
-0.456,0,2.678
1.5,1,7.123
-0.789,0,1.678
0.678,1,5.678
-1.234,0,2.345
0.456,1,4.567
-0.345,0,2.789
1.234,1,6.456
-0.123,0,1.89
0.789,1,5.89
-1.456,0,2.678
0.234,1,4.123
-0.789,0,2.456
1.345,1,6.789
-0.678,0,1.678
0.567,1,5.678
-1.123,0,2.345
0.123,1,4.567
-0.456,0,2.789
1.5,1,7.123
-0.789,0,1.89
0.678,1,5.89
-1.234,0,2.456
0.456,1,4.123
-0.345,0,2.678
1.234,1,6.456
-0.123,0,1.678
0.789,1,5.678
-1.456,0,2.345
0.234,1,4.567
-0.789,0,2.789
1.345,1,6.789
-0.678,0,1.89
0.567,1,5.89
-1.123,0,2.456
0.123,1,4.123
-0.456,0,2.678
1.5,1,7.123
-0.789,0,1.678
0.678,1,5.678
-1.234,0,2.345
0.456,1,4.567
-0.345,0,2.789
1.234,1,6.456
-0.123,0,1.89
0.789,1,5.89
-1.456,0,2.678
0.234,1,4.123
-0.789,0,2.456
1.345,1,6.789
-0.678,0,1.678
0.567,1,5.678
-1.123,0,2.345
0.123,1,4.567
-0.456,0,2.789
1.5,1,7.123
-0.789,0,1.89
0.678,1,5.89
-1.234,0,2.456
0.456,1,4.123
-0.345,0,2.678
1.234,1,6.456
-0.123,0,1.678
0.789,1,5.678
-1.456,0,2.345
0.234,1,4.567
-0.789,0,2.789
1.345,1,6.789
-0.678,0,1.89
0.567,1,5.89
-1.123,0,2.456
0.123,1,4.123
-0.456,0,2.678
1.5,1,7.123
-0.789,0,1.678
0.678,1,5.678
-1.234,0,2.345
0.456,1,4.567
-0.345,0,2.789
1.234,1,6.456
-0.123,0,1.89
0.789,1,5.89
-1.456,0,2.678
0.234,1,4.123
-0.789,0,2.456
1.345,1,6.789
-0.678,0,1.678
0.567,1,5.678
-1.123,0,2.345
0.123,1,4.567
-0.456,0,2.789
1.5,1,7.123
-0.789,0,1.89
0.678,1,5.89
-1.234,0,2.456
0.456,1,4.123
-0.345,0,2.678
1.234,1,6.456
-0.123,0,1.678
0.789,1,5.678
-1.456,0,2.345
0.234,1,4.567
-0.789,0,2.789
1.345,1,6.789
-0.678,0,1.89
0.567,1,5.89
-1.123,0,2.456
0.123,1,4.123
-0.456,0,2.678
1.5,1,7.123
-0.789,0,1.678
0.678,1,5.678
-1.234,0,2.345
0.456,1,4.567
-0.345,0,2.789
1.234,1,6.456
-0.123,0,1.89
-0.123,1,5.678
0.456,0,3.234
1.234,1,8.456
-1.234,0,2.345
0.789,1,7.89
-0.456,0,4.567
1.123,1,9.012
-0.789,0,3.456
0.345,1,6.789
-1.456,0,2.123
0.567,1,7.345
1.345,1,8.789
-0.234,0,3.678
0.678,1,6.123
-1.123,0,2.456
0.89,1,7.89
-0.678,0,4.89
1.456,1,9.345
-0.345,0,3.234
0.123,1,5.678
-1.345,0,2.789
0.234,1,6.456
1.5,1,9.89
-0.567,0,3.123
0.456,1,7.234
-1.5,0,2.345
0.789,1,8.567
-0.89,0,4.678
1.234,1,9.012
-0.123,0,3.456
0.678,1,6.789
-1.234,0,2.123
0.345,1,5.89
-0.456,0,4.567
1.345,1,8.456
-0.789,0,3.678
0.567,1,7.123
1.456,1,9.234
-0.678,0,2.89
0.89,1,6.789
-1.456,0,3.456
0.123,1,5.678
-0.234,0,2.345
1.5,1,8.901
-0.345,0,4.123
0.789,1,7.456
-1.123,0,2.678
0.678,1,6.89
-0.89,0,3.234
1.234,1,9.012
-0.567,0,4.567
0.456,1,7.89
-1.345,0,2.123
0.345,1,5.678
-0.678,0,3.456
1.456,1,8.234
-0.123,0,2.789
0.678,1,6.567
-1.5,0,4.89
0.89,1,7.345
-0.234,0,3.678
1.345,1,9.456
-0.456,0,2.345
0.567,1,5.89
-1.234,0,4.123
0.123,1,6.789
-0.789,0,3.456
1.5,1,8.901
-0.89,0,2.678
0.678,1,7.234
-1.345,0,4.567
0.456,1,5.678
-0.678,0,3.234
1.234,1,9.012
-0.123,0,2.89
0.789,1,6.89
-1.456,0,4.123
0.345,1,5.456
-0.567,0,3.678
1.345,1,8.901
-0.89,0,2.345
0.678,1,7.89
-1.234,0,4.567
0.123,1,6.123
-0.234,0,3.456
1.5,1,9.234
-0.345,0,2.678
0.89,1,5.89
-1.5,0,4.89
0.456,1,7.345
-0.678,0,3.123
1.234,1,8.567
-0.567,0,2.789
0.678,1,6.789
-1.345,0,4.123
0.123,1,5.678
-0.89,0,3.456
1.456,1,9.012
-0.234,0,2.345
0.789,1,7.89
-1.123,0,4.567
0.345,1,5.678
-0.678,0,3.234
1.5,1,8.901
-0.89,0,2.678
0.678,1,6.89
-1.234,0,4.123
0.456,1,7.234
-0.567,0,3.678
1.345,1,9.456
-0.123,0,2.345
0.89,1,5.89
-1.456,0,4.567
0.678,1,6.789
-0.234,0,3.456
1.5,1,8.901
-0.345,0,2.678
0.123,1,5.678
-1.5,0,4.89
0.456,1,7.345
-0.678,0,3.123
1.234,1,9.012
-0.567,0,2.789
0.789,1,6.89
-1.345,0,4.123
0.345,1,5.678
-0.89,0,3.456
1.456,1,8.901
-0.234,0,2.345
0.678,1,7.89
-1.123,0,4.567
0.123,1,6.123
-0.678,0,3.456
1.5,1,9.234
-0.345,0,2.678
0.89,1,5.89
-1.5,0,4.89
0.456,1,7.345
-0.567,0,3.123
1.234,1,8.567
-0.89,0,2.789
0.678,1,6.789
-1.234,0,4.123
0.123,1,5.678
-0.234,0,3.456
1.5,1,9.012
-0.345,0,2.345
0.789,1,7.89
-1.456,0,4.567
0.456,1,5.678
-0.678,0,3.234
1.345,1,8.901
-0.123,0,2.678
0.678,1,6.89
-1.345,0,4.123
0.89,1,5.89
-0.567,0,3.456
1.456,1,9.234
-0.234,0,2.345
0.123,1,5.678
-1.5,0,4.89
0.456,1,7.345
-0.678,0,3.123
1.234,1,9.012
-0.89,0,2.789
0.789,1,6.789
-1.123,0,4.567
0.345,1,5.678
-0.89,0,3.456
1.5,1,8.901
-0.234,0,2.678
0.678,1,7.89
-1.456,0,4.123
0.123,1,6.123
-0.567,0,3.456
1.345,1,9.234
-0.345,0,2.345
0.89,1,5.89
-1.5,0,4.89
0.456,1,7.345
-0.678,0,3.123
1.234,1,8.567
-0.89,0,2.789
0.678,1,6.89
-1.234,0,4.123
0.123,1,5.678
-0.234,0,3.456
1.5,1,9.012
-0.345,0,2.678
0.789,1,7.89
-1.456,0,4.567
0.456,1,5.678
-0.678,0,3.234
1.345,1,8.901
-0.123,0,2.345
0.678,1,6.89
-1.345,0,4.123
0.89,1,5.89
-0.567,0,3.456
1.456,1,9.234
-0.234,0,2.678
0.123,1,5.678
-1.5,0,4.89
0.456,1,7.345
-0.678,0,3.123
1.234,1,9.012
-0.89,0,2.789
0.789,1,6.789
-1.123,0,4.567
0.345,1,5.678
-0.89,0,3.456
1.5,1,8.901
-0.234,0,2.678
0.678,1,7.89
-1.456,0,4.123
0.123,1,6.123
-0.567,0,3.456
1.345,1,9.234
-0.345,0,2.345
0.89,1,5.89
-1.5,0,4.89
0.456,1,7.345
-0.678,0,3.123
1.234,1,8.567
-0.89,0,2.789
0.678,1,6.89
-1.234,0,4.123
0.123,1,5.678
-0.234,0,3.456
1.5,1,9.012
-0.345,0,2.678
0.789,1,7.89
-1.456,0,4.567
0.456,1,5.678
-0.678,0,3.234
1.345,1,8.901
-0.123,0,2.345
0.678,1,6.89
-1.345,0,4.123
0.89,1,5.89
-0.567,0,3.456
1.456,1,9.234
-0.234,0,2.678
0.123,1,5.678
-1.5,0,4.89
0.456,1,7.345
-0.678,0,3.123
1.234,1,9.012
-0.89,0,2.789
0.789,1,6.789
-1.123,0,4.567
0.345,1,5.678
-0.89,0,3.456
1.5,1,8.901
-0.234,0,2.678
0.678,1,7.89
-1.456,0,4.123
0.123,1,6.123
-0.567,0,3.456
1.345,1,9.234
-0.345,0,2.345
0.89,1,5.89
-1.5,0,4.89
0.456,1,7.345
-0.678,0,3.123
1.234,1,8.567
-0.89,0,2.789
0.678,1,6.89
-1.234,0,4.123
0.123,1,5.678
-0.234,0,3.456
1.5,1,9.012
-0.345,0,2.678
0.789,1,7.89
-1.456,0,4.567
0.456,1,5.678
-0.678,0,3.234
1.345,1,8.901
-0.123,0,2.345
0.678,1,6.89
-1.345,0,4.123
0.89,1,5.89
-0.567,0,3.456
1.456,1,9.234
-0.234,0,2.678
0.123,1,5.678
-1.5,0,4.89
0.456,1,7.345
-0.678,0,3.123
1.234,1,9.012
-0.89,0,2.789
0.789,1,6.789
-1.123,0,4.567
0.345,1,5.678
-0.89,0,3.456
1.5,1,8.901
-0.234,0,2.678
0.678,1,7.89
-1.456,0,4.123
0.123,1,6.123
-0.123,1,2.456
0.456,0,1.234
-1.234,1,3.678
0.789,1,4.567
1.234,0,2.345
-0.567,1,3.456
0.345,0,1.678
-0.789,1,2.345
1.456,0,3.456
-1.345,1,4.567
0.123,0,1.234
-0.456,1,2.678
1.5,0,3.789
0.567,1,4.123
-0.234,0,1.456
1.345,1,5.678
-1.5,0,2.345
0.789,1,3.456
-0.345,0,1.789
1.012,1,4.567
-0.678,0,2.456
0.234,1,3.678
-1.012,0,1.234
1.5,1,5.678
-0.89,0,2.345
0.456,1,4.123
-0.123,0,1.678
1.234,1,3.456
-0.567,0,2.789
0.678,1,4.567
-1.234,0,1.456
1.345,1,5.678
-0.789,0,2.345
0.123,1,3.789
-0.456,0,1.234
1.5,1,4.567
-0.234,0,2.678
0.789,1,3.456
-1.5,0,1.89
1.5,1,5.678
-0.89,0,2.456
0.456,1,4.123
-0.123,0,1.678
1.234,1,3.456
-0.567,0,2.789
0.678,1,4.567
-1.234,0,1.456
1.345,1,5.678
-0.789,0,2.345
0.123,1,3.789
-0.456,0,1.234
1.5,1,4.567
-0.234,0,2.678
0.789,1,3.456
-1.5,0,1.89
1.5,1,5.678
-0.89,0,2.456
0.456,1,4.123
-0.123,0,1.678
1.234,1,3.456
-0.567,0,2.789
0.678,1,4.567
-1.234,0,1.456
1.345,1,5.678
-0.789,0,2.345
0.123,1,3.789
-0.456,0,1.234
1.5,1,4.567
-0.234,0,2.678
0.789,1,3.456
-1.5,0,1.89
1.5,1,5.678
-0.89,0,2.456
0.456,1,4.123
-0.123,0,1.678
1.234,1,3.456
-0.567,0,2.789
0.678,1,4.567
-1.234,0,1.456
1.345,1,5.678
-0.789,0,2.345
0.123,1,3.789
-0.456,0,1.234
1.5,1,4.567
-0.234,0,2.678
0.789,1,3.456
-1.5,0,1.89
1.5,1,5.678
-0.89,0,2.456
0.456,1,4.123
-0.123,0,1.678
1.234,1,3.456
-0.567,0,2.789
0.678,1,4.567
-1.234,0,1.456
1.345,1,5.678
-0.789,0,2.345
0.123,1,3.789
-0.456,0,1.234
1.5,1,4.567
-0.234,0,2.678
0.789,1,3.456
-1.5,0,1.89
1.5,1,5.678
-0.89,0,2.456
0.456,1,4.123
-0.123,0,1.678
1.234,1,3.456
-0.567,0,2.789
0.678,1,4.567
-1.234,0,1.456
1.345,1,5.678
-0.789,0,2.345
0.123,1,3.789
-0.456,0,1.234
1.5,1,4.567
-0.234,0,2.678
0.789,1,3.456
-1.5,0,1.89
1.5,1,5.678
-0.89,0,2.456
0.456,1,4.123
-0.123,0,1.678
1.234,1,3.456
-0.567,0,2.789
0.678,1,4.567
-1.234,0,1.456
1.345,1,5.678
-0.789,0,2.345
0.123,1,3.789
-0.456,0,1.234
1.5,1,4.567
-0.234,0,2.678
0.789,1,3.456
-1.5,0,1.89
1.5,1,5.678
-0.89,0,2.456
0.456,1,4.123
-0.123,0,1.678
1.234,1,3.456
-0.567,0,2.789
0.678,1,4.567
-1.234,0,1.456
1.345,1,5.678
-0.789,0,2.345
0.123,1,3.789
-0.456,0,1.234
1.5,1,4.567
-0.234,0,2.678
0.789,1,3.456
-1.5,0,1.89
1.5,1,5.678
-0.89,0,2.456
0.456,1,4.123
-0.123,0,1.678
1.234,1,3.456
-0.567,0,2.789
0.678,1,4.567
-1.234,0,1.456
1.345,1,5.678
-0.789,0,2.345
0.123,1,3.789
-0.456,0,1.234
1.5,1,4.567
-0.234,0,2.678
0.789,1,3.456
-1.5,0,1.89
1.5,1,5.678
-0.89,0,2.456
0.456,1,4.123
-0.123,0,1.678
1.234,1,3.456
-0.567,0,2.789
0.678,1,4.567
-1.234,0,1.456
1.345,1,5.678
-0.789,0,2.345
0.123,1,3.789
-0.456,0,1.234
1.5,1,4.567
-0.234,0,2.678
0.789,1,3.456
-1.5,0,1.89
1.5,1,5.678
-0.89,0,2.456
0.456,1,4.123
-0.123,0,1.678
1.234,1,3.456
-0.567,0,2.789
0.678,1,4.567
-1.234,0,1.456
1.345,1,5.678
-0.789,0,2.345
0.123,1,3.789
-0.456,0,1.234
1.5,1,4.567
-0.234,0,2.678
0.789,1,3.456
-1.5,0,1.89
1.5,1,5.678
-0.89,0,2.456
0.456,1,4.123
-0.123,0,1.678
1.234,1,3.456
-0.567,0,2.789
0.678,1,4.567
-1.234,0,1.456
1.345,1,5.678
-0.789,0,2.345
0.123,1,3.789
-0.456,0,1.234
1.5,1,4.567
-0.234,0,2.678
0.789,1,3.456
-1.5,0,1.89
1.5,1,5.678
-0.89,0,2.456
0.456,1,4.123
-0.123,0,1.678
1.234,1,3.456
-0.567,0,2.789
0.678,1,4.567
-1.234,0,1.456
1.345,1,5.678
-0.789,0,2.345
0.123,1,3.789
-0.456,0,1.234
1.5,1,4.567
-0.234,0,2.678
0.789,1,3.456
-1.5,0,1.89
1.5,1,5.678
-0.89,0,2.456
0.456,1,4.123
-0.123,0,1.678
1.234,1,3.456
-0.567,0,2.789
0.678,1,4.567
-1.234,0,1.456
1.345,1,5.678
-0.789,0,2.345
0.123,1,3.789
-0.456,0,1.234
1.5,1,4.567
-0.234,0,2.678
0.789,1,3.456
-1.5,0,1.89
1.5,1,5.678
-0.89,0,2.456
0.456,1,4.123
-0.123,0,1.678
1.234,1,3.456
-0.567,0,2.789
0.678,1,4.567
-1.234,0,1.456
1.345,1,5.678
-0.789,0,2.345
0.123,1,3.789
-0.456,0,1.234
1.5,1,4.567
-0.234,0,2.678
0.789,1,3.456
-1.5,0,1.89
1.5,1,5.678
-0.89,0,2.456
0.456,1,4.123
-0.123,0,1.678
1.234,1,3.456
-0.567,0,2.789
0.678,1,4.567
-1.234,0,1.456
1.345,1,5.678
-0.789,0,2.345
0.123,1,3.789
-0.456,0,1.234
1.5,1,4.567
-0.234,0,2.678
0.789,1,3.456
-1.5,0,1.89
1.5,1,5.678
-0.89,0,2.456
0.456,1,4.123
-0.123,0,1.678
1.234,1,3.456
-0.567,0,2.789
0.678,1,4.567
-1.234,0,1.456
1.345,1,5.678
-0.789,0,2.345
0.123,1,3.789
-0.456,0,1.234
1.5,1,4.567
-0.234,0,2.678
0.789,1,3.456
-1.5,0,1.89
1.5,1,5.678
-0.89,0,2.456
0.456,1,4.123
-0.123,0,1.678
1.234,1,3.456
-0.123,1,3.456
0.789,0,2.345
-1.234,1,4.567
0.456,0,1.234
1.345,1,5.678
-0.567,0,2.456
0.234,1,3.789
-1.456,0,1.678
0.678,1,4.89
-0.345,0,2.123
1.234,1,5.456
-0.789,0,1.89
0.123,1,3.234
-1.123,0,2.678
0.567,1,4.123
-0.678,0,1.456
1.456,1,5.789
-0.234,0,2.345
0.345,1,3.678
-1.345,0,1.89
0.89,1,4.567
-0.456,0,2.123
1.123,1,5.678
-0.89,0,1.234
0.678,1,3.456
-1.5,0,2.789
0.234,1,4.89
-0.123,0,1.567
1.234,1,5.456
-0.567,0,2.345
0.789,1,3.789
-1.234,0,1.678
0.456,1,4.123
-0.678,0,2.456
1.345,1,5.678
-0.89,0,1.89
0.123,1,3.234
-1.456,0,2.678
0.567,1,4.123
-0.234,0,1.456
1.456,1,5.789
-0.345,0,2.345
0.678,1,3.678
-1.345,0,1.89
0.89,1,4.567
-0.456,0,2.123
1.123,1,5.678
-0.789,0,1.234
0.234,1,3.456
-1.5,0,2.789
0.345,1,4.89
-0.123,0,1.567
1.234,1,5.456
-0.567,0,2.345
0.789,1,3.789
-1.234,0,1.678
0.456,1,4.123
-0.678,0,2.456
1.345,1,5.678
-0.89,0,1.89
0.123,1,3.234
-1.456,0,2.678
0.567,1,4.123
-0.234,0,1.456
1.456,1,5.789
-0.345,0,2.345
0.678,1,3.678
-1.345,0,1.89
0.89,1,4.567
-0.456,0,2.123
1.123,1,5.678
-0.789,0,1.234
0.234,1,3.456
-1.5,0,2.789
0.345,1,4.89
-0.123,0,1.567
1.234,1,5.456
-0.567,0,2.345
0.789,1,3.789
-1.234,0,1.678
0.456,1,4.123
-0.678,0,2.456
1.345,1,5.678
-0.89,0,1.89
0.123,1,3.234
-1.456,0,2.678
0.567,1,4.123
-0.234,0,1.456
1.456,1,5.789
-0.345,0,2.345
0.678,1,3.678
-1.345,0,1.89
0.89,1,4.567
-0.456,0,2.123
1.123,1,5.678
-0.789,0,1.234
0.234,1,3.456
-1.5,0,2.789
0.345,1,4.89
-0.123,0,1.567
1.234,1,5.456
-0.567,0,2.345
0.789,1,3.789
-1.234,0,1.678
0.456,1,4.123
-0.678,0,2.456
1.345,1,5.678
-0.89,0,1.89
0.123,1,3.234
-1.456,0,2.678
0.567,1,4.123
-0.234,0,1.456
1.456,1,5.789
-0.345,0,2.345
0.678,1,3.678
-1.345,0,1.89
0.89,1,4.567
-0.456,0,2.123
1.123,1,5.678
-0.789,0,1.234
0.234,1,3.456
-1.5,0,2.789
0.345,1,4.89
-0.123,0,1.567
1.234,1,5.456
-0.567,0,2.345
0.789,1,3.789
-1.234,0,1.678
0.456,1,4.123
-0.678,0,2.456
1.345,1,5.678
-0.89,0,1.89
0.123,1,3.234
-1.456,0,2.678
0.567,1,4.123
-0.234,0,1.456
1.456,1,5.789
-0.345,0,2.345
0.678,1,3.678
-1.345,0,1.89
0.89,1,4.567
-0.456,0,2.123
1.123,1,5.678
-0.789,0,1.234
0.234,1,3.456
-1.5,0,2.789
0.345,1,4.89
-0.123,0,1.567
1.234,1,5.456
-0.567,0,2.345
0.789,1,3.789
-1.234,0,1.678
0.456,1,4.123
-0.678,0,2.456
1.345,1,5.678
-0.89,0,1.89
0.123,1,3.234
-1.456,0,2.678
0.567,1,4.123
-0.234,0,1.456
1.456,1,5.789
-0.345,0,2.345
0.678,1,3.678
-1.345,0,1.89
0.89,1,4.567
-0.456,0,2.123
1.123,1,5.678
-0.789,0,1.234
0.234,1,3.456
-1.5,0,2.789
0.345,1,4.89
-0.123,0,1.567
1.234,1,5.456
-0.567,0,2.345
0.789,1,3.789
-1.234,0,1.678
0.456,1,4.123
-0.678,0,2.456
1.345,1,5.678
-0.89,0,1.89
0.123,1,3.234
-1.456,0,2.678
0.567,1,4.123
-0.234,0,1.456
1.456,1,5.789
-0.345,0,2.345
0.678,1,3.678
-1.345,0,1.89
0.89,1,4.567
-0.456,0,2.123
1.123,1,5.678
-0.789,0,1.234
0.234,1,3.456
-1.5,0,2.789
0.345,1,4.89
-0.123,0,1.567
1.234,1,5.456
-0.567,0,2.345
0.789,1,3.789
-1.234,0,1.678
0.456,1,4.123
-0.678,0,2.456
1.345,1,5.678
-0.89,0,1.89
0.123,1,3.234
-1.456,0,2.678
0.567,1,4.123
-0.234,0,1.456
1.456,1,5.789
-0.345,0,2.345
0.678,1,3.678
-1.345,0,1.89
0.89,1,4.567
-0.456,0,2.123
1.123,1,5.678
-0.789,0,1.234
0.234,1,3.456
-1.5,0,2.789
0.345,1,4.89
-0.123,0,1.567
1.234,1,5.456
-0.567,0,2.345
0.789,1,3.789
-1.234,0,1.678
0.456,1,4.123
-0.678,0,2.456
1.345,1,5.678
-0.89,0,1.89
0.123,1,3.234
-1.456,0,2.678
0.567,1,4.123
-0.234,0,1.456
1.456,1,5.789
-0.345,0,2.345
0.678,1,3.678
-1.345,0,1.89
0.89,1,4.567
-0.456,0,2.123
1.123,1,5.678
-0.789,0,1.234
0.234,1,3.456
-1.5,0,2.789
0.345,1,4.89
-0.123,0,1.567
1.234,1,5.456
-0.567,0,2.345
0.789,1,3.789
-1.234,0,1.678
0.456,1,4.123
-0.678,0,2.456
1.345,1,5.678
-0.89,0,1.89
0.123,1,3.234
-1.456,0,2.678
0.567,1,4.123
-0.234,0,1.456
1.456,1,5.789
-0.345,0,2.345
0.678,1,3.678
-1.345,0,1.89
0.89,1,4.567
-0.456,0,2.123
1.123,1,5.678
-0.789,0,1.234
0.234,1,3.456
-1.5,0,2.789
0.345,1,4.89
-0.123,0,1.567
1.234,1,5.456
-0.567,0,2.345
0.789,1,3.789
-1.234,0,1.678
0.456,1,4.123
-0.678,0,2.456
1.345,1,5.678
-0.89,0,1.89
0.123,1,3.234
-1.456,0,2.678
0.567,1,4.123
-0.234,0,1.456
1.456,1,5.789
-0.345,0,2.345
0.678,1,3.678
-1.345,0,1.89
0.89,1,4.567
-0.456,0,2.123
1.123,1,5.678
-0.789,0,1.234
0.234,1,3.456
-1.5,0,2.789
0.345,1,4.89
-0.123,0,1.567
1.234,1,5.456
-0.567,0,2.345
0.789,1,3.789
-1.234,0,1.678
0.456,1,4.123
-0.678,0,2.456
1.345,1,5.678
-0.89,0,1.89
-0.234,1,5.672
0.456,1,7.891
1.234,0,3.456
-1.123,0,2.345
0.678,1,8.123
-0.567,0,4.567
1.345,1,9.234
-0.789,0,3.678
0.123,1,6.789
-1.456,0,2.456
0.345,1,7.234
-0.987,0,3.456
1.456,1,9.567
-0.345,0,4.123
0.789,1,8.456
-1.234,0,2.678
0.567,1,7.891
-0.678,0,3.789
1.123,1,9.123
-0.456,0,4.345
0.234,1,6.567
-1.345,0,2.789
0.456,1,7.456
-0.123,0,3.234
1.234,1,8.789
-0.789,0,4.678
0.678,1,7.123
-1.5,0,2.456
0.345,1,6.789
-0.987,0,3.567
1.456,1,9.345
-0.345,0,4.123
0.789,1,8.456
-1.234,0,2.678
0.567,1,7.891
-0.678,0,3.789
1.123,1,9.123
-0.456,0,4.345
0.234,1,6.567
-1.345,0,2.789
0.456,1,7.456
-0.123,0,3.234
1.234,1,8.789
-0.789,0,4.678
0.678,1,7.123
-1.5,0,2.456
0.345,1,6.789
-0.987,0,3.567
1.456,1,9.345
-0.345,0,4.123
0.789,1,8.456
-1.234,0,2.678
0.567,1,7.891
-0.678,0,3.789
1.123,1,9.123
-0.456,0,4.345
0.234,1,6.567
-1.345,0,2.789
0.456,1,7.456
-0.123,0,3.234
1.234,1,8.789
-0.789,0,4.678
0.678,1,7.123
-1.5,0,2.456
0.345,1,6.789
-0.987,0,3.567
1.456,1,9.345
-0.345,0,4.123
0.789,1,8.456
-1.234,0,2.678
0.567,1,7.891
-0.678,0,3.789
1.123,1,9.123
-0.456,0,4.345
0.234,1,6.567
-1.345,0,2.789
0.456,1,7.456
-0.123,0,3.234
1.234,1,8.789
-0.789,0,4.678
0.678,1,7.123
-1.5,0,2.456
0.345,1,6.789
-0.987,0,3.567
1.456,1,9.345
-0.345,0,4.123
0.789,1,8.456
-1.234,0,2.678
0.567,1,7.891
-0.678,0,3.789
1.123,1,9.123
-0.456,0,4.345
0.234,1,6.567
-1.345,0,2.789
0.456,1,7.456
-0.123,0,3.234
1.234,1,8.789
-0.789,0,4.678
0.678,1,7.123
-1.5,0,2.456
0.345,1,6.789
-0.987,0,3.567
1.456,1,9.345
-0.345,0,4.123
0.789,1,8.456
-1.234,0,2.678
0.567,1,7.891
-0.678,0,3.789
1.123,1,9.123
-0.456,0,4.345
0.234,1,6.567
-1.345,0,2.789
0.456,1,7.456
-0.123,0,3.234
1.234,1,8.789
-0.789,0,4.678
0.678,1,7.123
-1.5,0,2.456
0.345,1,6.789
-0.987,0,3.567
1.456,1,9.345
-0.345,0,4.123
0.789,1,8.456
-1.234,0,2.678
0.567,1,7.891
-0.678,0,3.789
1.123,1,9.123
-0.456,0,4.345
0.234,1,6.567
-1.345,0,2.789
0.456,1,7.456
-0.123,0,3.234
1.234,1,8.789
-0.789,0,4.678
0.678,1,7.123
-1.5,0,2.456
0.345,1,6.789
-0.987,0,3.567
1.456,1,9.345
-0.345,0,4.123
0.789,1,8.456
-1.234,0,2.678
0.567,1,7.891
-0.678,0,3.789
1.123,1,9.123
-0.456,0,4.345
0.234,1,6.567
-1.345,0,2.789
0.456,1,7.456
-0.123,0,3.234
1.234,1,8.789
-0.789,0,4.678
0.678,1,7.123
-1.5,0,2.456
0.345,1,6.789
-0.987,0,3.567
1.456,1,9.345
-0.345,0,4.123
0.789,1,8.456
-1.234,0,2.678
0.567,1,7.891
-0.678,0,3.789
1.123,1,9.123
-0.456,0,4.345
0.234,1,6.567
-1.345,0,2.789
0.456,1,7.456
-0.123,0,3.234
1.234,1,8.789
-0.789,0,4.678
0.678,1,7.123
-1.5,0,2.456
0.345,1,6.789
-0.987,0,3.567
1.456,1,9.345
-0.345,0,4.123
0.789,1,8.456
-1.234,0,2.678
0.567,1,7.891
-0.678,0,3.789
1.123,1,9.123
-0.456,0,4.345
0.234,1,6.567
-1.345,0,2.789
0.456,1,7.456
-0.123,0,3.234
1.234,1,8.789
-0.789,0,4.678
0.678,1,7.123
-1.5,0,2.456
0.345,1,6.789
-0.987,0,3.567
1.456,1,9.345
-0.345,0,4.123
0.789,1,8.456
-1.234,0,2.678
0.567,1,7.891
-0.678,0,3.789
1.123,1,9.123
-0.456,0,4.345
0.234,1,6.567
-1.345,0,2.789
0.456,1,7.456
-0.123,0,3.234
1.234,1,8.789
-0.789,0,4.678
0.678,1,7.123
-1.5,0,2.456
0.345,1,6.789
-0.987,0,3.567
1.456,1,9.345
-0.345,0,4.123
0.789,1,8.456
-1.234,0,2.678
0.567,1,7.891
-0.678,0,3.789
1.123,1,9.123
-0.456,0,4.345
0.234,1,6.567
-1.345,0,2.789
0.456,1,7.456
-0.123,0,3.234
1.234,1,8.789
-0.789,0,4.678
0.678,1,7.123
-1.5,0,2.456
0.345,1,6.789
-0.987,0,3.567
1.456,1,9.345
-0.345,0,4.123
0.789,1,8.456
-1.234,0,2.678
0.567,1,7.891
-0.678,0,3.789
1.123,1,9.123
-0.456,0,4.345
0.234,1,6.567
-1.345,0,2.789
0.456,1,7.456
-0.123,0,3.234
1.234,1,8.789
-0.789,0,4.678
0.678,1,7.123
-1.5,0,2.456
0.345,1,6.789
-0.987,0,3.567
1.456,1,9.345
-0.345,0,4.123
0.789,1,8.456
-1.234,0,2.678
0.567,1,7.891
-0.678,0,3.789
1.123,1,9.123
-0.456,0,4.345
0.234,1,6.567
-1.345,0,2.789
0.456,1,7.456
-0.123,0,3.234
1.234,1,8.789
-0.789,0,4.678
0.678,1,7.123
-1.5,0,2.456
0.345,1,6.789
-0.987,0,3.567
1.456,1,9.345
-0.345,0,4.123
0.789,1,8.456
-1.234,0,2.678
0.567,1,7.891
-0.678,0,3.789
1.123,1,9.123
-0.456,0,4.345
0.234,1,6.567
-1.345,0,2.789
0.456,1,7.456
-0.123,0,3.234
1.234,1,8.789
-0.789,0,4.678
0.678,1,7.123
-1.5,0,2.456
0.345,1,6.789
-0.987,0,3.567
1.456,1,9.345
-0.345,0,4.123
0.789,1,8.456
-1.234,0,2.678
0.567,1,7.891
-0.678,0,3.789
1.123,1,9.123
-0.456,0,4.345
0.234,1,6.567
-1.345,0,2.789
0.456,1,7.456
-0.123,0,3.234
1.234,1,8.789
-0.789,0,4.678
0.678,1,7.123
-1.5,0,2.456
0.345,1,6.789
-0.987,0,3.567
-1.234,1,5.678
0.456,0,3.123
1.234,1,7.89
-0.789,0,2.456
0.123,1,6.789
-1.456,0,1.234
0.789,1,8.901
-0.345,0,2.345
1.456,1,9.012
-0.567,0,2.678
0.345,1,7.123
-1.123,0,1.567
0.678,1,8.234
-0.234,0,2.789
1.345,1,8.456
-0.678,0,1.89
0.567,1,7.678
-1.345,0,1.234
0.789,1,8.901
-0.456,0,2.123
1.234,1,9.345
-0.123,0,2.456
0.456,1,7.89
-1.234,0,1.678
0.678,1,8.012
-0.789,0,2.345
1.456,1,9.678
-0.345,0,1.89
0.123,1,6.789
-1.456,0,1.234
0.789,1,8.901
-0.567,0,2.678
1.234,1,7.89
-0.678,0,1.567
0.345,1,7.123
-1.123,0,1.89
0.678,1,8.234
-0.234,0,2.789
1.345,1,8.456
-0.678,0,1.234
0.567,1,7.678
-1.345,0,1.89
0.789,1,8.901
-0.456,0,2.123
1.234,1,9.345
-0.123,0,2.456
0.456,1,7.89
-1.234,0,1.678
0.678,1,8.012
-0.789,0,2.345
1.456,1,9.678
-0.345,0,1.89
0.123,1,6.789
-1.456,0,1.234
0.789,1,8.901
-0.567,0,2.678
1.234,1,7.89
-0.678,0,1.567
0.345,1,7.123
-1.123,0,1.89
0.678,1,8.234
-0.234,0,2.789
1.345,1,8.456
-0.678,0,1.234
0.567,1,7.678
-1.345,0,1.89
0.789,1,8.901
-0.456,0,2.123
1.234,1,9.345
-0.123,0,2.456
0.456,1,7.89
-1.234,0,1.678
0.678,1,8.012
-0.789,0,2.345
1.456,1,9.678
-0.345,0,1.89
0.123,1,6.789
-1.456,0,1.234
0.789,1,8.901
-0.567,0,2.678
1.234,1,7.89
-0.678,0,1.567
0.345,1,7.123
-1.123,0,1.89
0.678,1,8.234
-0.234,0,2.789
1.345,1,8.456
-0.678,0,1.234
0.567,1,7.678
-1.345,0,1.89
0.789,1,8.901
-0.456,0,2.123
1.234,1,9.345
-0.123,0,2.456
0.456,1,7.89
-1.234,0,1.678
0.678,1,8.012
-0.789,0,2.345
1.456,1,9.678
-0.345,0,1.89
0.123,1,6.789
-1.456,0,1.234
0.789,1,8.901
-0.567,0,2.678
1.234,1,7.89
-0.678,0,1.567
0.345,1,7.123
-1.123,0,1.89
0.678,1,8.234
-0.234,0,2.789
1.345,1,8.456
-0.678,0,1.234
0.567,1,7.678
-1.345,0,1.89
0.789,1,8.901
-0.456,0,2.123
1.234,1,9.345
-0.123,0,2.456
0.456,1,7.89
-1.234,0,1.678
0.678,1,8.012
-0.789,0,2.345
1.456,1,9.678
-0.345,0,1.89
0.123,1,6.789
-1.456,0,1.234
0.789,1,8.901
-0.567,0,2.678
1.234,1,7.89
-0.678,0,1.567
0.345,1,7.123
-1.123,0,1.89
0.678,1,8.234
-0.234,0,2.789
1.345,1,8.456
-0.678,0,1.234
0.567,1,7.678
-1.345,0,1.89
0.789,1,8.901
-0.456,0,2.123
1.234,1,9.345
-0.123,0,2.456
0.456,1,7.89
-1.234,0,1.678
0.678,1,8.012
-0.789,0,2.345
1.456,1,9.678
-0.345,0,1.89
0.123,1,6.789
-1.456,0,1.234
0.789,1,8.901
-0.567,0,2.678
1.234,1,7.89
-0.678,0,1.567
0.345,1,7.123
-1.123,0,1.89
0.678,1,8.234
-0.234,0,2.789
1.345,1,8.456
-0.678,0,1.234
0.567,1,7.678
-1.345,0,1.89
0.789,1,8.901
-0.456,0,2.123
1.234,1,9.345
-0.123,0,2.456
0.456,1,7.89
-1.234,0,1.678
0.678,1,8.012
-0.789,0,2.345
1.456,1,9.678
-0.345,0,1.89
0.123,1,6.789
-1.456,0,1.234
0.789,1,8.901
-0.567,0,2.678
1.234,1,7.89
-0.678,0,1.567
0.345,1,7.123
-1.123,0,1.89
0.678,1,8.234
-0.234,0,2.789
1.345,1,8.456
-0.678,0,1.234
0.567,1,7.678
-1.345,0,1.89
0.789,1,8.901
-0.456,0,2.123
1.234,1,9.345
-0.123,0,2.456
0.456,1,7.89
-1.234,0,1.678
0.678,1,8.012
-0.789,0,2.345
1.456,1,9.678
-0.345,0,1.89
0.123,1,6.789
-1.456,0,1.234
0.789,1,8.901
-0.567,0,2.678
1.234,1,7.89
-0.678,0,1.567
0.345,1,7.123
-1.123,0,1.89
0.678,1,8.234
-0.234,0,2.789
1.345,1,8.456
-0.678,0,1.234
0.567,1,7.678
-1.345,0,1.89
0.789,1,8.901
-0.456,0,2.123
1.234,1,9.345
-0.123,0,2.456
0.456,1,7.89
-1.234,0,1.678
0.678,1,8.012
-0.789,0,2.345
1.456,1,9.678
-0.345,0,1.89
0.123,1,6.789
-1.456,0,1.234
0.789,1,8.901
-0.567,0,2.678
1.234,1,7.89
-0.678,0,1.567
0.345,1,7.123
-1.123,0,1.89
0.678,1,8.234
-0.234,0,2.789
1.345,1,8.456
-0.678,0,1.234
0.567,1,7.678
-1.345,0,1.89
0.789,1,8.901
-0.456,0,2.123
1.234,1,9.345
-0.123,0,2.456
0.456,1,7.89
-1.234,0,1.678
0.678,1,8.012
-0.789,0,2.345
1.456,1,9.678
-0.345,0,1.89
0.123,1,6.789
-1.456,0,1.234
0.789,1,8.901
-0.567,0,2.678
1.234,1,7.89
-0.678,0,1.567
0.345,1,7.123
-1.123,0,1.89
0.678,1,8.234
-0.234,0,2.789
1.345,1,8.456
-0.678,0,1.234
0.567,1,7.678
-1.345,0,1.89
0.789,1,8.901
-0.456,0,2.123
1.234,1,9.345
-0.123,0,2.456
0.456,1,7.89
-1.234,0,1.678
0.678,1,8.012
-0.789,0,2.345
1.456,1,9.678
-0.345,0,1.89
0.123,1,6.789
-1.456,0,1.234
0.789,1,8.901
-0.567,0,2.678
1.234,1,7.89
-0.678,0,1.567
0.345,1,7.123
-1.123,0,1.89
0.678,1,8.234
-0.234,0,2.789
1.345,1,8.456
-0.678,0,1.234
0.567,1,7.678
-1.345,0,1.89
0.789,1,8.901
-0.456,0,2.123
1.234,1,9.345
-0.123,0,2.456
0.456,1,7.89
-1.234,0,1.678
0.678,1,8.012
-0.789,0,2.345
1.456,1,9.678
-0.345,0,1.89
0.123,1,6.789
-1.456,0,1.234
0.789,1,8.901
-0.567,0,2.678
1.234,1,7.89
-0.678,0,1.567
0.345,1,7.123
-1.123,0,1.89
-0.123,1,2.456
0.456,0,1.234
1.234,1,3.789
-1.234,0,0.987
0.789,1,4.567
-0.456,0,1.678
1.345,1,5.678
-1.5,0,0.456
0.678,1,3.456
-0.789,0,1.234
1.456,1,4.89
-0.345,0,2.345
0.123,1,3.678
-1.345,0,0.678
0.567,1,4.123
-0.678,0,1.89
1.5,1,5.456
-0.234,0,1.234
0.345,1,3.89
-1.456,0,0.789
0.789,1,4.567
-0.123,0,1.456
1.234,1,5.678
-0.567,0,2.345
0.456,1,3.456
-1.5,0,0.678
0.678,1,4.89
-0.789,0,1.234
1.345,1,5.678
-0.345,0,2.456
0.123,1,3.789
-1.234,0,0.987
0.567,1,4.123
-0.678,0,1.89
1.5,1,5.456
-0.234,0,1.234
0.345,1,3.89
-1.456,0,0.789
0.789,1,4.567
-0.123,0,1.456
1.234,1,5.678
-0.567,0,2.345
0.456,1,3.456
-1.5,0,0.678
0.678,1,4.89
-0.789,0,1.234
1.345,1,5.678
-0.345,0,2.456
0.123,1,3.789
-1.234,0,0.987
0.567,1,4.123
-0.678,0,1.89
1.5,1,5.456
-0.234,0,1.234
0.345,1,3.89
-1.456,0,0.789
0.789,1,4.567
-0.123,0,1.456
1.234,1,5.678
-0.567,0,2.345
0.456,1,3.456
-1.5,0,0.678
0.678,1,4.89
-0.789,0,1.234
1.345,1,5.678
-0.345,0,2.456
0.123,1,3.789
-1.234,0,0.987
0.567,1,4.123
-0.678,0,1.89
1.5,1,5.456
-0.234,0,1.234
0.345,1,3.89
-1.456,0,0.789
0.789,1,4.567
-0.123,0,1.456
1.234,1,5.678
-0.567,0,2.345
0.456,1,3.456
-1.5,0,0.678
0.678,1,4.89
-0.789,0,1.234
1.345,1,5.678
-0.345,0,2.456
0.123,1,3.789
-1.234,0,0.987
0.567,1,4.123
-0.678,0,1.89
1.5,1,5.456
-0.234,0,1.234
0.345,1,3.89
-1.456,0,0.789
0.789,1,4.567
-0.123,0,1.456
1.234,1,5.678
-0.567,0,2.345
0.456,1,3.456
-1.5,0,0.678
0.678,1,4.89
-0.789,0,1.234
1.345,1,5.678
-0.345,0,2.456
0.123,1,3.789
-1.234,0,0.987
0.567,1,4.123
-0.678,0,1.89
1.5,1,5.456
-0.234,0,1.234
0.345,1,3.89
-1.456,0,0.789
0.789,1,4.567
-0.123,0,1.456
1.234,1,5.678
-0.567,0,2.345
0.456,1,3.456
-1.5,0,0.678
0.678,1,4.89
-0.789,0,1.234
1.345,1,5.678
-0.345,0,2.456
0.123,1,3.789
-1.234,0,0.987
0.567,1,4.123
-0.678,0,1.89
1.5,1,5.456
-0.234,0,1.234
0.345,1,3.89
-1.456,0,0.789
0.789,1,4.567
-0.123,0,1.456
1.234,1,5.678
-0.567,0,2.345
0.456,1,3.456
-1.5,0,0.678
0.678,1,4.89
-0.789,0,1.234
1.345,1,5.678
-0.345,0,2.456
0.123,1,3.789
-1.234,0,0.987
0.567,1,4.123
-0.678,0,1.89
1.5,1,5.456
-0.234,0,1.234
0.345,1,3.89
-1.456,0,0.789
0.789,1,4.567
-0.123,0,1.456
1.234,1,5.678
-0.567,0,2.345
0.456,1,3.456
-1.5,0,0.678
0.678,1,4.89
-0.789,0,1.234
1.345,1,5.678
-0.345,0,2.456
0.123,1,3.789
-1.234,0,0.987
0.567,1,4.123
-0.678,0,1.89
1.5,1,5.456
-0.234,0,1.234
0.345,1,3.89
-1.456,0,0.789
0.789,1,4.567
-0.123,0,1.456
1.234,1,5.678
-0.567,0,2.345
0.456,1,3.456
-1.5,0,0.678
0.678,1,4.89
-0.789,0,1.234
1.345,1,5.678
-0.345,0,2.456
0.123,1,3.789
-1.234,0,0.987
0.567,1,4.123
-0.678,0,1.89
1.5,1,5.456
-0.234,0,1.234
0.345,1,3.89
-1.456,0,0.789
0.789,1,4.567
-0.123,0,1.456
1.234,1,5.678
-0.567,0,2.345
0.456,1,3.456
-1.5,0,0.678
0.678,1,4.89
-0.789,0,1.234
1.345,1,5.678
-0.345,0,2.456
0.123,1,3.789
-1.234,0,0.987
0.567,1,4.123
-0.678,0,1.89
1.5,1,5.456
-0.234,0,1.234
0.345,1,3.89
-1.456,0,0.789
0.789,1,4.567
-0.123,0,1.456
1.234,1,5.678
-0.567,0,2.345
0.456,1,3.456
-1.5,0,0.678
0.678,1,4.89
-0.789,0,1.234
1.345,1,5.678
-0.345,0,2.456
0.123,1,3.789
-1.234,0,0.987
0.567,1,4.123
-0.678,0,1.89
1.5,1,5.456
-0.234,0,1.234
0.345,1,3.89
-1.456,0,0.789
0.789,1,4.567
-0.123,0,1.456
1.234,1,5.678
-0.567,0,2.345
0.456,1,3.456
-1.5,0,0.678
0.678,1,4.89
-0.789,0,1.234
1.345,1,5.678
-0.345,0,2.456
0.123,1,3.789
-1.234,0,0.987
0.567,1,4.123
-0.678,0,1.89
1.5,1,5.456
-0.234,0,1.234
0.345,1,3.89
-1.456,0,0.789
0.789,1,4.567
-0.123,0,1.456
1.234,1,5.678
-0.567,0,2.345
0.456,1,3.456
-1.5,0,0.678
0.678,1,4.89
-0.789,0,1.234
1.345,1,5.678
-0.345,0,2.456
0.123,1,3.789
-1.234,0,0.987
0.567,1,4.123
-0.678,0,1.89
1.5,1,5.456
-0.234,0,1.234
0.345,1,3.89
-1.456,0,0.789
0.789,1,4.567
-0.123,0,1.456
1.234,1,5.678
-0.567,0,2.345
0.456,1,3.456
-1.5,0,0.678
0.678,1,4.89
-0.789,0,1.234
1.345,1,5.678
-0.345,0,2.456
0.123,1,3.789
-1.234,0,0.987
0.567,1,4.123
-0.678,0,1.89
1.5,1,5.456
-0.234,0,1.234
0.345,1,3.89
-1.456,0,0.789
0.789,1,4.567
-0.123,0,1.456
1.234,1,5.678
-0.567,0,2.345
0.456,1,3.456
-1.5,0,0.678
0.678,1,4.89
-0.789,0,1.234
1.345,1,5.678
-0.345,0,2.456
0.123,1,3.789
-1.234,0,0.987
0.567,1,4.123
-0.678,0,1.89
1.5,1,5.456
-0.234,0,1.234
0.345,1,3.89
-1.456,0,0.789
0.789,1,4.567
-0.123,0,1.456
1.234,1,5.678
-0.567,0,2.345
0.456,1,3.456
-1.5,0,0.678
0.678,1,4.89
-0.789,0,1.234
1.345,1,5.678
-0.345,0,2.456
-1.213,1,2.845
0.432,0,1.678
0.789,1,3.456
-0.987,0,1.234
1.234,1,4.567
-1.345,0,0.987
0.567,1,3.234
1.123,1,4.123
-0.456,0,1.456
0.345,1,3.678
-1.234,0,1.012
0.678,1,3.789
1.456,1,4.678
-0.678,0,1.345
0.123,1,2.456
-1.5,0,0.876
0.89,1,3.89
1.345,1,4.789
-0.234,0,1.123
0.456,1,3.456
-1.012,0,1.098
0.234,1,2.789
1.012,1,4.345
-0.89,0,1.234
0.678,1,3.678
-1.456,0,0.765
0.345,1,3.234
1.5,1,4.89
-0.123,0,1.456
0.89,1,3.89
-1.5,0,0.654
0.567,1,3.456
1.234,1,4.567
-0.345,0,1.345
0.123,1,2.456
-1.234,0,1.012
0.678,1,3.789
1.456,1,4.678
-0.678,0,1.345
0.89,1,3.89
-1.345,0,0.987
0.432,1,2.678
1.123,1,4.123
-0.89,0,1.234
0.567,1,3.234
-1.012,0,1.098
0.234,1,2.789
1.345,1,4.789
-0.456,0,1.456
0.678,1,3.678
-1.5,0,0.876
0.89,1,3.89
1.234,1,4.567
-0.678,0,1.345
0.345,1,3.456
-1.234,0,1.012
0.123,1,2.456
1.5,1,4.89
-0.89,0,1.234
0.678,1,3.678
-1.456,0,0.765
0.89,1,3.89
1.012,1,4.345
-0.123,0,1.456
0.567,1,3.456
-1.5,0,0.654
0.234,1,2.789
1.345,1,4.789
-0.89,0,1.234
0.678,1,3.678
-1.012,0,1.098
0.89,1,3.89
1.234,1,4.567
-0.678,0,1.345
0.345,1,3.456
-1.5,0,0.876
0.123,1,2.456
1.456,1,4.678
-0.234,0,1.123
0.89,1,3.89
-1.345,0,0.987
0.567,1,3.234
1.123,1,4.123
-0.89,0,1.234
0.678,1,3.678
-1.012,0,1.098
0.234,1,2.789
1.345,1,4.789
-0.456,0,1.456
0.678,1,3.678
-1.5,0,0.876
0.89,1,3.89
1.234,1,4.567
-0.678,0,1.345
0.345,1,3.456
-1.234,0,1.012
0.123,1,2.456
1.5,1,4.89
-0.89,0,1.234
0.678,1,3.678
-1.456,0,0.765
0.89,1,3.89
1.012,1,4.345
-0.123,0,1.456
0.567,1,3.456
-1.5,0,0.654
0.234,1,2.789
1.345,1,4.789
-0.89,0,1.234
0.678,1,3.678
-1.012,0,1.098
0.89,1,3.89
1.234,1,4.567
-0.678,0,1.345
0.345,1,3.456
-1.5,0,0.876
0.123,1,2.456
1.456,1,4.678
-0.234,0,1.123
0.89,1,3.89
-1.345,0,0.987
0.567,1,3.234
1.123,1,4.123
-0.89,0,1.234
0.678,1,3.678
-1.012,0,1.098
0.234,1,2.789
1.345,1,4.789
-0.456,0,1.456
0.678,1,3.678
-1.5,0,0.876
0.89,1,3.89
1.234,1,4.567
-0.678,0,1.345
0.345,1,3.456
-1.234,0,1.012
0.123,1,2.456
1.5,1,4.89
-0.89,0,1.234
0.678,1,3.678
-1.456,0,0.765
0.89,1,3.89
1.012,1,4.345
-0.123,0,1.456
0.567,1,3.456
-1.5,0,0.654
0.234,1,2.789
1.345,1,4.789
-0.89,0,1.234
0.678,1,3.678
-1.012,0,1.098
0.89,1,3.89
1.234,1,4.567
-0.678,0,1.345
0.345,1,3.456
-1.5,0,0.876
0.123,1,2.456
1.456,1,4.678
-0.234,0,1.123
0.89,1,3.89
-1.345,0,0.987
0.567,1,3.234
1.123,1,4.123
-0.89,0,1.234
0.678,1,3.678
-1.012,0,1.098
0.234,1,2.789
1.345,1,4.789
-0.456,0,1.456
0.678,1,3.678
-1.5,0,0.876
0.89,1,3.89
1.234,1,4.567
-0.678,0,1.345
0.345,1,3.456
-1.234,0,1.012
0.123,1,2.456
1.5,1,4.89
-0.89,0,1.234
0.678,1,3.678
-1.456,0,0.765
0.89,1,3.89
1.012,1,4.345
-0.123,0,1.456
0.567,1,3.456
-1.5,0,0.654
0.234,1,2.789
1.345,1,4.789
-0.89,0,1.234
0.678,1,3.678
-1.012,0,1.098
0.89,1,3.89
1.234,1,4.567
-0.678,0,1.345
0.345,1,3.456
-1.5,0,0.876
0.123,1,2.456
1.456,1,4.678
-0.234,0,1.123
0.89,1,3.89
-1.345,0,0.987
0.567,1,3.234
1.123,1,4.123
-0.89,0,1.234
0.678,1,3.678
-1.012,0,1.098
0.234,1,2.789
1.345,1,4.789
-0.456,0,1.456
0.678,1,3.678
-1.5,0,0.876
0.89,1,3.89
1.234,1,4.567
-0.678,0,1.345
0.345,1,3.456
-1.234,0,1.012
0.123,1,2.456
1.5,1,4.89
-0.89,0,1.234
0.678,1,3.678
-1.456,0,0.765
0.89,1,3.89
1.012,1,4.345
-0.123,0,1.456
0.567,1,3.456
-1.5,0,0.654
0.234,1,2.789
1.345,1,4.789
-0.89,0,1.234
0.678,1,3.678
-1.012,0,1.098
0.89,1,3.89
1.234,1,4.567
-0.678,0,1.345
0.345,1,3.456
-1.5,0,0.876
0.123,1,2.456
1.456,1,4.678
-0.234,0,1.123
0.89,1,3.89
-1.345,0,0.987
0.567,1,3.234
1.123,1,4.123
-0.89,0,1.234
0.678,1,3.678
-1.012,0,1.098
0.234,1,2.789
1.345,1,4.789
-0.456,0,1.456
0.678,1,3.678
-1.5,0,0.876
0.89,1,3.89
1.234,1,4.567
-0.678,0,1.345
0.345,1,3.456
-1.234,0,1.012
0.123,1,2.456
1.5,1,4.89
-0.89,0,1.234
0.678,1,3.678
-1.456,0,0.765
0.89,1,3.89
1.012,1,4.345
-0.123,0,1.456
0.567,1,3.456
-1.5,0,0.654
0.234,1,2.789
1.345,1,4.789
-0.89,0,1.234
0.678,1,3.678
-1.012,0,1.098
0.89,1,3.89
1.234,1,4.567
-0.678,0,1.345
0.345,1,3.456
-1.5,0,0.876
0.123,1,2.456
1.456,1,4.678
-0.234,0,1.123
0.89,1,3.89
-1.345,0,0.987
0.567,1,3.234
1.123,1,4.123
-0.89,0,1.234
0.678,1,3.678
-1.012,0,1.098
0.234,1,2.789
1.345,1,4.789
-0.456,0,1.456
0.678,1,3.678
-1.5,0,0.876
0.89,1,3.89
1.234,1,4.567
-0.678,0,1.345
0.345,1,3.456
-1.234,0,1.012
0.123,1,2.456
1.5,1,4.89
-0.89,0,1.234
0.678,1,3.678
-1.234,1,5.872
0.456,0,2.134
1.123,1,8.456
-0.789,0,3.567
0.234,1,6.789
-1.345,0,1.234
0.678,1,7.89
1.456,1,9.123
-0.567,0,2.345
0.789,1,8.234
-1.012,0,2.456
0.345,1,6.123
1.234,1,8.678
-0.234,0,3.456
0.567,1,7.234
-1.456,0,1.678
0.89,1,9.345
1.345,1,8.789
-0.678,0,2.678
0.123,1,5.89
-1.123,0,2.123
0.456,1,7.567
1.012,1,8.456
-0.89,0,3.678
0.678,1,6.89
1.5,1,9.456
-0.345,0,2.789
0.234,1,7.123
-1.5,0,1.89
0.89,1,8.678
1.234,1,9.012
-0.456,0,2.456
0.567,1,6.345
-1.234,0,1.234
0.678,1,7.89
1.345,1,8.123
-0.789,0,3.567
0.123,1,5.678
-1.012,0,2.345
0.456,1,6.789
1.5,1,9.234
-0.678,0,2.678
0.89,1,8.456
-1.345,0,1.678
0.234,1,7.123
1.012,1,8.789
-0.89,0,3.456
0.567,1,6.89
-1.5,0,1.89
0.678,1,7.234
1.234,1,9.012
-0.456,0,2.345
0.89,1,8.678
-1.234,0,1.234
0.345,1,6.123
1.456,1,9.456
-0.789,0,2.678
0.123,1,5.89
-1.012,0,2.456
0.678,1,7.89
1.345,1,8.123
-0.678,0,3.567
0.89,1,8.234
-1.345,0,1.678
0.234,1,6.789
1.012,1,9.123
-0.89,0,2.345
0.567,1,6.89
-1.5,0,1.89
0.678,1,7.234
1.234,1,9.012
-0.456,0,2.678
0.89,1,8.678
-1.234,0,1.234
0.345,1,6.123
1.456,1,8.456
-0.789,0,3.678
0.123,1,5.89
-1.012,0,2.456
0.678,1,7.89
1.345,1,8.123
-0.678,0,3.567
0.89,1,8.234
-1.345,0,1.678
0.234,1,6.789
1.012,1,9.123
-0.89,0,2.345
0.567,1,6.89
-1.5,0,1.89
0.678,1,7.234
1.234,1,9.012
-0.456,0,2.678
0.89,1,8.678
-1.234,0,1.234
0.345,1,6.123
1.456,1,8.456
-0.789,0,3.678
0.123,1,5.89
-1.012,0,2.456
0.678,1,7.89
1.345,1,8.123
-0.678,0,3.567
0.89,1,8.234
-1.345,0,1.678
0.234,1,6.789
1.012,1,9.123
-0.89,0,2.345
0.567,1,6.89
-1.5,0,1.89
0.678,1,7.234
1.234,1,9.012
-0.456,0,2.678
0.89,1,8.678
-1.234,0,1.234
0.345,1,6.123
1.456,1,8.456
-0.789,0,3.678
0.123,1,5.89
-1.012,0,2.456
0.678,1,7.89
1.345,1,8.123
-0.678,0,3.567
0.89,1,8.234
-1.345,0,1.678
0.234,1,6.789
1.012,1,9.123
-0.89,0,2.345
0.567,1,6.89
-1.5,0,1.89
0.678,1,7.234
1.234,1,9.012
-0.456,0,2.678
0.89,1,8.678
-1.234,0,1.234
0.345,1,6.123
1.456,1,8.456
-0.789,0,3.678
0.123,1,5.89
-1.012,0,2.456
0.678,1,7.89
1.345,1,8.123
-0.678,0,3.567
0.89,1,8.234
-1.345,0,1.678
0.234,1,6.789
1.012,1,9.123
-0.89,0,2.345
0.567,1,6.89
-1.5,0,1.89
0.678,1,7.234
1.234,1,9.012
-0.456,0,2.678
0.89,1,8.678
-1.234,0,1.234
0.345,1,6.123
1.456,1,8.456
-0.789,0,3.678
0.123,1,5.89
-1.012,0,2.456
0.678,1,7.89
1.345,1,8.123
-0.678,0,3.567
0.89,1,8.234
-1.345,0,1.678
0.234,1,6.789
1.012,1,9.123
-0.89,0,2.345
0.567,1,6.89
-1.5,0,1.89
0.678,1,7.234
1.234,1,9.012
-0.456,0,2.678
0.89,1,8.678
-1.234,0,1.234
0.345,1,6.123
1.456,1,8.456
-0.789,0,3.678
0.123,1,5.89
-1.012,0,2.456
0.678,1,7.89
1.345,1,8.123
-0.678,0,3.567
0.89,1,8.234
-1.345,0,1.678
0.234,1,6.789
1.012,1,9.123
-0.89,0,2.345
0.567,1,6.89
-1.5,0,1.89
0.678,1,7.234
1.234,1,9.012
-0.456,0,2.678
0.89,1,8.678
-1.234,0,1.234
0.345,1,6.123
1.456,1,8.456
-0.789,0,3.678
0.123,1,5.89
-1.012,0,2.456
0.678,1,7.89
1.345,1,8.123
-0.678,0,3.567
0.89,1,8.234
-1.345,0,1.678
0.234,1,6.789
1.012,1,9.123
-0.89,0,2.345
0.567,1,6.89
-1.5,0,1.89
0.678,1,7.234
1.234,1,9.012
-0.456,0,2.678
0.89,1,8.678
-1.234,0,1.234
0.345,1,6.123
1.456,1,8.456
-0.789,0,3.678
0.123,1,5.89
-1.012,0,2.456
0.678,1,7.89
1.345,1,8.123
-0.678,0,3.567
0.89,1,8.234
-1.345,0,1.678
0.234,1,6.789
1.012,1,9.123
-0.89,0,2.345
0.567,1,6.89
-1.5,0,1.89
0.678,1,7.234
1.234,1,9.012
-0.456,0,2.678
0.89,1,8.678
-1.234,0,1.234
0.345,1,6.123
1.456,1,8.456
-0.789,0,3.678
0.123,1,5.89
-1.012,0,2.456
0.678,1,7.89
1.345,1,8.123
-0.678,0,3.567
0.89,1,8.234
-1.345,0,1.678
0.234,1,6.789
1.012,1,9.123
-0.89,0,2.345
0.567,1,6.89
-1.5,0,1.89
0.678,1,7.234
1.234,1,9.012
-0.456,0,2.678
0.89,1,8.678
-1.234,0,1.234
0.345,1,6.123
1.456,1,8.456
-0.789,0,3.678
0.123,1,5.89
-1.012,0,2.456
0.678,1,7.89
1.345,1,8.123
-0.678,0,3.567
0.89,1,8.234
-1.345,0,1.678
0.234,1,6.789
1.012,1,9.123
-0.89,0,2.345
0.567,1,6.89
-1.5,0,1.89
0.678,1,7.234
1.234,1,9.012
-0.456,0,2.678
0.89,1,8.678
-1.234,0,1.234
0.345,1,6.123
1.456,1,8.456
-0.789,0,3.678
0.123,1,5.89
-1.012,0,2.456
0.678,1,7.89
1.345,1,8.123
-0.678,0,3.567
0.89,1,8.234
-1.345,0,1.678
0.234,1,6.789
1.012,1,9.123
-0.89,0,2.345
0.567,1,6.89
-1.5,0,1.89
0.678,1,7.234
1.234,1,9.012
-0.456,0,2.678
0.89,1,8.678
-1.234,0,1.234
0.345,1,6.123
1.456,1,8.456
-0.789,0,3.678
0.123,1,5.89
-1.012,0,2.456
0.678,1,7.89
-0.123,1,3.456
0.456,0,2.789
-1.234,1,5.678
0.789,1,4.123
1.234,0,3.456
-0.567,1,6.789
0.345,0,2.345
1.456,1,7.89
-0.89,0,1.234
0.123,1,4.567
-1.345,1,5.678
0.678,0,3.456
1.5,1,8.901
-0.234,0,2.456
0.89,1,6.789
-0.456,1,4.123
1.345,0,3.789
-1.456,1,5.678
0.567,0,2.345
0.234,1,4.567
-0.678,0,3.456
1.5,1,8.123
-0.789,1,5.678
0.456,0,2.789
-1.234,1,6.789
0.789,1,4.123
1.234,0,3.456
-0.567,1,7.89
0.345,0,2.345
1.456,1,8.901
-0.89,0,1.234
0.123,1,4.567
-1.345,1,5.678
0.678,0,3.456
1.5,1,8.123
-0.234,0,2.456
0.89,1,6.789
-0.456,1,4.123
1.345,0,3.789
-1.456,1,5.678
0.567,0,2.345
0.234,1,4.567
-0.678,0,3.456
1.5,1,8.123
-0.789,1,5.678
0.456,0,2.789
-1.234,1,6.789
0.789,1,4.123
1.234,0,3.456
-0.567,1,7.89
0.345,0,2.345
1.456,1,8.901
-0.89,0,1.234
0.123,1,4.567
-1.345,1,5.678
0.678,0,3.456
1.5,1,8.123
-0.234,0,2.456
0.89,1,6.789
-0.456,1,4.123
1.345,0,3.789
-1.456,1,5.678
0.567,0,2.345
0.234,1,4.567
-0.678,0,3.456
1.5,1,8.123
-0.789,1,5.678
0.456,0,2.789
-1.234,1,6.789
0.789,1,4.123
1.234,0,3.456
-0.567,1,7.89
0.345,0,2.345
1.456,1,8.901
-0.89,0,1.234
0.123,1,4.567
-1.345,1,5.678
0.678,0,3.456
1.5,1,8.123
-0.234,0,2.456
0.89,1,6.789
-0.456,1,4.123
1.345,0,3.789
-1.456,1,5.678
0.567,0,2.345
0.234,1,4.567
-0.678,0,3.456
1.5,1,8.123
-0.789,1,5.678
0.456,0,2.789
-1.234,1,6.789
0.789,1,4.123
1.234,0,3.456
-0.567,1,7.89
0.345,0,2.345
1.456,1,8.901
-0.89,0,1.234
0.123,1,4.567
-1.345,1,5.678
0.678,0,3.456
1.5,1,8.123
-0.234,0,2.456
0.89,1,6.789
-0.456,1,4.123
1.345,0,3.789
-1.456,1,5.678
0.567,0,2.345
0.234,1,4.567
-0.678,0,3.456
1.5,1,8.123
-0.789,1,5.678
0.456,0,2.789
-1.234,1,6.789
0.789,1,4.123
1.234,0,3.456
-0.567,1,7.89
0.345,0,2.345
1.456,1,8.901
-0.89,0,1.234
0.123,1,4.567
-1.345,1,5.678
0.678,0,3.456
1.5,1,8.123
-0.234,0,2.456
0.89,1,6.789
-0.456,1,4.123
1.345,0,3.789
-1.456,1,5.678
0.567,0,2.345
0.234,1,4.567
-0.678,0,3.456
1.5,1,8.123
-0.789,1,5.678
0.456,0,2.789
-1.234,1,6.789
0.789,1,4.123
1.234,0,3.456
-0.567,1,7.89
0.345,0,2.345
1.456,1,8.901
-0.89,0,1.234
0.123,1,4.567
-1.345,1,5.678
0.678,0,3.456
1.5,1,8.123
-0.234,0,2.456
0.89,1,6.789
-0.456,1,4.123
1.345,0,3.789
-1.456,1,5.678
0.567,0,2.345
0.234,1,4.567
-0.678,0,3.456
1.5,1,8.123
-0.789,1,5.678
0.456,0,2.789
-1.234,1,6.789
0.789,1,4.123
1.234,0,3.456
-0.567,1,7.89
0.345,0,2.345
1.456,1,8.901
-0.89,0,1.234
0.123,1,4.567
-1.345,1,5.678
0.678,0,3.456
1.5,1,8.123
-0.234,0,2.456
0.89,1,6.789
-0.456,1,4.123
1.345,0,3.789
-1.456,1,5.678
0.567,0,2.345
0.234,1,4.567
-0.678,0,3.456
1.5,1,8.123
-0.789,1,5.678
0.456,0,2.789
-1.234,1,6.789
0.789,1,4.123
1.234,0,3.456
-0.567,1,7.89
0.345,0,2.345
1.456,1,8.901
-0.89,0,1.234
0.123,1,4.567
-1.345,1,5.678
0.678,0,3.456
1.5,1,8.123
-0.234,0,2.456
0.89,1,6.789
-0.456,1,4.123
1.345,0,3.789
-1.456,1,5.678
0.567,0,2.345
0.234,1,4.567
-0.678,0,3.456
1.5,1,8.123
-0.789,1,5.678
0.456,0,2.789
-1.234,1,6.789
0.789,1,4.123
1.234,0,3.456
-0.567,1,7.89
0.345,0,2.345
1.456,1,8.901
-0.89,0,1.234
0.123,1,4.567
-1.345,1,5.678
0.678,0,3.456
1.5,1,8.123
-0.234,0,2.456
0.89,1,6.789
-0.456,1,4.123
1.345,0,3.789
-1.456,1,5.678
0.567,0,2.345
0.234,1,4.567
-0.678,0,3.456
1.5,1,8.123
-0.789,1,5.678
0.456,0,2.789
-1.234,1,6.789
0.789,1,4.123
1.234,0,3.456
-0.567,1,7.89
0.345,0,2.345
1.456,1,8.901
-0.89,0,1.234
0.123,1,4.567
-1.345,1,5.678
0.678,0,3.456
1.5,1,8.123
-0.234,0,2.456
0.89,1,6.789
-0.456,1,4.123
1.345,0,3.789
-1.456,1,5.678
0.567,0,2.345
0.234,1,4.567
-0.678,0,3.456
1.5,1,8.123
-0.789,1,5.678
0.456,0,2.789
-1.234,1,6.789
0.789,1,4.123
1.234,0,3.456
-0.567,1,7.89
0.345,0,2.345
1.456,1,8.901
-0.89,0,1.234
0.123,1,4.567
-1.345,1,5.678
0.678,0,3.456
1.5,1,8.123
-0.234,0,2.456
0.89,1,6.789
-0.456,1,4.123
1.345,0,3.789
-1.456,1,5.678
0.567,0,2.345
0.234,1,4.567
-0.678,0,3.456
1.5,1,8.123
-0.789,1,5.678
0.456,0,2.789
-1.234,1,6.789
0.789,1,4.123
1.234,0,3.456
-0.567,1,7.89
0.345,0,2.345
1.456,1,8.901
-0.89,0,1.234
0.123,1,4.567
-1.345,1,5.678
0.678,0,3.456
1.5,1,8.123
-0.234,0,2.456
0.89,1,6.789
-0.456,1,4.123
1.345,0,3.789
-1.456,1,5.678
0.567,0,2.345
0.234,1,4.567
-0.678,0,3.456
1.5,1,8.123
-0.789,1,5.678
0.456,0,2.789
-1.234,1,6.789
0.789,1,4.123
1.234,0,3.456
-0.567,1,7.89
0.345,0,2.345
1.456,1,8.901
-0.89,0,1.234
0.123,1,4.567
-1.345,1,5.678
0.678,0,3.456
1.5,1,8.123
-0.234,0,2.456
-1.234,1,12.456
0.456,0,8.123
1.234,1,20.789
-0.789,0,6.345
0.123,1,15.678
-1.456,0,5.234
0.789,1,18.901
1.123,1,22.345
-0.456,0,7.89
0.345,1,16.789
-1.345,0,4.567
1.456,1,23.456
0.567,1,17.89
-0.123,0,6.789
0.678,1,19.012
-0.678,0,5.678
1.345,1,21.234
-1.123,0,4.89
0.234,1,14.567
-0.234,0,7.123
1.5,1,24.678
-0.567,0,5.89
0.89,1,20.123
-1.5,0,3.456
0.456,1,15.345
-0.89,0,6.234
1.234,1,22.678
-0.345,0,5.789
0.678,1,18.456
-1.456,0,4.123
1.123,1,21.89
-0.123,0,6.456
0.789,1,19.345
-1.234,0,3.89
0.345,1,16.789
-0.678,0,5.012
1.456,1,23.789
-0.89,0,4.678
0.567,1,17.234
-1.5,0,3.234
1.234,1,20.456
-0.456,0,6.89
0.89,1,19.678
-1.345,0,4.89
0.123,1,15.678
-0.789,0,5.345
1.5,1,24.123
-0.234,0,6.012
0.678,1,18.789
-1.5,0,3.678
1.345,1,21.567
-0.567,0,5.89
0.456,1,16.234
-1.123,0,4.567
0.789,1,19.012
-0.89,0,5.678
1.234,1,22.345
-0.345,0,6.123
0.678,1,18.901
-1.456,0,4.89
1.123,1,21.234
-0.678,0,5.89
0.89,1,20.678
-1.234,0,3.456
0.345,1,15.789
-0.123,0,6.234
1.5,1,24.678
-0.789,0,4.567
0.456,1,17.345
-1.345,0,5.89
1.234,1,22.789
-0.567,0,4.89
0.678,1,19.456
-1.5,0,3.89
1.345,1,21.678
-0.89,0,5.012
0.123,1,15.678
-0.234,0,6.789
1.456,1,23.456
-0.678,0,4.123
0.89,1,20.901
-1.123,0,5.678
0.345,1,16.789
-1.5,0,3.234
1.234,1,22.123
-0.456,0,6.89
0.678,1,18.345
-1.345,0,4.567
1.5,1,24.789
-0.789,0,5.89
0.456,1,17.678
-1.234,0,3.456
0.89,1,19.012
-0.678,0,6.234
1.123,1,21.89
-0.345,0,5.678
0.567,1,18.901
-1.456,0,4.89
1.234,1,22.456
-0.89,0,5.012
0.678,1,19.345
-1.5,0,3.678
1.345,1,21.234
-0.123,0,6.789
0.89,1,20.678
-0.789,0,4.567
1.5,1,24.123
-0.456,0,5.89
0.345,1,15.678
-1.234,0,3.89
0.678,1,18.456
-1.345,0,4.123
1.234,1,22.789
-0.678,0,5.678
0.89,1,19.012
-1.5,0,3.234
1.123,1,21.567
-0.89,0,4.89
0.456,1,17.345
-1.234,0,6.89
0.678,1,18.901
-1.345,0,5.89
1.5,1,24.678
-0.789,0,4.567
0.89,1,20.123
-1.456,0,3.456
1.234,1,22.345
-0.567,0,5.012
0.678,1,19.678
-1.123,0,4.89
0.345,1,16.789
-0.678,0,6.234
1.5,1,24.123
-0.89,0,5.678
0.456,1,17.89
-1.234,0,3.89
0.678,1,18.456
-1.345,0,4.567
1.234,1,22.789
-0.567,0,5.89
0.89,1,19.012
-1.5,0,3.234
1.123,1,21.678
-0.89,0,4.89
0.345,1,15.678
-1.234,0,6.89
0.678,1,18.901
-1.345,0,5.89
1.5,1,24.678
-0.789,0,4.567
0.89,1,20.123
-1.456,0,3.456
1.234,1,22.345
-0.567,0,5.012
0.678,1,19.678
-1.123,0,4.89
0.345,1,16.789
-0.678,0,6.234
1.5,1,24.123
-0.89,0,5.678
0.456,1,17.89
-1.234,0,3.89
0.678,1,18.456
-1.345,0,4.567
1.234,1,22.789
-0.567,0,5.89
0.89,1,19.012
-1.5,0,3.234
1.123,1,21.678
-0.89,0,4.89
0.345,1,15.678
-1.234,0,6.89
0.678,1,18.901
-1.345,0,5.89
1.5,1,24.678
-0.789,0,4.567
0.89,1,20.123
-1.456,0,3.456
1.234,1,22.345
-0.567,0,5.012
0.678,1,19.678
-1.123,0,4.89
0.345,1,16.789
-0.678,0,6.234
1.5,1,24.123
-0.89,0,5.678
0.456,1,17.89
-1.234,0,3.89
0.678,1,18.456
-1.345,0,4.567
1.234,1,22.789
-0.567,0,5.89
0.89,1,19.012
-1.5,0,3.234
1.123,1,21.678
-0.89,0,4.89
0.345,1,15.678
-1.234,0,6.89
0.678,1,18.901
-1.345,0,5.89
1.5,1,24.678
-0.789,0,4.567
0.89,1,20.123
-1.456,0,3.456
1.234,1,22.345
-0.567,0,5.012
0.678,1,19.678
-1.123,0,4.89
0.345,1,16.789
-0.678,0,6.234
1.5,1,24.123
-0.89,0,5.678
0.456,1,17.89
-1.234,0,3.89
0.678,1,18.456
-1.345,0,4.567
1.234,1,22.789
-0.567,0,5.89
0.89,1,19.012
-1.5,0,3.234
1.123,1,21.678
-0.89,0,4.89
0.345,1,15.678
-1.234,0,6.89
0.678,1,18.901
-1.345,0,5.89
1.5,1,24.678
-0.789,0,4.567
0.89,1,20.123
-1.456,0,3.456
1.234,1,22.345
-0.567,0,5.012
0.678,1,19.678
-1.123,0,4.89
0.345,1,16.789
-0.678,0,6.234
1.5,1,24.123
-0.89,0,5.678
0.456,1,17.89
-1.234,0,3.89
0.678,1,18.456
-1.345,0,4.567
1.234,1,22.789
-0.567,0,5.89
0.89,1,19.012
-1.5,0,3.234
1.123,1,21.678
-0.89,0,4.89
0.345,1,15.678
-1.234,0,6.89
0.678,1,18.901
-1.345,0,5.89
1.5,1,24.678
-0.789,0,4.567
0.89,1,20.123
-1.456,0,3.456
1.234,1,22.345
-0.567,0,5.012
0.678,1,19.678
-1.123,0,4.89
0.345,1,16.789
-0.678,0,6.234
1.5,1,24.123
-0.89,0,5.678
0.456,1,17.89
-1.234,0,3.89
0.678,1,18.456
-1.345,0,4.567
1.234,1,22.789
-0.567,0,5.89
0.89,1,19.012
-1.5,0,3.234
1.123,1,21.678
-0.89,0,4.89
0.345,1,15.678
-1.234,0,6.89
0.678,1,18.901
-1.345,0,5.89
1.5,1,24.678
-0.789,0,4.567
0.89,1,20.123
-1.456,0,3.456
1.234,1,22.345
-0.567,0,5.012
0.678,1,19.678
-1.123,0,4.89
0.345,1,16.789
-0.678,0,6.234
1.5,1,24.123
-0.89,0,5.678
0.456,1,17.89
-1.234,0,3.89
0.678,1,18.456
-1.345,0,4.567
1.234,1,22.789
-0.567,0,5.89
0.89,1,19.012
-1.5,0,3.234
1.123,1,21.678
-0.89,0,4.89
-0.234,1,1.872
0.456,0,0.563
-1.123,1,2.456
0.789,1,3.789
-0.678,0,0.234
1.234,1,4.123
-0.345,0,0.789
0.567,1,3.456
-1.456,0,-0.123
0.89,1,4.567
-0.789,0,0.345
1.123,1,5.678
-0.567,0,0.456
0.234,1,2.345
-1.234,0,-0.456
0.678,1,3.678
-0.456,0,0.678
1.345,1,5.789
-0.89,0,0.123
0.123,1,2.456
-1.345,0,-0.789
0.456,1,3.567
-0.678,0,0.234
1.456,1,6.123
-0.234,0,0.456
0.789,1,4.789
-1.5,0,-0.123
0.345,1,3.456
-0.89,0,0.678
1.234,1,5.678
-0.567,0,0.234
0.678,1,3.789
-1.234,0,-0.456
0.123,1,2.678
-0.456,0,0.789
1.345,1,5.89
-0.678,0,0.345
0.89,1,4.456
-1.345,0,-0.678
0.567,1,3.678
-0.234,0,0.123
1.456,1,6.234
-0.89,0,0.456
0.789,1,4.789
-1.5,0,-0.234
0.345,1,3.567
-0.678,0,0.678
1.234,1,5.89
-0.567,0,0.456
0.678,1,3.789
-1.234,0,-0.123
0.123,1,2.789
-0.456,0,0.789
1.345,1,5.678
-0.678,0,0.234
0.89,1,4.567
-1.345,0,-0.456
0.567,1,3.456
-0.234,0,0.678
1.456,1,6.123
-0.89,0,0.123
0.789,1,4.789
-1.5,0,-0.789
0.345,1,3.678
-0.678,0,0.456
1.234,1,5.89
-0.567,0,0.234
0.678,1,3.789
-1.234,0,-0.456
0.123,1,2.678
-0.456,0,0.789
1.345,1,5.678
-0.678,0,0.345
0.89,1,4.456
-1.345,0,-0.678
0.567,1,3.567
-0.234,0,0.123
1.456,1,6.234
-0.89,0,0.456
0.789,1,4.789
-1.5,0,-0.234
0.345,1,3.567
-0.678,0,0.678
1.234,1,5.89
-0.567,0,0.456
0.678,1,3.789
-1.234,0,-0.123
0.123,1,2.789
-0.456,0,0.789
1.345,1,5.678
-0.678,0,0.234
0.89,1,4.567
-1.345,0,-0.456
0.567,1,3.456
-0.234,0,0.678
1.456,1,6.123
-0.89,0,0.123
0.789,1,4.789
-1.5,0,-0.789
0.345,1,3.678
-0.678,0,0.456
1.234,1,5.89
-0.567,0,0.234
0.678,1,3.789
-1.234,0,-0.456
0.123,1,2.678
-0.456,0,0.789
1.345,1,5.678
-0.678,0,0.345
0.89,1,4.456
-1.345,0,-0.678
0.567,1,3.567
-0.234,0,0.123
1.456,1,6.234
-0.89,0,0.456
0.789,1,4.789
-1.5,0,-0.234
0.345,1,3.567
-0.678,0,0.678
1.234,1,5.89
-0.567,0,0.456
0.678,1,3.789
-1.234,0,-0.123
0.123,1,2.789
-0.456,0,0.789
1.345,1,5.678
-0.678,0,0.234
0.89,1,4.567
-1.345,0,-0.456
0.567,1,3.456
-0.234,0,0.678
1.456,1,6.123
-0.89,0,0.123
0.789,1,4.789
-1.5,0,-0.789
0.345,1,3.678
-0.678,0,0.456
1.234,1,5.89
-0.567,0,0.234
0.678,1,3.789
-1.234,0,-0.456
0.123,1,2.678
-0.456,0,0.789
1.345,1,5.678
-0.678,0,0.345
0.89,1,4.456
-1.345,0,-0.678
0.567,1,3.567
-0.234,0,0.123
1.456,1,6.234
-0.89,0,0.456
0.789,1,4.789
-1.5,0,-0.234
0.345,1,3.567
-0.678,0,0.678
1.234,1,5.89
-0.567,0,0.456
0.678,1,3.789
-1.234,0,-0.123
0.123,1,2.789
-0.456,0,0.789
1.345,1,5.678
-0.678,0,0.234
0.89,1,4.567
-1.345,0,-0.456
0.567,1,3.456
-0.234,0,0.678
1.456,1,6.123
-0.89,0,0.123
0.789,1,4.789
-1.5,0,-0.789
0.345,1,3.678
-0.678,0,0.456
1.234,1,5.89
-0.567,0,0.234
0.678,1,3.789
-1.234,0,-0.456
0.123,1,2.678
-0.456,0,0.789
1.345,1,5.678
-0.678,0,0.345
0.89,1,4.456
-1.345,0,-0.678
0.567,1,3.567
-0.234,0,0.123
1.456,1,6.234
-0.89,0,0.456
0.789,1,4.789
-1.5,0,-0.234
0.345,1,3.567
-0.678,0,0.678
1.234,1,5.89
-0.567,0,0.456
0.678,1,3.789
-1.234,0,-0.123
0.123,1,2.678
-0.456,0,0.789
1.345,1,5.678
-0.678,0,0.234
0.89,1,4.567
-1.345,0,-0.456
0.567,1,3.456
-0.234,0,0.678
1.456,1,6.123
-0.89,0,0.123
0.789,1,4.789
-1.5,0,-0.789
0.345,1,3.678
-0.678,0,0.456
1.234,1,5.89
-0.567,0,0.234
0.678,1,3.789
-1.234,0,-0.456
0.123,1,2.678
-0.456,0,0.789
1.345,1,5.678
-0.678,0,0.345
0.89,1,4.456
-1.345,0,-0.678
0.567,1,3.567
-0.234,0,0.123
1.456,1,6.234
-0.89,0,0.456
0.789,1,4.789
-1.5,0,-0.234
0.345,1,3.567
-0.678,0,0.678
1.234,1,5.89
-0.567,0,0.456
0.678,1,3.789
-1.234,0,-0.123
0.123,1,2.678
-0.456,0,0.789
1.345,1,5.678
-0.678,0,0.234
0.89,1,4.567
-1.345,0,-0.456
0.567,1,3.456
-0.234,0,0.678
1.456,1,6.123
-0.89,0,0.123
0.789,1,4.789
-1.5,0,-0.789
0.345,1,3.678
-0.678,0,0.456
1.234,1,5.89
-0.567,0,0.234
0.678,1,3.789
-1.234,0,-0.456
0.123,1,2.678
-0.456,0,0.789
1.345,1,5.678
-0.678,0,0.345
0.89,1,4.456
-1.345,0,-0.678
0.567,1,3.567
-0.234,0,0.123
1.456,1,6.234
-0.89,0,0.456
0.789,1,4.789
-1.5,0,-0.234
0.345,1,3.567
-0.678,0,0.678
1.234,1,5.89
-0.567,0,0.456
0.678,1,3.789
-1.234,0,-0.123
0.123,1,2.678
-0.456,0,0.789
1.345,1,5.678
-0.678,0,0.234
0.89,1,4.567
-1.345,0,-0.456
0.567,1,3.456
-0.234,0,0.678
1.456,1,6.123
-0.89,0,0.123
0.789,1,4.789
-1.5,0,-0.789
0.345,1,3.678
-0.678,0,0.456
1.234,1,5.89
-0.567,0,0.234
0.678,1,3.789
-1.234,0,-0.456
0.123,1,2.678
-0.456,0,0.789
1.345,1,5.678
-0.678,0,0.345
0.89,1,4.456
-1.345,0,-0.678
0.567,1,3.567
-0.234,0,0.123
1.456,1,6.234
-0.89,0,0.456
0.789,1,4.789
-1.5,0,-0.234
0.345,1,3.567
-0.678,0,0.678
1.234,1,5.89
-0.123,1,12.456
0.456,0,5.678
-1.234,1,18.901
0.789,0,7.234
1.345,1,22.345
-0.567,0,4.567
0.234,1,15.678
-0.89,0,6.789
1.234,1,20.456
-1.456,0,3.456
0.678,1,17.89
-0.345,0,5.123
1.123,1,21.234
-0.789,0,4.89
0.567,1,16.789
-1.123,0,2.345
0.345,1,14.567
-0.678,0,5.678
1.456,1,23.456
-0.234,0,4.123
0.89,1,19.678
-1.345,0,3.789
0.123,1,13.456
-0.456,0,5.234
1.234,1,22.89
-0.678,0,4.567
0.789,1,18.123
-1.234,0,3.456
0.456,1,15.789
-0.89,0,6.123
1.345,1,21.678
-0.567,0,5.89
0.234,1,16.456
-1.456,0,2.678
0.678,1,17.345
-0.345,0,5.456
1.123,1,20.789
-0.789,0,4.89
0.567,1,18.456
-1.123,0,3.234
0.345,1,14.89
-0.678,0,5.678
1.456,1,23.789
-0.234,0,4.123
0.89,1,19.456
-1.345,0,3.678
0.123,1,12.89
-0.456,0,5.234
1.234,1,22.123
-0.678,0,4.567
0.789,1,17.89
-1.234,0,3.456
0.456,1,15.678
-0.89,0,6.789
1.345,1,20.456
-0.567,0,5.123
0.234,1,14.567
-1.456,0,2.345
0.678,1,16.789
-0.345,0,5.678
1.123,1,21.234
-0.789,0,4.89
0.567,1,18.123
-1.123,0,3.456
0.345,1,14.89
-0.678,0,5.678
1.456,1,23.456
-0.234,0,4.123
0.89,1,19.678
-1.345,0,3.789
0.123,1,13.456
-0.456,0,5.234
1.234,1,22.89
-0.678,0,4.567
0.789,1,18.123
-1.234,0,3.456
0.456,1,15.789
-0.89,0,6.123
1.345,1,21.678
-0.567,0,5.89
0.234,1,16.456
-1.456,0,2.678
0.678,1,17.345
-0.345,0,5.456
1.123,1,20.789
-0.789,0,4.89
0.567,1,18.456
-1.123,0,3.234
0.345,1,14.89
-0.678,0,5.678
1.456,1,23.789
-0.234,0,4.123
0.89,1,19.456
-1.345,0,3.678
0.123,1,12.89
-0.456,0,5.234
1.234,1,22.123
-0.678,0,4.567
0.789,1,17.89
-1.234,0,3.456
0.456,1,15.678
-0.89,0,6.789
1.345,1,20.456
-0.567,0,5.123
0.234,1,14.567
-1.456,0,2.345
0.678,1,16.789
-0.345,0,5.678
1.123,1,21.234
-0.789,0,4.89
0.567,1,18.123
-1.123,0,3.456
0.345,1,14.89
-0.678,0,5.678
1.456,1,23.456
-0.234,0,4.123
0.89,1,19.678
-1.345,0,3.789
0.123,1,13.456
-0.456,0,5.234
1.234,1,22.89
-0.678,0,4.567
0.789,1,18.123
-1.234,0,3.456
0.456,1,15.789
-0.89,0,6.123
1.345,1,21.678
-0.567,0,5.89
0.234,1,16.456
-1.456,0,2.678
0.678,1,17.345
-0.345,0,5.456
1.123,1,20.789
-0.789,0,4.89
0.567,1,18.456
-1.123,0,3.234
0.345,1,14.89
-0.678,0,5.678
1.456,1,23.789
-0.234,0,4.123
0.89,1,19.456
-1.345,0,3.678
0.123,1,12.89
-0.456,0,5.234
1.234,1,22.123
-0.678,0,4.567
0.789,1,17.89
-1.234,0,3.456
0.456,1,15.678
-0.89,0,6.789
1.345,1,20.456
-0.567,0,5.123
0.234,1,14.567
-1.456,0,2.345
0.678,1,16.789
-0.345,0,5.678
1.123,1,21.234
-0.789,0,4.89
0.567,1,18.123
-1.123,0,3.456
0.345,1,14.89
-0.678,0,5.678
1.456,1,23.456
-0.234,0,4.123
0.89,1,19.678
-1.345,0,3.789
0.123,1,13.456
-0.456,0,5.234
1.234,1,22.89
-0.678,0,4.567
0.789,1,18.123
-1.234,0,3.456
0.456,1,15.789
-0.89,0,6.123
1.345,1,21.678
-0.567,0,5.89
0.234,1,16.456
-1.456,0,2.678
0.678,1,17.345
-0.345,0,5.456
1.123,1,20.789
-0.789,0,4.89
0.567,1,18.456
-1.123,0,3.234
0.345,1,14.89
-0.678,0,5.678
1.456,1,23.789
-0.234,0,4.123
0.89,1,19.456
-1.345,0,3.678
0.123,1,12.89
-0.456,0,5.234
1.234,1,22.123
-0.678,0,4.567
0.789,1,17.89
-1.234,0,3.456
0.456,1,15.678
-0.89,0,6.789
1.345,1,20.456
-0.567,0,5.123
0.234,1,14.567
-1.456,0,2.345
0.678,1,16.789
-0.345,0,5.678
1.123,1,21.234
-0.789,0,4.89
0.567,1,18.123
-1.123,0,3.456
0.345,1,14.89
-0.678,0,5.678
1.456,1,23.456
-0.234,0,4.123
0.89,1,19.678
-1.345,0,3.789
0.123,1,13.456
-0.456,0,5.234
1.234,1,22.89
-0.678,0,4.567
0.789,1,18.123
-1.234,0,3.456
0.456,1,15.789
-0.89,0,6.123
1.345,1,21.678
-0.567,0,5.89
0.234,1,16.456
-1.456,0,2.678
0.678,1,17.345
-0.345,0,5.456
1.123,1,20.789
-0.789,0,4.89
0.567,1,18.456
-1.123,0,3.234
0.345,1,14.89
-0.678,0,5.678
1.456,1,23.789
-0.234,0,4.123
0.89,1,19.456
-1.345,0,3.678
0.123,1,12.89
-0.456,0,5.234
1.234,1,22.123
-0.678,0,4.567
0.789,1,17.89
-1.234,0,3.456
0.456,1,15.678
-0.89,0,6.789
1.345,1,20.456
-0.567,0,5.123
0.234,1,14.567
-1.456,0,2.345
0.678,1,16.789
-0.345,0,5.678
1.123,1,21.234
-0.789,0,4.89
0.567,1,18.123
-1.123,0,3.456
0.345,1,14.89
-0.678,0,5.678
1.456,1,23.456
-0.234,0,4.123
0.89,1,19.678
-1.345,0,3.789
0.123,1,13.456
-0.456,0,5.234
1.234,1,22.89
-0.678,0,4.567
0.789,1,18.123
-1.234,0,3.456
0.456,1,15.789
-0.89,0,6.123
1.345,1,21.678
-0.567,0,5.89
0.234,1,16.456
-1.456,0,2.678
0.678,1,17.345
-0.345,0,5.456
1.123,1,20.789
-0.789,0,4.89
0.567,1,18.456
-1.123,0,3.234
0.345,1,14.89
-0.678,0,5.678
1.456,1,23.789
-0.234,0,4.123
0.89,1,19.456
-1.345,0,3.678
0.123,1,12.89
-0.456,0,5.234
1.234,1,22.123
-0.678,0,4.567
0.789,1,17.89
-1.234,0,3.456
0.456,1,15.678
-0.89,0,6.789
1.345,1,20.456
-0.567,0,5.123
0.234,1,14.567
-1.456,0,2.345
0.678,1,16.789
-0.345,0,5.678
-0.123,1,3.456
0.456,0,2.789
-1.234,1,4.567
0.789,0,1.234
1.345,1,5.678
-0.567,0,2.345
0.234,1,4.123
-0.89,1,3.678
1.234,0,2.456
-1.345,1,4.89
0.678,0,1.567
0.123,1,3.789
-0.456,0,2.678
1.456,1,5.123
-0.789,0,1.89
0.345,1,4.567
-1.123,1,4.234
0.567,0,2.789
1.5,1,5.89
-0.234,0,1.345
0.89,1,4.123
-1.456,1,4.678
0.456,0,2.345
-0.678,1,3.89
1.234,0,2.567
-0.345,1,4.89
0.123,0,1.234
-1.5,1,5.456
0.789,0,2.678
-0.89,1,3.567
1.345,0,2.89
-0.567,1,4.123
0.234,0,1.456
-1.234,1,5.678
0.678,0,2.345
-0.456,1,3.89
1.456,1,5.123
-0.789,0,1.678
0.345,1,4.567
-1.123,1,4.89
0.567,0,2.789
1.5,1,5.234
-0.234,0,1.345
0.89,1,4.678
-1.456,1,4.123
0.456,0,2.567
-0.678,1,3.89
1.234,0,2.345
-0.345,1,4.89
0.123,0,1.234
-1.5,1,5.456
0.789,0,2.678
-0.89,1,3.567
1.345,0,2.89
-0.567,1,4.123
0.234,0,1.456
-1.234,1,5.678
0.678,0,2.345
-0.456,1,3.89
1.456,1,5.123
-0.789,0,1.678
0.345,1,4.567
-1.123,1,4.89
0.567,0,2.789
1.5,1,5.234
-0.234,0,1.345
0.89,1,4.678
-1.456,1,4.123
0.456,0,2.567
-0.678,1,3.89
1.234,0,2.345
-0.345,1,4.89
0.123,0,1.234
-1.5,1,5.456
0.789,0,2.678
-0.89,1,3.567
1.345,0,2.89
-0.567,1,4.123
0.234,0,1.456
-1.234,1,5.678
0.678,0,2.345
-0.456,1,3.89
1.456,1,5.123
-0.789,0,1.678
0.345,1,4.567
-1.123,1,4.89
0.567,0,2.789
1.5,1,5.234
-0.234,0,1.345
0.89,1,4.678
-1.456,1,4.123
0.456,0,2.567
-0.678,1,3.89
1.234,0,2.345
-0.345,1,4.89
0.123,0,1.234
-1.5,1,5.456
0.789,0,2.678
-0.89,1,3.567
1.345,0,2.89
-0.567,1,4.123
0.234,0,1.456
-1.234,1,5.678
0.678,0,2.345
-0.456,1,3.89
1.456,1,5.123
-0.789,0,1.678
0.345,1,4.567
-1.123,1,4.89
0.567,0,2.789
1.5,1,5.234
-0.234,0,1.345
0.89,1,4.678
-1.456,1,4.123
0.456,0,2.567
-0.678,1,3.89
1.234,0,2.345
-0.345,1,4.89
0.123,0,1.234
-1.5,1,5.456
0.789,0,2.678
-0.89,1,3.567
1.345,0,2.89
-0.567,1,4.123
0.234,0,1.456
-1.234,1,5.678
0.678,0,2.345
-0.456,1,3.89
1.456,1,5.123
-0.789,0,1.678
0.345,1,4.567
-1.123,1,4.89
0.567,0,2.789
1.5,1,5.234
-0.234,0,1.345
0.89,1,4.678
-1.456,1,4.123
0.456,0,2.567
-0.678,1,3.89
1.234,0,2.345
-0.345,1,4.89
0.123,0,1.234
-1.5,1,5.456
0.789,0,2.678
-0.89,1,3.567
1.345,0,2.89
-0.567,1,4.123
0.234,0,1.456
-1.234,1,5.678
0.678,0,2.345
-0.456,1,3.89
1.456,1,5.123
-0.789,0,1.678
0.345,1,4.567
-1.123,1,4.89
0.567,0,2.789
1.5,1,5.234
-0.234,0,1.345
0.89,1,4.678
-1.456,1,4.123
0.456,0,2.567
-0.678,1,3.89
1.234,0,2.345
-0.345,1,4.89
0.123,0,1.234
-1.5,1,5.456
0.789,0,2.678
-0.89,1,3.567
1.345,0,2.89
-0.567,1,4.123
0.234,0,1.456
-1.234,1,5.678
0.678,0,2.345
-0.456,1,3.89
1.456,1,5.123
-0.789,0,1.678
0.345,1,4.567
-1.123,1,4.89
0.567,0,2.789
1.5,1,5.234
-0.234,0,1.345
0.89,1,4.678
-1.456,1,4.123
0.456,0,2.567
-0.678,1,3.89
1.234,0,2.345
-0.345,1,4.89
0.123,0,1.234
-1.5,1,5.456
0.789,0,2.678
-0.89,1,3.567
1.345,0,2.89
-0.567,1,4.123
0.234,0,1.456
-1.234,1,5.678
0.678,0,2.345
-0.456,1,3.89
1.456,1,5.123
-0.789,0,1.678
0.345,1,4.567
-1.123,1,4.89
0.567,0,2.789
1.5,1,5.234
-0.234,0,1.345
0.89,1,4.678
-1.456,1,4.123
0.456,0,2.567
-0.678,1,3.89
1.234,0,2.345
-0.345,1,4.89
0.123,0,1.234
-1.5,1,5.456
0.789,0,2.678
-0.89,1,3.567
1.345,0,2.89
-0.567,1,4.123
0.234,0,1.456
-1.234,1,5.678
0.678,0,2.345
-0.456,1,3.89
1.456,1,5.123
-0.789,0,1.678
0.345,1,4.567
-1.123,1,4.89
0.567,0,2.789
1.5,1,5.234
-0.234,0,1.345
0.89,1,4.678
-1.456,1,4.123
0.456,0,2.567
-0.678,1,3.89
1.234,0,2.345
-0.345,1,4.89
0.123,0,1.234
-1.5,1,5.456
0.789,0,2.678
-0.89,1,3.567
1.345,0,2.89
-0.567,1,4.123
0.234,0,1.456
-1.234,1,5.678
0.678,0,2.345
-0.456,1,3.89
1.456,1,5.123
-0.789,0,1.678
0.345,1,4.567
-1.123,1,4.89
0.567,0,2.789
1.5,1,5.234
-0.234,0,1.345
0.89,1,4.678
-1.456,1,4.123
0.456,0,2.567
-0.678,1,3.89
1.234,0,2.345
-0.345,1,4.89
0.123,0,1.234
-1.5,1,5.456
0.789,0,2.678
-0.89,1,3.567
1.345,0,2.89
-0.567,1,4.123
0.234,0,1.456
-1.234,1,5.678
0.678,0,2.345
-0.456,1,3.89
1.456,1,5.123
-0.789,0,1.678
0.345,1,4.567
-1.123,1,4.89
0.567,0,2.789
1.5,1,5.234
-0.234,0,1.345
0.89,1,4.678
-1.456,1,4.123
0.456,0,2.567
-0.678,1,3.89
1.234,0,2.345
-0.345,1,4.89
0.123,0,1.234
-1.5,1,5.456
0.789,0,2.678
-0.89,1,3.567
1.345,0,2.89
-0.567,1,4.123
0.234,0,1.456
-1.234,1,5.678
0.678,0,2.345
-0.456,1,3.89
1.456,1,5.123
-0.789,0,1.678
0.345,1,4.567
-1.123,1,4.89
0.567,0,2.789
1.5,1,5.234
-0.234,0,1.345
0.89,1,4.678
-1.456,1,4.123
0.456,0,2.567
-0.678,1,3.89
-0.123,1,2.456
0.456,0,1.234
-1.234,1,3.789
0.789,0,2.345
1.345,1,4.567
-0.567,0,1.678
0.234,1,3.456
-1.456,0,0.789
0.678,1,4.123
1.234,1,5.678
-0.345,0,1.89
0.123,1,3.234
-0.789,0,1.456
0.456,1,4.789
1.456,1,5.123
-1.345,0,0.678
0.567,1,3.89
-0.678,0,1.234
0.789,1,4.567
1.123,1,5.89
-0.234,0,1.345
0.345,1,3.678
-1.123,0,0.456
0.456,1,4.123
1.345,1,5.456
-0.567,0,1.789
0.678,1,3.89
-1.456,0,0.678
0.234,1,4.567
1.234,1,5.789
-0.345,0,1.234
0.123,1,3.456
-0.789,0,1.678
0.456,1,4.89
1.456,1,5.123
-1.345,0,0.789
0.567,1,3.234
-0.678,0,1.456
0.789,1,4.567
1.123,1,5.89
-0.234,0,1.345
0.345,1,3.678
-1.123,0,0.456
0.456,1,4.123
1.345,1,5.456
-0.567,0,1.789
0.678,1,3.89
-1.456,0,0.678
0.234,1,4.567
1.234,1,5.789
-0.345,0,1.234
0.123,1,3.456
-0.789,0,1.678
0.456,1,4.89
1.456,1,5.123
-1.345,0,0.789
0.567,1,3.234
-0.678,0,1.456
0.789,1,4.567
1.123,1,5.89
-0.234,0,1.345
0.345,1,3.678
-1.123,0,0.456
0.456,1,4.123
1.345,1,5.456
-0.567,0,1.789
0.678,1,3.89
-1.456,0,0.678
0.234,1,4.567
1.234,1,5.789
-0.345,0,1.234
0.123,1,3.456
-0.789,0,1.678
0.456,1,4.89
1.456,1,5.123
-1.345,0,0.789
0.567,1,3.234
-0.678,0,1.456
0.789,1,4.567
1.123,1,5.89
-0.234,0,1.345
0.345,1,3.678
-1.123,0,0.456
0.456,1,4.123
1.345,1,5.456
-0.567,0,1.789
0.678,1,3.89
-1.456,0,0.678
0.234,1,4.567
1.234,1,5.789
-0.345,0,1.234
0.123,1,3.456
-0.789,0,1.678
0.456,1,4.89
1.456,1,5.123
-1.345,0,0.789
0.567,1,3.234
-0.678,0,1.456
0.789,1,4.567
1.123,1,5.89
-0.234,0,1.345
0.345,1,3.678
-1.123,0,0.456
0.456,1,4.123
1.345,1,5.456
-0.567,0,1.789
0.678,1,3.89
-1.456,0,0.678
0.234,1,4.567
1.234,1,5.789
-0.345,0,1.234
0.123,1,3.456
-0.789,0,1.678
0.456,1,4.89
1.456,1,5.123
-1.345,0,0.789
0.567,1,3.234
-0.678,0,1.456
0.789,1,4.567
1.123,1,5.89
-0.234,0,1.345
0.345,1,3.678
-1.123,0,0.456
0.456,1,4.123
1.345,1,5.456
-0.567,0,1.789
0.678,1,3.89
-1.456,0,0.678
0.234,1,4.567
1.234,1,5.789
-0.345,0,1.234
0.123,1,3.456
-0.789,0,1.678
0.456,1,4.89
1.456,1,5.123
-1.345,0,0.789
0.567,1,3.234
-0.678,0,1.456
0.789,1,4.567
1.123,1,5.89
-0.234,0,1.345
0.345,1,3.678
-1.123,0,0.456
0.456,1,4.123
1.345,1,5.456
-0.567,0,1.789
0.678,1,3.89
-1.456,0,0.678
0.234,1,4.567
1.234,1,5.789
-0.345,0,1.234
0.123,1,3.456
-0.789,0,1.678
0.456,1,4.89
1.456,1,5.123
-1.345,0,0.789
0.567,1,3.234
-0.678,0,1.456
0.789,1,4.567
1.123,1,5.89
-0.234,0,1.345
0.345,1,3.678
-1.123,0,0.456
0.456,1,4.123
1.345,1,5.456
-0.567,0,1.789
0.678,1,3.89
-1.456,0,0.678
0.234,1,4.567
1.234,1,5.789
-0.345,0,1.234
0.123,1,3.456
-0.789,0,1.678
0.456,1,4.89
1.456,1,5.123
-1.345,0,0.789
0.567,1,3.234
-0.678,0,1.456
0.789,1,4.567
1.123,1,5.89
-0.234,0,1.345
0.345,1,3.678
-1.123,0,0.456
0.456,1,4.123
1.345,1,5.456
-0.567,0,1.789
0.678,1,3.89
-1.456,0,0.678
0.234,1,4.567
1.234,1,5.789
-0.345,0,1.234
0.123,1,3.456
-0.789,0,1.678
0.456,1,4.89
1.456,1,5.123
-1.345,0,0.789
0.567,1,3.234
-0.678,0,1.456
0.789,1,4.567
1.123,1,5.89
-0.234,0,1.345
0.345,1,3.678
-1.123,0,0.456
0.456,1,4.123
1.345,1,5.456
-0.567,0,1.789
0.678,1,3.89
-1.456,0,0.678
0.234,1,4.567
1.234,1,5.789
-0.345,0,1.234
0.123,1,3.456
-0.789,0,1.678
0.456,1,4.89
1.456,1,5.123
-1.345,0,0.789
0.567,1,3.234
-0.678,0,1.456
0.789,1,4.567
1.123,1,5.89
-0.234,0,1.345
0.345,1,3.678
-1.123,0,0.456
0.456,1,4.123
1.345,1,5.456
-0.567,0,1.789
0.678,1,3.89
-1.456,0,0.678
0.234,1,4.567
1.234,1,5.789
-0.345,0,1.234
0.123,1,3.456
-0.789,0,1.678
0.456,1,4.89
1.456,1,5.123
-1.345,0,0.789
0.567,1,3.234
-0.678,0,1.456
0.789,1,4.567
1.123,1,5.89
-0.234,0,1.345
0.345,1,3.678
-1.123,0,0.456
0.456,1,4.123
1.345,1,5.456
-0.567,0,1.789
0.678,1,3.89
-1.456,0,0.678
0.234,1,4.567
1.234,1,5.789
-0.345,0,1.234
0.123,1,3.456
-0.789,0,1.678
0.456,1,4.89
1.456,1,5.123
-1.345,0,0.789
0.567,1,3.234
-0.678,0,1.456
0.789,1,4.567
1.123,1,5.89
-0.234,0,1.345
0.345,1,3.678
-1.123,0,0.456
0.456,1,4.123
1.345,1,5.456
-0.567,0,1.789
0.678,1,3.89
-1.456,0,0.678
0.234,1,4.567
1.234,1,5.789
-0.345,0,1.234
0.123,1,3.456
-0.789,0,1.678
0.456,1,4.89
1.456,1,5.123
-1.345,0,0.789
0.567,1,3.234
-0.678,0,1.456
0.789,1,4.567
1.123,1,5.89
-0.234,0,1.345
0.345,1,3.678
-1.123,0,0.456
0.456,1,4.123
1.345,1,5.456
-0.567,0,1.789
0.678,1,3.89
-1.456,0,0.678
0.234,1,4.567
1.234,1,5.789
-0.345,0,1.234
0.123,1,3.456
-0.789,0,1.678
0.456,1,4.89
1.456,1,5.123
-1.345,0,0.789
0.567,1,3.234
-0.678,0,1.456
0.789,1,4.567
1.123,1,5.89
-0.123,1,10.456
0.789,0,5.123
-1.234,1,12.789
0.456,0,6.234
1.345,1,14.567
-0.567,0,4.89
0.234,1,11.234
-0.89,0,5.678
1.123,1,15.678
-1.456,0,3.456
0.678,1,13.456
-0.345,0,5.89
1.234,1,16.789
-0.789,0,4.567
0.123,1,10.123
-1.345,0,3.89
0.567,1,12.345
-0.456,0,5.012
1.456,1,17.89
-0.678,0,4.234
0.89,1,13.789
-1.123,0,3.678
0.345,1,11.678
-0.234,0,5.456
1.012,1,15.123
-0.901,0,4.89
0.678,1,12.789
-1.012,0,3.456
0.456,1,11.234
-0.678,0,5.89
1.234,1,16.456
-0.123,0,4.567
0.789,1,13.123
-1.234,0,3.89
0.456,1,10.678
-0.789,0,5.012
1.345,1,14.89
-0.567,0,4.234
0.234,1,11.456
-1.456,0,3.678
0.678,1,12.345
-0.345,0,5.678
1.123,1,15.789
-1.345,0,3.89
0.567,1,11.89
-0.456,0,4.89
1.456,1,17.123
-0.678,0,4.567
0.89,1,13.456
-1.123,0,3.234
0.345,1,10.789
-0.234,0,5.89
1.012,1,16.678
-0.901,0,4.345
0.678,1,12.789
-1.012,0,3.456
0.456,1,11.234
-0.678,0,5.012
1.234,1,14.89
-0.123,0,4.678
0.789,1,13.123
-1.234,0,3.89
0.456,1,10.678
-0.789,0,5.456
1.345,1,15.678
-0.567,0,4.89
0.234,1,11.456
-1.456,0,3.678
0.678,1,12.345
-0.345,0,5.678
1.123,1,16.789
-1.345,0,3.89
0.567,1,11.89
-0.456,0,4.89
1.456,1,17.123
-0.678,0,4.567
0.89,1,13.456
-1.123,0,3.234
0.345,1,10.789
-0.234,0,5.89
1.012,1,16.678
-0.901,0,4.345
0.678,1,12.789
-1.012,0,3.456
0.456,1,11.234
-0.678,0,5.012
1.234,1,14.89
-0.123,0,4.678
0.789,1,13.123
-1.234,0,3.89
0.456,1,10.678
-0.789,0,5.456
1.345,1,15.678
-0.567,0,4.89
0.234,1,11.456
-1.456,0,3.678
0.678,1,12.345
-0.345,0,5.678
1.123,1,16.789
-1.345,0,3.89
0.567,1,11.89
-0.456,0,4.89
1.456,1,17.123
-0.678,0,4.567
0.89,1,13.456
-1.123,0,3.234
0.345,1,10.789
-0.234,0,5.89
1.012,1,16.678
-0.901,0,4.345
0.678,1,12.789
-1.012,0,3.456
0.456,1,11.234
-0.678,0,5.012
1.234,1,14.89
-0.123,0,4.678
0.789,1,13.123
-1.234,0,3.89
0.456,1,10.678
-0.789,0,5.456
1.345,1,15.678
-0.567,0,4.89
0.234,1,11.456
-1.456,0,3.678
0.678,1,12.345
-0.345,0,5.678
1.123,1,16.789
-1.345,0,3.89
0.567,1,11.89
-0.456,0,4.89
1.456,1,17.123
-0.678,0,4.567
0.89,1,13.456
-1.123,0,3.234
0.345,1,10.789
-0.234,0,5.89
1.012,1,16.678
-0.901,0,4.345
0.678,1,12.789
-1.012,0,3.456
0.456,1,11.234
-0.678,0,5.012
1.234,1,14.89
-0.123,0,4.678
0.789,1,13.123
-1.234,0,3.89
0.456,1,10.678
-0.789,0,5.456
1.345,1,15.678
-0.567,0,4.89
0.234,1,11.456
-1.456,0,3.678
0.678,1,12.345
-0.345,0,5.678
1.123,1,16.789
-1.345,0,3.89
0.567,1,11.89
-0.456,0,4.89
1.456,1,17.123
-0.678,0,4.567
0.89,1,13.456
-1.123,0,3.234
0.345,1,10.789
-0.234,0,5.89
1.012,1,16.678
-0.901,0,4.345
0.678,1,12.789
-1.012,0,3.456
0.456,1,11.234
-0.678,0,5.012
1.234,1,14.89
-0.123,0,4.678
0.789,1,13.123
-1.234,0,3.89
0.456,1,10.678
-0.789,0,5.456
1.345,1,15.678
-0.567,0,4.89
0.234,1,11.456
-1.456,0,3.678
0.678,1,12.345
-0.345,0,5.678
1.123,1,16.789
-1.345,0,3.89
0.567,1,11.89
-0.456,0,4.89
1.456,1,17.123
-0.678,0,4.567
0.89,1,13.456
-1.123,0,3.234
0.345,1,10.789
-0.234,0,5.89
1.012,1,16.678
-0.901,0,4.345
0.678,1,12.789
-1.012,0,3.456
0.456,1,11.234
-0.678,0,5.012
1.234,1,14.89
-0.123,0,4.678
0.789,1,13.123
-1.234,0,3.89
0.456,1,10.678
-0.789,0,5.456
1.345,1,15.678
-0.567,0,4.89
0.234,1,11.456
-1.456,0,3.678
0.678,1,12.345
-0.345,0,5.678
1.123,1,16.789
-1.345,0,3.89
0.567,1,11.89
-0.456,0,4.89
1.456,1,17.123
-0.678,0,4.567
0.89,1,13.456
-1.123,0,3.234
0.345,1,10.789
-0.234,0,5.89
1.012,1,16.678
-0.901,0,4.345
0.678,1,12.789
-1.012,0,3.456
0.456,1,11.234
-0.678,0,5.012
1.234,1,14.89
-0.123,0,4.678
0.789,1,13.123
-1.234,0,3.89
0.456,1,10.678
-0.789,0,5.456
1.345,1,15.678
-0.567,0,4.89
0.234,1,11.456
-1.456,0,3.678
0.678,1,12.345
-0.345,0,5.678
1.123,1,16.789
-1.345,0,3.89
0.567,1,11.89
-0.456,0,4.89
1.456,1,17.123
-0.678,0,4.567
0.89,1,13.456
-1.123,0,3.234
0.345,1,10.789
-0.234,0,5.89
1.012,1,16.678
-0.901,0,4.345
0.678,1,12.789
-1.012,0,3.456
0.456,1,11.234
-0.678,0,5.012
1.234,1,14.89
-0.123,0,4.678
0.789,1,13.123
-1.234,0,3.89
0.456,1,10.678
-0.789,0,5.456
1.345,1,15.678
-0.567,0,4.89
0.234,1,11.456
-1.456,0,3.678
0.678,1,12.345
-0.345,0,5.678
1.123,1,16.789
-1.345,0,3.89
0.567,1,11.89
-0.456,0,4.89
1.456,1,17.123
-0.678,0,4.567
0.89,1,13.456
-1.123,0,3.234
0.345,1,10.789
-0.234,0,5.89
1.012,1,16.678
-0.901,0,4.345
0.678,1,12.789
-1.012,0,3.456
0.456,1,11.234
-0.678,0,5.012
1.234,1,14.89
-0.123,0,4.678
0.789,1,13.123
-1.234,0,3.89
0.456,1,10.678
-0.789,0,5.456
1.345,1,15.678
-0.567,0,4.89
0.234,1,11.456
-1.456,0,3.678
0.678,1,12.345
-0.345,0,5.678
1.123,1,16.789
-1.345,0,3.89
0.567,1,11.89
-0.456,0,4.89
1.456,1,17.123
-0.678,0,4.567
-0.123,1,5.678
0.456,0,3.234
1.234,1,8.456
-1.234,0,2.345
0.789,1,7.123
-0.456,0,4.567
1.123,1,9.876
-0.789,0,3.456
0.345,1,6.789
-1.456,0,2.678
0.678,1,7.345
-0.345,0,4.123
1.456,1,10.234
-0.678,0,3.789
0.123,1,5.89
-1.123,0,2.456
0.567,1,6.678
-0.234,0,4.89
1.345,1,9.123
-0.567,0,3.234
0.789,1,7.456
-1.345,0,2.789
0.234,1,6.123
-0.123,0,4.567
1.234,1,8.678
-0.456,0,3.89
0.456,1,7.89
-1.234,0,2.345
0.678,1,6.789
-0.789,0,3.456
1.123,1,9.123
-0.678,0,2.678
0.345,1,5.678
-1.456,0,3.234
0.567,1,7.123
-0.234,0,4.567
1.345,1,8.456
-0.123,0,2.89
0.789,1,6.678
-1.345,0,3.456
0.123,1,5.89
-0.456,0,4.123
1.234,1,9.876
-0.678,0,2.345
0.456,1,7.89
-1.234,0,3.789
0.678,1,6.123
-0.789,0,4.89
1.123,1,8.234
-0.567,0,2.678
0.345,1,5.456
-1.456,0,3.89
0.567,1,7.345
-0.234,0,4.123
1.345,1,9.678
-0.123,0,2.456
0.789,1,6.789
-1.345,0,3.234
0.123,1,5.89
-0.456,0,4.567
1.234,1,8.456
-0.678,0,2.789
0.456,1,7.123
-1.234,0,3.456
0.678,1,6.678
-0.789,0,4.89
1.123,1,9.123
-0.567,0,2.678
0.345,1,5.678
-1.456,0,3.234
0.567,1,7.89
-0.234,0,4.567
1.345,1,8.678
-0.123,0,2.89
0.789,1,6.123
-1.345,0,3.456
0.123,1,5.89
-0.456,0,4.123
1.234,1,9.876
-0.678,0,2.345
0.456,1,7.89
-1.234,0,3.789
0.678,1,6.789
-0.789,0,4.567
1.123,1,8.234
-0.567,0,2.678
0.345,1,5.456
-1.456,0,3.89
0.567,1,7.345
-0.234,0,4.123
1.345,1,9.678
-0.123,0,2.456
0.789,1,6.789
-1.345,0,3.234
0.123,1,5.89
-0.456,0,4.567
1.234,1,8.456
-0.678,0,2.789
0.456,1,7.123
-1.234,0,3.456
0.678,1,6.678
-0.789,0,4.89
1.123,1,9.123
-0.567,0,2.678
0.345,1,5.678
-1.456,0,3.234
0.567,1,7.89
-0.234,0,4.567
1.345,1,8.678
-0.123,0,2.89
0.789,1,6.123
-1.345,0,3.456
0.123,1,5.89
-0.456,0,4.123
1.234,1,9.876
-0.678,0,2.345
0.456,1,7.89
-1.234,0,3.789
0.678,1,6.789
-0.789,0,4.567
1.123,1,8.234
-0.567,0,2.678
0.345,1,5.456
-1.456,0,3.89
0.567,1,7.345
-0.234,0,4.123
1.345,1,9.678
-0.123,0,2.456
0.789,1,6.789
-1.345,0,3.234
0.123,1,5.89
-0.456,0,4.567
1.234,1,8.456
-0.678,0,2.789
0.456,1,7.123
-1.234,0,3.456
0.678,1,6.678
-0.789,0,4.89
1.123,1,9.123
-0.567,0,2.678
0.345,1,5.678
-1.456,0,3.234
0.567,1,7.89
-0.234,0,4.567
1.345,1,8.678
-0.123,0,2.89
0.789,1,6.123
-1.345,0,3.456
0.123,1,5.89
-0.456,0,4.123
1.234,1,9.876
-0.678,0,2.345
0.456,1,7.89
-1.234,0,3.789
0.678,1,6.789
-0.789,0,4.567
1.123,1,8.234
-0.567,0,2.678
0.345,1,5.456
-1.456,0,3.89
0.567,1,7.345
-0.234,0,4.123
1.345,1,9.678
-0.123,0,2.456
0.789,1,6.789
-1.345,0,3.234
0.123,1,5.89
-0.456,0,4.567
1.234,1,8.456
-0.678,0,2.789
0.456,1,7.123
-1.234,0,3.456
0.678,1,6.678
-0.789,0,4.89
1.123,1,9.123
-0.567,0,2.678
0.345,1,5.678
-1.456,0,3.234
0.567,1,7.89
-0.234,0,4.567
1.345,1,8.678
-0.123,0,2.89
0.789,1,6.123
-1.345,0,3.456
0.123,1,5.89
-0.456,0,4.123
1.234,1,9.876
-0.678,0,2.345
0.456,1,7.89
-1.234,0,3.789
0.678,1,6.789
-0.789,0,4.567
1.123,1,8.234
-0.567,0,2.678
0.345,1,5.456
-1.456,0,3.89
0.567,1,7.345
-0.234,0,4.123
1.345,1,9.678
-0.123,0,2.456
0.789,1,6.789
-1.345,0,3.234
0.123,1,5.89
-0.456,0,4.567
1.234,1,8.456
-0.678,0,2.789
0.456,1,7.123
-1.234,0,3.456
0.678,1,6.678
-0.789,0,4.89
1.123,1,9.123
-0.567,0,2.678
0.345,1,5.678
-1.456,0,3.234
0.567,1,7.89
-0.234,0,4.567
1.345,1,8.678
-0.123,0,2.89
0.789,1,6.123
-1.345,0,3.456
0.123,1,5.89
-0.456,0,4.123
1.234,1,9.876
-0.678,0,2.345
0.456,1,7.89
-1.234,0,3.789
0.678,1,6.789
-0.789,0,4.567
1.123,1,8.234
-0.567,0,2.678
0.345,1,5.456
-1.456,0,3.89
0.567,1,7.345
-0.234,0,4.123
1.345,1,9.678
-0.123,0,2.456
0.789,1,6.789
-1.345,0,3.234
0.123,1,5.89
-0.456,0,4.567
1.234,1,8.456
-0.678,0,2.789
0.456,1,7.123
-1.234,0,3.456
0.678,1,6.678
-0.789,0,4.89
1.123,1,9.123
-0.567,0,2.678
0.345,1,5.678
-1.456,0,3.234
0.567,1,7.89
-0.234,0,4.567
1.345,1,8.678
-0.123,0,2.89
0.789,1,6.123
-1.345,0,3.456
0.123,1,5.89
-0.456,0,4.123
1.234,1,9.876
-0.678,0,2.345
0.456,1,7.89
-1.234,0,3.789
0.678,1,6.789
-0.789,0,4.567
1.123,1,8.234
-0.567,0,2.678
0.345,1,5.456
-1.456,0,3.89
0.567,1,7.345
-0.234,0,4.123
1.345,1,9.678
-0.123,0,2.456
0.789,1,6.789
-1.345,0,3.234
0.123,1,5.89
-0.456,0,4.567
1.234,1,8.456
-0.678,0,2.789
0.456,1,7.123
-1.234,0,3.456
0.678,1,6.678
-0.789,0,4.89
1.123,1,9.123
-0.567,0,2.678
0.345,1,5.678
-1.456,0,3.234
0.567,1,7.89
-0.234,0,4.567
1.345,1,8.678
-0.123,0,2.89
0.789,1,6.123
-1.345,0,3.456
0.123,1,5.89
-0.456,0,4.123
1.234,1,9.876
-0.678,0,2.345
0.456,1,7.89
-1.234,0,3.789
0.678,1,6.789
-0.789,0,4.567
-1.234,1,5.678
0.456,0,3.234
1.123,1,8.456
-0.789,0,2.345
0.678,1,7.89
-1.456,0,1.234
0.234,1,6.789
1.345,1,9.012
-0.567,0,2.678
0.89,1,7.123
-1.345,0,1.89
0.123,1,6.456
1.456,1,8.789
-0.234,0,2.456
0.567,1,7.345
-1.5,0,1.678
0.789,1,8.012
1.234,1,9.345
-0.89,0,2.123
0.345,1,6.678
-1.012,0,1.234
0.678,1,7.89
1.5,1,9.678
-0.456,0,2.345
0.234,1,6.789
-1.123,0,1.456
0.89,1,8.123
1.345,1,9.456
-0.678,0,2.678
0.456,1,7.234
-1.234,0,1.789
0.123,1,6.456
1.456,1,8.89
-0.89,0,2.123
0.678,1,7.345
-1.5,0,1.678
0.789,1,8.012
1.234,1,9.345
-0.345,0,2.456
0.567,1,6.678
-1.345,0,1.89
0.89,1,7.123
1.5,1,9.012
-0.123,0,2.678
0.234,1,6.789
-1.456,0,1.234
0.678,1,7.89
1.345,1,8.456
-0.789,0,2.345
0.456,1,6.123
-1.234,0,1.678
0.89,1,8.234
1.5,1,9.678
-0.678,0,2.123
0.345,1,6.789
-1.012,0,1.456
0.678,1,7.89
1.234,1,8.901
-0.89,0,2.456
0.567,1,6.678
-1.345,0,1.789
0.123,1,6.456
1.456,1,9.012
-0.234,0,2.678
0.789,1,7.345
-1.5,0,1.678
0.89,1,8.123
1.345,1,9.456
-0.678,0,2.345
0.456,1,6.789
-1.234,0,1.89
0.678,1,7.89
1.5,1,8.901
-0.89,0,2.123
0.234,1,6.678
-1.012,0,1.456
0.89,1,8.234
1.234,1,9.678
-0.345,0,2.456
0.567,1,6.123
-1.345,0,1.678
0.678,1,7.89
1.456,1,8.901
-0.789,0,2.345
0.456,1,6.789
-1.234,0,1.89
0.123,1,6.456
1.5,1,9.012
-0.89,0,2.678
0.789,1,7.345
-1.5,0,1.678
0.89,1,8.123
1.345,1,9.456
-0.678,0,2.345
0.456,1,6.789
-1.234,0,1.89
0.678,1,7.89
1.5,1,8.901
-0.89,0,2.123
0.234,1,6.678
-1.012,0,1.456
0.89,1,8.234
1.234,1,9.678
-0.345,0,2.456
0.567,1,6.123
-1.345,0,1.678
0.678,1,7.89
1.456,1,8.901
-0.789,0,2.345
0.456,1,6.789
-1.234,0,1.89
0.123,1,6.456
1.5,1,9.012
-0.89,0,2.678
0.789,1,7.345
-1.5,0,1.678
0.89,1,8.123
1.345,1,9.456
-0.678,0,2.345
0.456,1,6.789
-1.234,0,1.89
0.678,1,7.89
1.5,1,8.901
-0.89,0,2.123
0.234,1,6.678
-1.012,0,1.456
0.89,1,8.234
1.234,1,9.678
-0.345,0,2.456
0.567,1,6.123
-1.345,0,1.678
0.678,1,7.89
1.456,1,8.901
-0.789,0,2.345
0.456,1,6.789
-1.234,0,1.89
0.123,1,6.456
1.5,1,9.012
-0.89,0,2.678
0.789,1,7.345
-1.5,0,1.678
0.89,1,8.123
1.345,1,9.456
-0.678,0,2.345
0.456,1,6.789
-1.234,0,1.89
0.678,1,7.89
1.5,1,8.901
-0.89,0,2.123
0.234,1,6.678
-1.012,0,1.456
0.89,1,8.234
1.234,1,9.678
-0.345,0,2.456
0.567,1,6.123
-1.345,0,1.678
0.678,1,7.89
1.456,1,8.901
-0.789,0,2.345
0.456,1,6.789
-1.234,0,1.89
0.123,1,6.456
1.5,1,9.012
-0.89,0,2.678
0.789,1,7.345
-1.5,0,1.678
0.89,1,8.123
1.345,1,9.456
-0.678,0,2.345
0.456,1,6.789
-1.234,0,1.89
0.678,1,7.89
1.5,1,8.901
-0.89,0,2.123
0.234,1,6.678
-1.012,0,1.456
0.89,1,8.234
1.234,1,9.678
-0.345,0,2.456
0.567,1,6.123
-1.345,0,1.678
0.678,1,7.89
1.456,1,8.901
-0.789,0,2.345
0.456,1,6.789
-1.234,0,1.89
0.123,1,6.456
1.5,1,9.012
-0.89,0,2.678
0.789,1,7.345
-1.5,0,1.678
0.89,1,8.123
1.345,1,9.456
-0.678,0,2.345
0.456,1,6.789
-1.234,0,1.89
0.678,1,7.89
1.5,1,8.901
-0.89,0,2.123
0.234,1,6.678
-1.012,0,1.456
0.89,1,8.234
1.234,1,9.678
-0.345,0,2.456
0.567,1,6.123
-1.345,0,1.678
0.678,1,7.89
1.456,1,8.901
-0.789,0,2.345
0.456,1,6.789
-1.234,0,1.89
0.123,1,6.456
1.5,1,9.012
-0.89,0,2.678
0.789,1,7.345
-1.5,0,1.678
0.89,1,8.123
1.345,1,9.456
-0.678,0,2.345
0.456,1,6.789
-1.234,0,1.89
0.678,1,7.89
1.5,1,8.901
-0.89,0,2.123
0.234,1,6.678
-1.012,0,1.456
0.89,1,8.234
1.234,1,9.678
-0.345,0,2.456
0.567,1,6.123
-1.345,0,1.678
0.678,1,7.89
1.456,1,8.901
-0.789,0,2.345
0.456,1,6.789
-1.234,0,1.89
0.123,1,6.456
1.5,1,9.012
-0.89,0,2.678
0.789,1,7.345
-1.5,0,1.678
0.89,1,8.123
1.345,1,9.456
-0.678,0,2.345
0.456,1,6.789
-1.234,0,1.89
0.678,1,7.89
1.5,1,8.901
-0.89,0,2.123
0.234,1,6.678
-1.012,0,1.456
0.89,1,8.234
1.234,1,9.678
-0.345,0,2.456
0.567,1,6.123
-1.345,0,1.678
0.678,1,7.89
1.456,1,8.901
-0.789,0,2.345
0.456,1,6.789
-1.234,0,1.89
0.123,1,6.456
1.5,1,9.012
-0.89,0,2.678
0.789,1,7.345
-1.5,0,1.678
0.89,1,8.123
1.345,1,9.456
-0.678,0,2.345
0.456,1,6.789
-1.234,0,1.89
0.678,1,7.89
1.5,1,8.901
-0.89,0,2.123
0.234,1,6.678
-1.012,0,1.456
0.89,1,8.234
1.234,1,9.678
-0.345,0,2.456
0.567,1,6.123
-1.345,0,1.678
0.678,1,7.89
1.456,1,8.901
-0.789,0,2.345
0.456,1,6.789
-1.234,0,1.89
0.123,1,6.456
1.5,1,9.012
-0.89,0,2.678
0.789,1,7.345
-1.5,0,1.678
0.89,1,8.123
1.345,1,9.456
-0.678,0,2.345
0.456,1,6.789
-1.234,0,1.89
0.678,1,7.89
1.5,1,8.901
-0.89,0,2.123
0.234,1,6.678
-0.123,1,2.456
0.456,0,1.234
-1.234,1,3.567
0.789,1,4.678
-0.678,0,2.345
1.234,1,5.678
-0.345,0,1.456
0.123,1,3.456
1.456,1,6.789
-1.456,0,2.234
0.678,1,4.567
-0.789,0,1.678
1.345,1,5.789
-0.567,0,2.456
0.234,1,3.678
-1.345,0,1.234
0.567,1,4.678
-0.456,0,2.345
1.5,1,6.89
-0.234,0,1.456
0.789,1,4.567
-1.5,0,2.678
0.345,1,3.789
1.012,1,5.89
-0.89,0,1.234
0.89,1,4.678
-1.012,0,2.345
0.456,1,3.456
1.234,1,5.678
-0.678,0,1.89
0.123,1,4.567
-0.345,0,2.456
1.456,1,6.789
-1.234,0,1.678
0.678,1,3.89
-0.789,0,2.345
1.345,1,5.678
-0.567,0,1.234
0.234,1,4.678
-1.345,0,2.456
0.567,1,3.789
-0.456,0,1.89
1.5,1,6.89
-0.234,0,2.345
0.789,1,4.567
-1.5,0,1.678
0.345,1,3.456
1.012,1,5.89
-0.89,0,2.678
0.89,1,4.678
-1.012,0,1.234
0.456,1,3.567
1.234,1,5.678
-0.678,0,2.345
0.123,1,4.678
-0.345,0,1.89
1.456,1,6.789
-1.234,0,2.456
0.678,1,3.89
-0.789,0,1.678
1.345,1,5.678
-0.567,0,2.345
0.234,1,4.678
-1.345,0,1.234
0.567,1,3.789
-0.456,0,1.89
1.5,1,6.89
-0.234,0,2.345
0.789,1,4.567
-1.5,0,1.678
0.345,1,3.456
1.012,1,5.89
-0.89,0,2.678
0.89,1,4.678
-1.012,0,1.234
0.456,1,3.567
1.234,1,5.678
-0.678,0,2.345
0.123,1,4.678
-0.345,0,1.89
1.456,1,6.789
-1.234,0,2.456
0.678,1,3.89
-0.789,0,1.678
1.345,1,5.678
-0.567,0,2.345
0.234,1,4.678
-1.345,0,1.234
0.567,1,3.789
-0.456,0,1.89
1.5,1,6.89
-0.234,0,2.345
0.789,1,4.567
-1.5,0,1.678
0.345,1,3.456
1.012,1,5.89
-0.89,0,2.678
0.89,1,4.678
-1.012,0,1.234
0.456,1,3.567
1.234,1,5.678
-0.678,0,2.345
0.123,1,4.678
-0.345,0,1.89
1.456,1,6.789
-1.234,0,2.456
0.678,1,3.89
-0.789,0,1.678
1.345,1,5.678
-0.567,0,2.345
0.234,1,4.678
-1.345,0,1.234
0.567,1,3.789
-0.456,0,1.89
1.5,1,6.89
-0.234,0,2.345
0.789,1,4.567
-1.5,0,1.678
0.345,1,3.456
1.012,1,5.89
-0.89,0,2.678
0.89,1,4.678
-1.012,0,1.234
0.456,1,3.567
1.234,1,5.678
-0.678,0,2.345
0.123,1,4.678
-0.345,0,1.89
1.456,1,6.789
-1.234,0,2.456
0.678,1,3.89
-0.789,0,1.678
1.345,1,5.678
-0.567,0,2.345
0.234,1,4.678
-1.345,0,1.234
0.567,1,3.789
-0.456,0,1.89
1.5,1,6.89
-0.234,0,2.345
0.789,1,4.567
-1.5,0,1.678
0.345,1,3.456
1.012,1,5.89
-0.89,0,2.678
0.89,1,4.678
-1.012,0,1.234
0.456,1,3.567
1.234,1,5.678
-0.678,0,2.345
0.123,1,4.678
-0.345,0,1.89
1.456,1,6.789
-1.234,0,2.456
0.678,1,3.89
-0.789,0,1.678
1.345,1,5.678
-0.567,0,2.345
0.234,1,4.678
-1.345,0,1.234
0.567,1,3.789
-0.456,0,1.89
1.5,1,6.89
-0.234,0,2.345
0.789,1,4.567
-1.5,0,1.678
0.345,1,3.456
1.012,1,5.89
-0.89,0,2.678
0.89,1,4.678
-1.012,0,1.234
0.456,1,3.567
1.234,1,5.678
-0.678,0,2.345
0.123,1,4.678
-0.345,0,1.89
1.456,1,6.789
-1.234,0,2.456
0.678,1,3.89
-0.789,0,1.678
1.345,1,5.678
-0.567,0,2.345
0.234,1,4.678
-1.345,0,1.234
0.567,1,3.789
-0.456,0,1.89
1.5,1,6.89
-0.234,0,2.345
0.789,1,4.567
-1.5,0,1.678
0.345,1,3.456
1.012,1,5.89
-0.89,0,2.678
0.89,1,4.678
-1.012,0,1.234
0.456,1,3.567
1.234,1,5.678
-0.678,0,2.345
0.123,1,4.678
-0.345,0,1.89
1.456,1,6.789
-1.234,0,2.456
0.678,1,3.89
-0.789,0,1.678
1.345,1,5.678
-0.567,0,2.345
0.234,1,4.678
-1.345,0,1.234
0.567,1,3.789
-0.456,0,1.89
1.5,1,6.89
-0.234,0,2.345
0.789,1,4.567
-1.5,0,1.678
0.345,1,3.456
1.012,1,5.89
-0.89,0,2.678
0.89,1,4.678
-1.012,0,1.234
0.456,1,3.567
1.234,1,5.678
-0.678,0,2.345
0.123,1,4.678
-0.345,0,1.89
1.456,1,6.789
-1.234,0,2.456
0.678,1,3.89
-0.789,0,1.678
1.345,1,5.678
-0.567,0,2.345
0.234,1,4.678
-1.345,0,1.234
0.567,1,3.789
-0.456,0,1.89
1.5,1,6.89
-0.234,0,2.345
0.789,1,4.567
-1.5,0,1.678
0.345,1,3.456
1.012,1,5.89
-0.89,0,2.678
0.89,1,4.678
-1.012,0,1.234
0.456,1,3.567
1.234,1,5.678
-0.678,0,2.345
0.123,1,4.678
-0.345,0,1.89
1.456,1,6.789
-1.234,0,2.456
0.678,1,3.89
-0.789,0,1.678
1.345,1,5.678
-0.567,0,2.345
0.234,1,4.678
-1.345,0,1.234
0.567,1,3.789
-0.456,0,1.89
1.5,1,6.89
-0.234,0,2.345
0.789,1,4.567
-1.5,0,1.678
0.345,1,3.456
1.012,1,5.89
-0.89,0,2.678
0.89,1,4.678
-1.012,0,1.234
0.456,1,3.567
1.234,1,5.678
-0.678,0,2.345
0.123,1,4.678
-0.345,0,1.89
1.456,1,6.789
-1.234,0,2.456
0.678,1,3.89
-0.789,0,1.678
1.345,1,5.678
-0.567,0,2.345
0.234,1,4.678
-1.345,0,1.234
0.567,1,3.789
-0.456,0,1.89
1.5,1,6.89
-0.234,0,2.345
0.789,1,4.567
-1.5,0,1.678
0.345,1,3.456
1.012,1,5.89
-0.89,0,2.678
0.89,1,4.678
-1.012,0,1.234
0.456,1,3.567
1.234,1,5.678
-0.678,0,2.345
0.123,1,4.678
-0.345,0,1.89
1.456,1,6.789
-1.234,0,2.456
0.678,1,3.89
-0.789,0,1.678
-0.123,1,5.678
0.456,0,3.234
-1.234,1,6.789
0.789,0,4.567
-0.567,1,5.123
1.234,0,4.89
-0.345,1,5.456
0.678,0,3.89
-1.456,1,6.345
0.123,0,4.234
-0.789,1,5.678
1.123,0,4.567
-0.234,1,5.89
0.345,0,3.456
-1.345,1,6.789
0.567,0,4.123
-0.678,1,5.234
1.456,0,4.89
-0.456,1,5.678
0.789,0,3.89
-1.123,1,6.456
0.234,0,4.567
-0.89,1,5.123
1.345,0,4.89
-0.123,1,5.678
0.456,0,3.234
-1.234,1,6.789
0.789,0,4.567
-0.567,1,5.123
1.234,0,4.89
-0.345,1,5.456
0.678,0,3.89
-1.456,1,6.345
0.123,0,4.234
-0.789,1,5.678
1.123,0,4.567
-0.234,1,5.89
0.345,0,3.456
-1.345,1,6.789
0.567,0,4.123
-0.678,1,5.234
1.456,0,4.89
-0.456,1,5.678
0.789,0,3.89
-1.123,1,6.456
0.234,0,4.567
-0.89,1,5.123
1.345,0,4.89
-0.123,1,5.678
0.456,0,3.234
-1.234,1,6.789
0.789,0,4.567
-0.567,1,5.123
1.234,0,4.89
-0.345,1,5.456
0.678,0,3.89
-1.456,1,6.345
0.123,0,4.234
-0.789,1,5.678
1.123,0,4.567
-0.234,1,5.89
0.345,0,3.456
-1.345,1,6.789
0.567,0,4.123
-0.678,1,5.234
1.456,0,4.89
-0.456,1,5.678
0.789,0,3.89
-1.123,1,6.456
0.234,0,4.567
-0.89,1,5.123
1.345,0,4.89
-0.123,1,5.678
0.456,0,3.234
-1.234,1,6.789
0.789,0,4.567
-0.567,1,5.123
1.234,0,4.89
-0.345,1,5.456
0.678,0,3.89
-1.456,1,6.345
0.123,0,4.234
-0.789,1,5.678
1.123,0,4.567
-0.234,1,5.89
0.345,0,3.456
-1.345,1,6.789
0.567,0,4.123
-0.678,1,5.234
1.456,0,4.89
-0.456,1,5.678
0.789,0,3.89
-1.123,1,6.456
0.234,0,4.567
-0.89,1,5.123
1.345,0,4.89
-0.123,1,5.678
0.456,0,3.234
-1.234,1,6.789
0.789,0,4.567
-0.567,1,5.123
1.234,0,4.89
-0.345,1,5.456
0.678,0,3.89
-1.456,1,6.345
0.123,0,4.234
-0.789,1,5.678
1.123,0,4.567
-0.234,1,5.89
0.345,0,3.456
-1.345,1,6.789
0.567,0,4.123
-0.678,1,5.234
1.456,0,4.89
-0.456,1,5.678
0.789,0,3.89
-1.123,1,6.456
0.234,0,4.567
-0.89,1,5.123
1.345,0,4.89
-0.123,1,5.678
0.456,0,3.234
-1.234,1,6.789
0.789,0,4.567
-0.567,1,5.123
1.234,0,4.89
-0.345,1,5.456
0.678,0,3.89
-1.456,1,6.345
0.123,0,4.234
-0.789,1,5.678
1.123,0,4.567
-0.234,1,5.89
0.345,0,3.456
-1.345,1,6.789
0.567,0,4.123
-0.678,1,5.234
1.456,0,4.89
-0.456,1,5.678
0.789,0,3.89
-1.123,1,6.456
0.234,0,4.567
-0.89,1,5.123
1.345,0,4.89
-0.123,1,5.678
0.456,0,3.234
-1.234,1,6.789
0.789,0,4.567
-0.567,1,5.123
1.234,0,4.89
-0.345,1,5.456
0.678,0,3.89
-1.456,1,6.345
0.123,0,4.234
-0.789,1,5.678
1.123,0,4.567
-0.234,1,5.89
0.345,0,3.456
-1.345,1,6.789
0.567,0,4.123
-0.678,1,5.234
1.456,0,4.89
-0.456,1,5.678
0.789,0,3.89
-1.123,1,6.456
0.234,0,4.567
-0.89,1,5.123
1.345,0,4.89
-0.123,1,5.678
0.456,0,3.234
-1.234,1,6.789
0.789,0,4.567
-0.567,1,5.123
1.234,0,4.89
-0.345,1,5.456
0.678,0,3.89
-1.456,1,6.345
0.123,0,4.234
-0.789,1,5.678
1.123,0,4.567
-0.234,1,5.89
0.345,0,3.456
-1.345,1,6.789
0.567,0,4.123
-0.678,1,5.234
1.456,0,4.89
-0.456,1,5.678
0.789,0,3.89
-1.123,1,6.456
0.234,0,4.567
-0.89,1,5.123
1.345,0,4.89
-0.123,1,5.678
0.456,0,3.234
-1.234,1,6.789
0.789,0,4.567
-0.567,1,5.123
1.234,0,4.89
-0.345,1,5.456
0.678,0,3.89
-1.456,1,6.345
0.123,0,4.234
-0.789,1,5.678
1.123,0,4.567
-0.234,1,5.89
0.345,0,3.456
-1.345,1,6.789
0.567,0,4.123
-0.678,1,5.234
1.456,0,4.89
-0.456,1,5.678
0.789,0,3.89
-1.123,1,6.456
0.234,0,4.567
-0.89,1,5.123
1.345,0,4.89
-0.123,1,5.678
0.456,0,3.234
-1.234,1,6.789
0.789,0,4.567
-0.567,1,5.123
1.234,0,4.89
-0.345,1,5.456
0.678,0,3.89
-1.456,1,6.345
0.123,0,4.234
-0.789,1,5.678
1.123,0,4.567
-0.234,1,5.89
0.345,0,3.456
-1.345,1,6.789
0.567,0,4.123
-0.678,1,5.234
1.456,0,4.89
-0.456,1,5.678
0.789,0,3.89
-1.123,1,6.456
0.234,0,4.567
-0.89,1,5.123
1.345,0,4.89
-0.123,1,5.678
0.456,0,3.234
-1.234,1,6.789
0.789,0,4.567
-0.567,1,5.123
1.234,0,4.89
-0.345,1,5.456
0.678,0,3.89
-1.456,1,6.345
0.123,0,4.234
-0.789,1,5.678
1.123,0,4.567
-0.234,1,5.89
0.345,0,3.456
-1.345,1,6.789
0.567,0,4.123
-0.678,1,5.234
1.456,0,4.89
-0.456,1,5.678
0.789,0,3.89
-1.123,1,6.456
0.234,0,4.567
-0.89,1,5.123
1.345,0,4.89
-0.123,1,5.678
0.456,0,3.234
-1.234,1,6.789
0.789,0,4.567
-0.567,1,5.123
1.234,0,4.89
-0.345,1,5.456
0.678,0,3.89
-1.456,1,6.345
0.123,0,4.234
-0.789,1,5.678
1.123,0,4.567
-0.234,1,5.89
0.345,0,3.456
-1.345,1,6.789
0.567,0,4.123
-0.678,1,5.234
1.456,0,4.89
-0.456,1,5.678
0.789,0,3.89
-1.123,1,6.456
0.234,0,4.567
-0.89,1,5.123
1.345,0,4.89
-0.123,1,5.678
0.456,0,3.234
-1.234,1,6.789
0.789,0,4.567
-0.567,1,5.123
1.234,0,4.89
-0.345,1,5.456
0.678,0,3.89
-1.456,1,6.345
0.123,0,4.234
-0.789,1,5.678
1.123,0,4.567
-1.234,0,2.345
0.456,1,12.678
1.234,1,22.345
-0.789,0,5.678
0.123,1,14.567
-1.456,0,3.456
0.789,1,18.234
1.123,1,20.456
-0.345,0,4.567
0.567,1,16.789
-1.111,0,2.678
1.456,1,23.456
-0.567,0,6.789
0.234,1,15.678
-1.345,0,3.789
0.678,1,17.89
1.345,1,21.234
-0.123,0,5.678
0.89,1,19.456
-1.5,0,2.456
1.5,1,24.567
-0.234,0,4.678
0.345,1,15.789
-1.5,0,3.567
0.456,1,16.89
1.012,1,20.123
-0.456,0,5.456
0.678,1,17.678
-1.234,0,2.345
1.234,1,22.678
-0.789,0,5.678
0.123,1,14.89
-1.456,0,3.456
0.789,1,18.123
1.123,1,20.89
-0.345,0,4.567
0.567,1,16.678
-1.111,0,2.678
1.456,1,23.89
-0.567,0,6.789
0.234,1,15.89
-1.345,0,3.789
0.678,1,17.89
1.345,1,21.678
-0.123,0,5.678
0.89,1,19.89
-1.5,0,2.456
1.5,1,24.89
-0.234,0,4.678
0.345,1,15.678
-1.5,0,3.567
0.456,1,16.123
1.012,1,20.456
-0.456,0,5.456
0.678,1,17.89
-1.234,0,2.345
1.234,1,22.89
-0.789,0,5.678
0.123,1,14.567
-1.456,0,3.456
0.789,1,18.234
1.123,1,20.456
-0.345,0,4.567
0.567,1,16.789
-1.111,0,2.678
1.456,1,23.456
-0.567,0,6.789
0.234,1,15.678
-1.345,0,3.789
0.678,1,17.89
1.345,1,21.234
-0.123,0,5.678
0.89,1,19.456
-1.5,0,2.456
1.5,1,24.567
-0.234,0,4.678
0.345,1,15.789
-1.5,0,3.567
0.456,1,16.89
1.012,1,20.123
-0.456,0,5.456
0.678,1,17.678
-1.234,0,2.345
1.234,1,22.678
-0.789,0,5.678
0.123,1,14.89
-1.456,0,3.456
0.789,1,18.123
1.123,1,20.89
-0.345,0,4.567
0.567,1,16.678
-1.111,0,2.678
1.456,1,23.89
-0.567,0,6.789
0.234,1,15.89
-1.345,0,3.789
0.678,1,17.89
1.345,1,21.678
-0.123,0,5.678
0.89,1,19.89
-1.5,0,2.456
1.5,1,24.89
-0.234,0,4.678
0.345,1,15.678
-1.5,0,3.567
0.456,1,16.123
1.012,1,20.456
-0.456,0,5.456
0.678,1,17.89
-1.234,0,2.345
1.234,1,22.89
-0.789,0,5.678
0.123,1,14.567
-1.456,0,3.456
0.789,1,18.234
1.123,1,20.456
-0.345,0,4.567
0.567,1,16.789
-1.111,0,2.678
1.456,1,23.456
-0.567,0,6.789
0.234,1,15.678
-1.345,0,3.789
0.678,1,17.89
1.345,1,21.234
-0.123,0,5.678
0.89,1,19.456
-1.5,0,2.456
1.5,1,24.567
-0.234,0,4.678
0.345,1,15.789
-1.5,0,3.567
0.456,1,16.89
1.012,1,20.123
-0.456,0,5.456
0.678,1,17.678
-1.234,0,2.345
1.234,1,22.678
-0.789,0,5.678
0.123,1,14.89
-1.456,0,3.456
0.789,1,18.123
1.123,1,20.456
-0.345,0,4.567
0.567,1,16.789
-1.111,0,2.678
1.456,1,23.456
-0.567,0,6.789
0.234,1,15.678
-1.345,0,3.789
0.678,1,17.89
1.345,1,21.234
-0.123,0,5.678
0.89,1,19.456
-1.5,0,2.456
1.5,1,24.567
-0.234,0,4.678
0.345,1,15.789
-1.5,0,3.567
0.456,1,16.89
1.012,1,20.123
-0.456,0,5.456
0.678,1,17.678
-1.234,0,2.345
1.234,1,22.678
-0.789,0,5.678
0.123,1,14.89
-1.456,0,3.456
0.789,1,18.123
1.123,1,20.456
-0.345,0,4.567
0.567,1,16.789
-1.111,0,2.678
1.456,1,23.456
-0.567,0,6.789
0.234,1,15.678
-1.345,0,3.789
0.678,1,17.89
1.345,1,21.234
-0.123,0,5.678
0.89,1,19.456
-1.5,0,2.456
1.5,1,24.567
-0.234,0,4.678
0.345,1,15.789
-1.5,0,3.567
0.456,1,16.89
1.012,1,20.123
-0.456,0,5.456
0.678,1,17.678
-1.234,0,2.345
1.234,1,22.678
-0.789,0,5.678
0.123,1,14.89
-1.456,0,3.456
0.789,1,18.123
1.123,1,20.456
-0.345,0,4.567
0.567,1,16.789
-1.111,0,2.678
1.456,1,23.456
-0.567,0,6.789
0.234,1,15.678
-1.345,0,3.789
0.678,1,17.89
1.345,1,21.234
-0.123,0,5.678
0.89,1,19.456
-1.5,0,2.456
1.5,1,24.567
-0.234,0,4.678
0.345,1,15.789
-1.5,0,3.567
0.456,1,16.89
1.012,1,20.123
-0.456,0,5.456
0.678,1,17.678
-1.234,0,2.345
1.234,1,22.678
-0.789,0,5.678
0.123,1,14.89
-1.456,0,3.456
0.789,1,18.123
1.123,1,20.456
-0.345,0,4.567
0.567,1,16.789
-1.111,0,2.678
1.456,1,23.456
-0.567,0,6.789
0.234,1,15.678
-1.345,0,3.789
0.678,1,17.89
1.345,1,21.234
-0.123,0,5.678
0.89,1,19.456
-1.5,0,2.456
1.5,1,24.567
-0.234,0,4.678
0.345,1,15.789
-1.5,0,3.567
0.456,1,16.89
1.012,1,20.123
-0.456,0,5.456
0.678,1,17.678
-1.234,0,2.345
1.234,1,22.678
-0.789,0,5.678
0.123,1,14.89
-1.456,0,3.456
0.789,1,18.123
1.123,1,20.456
-0.345,0,4.567
0.567,1,16.789
-1.111,0,2.678
1.456,1,23.456
-0.567,0,6.789
0.234,1,15.678
-1.345,0,3.789
0.678,1,17.89
1.345,1,21.234
-0.123,0,5.678
0.89,1,19.456
-1.5,0,2.456
1.5,1,24.567
-0.234,0,4.678
0.345,1,15.789
-1.5,0,3.567
0.456,1,16.89
1.012,1,20.123
-0.456,0,5.456
0.678,1,17.678
-1.234,0,2.345
1.234,1,22.678
-0.789,0,5.678
0.123,1,14.89
-1.456,0,3.456
0.789,1,18.123
1.123,1,20.456
-0.345,0,4.567
0.567,1,16.789
-1.111,0,2.678
1.456,1,23.456
-0.567,0,6.789
0.234,1,15.678
-1.345,0,3.789
0.678,1,17.89
1.345,1,21.234
-0.123,0,5.678
0.89,1,19.456
-1.5,0,2.456
1.5,1,24.567
-0.234,0,4.678
0.345,1,15.789
-1.5,0,3.567
0.456,1,16.89
1.012,1,20.123
-0.456,0,5.456
0.678,1,17.678
-1.234,0,2.345
1.234,1,22.678
-1.234,1,4.567
0.456,0,3.123
1.234,1,6.789
-0.789,0,2.456
0.123,1,5.678
-1.456,0,2.345
0.789,1,7.89
-0.345,0,3.456
1.123,1,6.234
-0.567,0,2.678
0.345,1,5.89
-1.123,0,2.789
0.678,1,7.123
-0.234,0,3.789
1.456,1,6.89
-0.89,0,2.456
0.234,1,5.345
-1.345,0,2.678
0.567,1,7.456
-0.678,0,3.123
1.345,1,6.567
-0.123,0,2.89
0.89,1,7.89
-1.5,0,2.345
0.456,1,5.678
-0.456,0,3.456
1.234,1,6.789
-0.789,0,2.456
0.123,1,5.678
-1.234,0,2.345
0.789,1,7.89
-0.345,0,3.456
1.123,1,6.234
-0.567,0,2.678
0.345,1,5.89
-1.123,0,2.789
0.678,1,7.123
-0.234,0,3.789
1.456,1,6.89
-0.89,0,2.456
0.234,1,5.345
-1.345,0,2.678
0.567,1,7.456
-0.678,0,3.123
1.345,1,6.567
-0.123,0,2.89
0.89,1,7.89
-1.5,0,2.345
0.456,1,5.678
-0.456,0,3.456
1.234,1,6.789
-0.789,0,2.456
0.123,1,5.678
-1.234,0,2.345
0.789,1,7.89
-0.345,0,3.456
1.123,1,6.234
-0.567,0,2.678
0.345,1,5.89
-1.123,0,2.789
0.678,1,7.123
-0.234,0,3.789
1.456,1,6.89
-0.89,0,2.456
0.234,1,5.345
-1.345,0,2.678
0.567,1,7.456
-0.678,0,3.123
1.345,1,6.567
-0.123,0,2.89
0.89,1,7.89
-1.5,0,2.345
0.456,1,5.678
-0.456,0,3.456
1.234,1,6.789
-0.789,0,2.456
0.123,1,5.678
-1.234,0,2.345
0.789,1,7.89
-0.345,0,3.456
1.123,1,6.234
-0.567,0,2.678
0.345,1,5.89
-1.123,0,2.789
0.678,1,7.123
-0.234,0,3.789
1.456,1,6.89
-0.89,0,2.456
0.234,1,5.345
-1.345,0,2.678
0.567,1,7.456
-0.678,0,3.123
1.345,1,6.567
-0.123,0,2.89
0.89,1,7.89
-1.5,0,2.345
0.456,1,5.678
-0.456,0,3.456
1.234,1,6.789
-0.789,0,2.456
0.123,1,5.678
-1.234,0,2.345
0.789,1,7.89
-0.345,0,3.456
1.123,1,6.234
-0.567,0,2.678
0.345,1,5.89
-1.123,0,2.789
0.678,1,7.123
-0.234,0,3.789
1.456,1,6.89
-0.89,0,2.456
0.234,1,5.345
-1.345,0,2.678
0.567,1,7.456
-0.678,0,3.123
1.345,1,6.567
-0.123,0,2.89
0.89,1,7.89
-1.5,0,2.345
0.456,1,5.678
-0.456,0,3.456
1.234,1,6.789
-0.789,0,2.456
0.123,1,5.678
-1.234,0,2.345
0.789,1,7.89
-0.345,0,3.456
1.123,1,6.234
-0.567,0,2.678
0.345,1,5.89
-1.123,0,2.789
0.678,1,7.123
-0.234,0,3.789
1.456,1,6.89
-0.89,0,2.456
0.234,1,5.345
-1.345,0,2.678
0.567,1,7.456
-0.678,0,3.123
1.345,1,6.567
-0.123,0,2.89
0.89,1,7.89
-1.5,0,2.345
0.456,1,5.678
-0.456,0,3.456
1.234,1,6.789
-0.789,0,2.456
0.123,1,5.678
-1.234,0,2.345
0.789,1,7.89
-0.345,0,3.456
1.123,1,6.234
-0.567,0,2.678
0.345,1,5.89
-1.123,0,2.789
0.678,1,7.123
-0.234,0,3.789
1.456,1,6.89
-0.89,0,2.456
0.234,1,5.345
-1.345,0,2.678
0.567,1,7.456
-0.678,0,3.123
1.345,1,6.567
-0.123,0,2.89
0.89,1,7.89
-1.5,0,2.345
0.456,1,5.678
-0.456,0,3.456
1.234,1,6.789
-0.789,0,2.456
0.123,1,5.678
-1.234,0,2.345
0.789,1,7.89
-0.345,0,3.456
1.123,1,6.234
-0.567,0,2.678
0.345,1,5.89
-1.123,0,2.789
0.678,1,7.123
-0.234,0,3.789
1.456,1,6.89
-0.89,0,2.456
0.234,1,5.345
-1.345,0,2.678
0.567,1,7.456
-0.678,0,3.123
1.345,1,6.567
-0.123,0,2.89
0.89,1,7.89
-1.5,0,2.345
0.456,1,5.678
-0.456,0,3.456
1.234,1,6.789
-0.789,0,2.456
0.123,1,5.678
-1.234,0,2.345
0.789,1,7.89
-0.345,0,3.456
1.123,1,6.234
-0.567,0,2.678
0.345,1,5.89
-1.123,0,2.789
0.678,1,7.123
-0.234,0,3.789
1.456,1,6.89
-0.89,0,2.456
0.234,1,5.345
-1.345,0,2.678
0.567,1,7.456
-0.678,0,3.123
1.345,1,6.567
-0.123,0,2.89
0.89,1,7.89
-1.5,0,2.345
0.456,1,5.678
-0.456,0,3.456
1.234,1,6.789
-0.789,0,2.456
0.123,1,5.678
-1.234,0,2.345
0.789,1,7.89
-0.345,0,3.456
1.123,1,6.234
-0.567,0,2.678
0.345,1,5.89
-1.123,0,2.789
0.678,1,7.123
-0.234,0,3.789
1.456,1,6.89
-0.89,0,2.456
0.234,1,5.345
-1.345,0,2.678
0.567,1,7.456
-0.678,0,3.123
1.345,1,6.567
-0.123,0,2.89
0.89,1,7.89
-1.5,0,2.345
0.456,1,5.678
-0.456,0,3.456
1.234,1,6.789
-0.789,0,2.456
0.123,1,5.678
-1.234,0,2.345
0.789,1,7.89
-0.345,0,3.456
1.123,1,6.234
-0.567,0,2.678
0.345,1,5.89
-1.123,0,2.789
0.678,1,7.123
-0.234,0,3.789
1.456,1,6.89
-0.89,0,2.456
0.234,1,5.345
-1.345,0,2.678
0.567,1,7.456
-0.678,0,3.123
1.345,1,6.567
-0.123,0,2.89
0.89,1,7.89
-1.5,0,2.345
0.456,1,5.678
-0.456,0,3.456
1.234,1,6.789
-0.789,0,2.456
0.123,1,5.678
-1.234,0,2.345
0.789,1,7.89
-0.345,0,3.456
1.123,1,6.234
-0.567,0,2.678
0.345,1,5.89
-1.123,0,2.789
0.678,1,7.123
-0.234,0,3.789
1.456,1,6.89
-0.89,0,2.456
0.234,1,5.345
-1.345,0,2.678
0.567,1,7.456
-0.678,0,3.123
1.345,1,6.567
-0.123,0,2.89
0.89,1,7.89
-1.5,0,2.345
0.456,1,5.678
-0.456,0,3.456
1.234,1,6.789
-0.789,0,2.456
0.123,1,5.678
-1.234,0,2.345
0.789,1,7.89
-0.345,0,3.456
1.123,1,6.234
-0.567,0,2.678
0.345,1,5.89
-1.123,0,2.789
-0.234,1,3.562
0.876,0,1.234
-1.123,1,5.678
0.456,1,4.789
1.234,0,2.345
-0.987,1,6.123
0.345,0,2.456
-0.567,1,4.321
1.456,0,2.678
-1.345,1,5.456
0.678,1,4.567
-0.789,0,1.678
1.123,1,5.789
-0.456,0,1.234
0.234,1,3.456
-1.234,1,5.678
0.567,0,2.345
1.345,1,6.789
-0.678,0,1.456
0.789,1,4.678
-1.456,1,5.123
0.123,0,1.789
-0.345,1,4.567
1.012,0,2.456
-0.123,1,3.678
0.89,1,4.89
-1.012,0,1.234
0.456,1,4.321
-0.89,1,5.678
1.234,0,2.345
-0.678,1,4.567
0.345,0,1.89
-1.345,1,5.789
0.678,1,4.678
-0.234,0,1.456
1.456,1,6.123
-0.567,1,5.456
0.789,0,2.345
-1.123,1,5.678
0.456,1,4.789
-0.987,0,1.234
1.234,1,6.789
-0.456,1,4.321
0.234,0,1.678
-1.234,1,5.456
0.567,1,4.89
-0.678,0,1.234
1.345,1,6.123
-0.89,1,5.678
0.123,0,2.456
-1.012,1,5.789
0.89,1,4.678
-0.345,0,1.456
1.012,1,6.789
-0.678,1,4.567
0.456,0,2.345
-1.123,1,5.678
0.234,1,3.456
-0.567,0,1.89
1.234,1,6.123
-0.89,1,5.456
0.678,0,2.345
-1.345,1,5.789
0.123,1,4.678
-0.456,0,1.234
1.456,1,6.789
-0.234,1,4.321
0.789,0,2.456
-1.012,1,5.678
0.89,1,4.89
-0.678,0,1.456
1.234,1,6.123
-0.567,1,5.456
0.345,0,2.345
-1.123,1,5.678
0.456,1,4.789
-0.89,0,1.234
1.012,1,6.789
-0.678,1,4.567
0.789,0,2.345
-1.345,1,5.789
0.123,1,4.678
-0.456,0,1.234
1.456,1,6.123
-0.234,1,4.321
0.678,0,2.456
-1.012,1,5.678
0.89,1,4.89
-0.678,0,1.456
1.234,1,6.123
-0.567,1,5.456
0.345,0,2.345
-1.123,1,5.678
0.456,1,4.789
-0.89,0,1.234
1.012,1,6.789
-0.678,1,4.567
0.789,0,2.345
-1.345,1,5.789
0.123,1,4.678
-0.456,0,1.234
1.456,1,6.123
-0.234,1,4.321
0.678,0,2.456
-1.012,1,5.678
0.89,1,4.89
-0.678,0,1.456
1.234,1,6.123
-0.567,1,5.456
0.345,0,2.345
-1.123,1,5.678
0.456,1,4.789
-0.89,0,1.234
1.012,1,6.789
-0.678,1,4.567
0.789,0,2.345
-1.345,1,5.789
0.123,1,4.678
-0.456,0,1.234
1.456,1,6.123
-0.234,1,4.321
0.678,0,2.456
-1.012,1,5.678
0.89,1,4.89
-0.678,0,1.456
1.234,1,6.123
-0.567,1,5.456
0.345,0,2.345
-1.123,1,5.678
0.456,1,4.789
-0.89,0,1.234
1.012,1,6.789
-0.678,1,4.567
0.789,0,2.345
-1.345,1,5.789
0.123,1,4.678
-0.456,0,1.234
1.456,1,6.123
-0.234,1,4.321
0.678,0,2.456
-1.012,1,5.678
0.89,1,4.89
-0.678,0,1.456
1.234,1,6.123
-0.567,1,5.456
0.345,0,2.345
-1.123,1,5.678
0.456,1,4.789
-0.89,0,1.234
1.012,1,6.789
-0.678,1,4.567
0.789,0,2.345
-1.345,1,5.789
0.123,1,4.678
-0.456,0,1.234
1.456,1,6.123
-0.234,1,4.321
0.678,0,2.456
-1.012,1,5.678
0.89,1,4.89
-0.678,0,1.456
1.234,1,6.123
-0.567,1,5.456
0.345,0,2.345
-1.123,1,5.678
0.456,1,4.789
-0.89,0,1.234
1.012,1,6.789
-0.678,1,4.567
0.789,0,2.345
-1.345,1,5.789
0.123,1,4.678
-0.456,0,1.234
1.456,1,6.123
-0.234,1,4.321
0.678,0,2.456
-1.012,1,5.678
0.89,1,4.89
-0.678,0,1.456
1.234,1,6.123
-0.567,1,5.456
0.345,0,2.345
-1.123,1,5.678
0.456,1,4.789
-0.89,0,1.234
1.012,1,6.789
-0.678,1,4.567
0.789,0,2.345
-1.345,1,5.789
0.123,1,4.678
-0.456,0,1.234
1.456,1,6.123
-0.234,1,4.321
0.678,0,2.456
-1.012,1,5.678
0.89,1,4.89
-0.678,0,1.456
1.234,1,6.123
-0.567,1,5.456
0.345,0,2.345
-1.123,1,5.678
0.456,1,4.789
-0.89,0,1.234
1.012,1,6.789
-0.678,1,4.567
0.789,0,2.345
-1.345,1,5.789
0.123,1,4.678
-0.456,0,1.234
1.456,1,6.123
-0.234,1,4.321
0.678,0,2.456
-1.012,1,5.678
0.89,1,4.89
-0.678,0,1.456
1.234,1,6.123
-0.567,1,5.456
0.345,0,2.345
-1.123,1,5.678
0.456,1,4.789
-0.89,0,1.234
1.012,1,6.789
-0.678,1,4.567
0.789,0,2.345
-1.345,1,5.789
0.123,1,4.678
-0.456,0,1.234
1.456,1,6.123
-0.234,1,4.321
0.678,0,2.456
-1.012,1,5.678
0.89,1,4.89
-0.678,0,1.456
1.234,1,6.123
-0.567,1,5.456
0.345,0,2.345
-1.123,1,5.678
0.456,1,4.789
-0.89,0,1.234
1.012,1,6.789
-0.678,1,4.567
0.789,0,2.345
-1.345,1,5.789
0.123,1,4.678
-0.456,0,1.234
1.456,1,6.123
-0.234,1,4.321
0.678,0,2.456
-1.012,1,5.678
0.89,1,4.89
-0.678,0,1.456
1.234,1,6.123
-0.567,1,5.456
0.345,0,2.345
-1.123,1,5.678
0.456,1,4.789
-0.89,0,1.234
1.012,1,6.789
-0.678,1,4.567
0.789,0,2.345
-1.345,1,5.789
0.123,1,4.678
-0.456,0,1.234
1.456,1,6.123
-0.234,1,4.321
0.678,0,2.456
-1.012,1,5.678
0.89,1,4.89
-0.678,0,1.456
1.234,1,6.123
-0.567,1,5.456
0.345,0,2.345
-1.123,1,5.678
0.456,1,4.789
-0.89,0,1.234
1.012,1,6.789
-0.678,1,4.567
0.789,0,2.345
-1.345,1,5.789
0.123,1,4.678
-0.456,0,1.234
1.456,1,6.123
-0.234,1,4.321
0.678,0,2.456
-1.012,1,5.678
0.89,1,4.89
-0.678,0,1.456
1.234,1,6.123
-0.567,1,5.456
0.345,0,2.345
-1.123,1,5.678
0.456,1,4.789
-0.89,0,1.234
1.012,1,6.789
-0.678,1,4.567
0.789,0,2.345
-1.345,1,5.789
0.123,1,4.678
-0.456,0,1.234
1.456,1,6.123
-0.123,1,10.456
0.456,0,5.678
1.234,1,18.345
-1.234,0,3.456
0.789,1,15.678
-0.567,0,6.789
1.456,1,20.123
-0.345,0,4.567
0.678,1,17.89
-1.456,0,2.345
0.123,1,12.456
-0.789,0,5.123
1.345,1,19.456
-0.234,0,4.89
0.567,1,16.789
-1.123,0,3.678
0.89,1,14.567
-0.678,0,5.456
1.5,1,21.234
-0.456,0,4.123
0.234,1,13.89
-1.345,0,2.678
0.456,1,15.123
-0.123,0,5.789
1.234,1,18.678
-0.789,0,3.456
0.678,1,16.89
-1.456,0,2.345
0.123,1,12.789
-0.567,0,6.123
1.456,1,19.89
-0.345,0,4.567
0.789,1,17.123
-1.234,0,3.89
0.89,1,14.678
-0.678,0,5.345
1.345,1,20.456
-0.234,0,4.89
0.567,1,15.678
-1.123,0,3.456
0.456,1,18.123
-0.456,0,4.567
1.5,1,22.345
-0.123,0,5.678
0.678,1,16.789
-1.345,0,2.89
0.234,1,13.456
-0.789,0,3.123
1.234,1,19.678
-0.567,0,6.89
0.89,1,14.123
-1.456,0,2.456
0.456,1,15.89
-0.345,0,4.678
1.456,1,20.789
-0.678,0,5.234
0.123,1,12.345
-1.123,0,3.789
0.789,1,17.456
-0.234,0,4.89
1.345,1,21.678
-0.456,0,5.678
0.678,1,16.123
-1.345,0,2.678
0.89,1,14.89
-0.567,0,6.123
1.234,1,18.456
-0.789,0,3.456
0.456,1,15.678
-1.456,0,2.345
0.123,1,12.678
-0.678,0,5.789
1.5,1,22.456
-0.345,0,4.123
0.789,1,17.89
-1.234,0,3.678
0.89,1,14.567
-0.456,0,5.456
1.345,1,20.123
-0.123,0,6.789
0.678,1,16.89
-1.345,0,2.89
0.234,1,13.789
-0.789,0,4.567
1.234,1,19.89
-0.567,0,3.456
0.456,1,15.123
-1.456,0,2.678
0.89,1,14.678
-0.678,0,5.234
1.456,1,21.345
-0.345,0,4.89
0.123,1,12.456
-1.123,0,3.789
0.789,1,17.123
-0.234,0,4.678
1.345,1,20.456
-0.456,0,5.678
0.678,1,16.789
-1.345,0,2.89
0.89,1,14.123
-0.567,0,6.89
1.234,1,18.678
-0.789,0,3.456
0.456,1,15.89
-1.456,0,2.345
0.123,1,12.789
-0.678,0,5.456
1.5,1,22.345
-0.345,0,4.123
0.789,1,17.89
-1.234,0,3.678
0.89,1,14.567
-0.456,0,5.678
1.345,1,20.123
-0.123,0,6.789
0.678,1,16.89
-1.345,0,2.89
0.234,1,13.456
-0.789,0,3.123
1.234,1,19.678
-0.567,0,6.89
0.89,1,14.123
-1.456,0,2.456
0.456,1,15.89
-0.345,0,4.678
1.456,1,20.789
-0.678,0,5.234
0.123,1,12.345
-1.123,0,3.789
0.789,1,17.456
-0.234,0,4.89
1.345,1,21.678
-0.456,0,5.678
0.678,1,16.123
-1.345,0,2.678
0.89,1,14.89
-0.567,0,6.123
1.234,1,18.456
-0.789,0,3.456
0.456,1,15.678
-1.456,0,2.345
0.123,1,12.678
-0.678,0,5.789
1.5,1,22.456
-0.345,0,4.123
0.789,1,17.89
-1.234,0,3.678
0.89,1,14.567
-0.456,0,5.456
1.345,1,20.123
-0.123,0,6.789
0.678,1,16.89
-1.345,0,2.89
0.234,1,13.789
-0.789,0,4.567
1.234,1,19.89
-0.567,0,3.456
0.456,1,15.123
-1.456,0,2.678
0.89,1,14.678
-0.678,0,5.234
1.456,1,21.345
-0.345,0,4.89
0.123,1,12.456
-1.123,0,3.789
0.789,1,17.123
-0.234,0,4.678
1.345,1,20.456
-0.456,0,5.678
0.678,1,16.789
-1.345,0,2.89
0.89,1,14.123
-0.567,0,6.89
1.234,1,18.678
-0.789,0,3.456
0.456,1,15.89
-1.456,0,2.345
0.123,1,12.789
-0.678,0,5.456
1.5,1,22.345
-0.345,0,4.123
0.789,1,17.89
-1.234,0,3.678
0.89,1,14.567
-0.456,0,5.678
1.345,1,20.123
-0.123,0,6.789
0.678,1,16.89
-1.345,0,2.89
0.234,1,13.456
-0.789,0,3.123
1.234,1,19.678
-0.567,0,6.89
0.89,1,14.123
-1.456,0,2.456
0.456,1,15.89
-0.345,0,4.678
1.456,1,20.789
-0.678,0,5.234
0.123,1,12.345
-1.123,0,3.789
0.789,1,17.456
-0.234,0,4.89
1.345,1,21.678
-0.456,0,5.678
0.678,1,16.123
-1.345,0,2.678
0.89,1,14.89
-0.567,0,6.123
1.234,1,18.456
-0.789,0,3.456
0.456,1,15.678
-1.456,0,2.345
0.123,1,12.678
-0.678,0,5.789
1.5,1,22.456
-0.345,0,4.123
0.789,1,17.89
-1.234,0,3.678
0.89,1,14.567
-0.456,0,5.456
1.345,1,20.123
-0.123,0,6.789
0.678,1,16.89
-1.345,0,2.89
0.234,1,13.789
-0.789,0,4.567
1.234,1,19.89
-0.567,0,3.456
0.456,1,15.123
-1.456,0,2.678
0.89,1,14.678
-0.678,0,5.234
1.456,1,21.345
-0.345,0,4.89
0.123,1,12.456
-1.123,0,3.789
0.789,1,17.123
-0.234,0,4.678
1.345,1,20.456
-0.456,0,5.678
0.678,1,16.789
-1.345,0,2.89
0.89,1,14.123
-0.567,0,6.89
1.234,1,18.678
-0.789,0,3.456
0.456,1,15.89
-1.456,0,2.345
0.123,1,12.789
-0.678,0,5.456
1.5,1,22.456
-0.345,0,4.123
0.789,1,17.89
-1.234,0,3.678
0.89,1,14.567
-0.456,0,5.678
1.345,1,20.123
-0.123,0,6.789
0.678,1,16.89
-1.345,0,2.89
0.234,1,13.456
-0.789,0,3.123
1.234,1,19.678
-0.567,0,6.89
0.89,1,14.123
-1.456,0,2.456
0.456,1,15.89
-0.345,0,4.678
1.456,1,20.789
-0.678,0,5.234
0.123,1,12.345
-1.123,0,3.789
0.789,1,17.456
-0.234,0,4.89
1.345,1,21.678
-0.456,0,5.678
0.678,1,16.123
-1.345,0,2.678
0.89,1,14.89
-0.567,0,6.123
1.234,1,18.456
-0.789,0,3.456
0.456,1,15.678
-1.456,0,2.345
0.123,1,12.678
-0.678,0,5.789
1.5,1,22.456
-0.345,0,4.123
0.789,1,17.89
-1.234,0,3.678
0.89,1,14.567
-0.456,0,5.456
1.345,1,20.123
-0.123,0,6.789
0.678,1,16.89
-1.345,0,2.89
0.234,1,13.789
-0.789,0,4.567
-0.123,1,5.678
0.456,0,2.345
1.234,1,8.901
-1.234,0,3.456
0.789,1,7.123
-0.456,0,2.678
1.123,1,9.012
-0.789,0,3.789
0.345,1,6.456
-1.456,0,1.234
0.567,1,7.89
-0.234,0,2.456
1.345,1,8.234
-0.678,0,3.012
0.123,1,6.789
-1.345,0,1.678
0.789,1,7.456
-0.567,0,2.345
1.456,1,9.123
-0.345,0,3.456
0.234,1,6.012
-1.123,0,1.89
0.678,1,7.89
-0.123,0,2.678
1.234,1,8.456
-0.789,0,3.123
0.456,1,6.789
-1.234,0,1.456
0.789,1,7.234
-0.456,0,2.89
1.123,1,8.901
-0.678,0,3.456
0.345,1,6.123
-1.456,0,1.234
0.567,1,7.678
-0.234,0,2.456
1.345,1,8.789
-0.678,0,3.012
0.123,1,6.456
-1.345,0,1.678
0.789,1,7.89
-0.567,0,2.345
1.456,1,9.012
-0.345,0,3.789
0.234,1,6.789
-1.123,0,1.89
0.678,1,7.456
-0.123,0,2.678
1.234,1,8.234
-0.789,0,3.456
0.456,1,6.012
-1.234,0,1.678
0.789,1,7.89
-0.456,0,2.345
1.123,1,8.901
-0.678,0,3.789
0.345,1,6.456
-1.456,0,1.234
0.567,1,7.678
-0.234,0,2.456
1.345,1,8.789
-0.678,0,3.012
0.123,1,6.789
-1.345,0,1.678
0.789,1,7.89
-0.567,0,2.345
1.456,1,9.123
-0.345,0,3.456
0.234,1,6.012
-1.123,0,1.89
0.678,1,7.456
-0.123,0,2.678
1.234,1,8.234
-0.789,0,3.456
0.456,1,6.789
-1.234,0,1.456
0.789,1,7.234
-0.456,0,2.89
1.123,1,8.901
-0.678,0,3.456
0.345,1,6.123
-1.456,0,1.234
0.567,1,7.678
-0.234,0,2.456
1.345,1,8.789
-0.678,0,3.012
0.123,1,6.456
-1.345,0,1.678
0.789,1,7.89
-0.567,0,2.345
1.456,1,9.012
-0.345,0,3.789
0.234,1,6.789
-1.123,0,1.89
0.678,1,7.456
-0.123,0,2.678
1.234,1,8.234
-0.789,0,3.456
0.456,1,6.012
-1.234,0,1.678
0.789,1,7.89
-0.456,0,2.345
1.123,1,8.901
-0.678,0,3.789
0.345,1,6.456
-1.456,0,1.234
0.567,1,7.678
-0.234,0,2.456
1.345,1,8.789
-0.678,0,3.012
0.123,1,6.789
-1.345,0,1.678
0.789,1,7.89
-0.567,0,2.345
1.456,1,9.123
-0.345,0,3.456
0.234,1,6.012
-1.123,0,1.89
0.678,1,7.456
-0.123,0,2.678
1.234,1,8.234
-0.789,0,3.456
0.456,1,6.789
-1.234,0,1.456
0.789,1,7.234
-0.456,0,2.89
1.123,1,8.901
-0.678,0,3.456
0.345,1,6.123
-1.456,0,1.234
0.567,1,7.678
-0.234,0,2.456
1.345,1,8.789
-0.678,0,3.012
0.123,1,6.456
-1.345,0,1.678
0.789,1,7.89
-0.567,0,2.345
1.456,1,9.012
-0.345,0,3.789
0.234,1,6.789
-1.123,0,1.89
0.678,1,7.456
-0.123,0,2.678
1.234,1,8.234
-0.789,0,3.456
0.456,1,6.012
-1.234,0,1.678
0.789,1,7.89
-0.456,0,2.345
1.123,1,8.901
-0.678,0,3.789
0.345,1,6.456
-1.456,0,1.234
0.567,1,7.678
-0.234,0,2.456
1.345,1,8.789
-0.678,0,3.012
0.123,1,6.789
-1.345,0,1.678
0.789,1,7.89
-0.567,0,2.345
1.456,1,9.123
-0.345,0,3.456
0.234,1,6.012
-1.123,0,1.89
0.678,1,7.456
-0.123,0,2.678
1.234,1,8.234
-0.789,0,3.456
0.456,1,6.789
-1.234,0,1.456
0.789,1,7.234
-0.456,0,2.89
1.123,1,8.901
-0.678,0,3.456
0.345,1,6.123
-1.456,0,1.234
0.567,1,7.678
-0.234,0,2.456
1.345,1,8.789
-0.678,0,3.012
0.123,1,6.456
-1.345,0,1.678
0.789,1,7.89
-0.567,0,2.345
1.456,1,9.012
-0.345,0,3.789
0.234,1,6.789
-1.123,0,1.89
0.678,1,7.456
-0.123,0,2.678
1.234,1,8.234
-0.789,0,3.456
0.456,1,6.012
-1.234,0,1.678
0.789,1,7.89
-0.456,0,2.345
1.123,1,8.901
-0.678,0,3.789
0.345,1,6.456
-1.456,0,1.234
0.567,1,7.678
-0.234,0,2.456
1.345,1,8.789
-0.678,0,3.012
0.123,1,6.789
-1.345,0,1.678
0.789,1,7.89
-0.567,0,2.345
1.456,1,9.123
-0.345,0,3.456
0.234,1,6.012
-1.123,0,1.89
0.678,1,7.456
-0.123,0,2.678
1.234,1,8.234
-0.789,0,3.456
0.456,1,6.789
-1.234,0,1.456
0.789,1,7.234
-0.456,0,2.89
1.123,1,8.901
-0.678,0,3.456
0.345,1,6.123
-1.456,0,1.234
0.567,1,7.678
-0.234,0,2.456
1.345,1,8.789
-0.678,0,3.012
0.123,1,6.456
-1.345,0,1.678
0.789,1,7.89
-0.567,0,2.345
1.456,1,9.012
-0.345,0,3.789
0.234,1,6.789
-1.123,0,1.89
0.678,1,7.456
-0.123,0,2.678
1.234,1,8.234
-0.789,0,3.456
0.456,1,6.012
-1.234,0,1.678
0.789,1,7.89
-0.456,0,2.345
1.123,1,8.901
-0.678,0,3.789
0.345,1,6.456
-1.456,0,1.234
0.567,1,7.678
-0.234,0,2.456
1.345,1,8.789
-0.678,0,3.012
0.123,1,6.789
-1.345,0,1.678
0.789,1,7.89
-0.567,0,2.345
1.456,1,9.123
-0.345,0,3.456
0.234,1,6.012
-1.123,0,1.89
0.678,1,7.456
-0.123,0,2.678
1.234,1,8.234
-0.789,0,3.456
0.456,1,6.789
-1.234,0,1.456
0.789,1,7.234
-0.456,0,2.89
1.123,1,8.901
-0.678,0,3.456
0.345,1,6.123
-1.456,0,1.234
0.567,1,7.678
-0.234,0,2.456
1.345,1,8.789
-0.678,0,3.012
0.123,1,6.456
-1.345,0,1.678
0.789,1,7.89
-0.567,0,2.345
1.456,1,9.012
-0.345,0,3.789
0.234,1,6.789
-1.123,0,1.89
0.678,1,7.456
-0.123,0,2.678
1.234,1,8.234
-0.789,0,3.456
0.456,1,6.012
-1.234,0,1.678
0.789,1,7.89
-0.456,0,2.345
1.123,1,8.901
-0.678,0,3.789
0.345,1,6.456
-1.456,0,1.234
0.567,1,7.678
-0.234,0,2.456
-1.234,1,8.456
0.456,0,5.123
1.234,1,12.789
-0.567,0,4.321
0.789,1,10.654
-1.123,0,3.987
1.456,1,14.321
-0.345,0,5.678
0.234,1,9.876
-1.456,0,2.345
0.678,1,11.234
-0.789,0,4.567
1.345,1,13.456
-0.234,0,6.789
0.123,1,8.901
-1.012,0,3.456
1.012,1,15.678
-0.678,0,5.432
0.345,1,10.123
-1.345,0,2.678
1.5,1,16.789
-0.456,0,4.89
0.567,1,11.567
-1.5,0,3.21
1.5,1,17.456
-0.789,0,5.678
0.89,1,12.345
-1.5,0,2.456
1.234,1,14.567
-0.123,0,4.321
0.456,1,9.876
-1.234,0,3.789
1.456,1,15.678
-0.678,0,5.432
0.678,1,10.234
-1.012,0,3.456
1.012,1,14.789
-0.234,0,6.89
0.123,1,8.456
-1.345,0,2.345
1.5,1,16.123
-0.456,0,4.567
0.789,1,11.789
-1.5,0,3.21
1.5,1,17.89
-0.789,0,5.678
0.89,1,12.456
-1.5,0,2.678
1.234,1,14.321
-0.123,0,4.89
0.456,1,9.123
-1.234,0,3.456
1.456,1,15.678
-0.678,0,5.432
0.678,1,10.123
-1.012,0,3.789
1.012,1,14.567
-0.234,0,6.789
0.123,1,8.901
-1.345,0,2.678
1.5,1,16.789
-0.456,0,4.321
0.789,1,11.234
-1.5,0,3.456
1.5,1,17.456
-0.789,0,5.678
0.89,1,12.345
-1.5,0,2.456
1.234,1,14.567
-0.123,0,4.89
0.456,1,9.876
-1.234,0,3.789
1.456,1,15.678
-0.678,0,5.432
0.678,1,10.234
-1.012,0,3.456
1.012,1,14.789
-0.234,0,6.89
0.123,1,8.456
-1.345,0,2.345
1.5,1,16.123
-0.456,0,4.567
0.789,1,11.789
-1.5,0,3.21
1.5,1,17.89
-0.789,0,5.678
0.89,1,12.456
-1.5,0,2.678
1.234,1,14.321
-0.123,0,4.89
0.456,1,9.123
-1.234,0,3.456
1.456,1,15.678
-0.678,0,5.432
0.678,1,10.123
-1.012,0,3.789
1.012,1,14.567
-0.234,0,6.789
0.123,1,8.901
-1.345,0,2.678
1.5,1,16.789
-0.456,0,4.321
0.789,1,11.234
-1.5,0,3.456
1.5,1,17.456
-0.789,0,5.678
0.89,1,12.345
-1.5,0,2.456
1.234,1,14.567
-0.123,0,4.89
0.456,1,9.876
-1.234,0,3.789
1.456,1,15.678
-0.678,0,5.432
0.678,1,10.234
-1.012,0,3.456
1.012,1,14.789
-0.234,0,6.89
0.123,1,8.456
-1.345,0,2.345
1.5,1,16.123
-0.456,0,4.567
0.789,1,11.789
-1.5,0,3.21
1.5,1,17.89
-0.789,0,5.678
0.89,1,12.456
-1.5,0,2.678
1.234,1,14.321
-0.123,0,4.89
0.456,1,9.123
-1.234,0,3.456
1.456,1,15.678
-0.678,0,5.432
0.678,1,10.123
-1.012,0,3.789
1.012,1,14.567
-0.234,0,6.789
0.123,1,8.901
-1.345,0,2.678
1.5,1,16.789
-0.456,0,4.321
0.789,1,11.234
-1.5,0,3.456
1.5,1,17.456
-0.789,0,5.678
0.89,1,12.345
-1.5,0,2.456
1.234,1,14.567
-0.123,0,4.89
0.456,1,9.876
-1.234,0,3.789
1.456,1,15.678
-0.678,0,5.432
0.678,1,10.234
-1.012,0,3.456
1.012,1,14.789
-0.234,0,6.89
0.123,1,8.456
-1.345,0,2.345
1.5,1,16.123
-0.456,0,4.567
0.789,1,11.789
-1.5,0,3.21
1.5,1,17.89
-0.789,0,5.678
0.89,1,12.456
-1.5,0,2.678
1.234,1,14.321
-0.123,0,4.89
0.456,1,9.123
-1.234,0,3.456
1.456,1,15.678
-0.678,0,5.432
0.678,1,10.123
-1.012,0,3.789
1.012,1,14.567
-0.234,0,6.789
0.123,1,8.901
-1.345,0,2.678
1.5,1,16.789
-0.456,0,4.321
0.789,1,11.234
-1.5,0,3.456
1.5,1,17.456
-0.789,0,5.678
0.89,1,12.345
-1.5,0,2.456
1.234,1,14.567
-0.123,0,4.89
0.456,1,9.876
-1.234,0,3.789
1.456,1,15.678
-0.678,0,5.432
0.678,1,10.234
-1.012,0,3.456
1.012,1,14.789
-0.234,0,6.89
0.123,1,8.456
-1.345,0,2.345
1.5,1,16.123
-0.456,0,4.567
0.789,1,11.789
-1.5,0,3.21
1.5,1,17.89
-0.789,0,5.678
0.89,1,12.456
-1.5,0,2.678
1.234,1,14.321
-0.123,0,4.89
0.456,1,9.123
-1.234,0,3.456
1.456,1,15.678
-0.678,0,5.432
0.678,1,10.123
-1.012,0,3.789
1.012,1,14.567
-0.234,0,6.789
0.123,1,8.901
-1.345,0,2.678
1.5,1,16.789
-0.456,0,4.321
0.789,1,11.234
-1.5,0,3.456
1.5,1,17.456
-0.789,0,5.678
0.89,1,12.345
-1.5,0,2.456
1.234,1,14.567
-0.123,0,4.89
0.456,1,9.876
-1.234,0,3.789
1.456,1,15.678
-0.678,0,5.432
0.678,1,10.234
-1.012,0,3.456
1.012,1,14.789
-0.234,0,6.89
0.123,1,8.456
-1.345,0,2.345
1.5,1,16.123
-0.456,0,4.567
0.789,1,11.789
-1.5,0,3.21
1.5,1,17.89
-0.789,0,5.678
0.89,1,12.456
-1.5,0,2.678
1.234,1,14.321
-0.123,0,4.89
0.456,1,9.123
-1.234,0,3.456
1.456,1,15.678
-0.678,0,5.432
0.678,1,10.123
-1.012,0,3.789
1.012,1,14.567
-0.234,0,6.789
0.123,1,8.901
-1.345,0,2.678
1.5,1,16.789
-0.456,0,4.321
0.789,1,11.234
-1.5,0,3.456
1.5,1,17.456
-0.789,0,5.678
0.89,1,12.345
-1.5,0,2.456
1.234,1,14.567
-0.123,0,4.89
0.456,1,9.876
-1.234,0,3.789
1.456,1,15.678
-0.678,0,5.432
0.678,1,10.234
-1.012,0,3.456
1.012,1,14.789
-0.234,0,6.89
0.123,1,8.456
-1.345,0,2.345
1.5,1,16.123
-0.456,0,4.567
0.789,1,11.789
-1.5,0,3.21
1.5,1,17.89
-0.789,0,5.678
0.89,1,12.456
-1.5,0,2.678
1.234,1,14.321
-0.123,0,4.89
0.456,1,9.123
-1.234,0,3.456
1.456,1,15.678
-0.678,0,5.432
0.678,1,10.123
-1.012,0,3.789
1.012,1,14.567
-0.234,0,6.789
0.123,1,8.901
-1.345,0,2.678
-0.123,1,3.456
0.456,0,2.789
-1.234,1,5.678
0.789,0,1.234
1.234,1,6.789
-0.567,0,2.345
0.345,1,4.567
-0.89,0,1.678
1.456,1,7.89
-1.345,0,2.456
0.678,1,5.678
-0.234,0,1.89
1.123,1,6.123
-0.678,0,2.789
0.89,1,4.89
-1.456,0,1.234
0.567,1,5.456
-0.345,0,2.678
1.345,1,7.123
-0.789,0,1.567
0.234,1,4.345
-1.123,0,2.89
0.123,1,5.789
-0.456,0,1.234
1.5,1,7.456
-0.89,0,2.345
0.456,1,4.678
-1.234,0,1.89
0.789,1,5.123
-0.567,0,2.456
1.234,1,6.789
-0.678,0,1.678
0.345,1,4.567
-1.345,0,2.789
0.678,1,5.678
-0.234,0,1.89
1.123,1,6.123
-0.678,0,2.789
0.89,1,4.89
-1.456,0,1.234
0.567,1,5.456
-0.345,0,2.678
1.345,1,7.123
-0.789,0,1.567
0.234,1,4.345
-1.123,0,2.89
0.123,1,5.789
-0.456,0,1.234
1.5,1,7.456
-0.89,0,2.345
0.456,1,4.678
-1.234,0,1.89
0.789,1,5.123
-0.567,0,2.456
1.234,1,6.789
-0.678,0,1.678
0.345,1,4.567
-1.345,0,2.789
0.678,1,5.678
-0.234,0,1.89
1.123,1,6.123
-0.678,0,2.789
0.89,1,4.89
-1.456,0,1.234
0.567,1,5.456
-0.345,0,2.678
1.345,1,7.123
-0.789,0,1.567
0.234,1,4.345
-1.123,0,2.89
0.123,1,5.789
-0.456,0,1.234
1.5,1,7.456
-0.89,0,2.345
0.456,1,4.678
-1.234,0,1.89
0.789,1,5.123
-0.567,0,2.456
1.234,1,6.789
-0.678,0,1.678
0.345,1,4.567
-1.345,0,2.789
0.678,1,5.678
-0.234,0,1.89
1.123,1,6.123
-0.678,0,2.789
0.89,1,4.89
-1.456,0,1.234
0.567,1,5.456
-0.345,0,2.678
1.345,1,7.123
-0.789,0,1.567
0.234,1,4.345
-1.123,0,2.89
0.123,1,5.789
-0.456,0,1.234
1.5,1,7.456
-0.89,0,2.345
0.456,1,4.678
-1.234,0,1.89
0.789,1,5.123
-0.567,0,2.456
1.234,1,6.789
-0.678,0,1.678
0.345,1,4.567
-1.345,0,2.789
0.678,1,5.678
-0.234,0,1.89
1.123,1,6.123
-0.678,0,2.789
0.89,1,4.89
-1.456,0,1.234
0.567,1,5.456
-0.345,0,2.678
1.345,1,7.123
-0.789,0,1.567
0.234,1,4.345
-1.123,0,2.89
0.123,1,5.789
-0.456,0,1.234
1.5,1,7.456
-0.89,0,2.345
0.456,1,4.678
-1.234,0,1.89
0.789,1,5.123
-0.567,0,2.456
1.234,1,6.789
-0.678,0,1.678
0.345,1,4.567
-1.345,0,2.789
0.678,1,5.678
-0.234,0,1.89
1.123,1,6.123
-0.678,0,2.789
0.89,1,4.89
-1.456,0,1.234
0.567,1,5.456
-0.345,0,2.678
1.345,1,7.123
-0.789,0,1.567
0.234,1,4.345
-1.123,0,2.89
0.123,1,5.789
-0.456,0,1.234
1.5,1,7.456
-0.89,0,2.345
0.456,1,4.678
-1.234,0,1.89
0.789,1,5.123
-0.567,0,2.456
1.234,1,6.789
-0.678,0,1.678
0.345,1,4.567
-1.345,0,2.789
0.678,1,5.678
-0.234,0,1.89
1.123,1,6.123
-0.678,0,2.789
0.89,1,4.89
-1.456,0,1.234
0.567,1,5.456
-0.345,0,2.678
1.345,1,7.123
-0.789,0,1.567
0.234,1,4.345
-1.123,0,2.89
0.123,1,5.789
-0.456,0,1.234
1.5,1,7.456
-0.89,0,2.345
0.456,1,4.678
-1.234,0,1.89
0.789,1,5.123
-0.567,0,2.456
1.234,1,6.789
-0.678,0,1.678
0.345,1,4.567
-1.345,0,2.789
0.678,1,5.678
-0.234,0,1.89
1.123,1,6.123
-0.678,0,2.789
0.89,1,4.89
-1.456,0,1.234
0.567,1,5.456
-0.345,0,2.678
1.345,1,7.123
-0.789,0,1.567
0.234,1,4.345
-1.123,0,2.89
0.123,1,5.789
-0.456,0,1.234
1.5,1,7.456
-0.89,0,2.345
0.456,1,4.678
-1.234,0,1.89
0.789,1,5.123
-0.567,0,2.456
1.234,1,6.789
-0.678,0,1.678
0.345,1,4.567
-1.345,0,2.789
0.678,1,5.678
-0.234,0,1.89
1.123,1,6.123
-0.678,0,2.789
0.89,1,4.89
-1.456,0,1.234
0.567,1,5.456
-0.345,0,2.678
1.345,1,7.123
-0.789,0,1.567
0.234,1,4.345
-1.123,0,2.89
0.123,1,5.789
-0.456,0,1.234
1.5,1,7.456
-0.89,0,2.345
0.456,1,4.678
-1.234,0,1.89
0.789,1,5.123
-0.567,0,2.456
1.234,1,6.789
-0.678,0,1.678
0.345,1,4.567
-1.345,0,2.789
0.678,1,5.678
-0.234,0,1.89
1.123,1,6.123
-0.678,0,2.789
0.89,1,4.89
-1.456,0,1.234
0.567,1,5.456
-0.345,0,2.678
1.345,1,7.123
-0.789,0,1.567
0.234,1,4.345
-1.123,0,2.89
0.123,1,5.789
-0.456,0,1.234
1.5,1,7.456
-0.89,0,2.345
0.456,1,4.678
-1.234,0,1.89
0.789,1,5.123
-0.567,0,2.456
1.234,1,6.789
-0.678,0,1.678
0.345,1,4.567
-1.345,0,2.789
0.678,1,5.678
-0.234,0,1.89
1.123,1,6.123
-0.678,0,2.789
0.89,1,4.89
-1.456,0,1.234
0.567,1,5.456
-0.345,0,2.678
1.345,1,7.123
-0.789,0,1.567
0.234,1,4.345
-1.123,0,2.89
0.123,1,5.789
-0.456,0,1.234
1.5,1,7.456
-0.89,0,2.345
0.456,1,4.678
-1.234,0,1.89
0.789,1,5.123
-0.567,0,2.456
1.234,1,6.789
-0.678,0,1.678
0.345,1,4.567
-1.345,0,2.789
0.678,1,5.678
-0.234,0,1.89
1.123,1,6.123
-0.678,0,2.789
0.89,1,4.89
-1.456,0,1.234
0.567,1,5.456
-0.345,0,2.678
1.345,1,7.123
-0.789,0,1.567
0.234,1,4.345
-1.123,0,2.89
0.123,1,5.789
-0.456,0,1.234
1.5,1,7.456
-0.89,0,2.345
0.456,1,4.678
-1.234,0,1.89
0.789,1,5.123
-0.567,0,2.456
1.234,1,6.789
-0.678,0,1.678
0.345,1,4.567
-1.345,0,2.789
0.678,1,5.678
-0.234,0,1.89
-1.234,1,12.45
0.567,0,8.32
1.234,1,20.67
-0.456,0,9.78
0.89,1,18.45
-1.123,0,7.89
0.345,1,15.67
1.456,1,22.34
-0.678,0,10.12
0.123,1,14.56
-1.345,0,6.78
0.789,1,19.45
-0.234,0,8.9
1.012,1,21.23
-0.89,0,7.45
0.456,1,16.78
-1.5,0,5.67
0.678,1,17.89
1.345,1,23.45
-0.123,0,9.01
0.234,1,15.12
-0.789,0,8.34
1.5,1,24.56
-0.456,0,7.89
0.89,1,19.67
-1.234,0,6.45
0.567,1,16.34
1.234,1,22.78
-0.678,0,8.12
0.123,1,14.89
-1.345,0,5.9
0.789,1,20.12
-0.234,0,9.45
1.012,1,21.67
-0.89,0,7.12
0.456,1,17.34
-1.5,0,6.78
0.678,1,18.45
1.345,1,23.89
-0.123,0,8.9
0.234,1,15.67
-0.789,0,7.34
1.5,1,25.12
-0.456,0,6.45
0.89,1,19.78
-1.234,0,5.67
0.567,1,16.78
1.234,1,22.34
-0.678,0,8.01
0.123,1,14.56
-1.345,0,6.78
0.789,1,20.45
-0.234,0,7.89
1.012,1,21.23
-0.89,0,8.12
0.456,1,17.89
-1.5,0,5.34
0.678,1,18.67
1.345,1,24.34
-0.123,0,9.01
0.234,1,15.45
-0.789,0,8.78
1.5,1,25.67
-0.456,0,6.9
0.89,1,19.12
-1.234,0,5.78
0.567,1,16.45
1.234,1,22.89
-0.678,0,7.34
0.123,1,14.78
-1.345,0,6.12
0.789,1,20.34
-0.234,0,8.45
1.012,1,21.89
-0.89,0,7.67
0.456,1,17.12
-1.5,0,5.45
0.678,1,18.34
1.345,1,24.78
-0.123,0,9.34
0.234,1,15.89
-0.789,0,8.12
1.5,1,25.45
-0.456,0,6.78
0.89,1,19.34
-1.234,0,5.9
0.567,1,16.67
1.234,1,22.45
-0.678,0,7.89
0.123,1,14.34
-1.345,0,6.34
0.789,1,20.67
-0.234,0,8.9
1.012,1,21.45
-0.89,0,7.12
0.456,1,17.67
-1.5,0,5.78
0.678,1,18.78
1.345,1,24.34
-0.123,0,9.12
0.234,1,15.67
-0.789,0,8.34
1.5,1,25.78
-0.456,0,6.45
0.89,1,19.45
-1.234,0,5.34
0.567,1,16.78
1.234,1,22.67
-0.678,0,7.45
0.123,1,14.9
-1.345,0,6.78
0.789,1,20.12
-0.234,0,8.67
1.012,1,21.34
-0.89,0,7.89
0.456,1,17.45
-1.5,0,5.9
0.678,1,18.45
1.345,1,24.56
-0.123,0,9.34
0.234,1,15.78
-0.789,0,8.12
1.5,1,25.12
-0.456,0,6.67
0.89,1,19.78
-1.234,0,5.45
0.567,1,16.34
1.234,1,22.89
-0.678,0,7.12
0.123,1,14.56
-1.345,0,6.9
0.789,1,20.45
-0.234,0,8.34
1.012,1,21.67
-0.89,0,7.34
0.456,1,17.89
-1.5,0,5.78
0.678,1,18.12
1.345,1,24.34
-0.123,0,9.01
0.234,1,15.67
-0.789,0,8.9
1.5,1,25.67
-0.456,0,6.78
0.89,1,19.12
-1.234,0,5.34
0.567,1,16.78
1.234,1,22.45
-0.678,0,7.89
0.123,1,14.78
-1.345,0,6.12
0.789,1,20.67
-0.234,0,8.45
1.012,1,21.89
-0.89,0,7.67
0.456,1,17.12
-1.5,0,5.45
0.678,1,18.34
1.345,1,24.78
-0.123,0,9.34
0.234,1,15.89
-0.789,0,8.12
1.5,1,25.45
-0.456,0,6.9
0.89,1,19.34
-1.234,0,5.78
0.567,1,16.45
1.234,1,22.89
-0.678,0,7.34
0.123,1,14.56
-1.345,0,6.78
0.789,1,20.45
-0.234,0,7.89
1.012,1,21.23
-0.89,0,8.12
0.456,1,17.89
-1.5,0,5.34
0.678,1,18.67
1.345,1,24.34
-0.123,0,9.01
0.234,1,15.45
-0.789,0,8.78
1.5,1,25.12
-0.456,0,6.78
0.89,1,19.12
-1.234,0,5.9
0.567,1,16.67
1.234,1,22.45
-0.678,0,7.89
0.123,1,14.9
-1.345,0,6.78
0.789,1,20.12
-0.234,0,8.67
1.012,1,21.34
-0.89,0,7.89
0.456,1,17.45
-1.5,0,5.9
0.678,1,18.45
1.345,1,24.56
-0.123,0,9.34
0.234,1,15.78
-0.789,0,8.12
1.5,1,25.12
-0.456,0,6.67
0.89,1,19.78
-1.234,0,5.45
0.567,1,16.34
1.234,1,22.89
-0.678,0,7.12
0.123,1,14.56
-1.345,0,6.9
0.789,1,20.45
-0.234,0,8.34
1.012,1,21.67
-0.89,0,7.34
0.456,1,17.89
-1.5,0,5.78
0.678,1,18.78
1.345,1,24.34
-0.123,0,9.12
0.234,1,15.67
-0.789,0,8.34
1.5,1,25.67
-0.456,0,6.9
0.89,1,19.12
-1.234,0,5.78
0.567,1,16.78
1.234,1,22.34
-0.678,0,7.45
0.123,1,14.9
-1.345,0,6.78
0.789,1,20.67
-0.234,0,8.9
1.012,1,21.45
-0.89,0,7.12
0.456,1,17.67
-1.5,0,5.34
0.678,1,18.34
1.345,1,24.78
-0.123,0,9.34
0.234,1,15.89
-0.789,0,8.12
1.5,1,25.12
-0.456,0,6.67
0.89,1,19.34
-1.234,0,5.9
0.567,1,16.45
1.234,1,22.89
-0.678,0,7.34
0.123,1,14.56
-1.345,0,6.12
0.789,1,20.67
-0.234,0,8.45
1.012,1,21.89
-0.89,0,7.67
0.456,1,17.12
-1.5,0,5.45
0.678,1,18.34
1.345,1,24.34
-0.123,0,9.01
0.234,1,15.67
-0.789,0,8.9
1.5,1,25.67
-0.456,0,6.78
0.89,1,19.12
-1.234,0,5.34
0.567,1,16.78
1.234,1,22.45
-0.678,0,7.89
0.123,1,14.78
-1.345,0,6.9
0.789,1,20.45
-0.234,0,8.67
1.012,1,21.34
-0.89,0,7.89
0.456,1,17.89
-1.5,0,5.78
0.678,1,18.67
1.345,1,24.34
-0.123,0,9.34
0.234,1,15.45
-0.789,0,8.78
1.5,1,25.12
-0.456,0,6.78
0.89,1,19.12
-1.234,0,5.9
0.567,1,16.67
1.234,1,22.45
-0.678,0,7.89
0.123,1,14.9
-1.345,0,6.78
0.789,1,20.12
-0.234,0,8.34
1.012,1,21.67
-0.89,0,7.34
0.456,1,17.89
-1.5,0,5.34
0.678,1,18.45
1.345,1,24.56
-0.123,0,9.01
-0.123,1,5.672
0.456,0,3.214
-1.234,1,7.891
0.789,0,4.567
-0.567,1,6.345
1.234,0,2.456
-0.345,1,5.678
0.123,0,3.789
1.456,1,8.901
-1.456,0,2.345
0.678,1,6.789
-0.789,0,3.456
0.234,1,5.123
-0.456,0,4.678
1.345,1,7.234
-0.678,0,3.89
0.567,1,6.456
-1.123,0,2.789
0.345,1,5.89
1.123,0,4.123
-0.234,1,6.012
0.89,0,3.567
-1.345,1,7.456
0.456,0,2.678
-0.89,1,5.234
1.5,0,4.89
-0.123,1,6.789
0.678,0,3.456
-1.5,1,8.012
0.234,0,2.345
1.234,1,7.89
-0.456,0,3.678
0.789,1,5.678
-0.678,0,4.123
1.345,1,6.89
-0.89,0,2.456
0.123,1,5.012
-1.234,0,3.789
0.456,1,6.345
-0.567,0,4.678
1.456,1,8.123
-1.456,0,2.789
0.678,1,5.89
-0.789,0,3.456
0.234,1,6.012
-0.345,0,4.89
1.123,1,7.234
-0.678,0,2.345
0.567,1,5.678
-1.123,0,3.89
0.89,1,6.456
-0.234,0,4.123
1.5,1,8.901
-0.89,0,2.678
0.345,1,5.89
-1.345,0,3.456
0.678,1,6.789
-0.456,0,4.678
1.234,1,7.012
-1.5,0,2.345
0.123,1,5.678
-0.789,0,3.89
0.456,1,6.345
-0.678,0,4.123
1.345,1,7.89
-0.89,0,2.678
0.234,1,5.012
-1.234,0,3.789
0.678,1,6.456
-0.567,0,4.89
1.456,1,8.123
-1.456,0,2.345
0.89,1,5.89
-0.345,0,3.456
0.123,1,6.789
-1.123,0,4.678
1.5,1,7.234
-0.678,0,2.789
0.567,1,5.678
-1.345,0,3.89
0.456,1,6.345
-0.89,0,4.123
1.234,1,8.901
-0.123,0,2.678
0.678,1,5.89
-1.5,0,3.456
0.234,1,6.012
-0.456,0,4.89
1.345,1,7.234
-0.678,0,2.345
0.89,1,5.678
-1.123,0,3.789
0.567,1,6.456
-0.789,0,4.123
1.456,1,8.123
-1.456,0,2.678
0.123,1,5.89
-0.345,0,3.456
0.678,1,6.789
-0.567,0,4.678
1.234,1,7.012
-1.5,0,2.345
0.89,1,5.678
-0.89,0,3.89
0.456,1,6.345
-0.678,0,4.123
1.345,1,8.901
-0.123,0,2.678
0.234,1,5.012
-1.234,0,3.789
0.678,1,6.456
-0.456,0,4.89
1.456,1,7.234
-1.456,0,2.345
0.567,1,5.678
-0.789,0,3.89
0.89,1,6.789
-0.678,0,4.123
1.234,1,8.123
-1.5,0,2.678
0.123,1,5.89
-0.345,0,3.456
0.678,1,6.789
-0.567,0,4.678
1.345,1,7.012
-0.89,0,2.345
0.456,1,5.678
-1.123,0,3.789
0.234,1,6.456
-0.678,0,4.89
1.456,1,8.901
-1.456,0,2.678
0.89,1,5.89
-0.345,0,3.456
0.123,1,6.789
-1.234,0,4.678
1.5,1,7.234
-0.678,0,2.789
0.567,1,5.678
-1.345,0,3.89
0.456,1,6.345
-0.89,0,4.123
1.234,1,8.123
-0.123,0,2.678
0.678,1,5.89
-1.5,0,3.456
0.234,1,6.012
-0.456,0,4.89
1.345,1,7.234
-0.678,0,2.345
0.89,1,5.678
-1.123,0,3.789
0.567,1,6.456
-0.789,0,4.123
1.456,1,8.123
-1.456,0,2.678
0.123,1,5.89
-0.345,0,3.456
0.678,1,6.789
-0.567,0,4.678
1.234,1,7.012
-1.5,0,2.345
0.89,1,5.678
-0.89,0,3.89
0.456,1,6.345
-0.678,0,4.123
1.345,1,8.901
-0.123,0,2.678
0.234,1,5.012
-1.234,0,3.789
0.678,1,6.456
-0.456,0,4.89
1.456,1,7.234
-1.456,0,2.345
0.567,1,5.678
-0.789,0,3.89
0.89,1,6.789
-0.678,0,4.123
1.234,1,8.123
-1.5,0,2.678
0.123,1,5.89
-0.345,0,3.456
0.678,1,6.789
-0.567,0,4.678
1.345,1,7.012
-0.89,0,2.345
0.456,1,5.678
-1.123,0,3.789
0.234,1,6.456
-0.678,0,4.89
1.456,1,8.901
-1.456,0,2.678
0.89,1,5.89
-0.345,0,3.456
0.123,1,6.789
-1.234,0,4.678
1.5,1,7.234
-0.678,0,2.789
0.567,1,5.678
-1.345,0,3.89
0.456,1,6.345
-0.89,0,4.123
1.234,1,8.123
-0.123,0,2.678
0.678,1,5.89
-1.5,0,3.456
0.234,1,6.012
-0.456,0,4.89
1.345,1,7.234
-0.678,0,2.345
0.89,1,5.678
-1.123,0,3.789
0.567,1,6.456
-0.789,0,4.123
1.456,1,8.123
-1.456,0,2.678
0.123,1,5.89
-0.345,0,3.456
0.678,1,6.789
-0.567,0,4.678
1.234,1,7.012
-1.5,0,2.345
0.89,1,5.678
-0.89,0,3.89
0.456,1,6.345
-0.678,0,4.123
1.345,1,8.901
-0.123,0,2.678
0.234,1,5.012
-1.234,0,3.789
0.678,1,6.456
-0.456,0,4.89
1.456,1,7.234
-1.456,0,2.345
0.567,1,5.678
-0.789,0,3.89
0.89,1,6.789
-0.678,0,4.123
1.234,1,8.123
-1.5,0,2.678
0.123,1,5.89
-0.345,0,3.456
0.678,1,6.789
-0.567,0,4.678
1.345,1,7.012
-0.89,0,2.345
0.456,1,5.678
-1.123,0,3.789
0.234,1,6.456
-0.678,0,4.89
1.456,1,8.901
-1.456,0,2.678
0.89,1,5.89
-0.345,0,3.456
0.123,1,6.789
-1.234,0,4.678
1.5,1,7.234
-0.678,0,2.789
0.567,1,5.678
-1.345,0,3.89
0.456,1,6.345
-0.89,0,4.123
1.234,1,8.123
-0.123,0,2.678
0.678,1,5.89
-1.5,0,3.456
0.234,1,6.012
-0.456,0,4.89
1.345,1,7.234
-0.678,0,2.345
0.89,1,5.678
-1.123,0,3.789
0.567,1,6.456
-0.789,0,4.123
1.456,1,8.123
-1.456,0,2.678
0.123,1,5.89
-0.345,0,3.456
0.678,1,6.789
-0.567,0,4.678
1.234,1,7.012
-1.5,0,2.345
0.89,1,5.678
-0.89,0,3.89
0.456,1,6.345
-0.678,0,4.123
1.345,1,8.901
-0.123,0,2.678
0.234,1,5.012
-1.234,0,3.789
0.678,1,6.456
-0.456,0,4.89
1.456,1,7.234
-1.456,0,2.345
0.567,1,5.678
-0.789,0,3.89
0.89,1,6.789
-0.678,0,4.123
1.234,1,8.123
-1.5,0,2.678
-0.234,1,3.456
0.897,0,1.234
-1.123,1,4.567
0.456,0,2.345
1.234,1,5.678
-0.678,0,1.89
0.345,1,4.123
-1.456,0,0.987
0.789,1,6.789
-0.123,0,2.456
1.345,1,5.89
-0.567,0,1.234
0.234,1,4.567
-1.234,0,0.876
0.678,1,6.123
-0.789,0,2.345
1.456,1,5.678
-0.345,0,1.89
0.123,1,4.234
-1.345,0,0.987
0.567,1,6.789
-0.456,0,2.456
1.123,1,5.89
-0.678,0,1.234
0.789,1,4.567
-1.5,0,0.876
0.234,1,6.123
-0.123,0,2.345
1.234,1,5.678
-0.456,0,1.89
0.678,1,4.234
-1.234,0,0.987
0.345,1,6.789
-0.789,0,2.456
1.456,1,5.89
-0.345,0,1.234
0.123,1,4.567
-1.345,0,0.876
0.567,1,6.123
-0.678,0,2.345
1.123,1,5.678
-0.456,0,1.89
0.789,1,4.234
-1.5,0,0.987
0.234,1,6.789
-0.123,0,2.456
1.234,1,5.89
-0.678,0,1.234
0.345,1,4.567
-1.234,0,0.876
0.678,1,6.123
-0.789,0,2.345
1.456,1,5.678
-0.345,0,1.89
0.123,1,4.234
-1.345,0,0.987
0.567,1,6.789
-0.678,0,2.456
1.123,1,5.89
-0.456,0,1.234
0.789,1,4.567
-1.5,0,0.876
0.234,1,6.123
-0.123,0,2.345
1.234,1,5.678
-0.678,0,1.89
0.345,1,4.234
-1.234,0,0.987
0.678,1,6.789
-0.789,0,2.456
1.456,1,5.89
-0.345,0,1.234
0.123,1,4.567
-1.345,0,0.876
0.567,1,6.123
-0.678,0,2.345
1.123,1,5.678
-0.456,0,1.89
0.789,1,4.234
-1.5,0,0.987
0.234,1,6.789
-0.123,0,2.456
1.234,1,5.89
-0.678,0,1.234
0.345,1,4.567
-1.234,0,0.876
0.678,1,6.123
-0.789,0,2.345
1.456,1,5.678
-0.345,0,1.89
0.123,1,4.234
-1.345,0,0.987
0.567,1,6.789
-0.678,0,2.456
1.123,1,5.89
-0.456,0,1.234
0.789,1,4.567
-1.5,0,0.876
0.234,1,6.123
-0.123,0,2.345
1.234,1,5.678
-0.678,0,1.89
0.345,1,4.234
-1.234,0,0.987
0.678,1,6.789
-0.789,0,2.456
1.456,1,5.89
-0.345,0,1.234
0.123,1,4.567
-1.345,0,0.876
0.567,1,6.123
-0.678,0,2.345
1.123,1,5.678
-0.456,0,1.89
0.789,1,4.234
-1.5,0,0.987
0.234,1,6.789
-0.123,0,2.456
1.234,1,5.89
-0.678,0,1.234
0.345,1,4.567
-1.234,0,0.876
0.678,1,6.123
-0.789,0,2.345
1.456,1,5.678
-0.345,0,1.89
0.123,1,4.234
-1.345,0,0.987
0.567,1,6.789
-0.678,0,2.456
1.123,1,5.89
-0.456,0,1.234
0.789,1,4.567
-1.5,0,0.876
0.234,1,6.123
-0.123,0,2.345
1.234,1,5.678
-0.678,0,1.89
0.345,1,4.234
-1.234,0,0.987
0.678,1,6.789
-0.789,0,2.456
1.456,1,5.89
-0.345,0,1.234
0.123,1,4.567
-1.345,0,0.876
0.567,1,6.123
-0.678,0,2.345
1.123,1,5.678
-0.456,0,1.89
0.789,1,4.234
-1.5,0,0.987
0.234,1,6.789
-0.123,0,2.456
1.234,1,5.89
-0.678,0,1.234
0.345,1,4.567
-1.234,0,0.876
0.678,1,6.123
-0.789,0,2.345
1.456,1,5.678
-0.345,0,1.89
0.123,1,4.234
-1.345,0,0.987
0.567,1,6.789
-0.678,0,2.456
1.123,1,5.89
-0.456,0,1.234
0.789,1,4.567
-1.5,0,0.876
0.234,1,6.123
-0.123,0,2.345
1.234,1,5.678
-0.678,0,1.89
0.345,1,4.234
-1.234,0,0.987
0.678,1,6.789
-0.789,0,2.456
1.456,1,5.89
-0.345,0,1.234
0.123,1,4.567
-1.345,0,0.876
0.567,1,6.123
-0.678,0,2.345
1.123,1,5.678
-0.456,0,1.234
0.789,1,4.234
-1.5,0,0.987
0.234,1,6.789
-0.123,0,2.456
1.234,1,5.89
-0.678,0,1.234
0.345,1,4.567
-1.234,0,0.876
0.678,1,6.123
-0.789,0,2.345
1.456,1,5.678
-0.345,0,1.89
0.123,1,4.234
-1.345,0,0.987
0.567,1,6.789
-0.678,0,2.456
1.123,1,5.89
-0.456,0,1.234
0.789,1,4.567
-1.5,0,0.876
0.234,1,6.123
-0.123,0,2.345
1.234,1,5.678
-0.678,0,1.89
0.345,1,4.234
-1.234,0,0.987
0.678,1,6.789
-0.789,0,2.456
1.456,1,5.89
-0.345,0,1.234
0.123,1,4.567
-1.345,0,0.876
0.567,1,6.123
-0.678,0,2.345
1.123,1,5.678
-0.456,0,1.234
0.789,1,4.234
-1.5,0,0.987
0.234,1,6.789
-0.123,0,2.456
1.234,1,5.89
-0.678,0,1.234
0.345,1,4.567
-1.234,0,0.876
0.678,1,6.123
-0.789,0,2.345
1.456,1,5.678
-0.345,0,1.89
0.123,1,4.234
-1.345,0,0.987
0.567,1,6.789
-0.678,0,2.456
1.123,1,5.89
-0.456,0,1.234
0.789,1,4.567
-1.5,0,0.876
0.234,1,6.123
-0.123,0,2.345
1.234,1,5.678
-0.678,0,1.89
0.345,1,4.234
-1.234,0,0.987
0.678,1,6.789
-0.789,0,2.456
1.456,1,5.89
-0.345,0,1.234
0.123,1,4.567
-1.345,0,0.876
0.567,1,6.123
-0.678,0,2.345
1.123,1,5.678
-0.456,0,1.234
0.789,1,4.234
-1.5,0,0.987
0.234,1,6.789
-0.123,0,2.456
1.234,1,5.89
-0.678,0,1.234
0.345,1,4.567
-1.234,0,0.876
0.678,1,6.123
-0.789,0,2.345
1.456,1,5.678
-0.345,0,1.89
0.123,1,4.234
-1.345,0,0.987
0.567,1,6.789
-0.678,0,2.456
1.123,1,5.89
-0.456,0,1.234
0.789,1,4.567
-1.5,0,0.876
0.234,1,6.123
-0.123,0,2.345
1.234,1,5.678
-0.678,0,1.89
0.345,1,4.234
-1.234,0,0.987
0.678,1,6.789
-0.789,0,2.456
1.456,1,5.89
-0.345,0,1.234
0.123,1,4.567
-1.345,0,0.876
0.567,1,6.123
-0.678,0,2.345
1.123,1,5.678
-0.456,0,1.234
0.789,1,4.234
-1.5,0,0.987
0.234,1,6.789
-0.123,0,2.456
1.234,1,5.89
-0.678,0,1.234
-1.234,0,1.456
0.567,1,5.789
1.234,1,7.456
-0.456,0,2.345
0.789,1,6.123
-1.123,0,1.789
0.345,1,4.567
1.456,1,8.234
-0.789,0,2.678
0.123,1,5.456
-1.345,0,1.234
0.678,1,6.789
1.345,1,7.89
-0.678,0,2.456
0.456,1,5.678
-0.234,0,1.567
1.5,1,8.123
-1.456,0,1.89
0.234,1,5.345
1.123,1,7.567
-0.123,0,2.345
0.89,1,6.456
-0.89,0,1.678
1.5,1,8.456
-0.345,0,2.789
0.012,1,5.123
-1.012,0,1.89
0.456,1,5.678
1.234,1,7.89
-0.567,0,2.456
0.678,1,6.789
-1.5,0,1.234
0.123,1,5.456
1.456,1,8.234
-0.789,0,2.678
0.345,1,4.567
-0.456,0,2.345
1.345,1,7.89
-0.678,0,1.567
0.89,1,6.456
-1.123,0,1.789
0.567,1,5.789
1.5,1,8.123
-0.234,0,1.567
0.234,1,5.345
-1.234,0,1.456
0.678,1,6.789
1.123,1,7.567
-0.89,0,1.678
0.012,1,5.123
-1.012,0,1.89
0.456,1,5.678
1.234,1,7.89
-0.567,0,2.456
0.678,1,6.789
-1.5,0,1.234
0.123,1,5.456
1.456,1,8.234
-0.789,0,2.678
0.345,1,4.567
-0.456,0,2.345
1.345,1,7.89
-0.678,0,1.567
0.89,1,6.456
-1.123,0,1.789
0.567,1,5.789
1.5,1,8.123
-0.234,0,1.567
0.234,1,5.345
-1.234,0,1.456
0.678,1,6.789
1.123,1,7.567
-0.89,0,1.678
0.012,1,5.123
-1.012,0,1.89
0.456,1,5.678
1.234,1,7.89
-0.567,0,2.456
0.678,1,6.789
-1.5,0,1.234
0.123,1,5.456
1.456,1,8.234
-0.789,0,2.678
0.345,1,4.567
-0.456,0,2.345
1.345,1,7.89
-0.678,0,1.567
0.89,1,6.456
-1.123,0,1.789
0.567,1,5.789
1.5,1,8.123
-0.234,0,1.567
0.234,1,5.345
-1.234,0,1.456
0.678,1,6.789
1.123,1,7.567
-0.89,0,1.678
0.012,1,5.123
-1.012,0,1.89
0.456,1,5.678
1.234,1,7.89
-0.567,0,2.456
0.678,1,6.789
-1.5,0,1.234
0.123,1,5.456
1.456,1,8.234
-0.789,0,2.678
0.345,1,4.567
-0.456,0,2.345
1.345,1,7.89
-0.678,0,1.567
0.89,1,6.456
-1.123,0,1.789
0.567,1,5.789
1.5,1,8.123
-0.234,0,1.567
0.234,1,5.345
-1.234,0,1.456
0.678,1,6.789
1.123,1,7.567
-0.89,0,1.678
0.012,1,5.123
-1.012,0,1.89
0.456,1,5.678
1.234,1,7.89
-0.567,0,2.456
0.678,1,6.789
-1.5,0,1.234
0.123,1,5.456
1.456,1,8.234
-0.789,0,2.678
0.345,1,4.567
-0.456,0,2.345
1.345,1,7.89
-0.678,0,1.567
0.89,1,6.456
-1.123,0,1.789
0.567,1,5.789
1.5,1,8.123
-0.234,0,1.567
0.234,1,5.345
-1.234,0,1.456
0.678,1,6.789
1.123,1,7.567
-0.89,0,1.678
0.012,1,5.123
-1.012,0,1.89
0.456,1,5.678
1.234,1,7.89
-0.567,0,2.456
0.678,1,6.789
-1.5,0,1.234
0.123,1,5.456
1.456,1,8.234
-0.789,0,2.678
0.345,1,4.567
-0.456,0,2.345
1.345,1,7.89
-0.678,0,1.567
0.89,1,6.456
-1.123,0,1.789
0.567,1,5.789
1.5,1,8.123
-0.234,0,1.567
0.234,1,5.345
-1.234,0,1.456
0.678,1,6.789
1.123,1,7.567
-0.89,0,1.678
0.012,1,5.123
-1.012,0,1.89
0.456,1,5.678
1.234,1,7.89
-0.567,0,2.456
0.678,1,6.789
-1.5,0,1.234
0.123,1,5.456
1.456,1,8.234
-0.789,0,2.678
0.345,1,4.567
-0.456,0,2.345
1.345,1,7.89
-0.678,0,1.567
0.89,1,6.456
-1.123,0,1.789
0.567,1,5.789
1.5,1,8.123
-0.234,0,1.567
0.234,1,5.345
-1.234,0,1.456
0.678,1,6.789
1.123,1,7.567
-0.89,0,1.678
0.012,1,5.123
-1.012,0,1.89
0.456,1,5.678
1.234,1,7.89
-0.567,0,2.456
0.678,1,6.789
-1.5,0,1.234
0.123,1,5.456
1.456,1,8.234
-0.789,0,2.678
0.345,1,4.567
-0.456,0,2.345
1.345,1,7.89
-0.678,0,1.567
0.89,1,6.456
-1.123,0,1.789
0.567,1,5.789
1.5,1,8.123
-0.234,0,1.567
0.234,1,5.345
-1.234,0,1.456
0.678,1,6.789
1.123,1,7.567
-0.89,0,1.678
0.012,1,5.123
-1.012,0,1.89
0.456,1,5.678
1.234,1,7.89
-0.567,0,2.456
0.678,1,6.789
-1.5,0,1.234
0.123,1,5.456
1.456,1,8.234
-0.789,0,2.678
0.345,1,4.567
-0.456,0,2.345
1.345,1,7.89
-0.678,0,1.567
0.89,1,6.456
-1.123,0,1.789
0.567,1,5.789
1.5,1,8.123
-0.234,0,1.567
0.234,1,5.345
-1.234,0,1.456
0.678,1,6.789
1.123,1,7.567
-0.89,0,1.678
0.012,1,5.123
-1.012,0,1.89
0.456,1,5.678
1.234,1,7.89
-0.567,0,2.456
0.678,1,6.789
-1.5,0,1.234
0.123,1,5.456
1.456,1,8.234
-0.789,0,2.678
0.345,1,4.567
-0.456,0,2.345
1.345,1,7.89
-0.678,0,1.567
0.89,1,6.456
-1.123,0,1.789
0.567,1,5.789
1.5,1,8.123
-0.234,0,1.567
0.234,1,5.345
-1.234,0,1.456
0.678,1,6.789
1.123,1,7.567
-0.89,0,1.678
0.012,1,5.123
-1.012,0,1.89
0.456,1,5.678
1.234,1,7.89
-0.567,0,2.456
0.678,1,6.789
-1.5,0,1.234
0.123,1,5.456
1.456,1,8.234
-0.789,0,2.678
0.345,1,4.567
-0.456,0,2.345
1.345,1,7.89
-0.678,0,1.567
0.89,1,6.456
-1.123,0,1.789
0.567,1,5.789
1.5,1,8.123
-0.234,0,1.567
0.234,1,5.345
-1.234,0,1.456
0.678,1,6.789
1.123,1,7.567
-0.89,0,1.678
0.012,1,5.123
-1.012,0,1.89
0.456,1,5.678
1.234,1,7.89
-0.567,0,2.456
0.678,1,6.789
-1.5,0,1.234
0.123,1,5.456
1.456,1,8.234
-0.789,0,2.678
0.345,1,4.567
-0.234,1,7.842
0.456,0,3.214
1.234,1,12.456
-1.123,0,2.789
0.789,1,10.345
-0.567,0,4.123
1.456,1,14.678
-0.345,0,3.567
0.123,1,8.901
-1.234,0,2.456
0.678,1,11.234
-0.789,0,3.678
1.345,1,13.567
-0.456,0,4.789
0.234,1,9.012
-1.345,0,2.345
0.567,1,10.678
-0.678,0,3.456
1.123,1,12.789
-0.123,0,4.012
0.345,1,8.678
-1.456,0,2.678
0.789,1,11.456
-0.234,0,3.789
1.234,1,13.456
-0.567,0,4.567
0.456,1,9.345
-1.123,0,2.123
0.678,1,10.901
-0.345,0,3.234
1.456,1,14.123
-0.789,0,2.789
0.123,1,8.456
-1.234,0,3.012
0.678,1,11.789
-0.456,0,4.234
1.345,1,13.678
-0.678,0,3.567
0.234,1,9.123
-1.345,0,2.456
0.567,1,10.234
-0.123,0,4.678
1.123,1,12.345
-0.234,0,3.456
0.789,1,11.012
-1.456,0,2.789
0.345,1,9.678
-0.567,0,4.123
1.234,1,13.456
-0.789,0,3.789
0.456,1,10.901
-1.123,0,2.345
0.678,1,11.234
-0.345,0,3.678
1.456,1,14.678
-0.456,0,4.789
0.123,1,8.901
-1.234,0,2.456
0.678,1,10.678
-0.678,0,3.456
1.123,1,12.789
-0.234,0,4.012
0.789,1,11.456
-1.456,0,2.678
0.345,1,9.345
-0.567,0,3.789
1.234,1,13.456
-0.789,0,4.567
0.456,1,10.678
-1.123,0,2.123
0.678,1,11.789
-0.345,0,3.234
1.456,1,14.123
-0.678,0,2.789
0.123,1,8.456
-1.234,0,3.012
0.678,1,10.901
-0.456,0,4.234
1.345,1,13.678
-0.678,0,3.567
0.234,1,9.123
-1.345,0,2.456
0.567,1,10.234
-0.123,0,4.678
1.123,1,12.345
-0.234,0,3.456
0.789,1,11.012
-1.456,0,2.789
0.345,1,9.678
-0.567,0,4.123
1.234,1,13.456
-0.789,0,3.789
0.456,1,10.901
-1.123,0,2.345
0.678,1,11.234
-0.345,0,3.678
1.456,1,14.678
-0.456,0,4.789
0.123,1,8.901
-1.234,0,2.456
0.678,1,10.678
-0.678,0,3.456
1.123,1,12.789
-0.234,0,4.012
0.789,1,11.456
-1.456,0,2.678
0.345,1,9.345
-0.567,0,3.789
1.234,1,13.456
-0.789,0,4.567
0.456,1,10.678
-1.123,0,2.123
0.678,1,11.789
-0.345,0,3.234
1.456,1,14.123
-0.678,0,2.789
0.123,1,8.456
-1.234,0,3.012
0.678,1,10.901
-0.456,0,4.234
1.345,1,13.678
-0.678,0,3.567
0.234,1,9.123
-1.345,0,2.456
0.567,1,10.234
-0.123,0,4.678
1.123,1,12.345
-0.234,0,3.456
0.789,1,11.012
-1.456,0,2.789
0.345,1,9.678
-0.567,0,4.123
1.234,1,13.456
-0.789,0,3.789
0.456,1,10.901
-1.123,0,2.345
0.678,1,11.234
-0.345,0,3.678
1.456,1,14.678
-0.456,0,4.789
0.123,1,8.901
-1.234,0,2.456
0.678,1,10.678
-0.678,0,3.456
1.123,1,12.789
-0.234,0,4.012
0.789,1,11.456
-1.456,0,2.678
0.345,1,9.345
-0.567,0,3.789
1.234,1,13.456
-0.789,0,4.567
0.456,1,10.678
-1.123,0,2.123
0.678,1,11.789
-0.345,0,3.234
1.456,1,14.123
-0.678,0,2.789
0.123,1,8.456
-1.234,0,3.012
0.678,1,10.901
-0.456,0,4.234
1.345,1,13.678
-0.678,0,3.567
0.234,1,9.123
-1.345,0,2.456
0.567,1,10.234
-0.123,0,4.678
1.123,1,12.345
-0.234,0,3.456
0.789,1,11.012
-1.456,0,2.789
0.345,1,9.678
-0.567,0,4.123
1.234,1,13.456
-0.789,0,3.789
0.456,1,10.901
-1.123,0,2.345
0.678,1,11.234
-0.345,0,3.678
1.456,1,14.678
-0.456,0,4.789
0.123,1,8.901
-1.234,0,2.456
0.678,1,10.678
-0.678,0,3.456
1.123,1,12.789
-0.234,0,4.012
0.789,1,11.456
-1.456,0,2.678
0.345,1,9.345
-0.567,0,3.789
1.234,1,13.456
-0.789,0,4.567
0.456,1,10.678
-1.123,0,2.123
0.678,1,11.789
-0.345,0,3.234
1.456,1,14.123
-0.678,0,2.789
0.123,1,8.456
-1.234,0,3.012
0.678,1,10.901
-0.456,0,4.234
1.345,1,13.678
-0.678,0,3.567
0.234,1,9.123
-1.345,0,2.456
0.567,1,10.234
-0.123,0,4.678
1.123,1,12.345
-0.234,0,3.456
0.789,1,11.012
-1.456,0,2.789
0.345,1,9.678
-0.567,0,4.123
1.234,1,13.456
-0.789,0,3.789
0.456,1,10.901
-1.123,0,2.345
0.678,1,11.234
-0.345,0,3.678
1.456,1,14.678
-0.456,0,4.789
0.123,1,8.901
-1.234,0,2.456
0.678,1,10.678
-0.678,0,3.456
1.123,1,12.789
-0.234,0,4.012
0.789,1,11.456
-1.456,0,2.678
0.345,1,9.345
-0.567,0,3.789
1.234,1,13.456
-0.789,0,4.567
0.456,1,10.678
-1.123,0,2.123
0.678,1,11.789
-0.345,0,3.234
1.456,1,14.123
-0.678,0,2.789
0.123,1,8.456
-1.234,0,3.012
0.678,1,10.901
-0.456,0,4.234
1.345,1,13.678
-0.678,0,3.567
0.234,1,9.123
-1.345,0,2.456
0.567,1,10.234
-0.123,0,4.678
1.123,1,12.345
-0.234,0,3.456
0.789,1,11.012
-1.456,0,2.789
0.345,1,9.678
-0.567,0,4.123
1.234,1,13.456
-0.789,0,3.789
0.456,1,10.901
-1.123,0,2.345
0.678,1,11.234
-0.345,0,3.678
1.456,1,14.678
-0.456,0,4.789
0.123,1,8.901
-1.234,0,2.456
0.678,1,10.678
-0.678,0,3.456
1.123,1,12.789
-0.234,0,4.012
0.789,1,11.456
-1.456,0,2.678
0.345,1,9.345
-0.567,0,3.789
1.234,1,13.456
-0.789,0,4.567
0.456,1,10.678
-1.123,0,2.123
0.678,1,11.789
-0.345,0,3.234
1.456,1,14.123
-0.678,0,2.789
0.123,1,8.456
-1.234,0,3.012
0.678,1,10.901
-0.456,0,4.234
1.345,1,13.678
-0.678,0,3.567
0.234,1,9.123
-1.345,0,2.456
0.567,1,10.234
-0.123,0,4.678
1.123,1,12.345
-0.234,0,3.456
0.789,1,11.012
-1.456,0,2.789
0.345,1,9.678
-0.567,0,4.123
-0.123,1,3.456
0.456,0,2.789
-1.234,1,4.567
0.789,0,2.345
1.234,1,5.678
-0.567,0,2.456
0.345,1,4.123
-0.789,0,1.234
1.456,1,6.789
-1.345,0,1.678
0.123,1,3.789
-0.234,0,2.123
0.678,1,4.567
-0.456,0,1.89
1.345,1,5.456
-0.678,0,2.345
0.234,1,3.456
-1.456,0,1.234
0.567,1,4.789
-0.345,0,2.678
1.5,1,6.123
-0.123,0,1.456
0.456,1,4.234
-1.234,0,2.789
0.789,1,5.678
1.234,0,1.89
-0.567,1,3.456
0.345,0,2.123
-0.789,1,4.567
1.456,0,1.234
-1.345,1,5.678
0.123,0,2.345
-0.234,1,3.789
0.678,0,1.678
-0.456,1,4.123
1.345,0,2.456
-0.678,1,5.789
0.234,0,1.89
-1.456,1,3.456
0.567,0,2.678
1.5,1,6.234
-0.123,0,1.234
0.456,1,4.789
-1.234,0,2.345
0.789,1,5.678
1.234,0,1.456
-0.567,1,3.789
0.345,0,2.123
-0.789,1,4.567
1.456,0,1.89
-1.345,1,5.456
0.123,0,2.678
-0.234,1,3.456
0.678,0,1.234
-0.456,1,4.123
1.345,0,2.789
-0.678,1,5.678
0.234,0,1.89
-1.456,1,3.456
0.567,0,2.345
1.5,1,6.789
-0.123,0,1.678
0.456,1,4.234
-1.234,0,2.456
0.789,1,5.789
1.234,0,1.89
-0.567,1,3.456
0.345,0,2.123
-0.789,1,4.567
1.456,0,1.234
-1.345,1,5.678
0.123,0,2.345
-0.234,1,3.789
0.678,0,1.678
-0.456,1,4.123
1.345,0,2.456
-0.678,1,5.789
0.234,0,1.89
-1.456,1,3.456
0.567,0,2.678
1.5,1,6.234
-0.123,0,1.234
0.456,1,4.789
-1.234,0,2.345
0.789,1,5.678
1.234,0,1.456
-0.567,1,3.789
0.345,0,2.123
-0.789,1,4.567
1.456,0,1.89
-1.345,1,5.456
0.123,0,2.678
-0.234,1,3.456
0.678,0,1.234
-0.456,1,4.123
1.345,0,2.789
-0.678,1,5.678
0.234,0,1.89
-1.456,1,3.456
0.567,0,2.345
1.5,1,6.789
-0.123,0,1.678
0.456,1,4.234
-1.234,0,2.456
0.789,1,5.789
1.234,0,1.89
-0.567,1,3.456
0.345,0,2.123
-0.789,1,4.567
1.456,0,1.234
-1.345,1,5.678
0.123,0,2.345
-0.234,1,3.789
0.678,0,1.678
-0.456,1,4.123
1.345,0,2.456
-0.678,1,5.789
0.234,0,1.89
-1.456,1,3.456
0.567,0,2.678
1.5,1,6.234
-0.123,0,1.234
0.456,1,4.789
-1.234,0,2.345
0.789,1,5.678
1.234,0,1.456
-0.567,1,3.789
0.345,0,2.123
-0.789,1,4.567
1.456,0,1.89
-1.345,1,5.456
0.123,0,2.678
-0.234,1,3.456
0.678,0,1.234
-0.456,1,4.123
1.345,0,2.789
-0.678,1,5.678
0.234,0,1.89
-1.456,1,3.456
0.567,0,2.345
1.5,1,6.789
-0.123,0,1.678
0.456,1,4.234
-1.234,0,2.456
0.789,1,5.789
1.234,0,1.89
-0.567,1,3.456
0.345,0,2.123
-0.789,1,4.567
1.456,0,1.234
-1.345,1,5.678
0.123,0,2.345
-0.234,1,3.789
0.678,0,1.678
-0.456,1,4.123
1.345,0,2.456
-0.678,1,5.789
0.234,0,1.89
-1.456,1,3.456
0.567,0,2.678
1.5,1,6.234
-0.123,0,1.234
0.456,1,4.789
-1.234,0,2.345
0.789,1,5.678
1.234,0,1.456
-0.567,1,3.789
0.345,0,2.123
-0.789,1,4.567
1.456,0,1.89
-1.345,1,5.456
0.123,0,2.678
-0.234,1,3.456
0.678,0,1.234
-0.456,1,4.123
1.345,0,2.789
-0.678,1,5.678
0.234,0,1.89
-1.456,1,3.456
0.567,0,2.345
1.5,1,6.789
-0.123,0,1.678
0.456,1,4.234
-1.234,0,2.456
0.789,1,5.789
1.234,0,1.89
-0.567,1,3.456
0.345,0,2.123
-0.789,1,4.567
1.456,0,1.234
-1.345,1,5.678
0.123,0,2.345
-0.234,1,3.789
0.678,0,1.678
-0.456,1,4.123
1.345,0,2.456
-0.678,1,5.789
0.234,0,1.89
-1.456,1,3.456
0.567,0,2.678
1.5,1,6.234
-0.123,0,1.234
0.456,1,4.789
-1.234,0,2.345
0.789,1,5.678
1.234,0,1.456
-0.567,1,3.789
0.345,0,2.123
-0.789,1,4.567
1.456,0,1.89
-1.345,1,5.456
0.123,0,2.678
-0.234,1,3.456
0.678,0,1.234
-0.456,1,4.123
1.345,0,2.789
-0.678,1,5.678
0.234,0,1.89
-1.456,1,3.456
0.567,0,2.345
1.5,1,6.789
-0.123,0,1.678
0.456,1,4.234
-1.234,0,2.456
0.789,1,5.789
1.234,0,1.89
-0.567,1,3.456
0.345,0,2.123
-0.789,1,4.567
1.456,0,1.234
-1.345,1,5.678
0.123,0,2.345
-0.234,1,3.789
0.678,0,1.678
-0.456,1,4.123
1.345,0,2.456
-0.678,1,5.789
0.234,0,1.89
-1.456,1,3.456
0.567,0,2.678
1.5,1,6.234
-0.123,0,1.234
0.456,1,4.789
-1.234,0,2.345
0.789,1,5.678
1.234,0,1.456
-0.567,1,3.789
0.345,0,2.123
-0.789,1,4.567
1.456,0,1.89
-1.345,1,5.456
0.123,0,2.678
-0.234,1,3.456
0.678,0,1.234
-0.456,1,4.123
1.345,0,2.789
-0.678,1,5.678
0.234,0,1.89
-1.456,1,3.456
0.567,0,2.345
1.5,1,6.789
-0.123,0,1.678
0.456,1,4.234
-1.234,0,2.456
0.789,1,5.789
1.234,0,1.89
-0.567,1,3.456
0.345,0,2.123
-0.789,1,4.567
1.456,0,1.234
-1.345,1,5.678
0.123,0,2.345
-0.234,1,3.789
0.678,0,1.678
-0.456,1,4.123
1.345,0,2.456
-0.678,1,5.789
0.234,0,1.89
-1.456,1,3.456
0.567,0,2.678
1.5,1,6.234
-0.123,0,1.234
0.456,1,4.789
-1.234,0,2.345
0.789,1,5.678
1.234,0,1.456
-0.567,1,3.789
0.345,0,2.123
-0.789,1,4.567
1.456,0,1.89
-1.345,1,5.456
0.123,0,2.678
-0.234,1,3.456
0.678,0,1.234
-0.456,1,4.123
1.345,0,2.789
-0.678,1,5.678
0.234,0,1.89
-1.456,1,3.456
0.567,0,2.345
-0.123,1,1.456
0.456,0,0.789
-1.234,1,2.345
0.789,1,3.456
1.234,0,1.123
-0.567,1,2.678
0.345,0,1.234
1.456,1,4.567
-0.789,0,0.456
0.123,1,2.345
-1.456,1,1.678
0.678,0,0.789
-0.345,1,3.456
1.5,0,1.234
0.234,1,2.678
-0.678,1,2.345
0.567,0,0.123
-1.345,1,3.456
1.345,0,1.789
0.456,1,2.456
-0.234,0,0.678
1.123,1,4.567
-0.456,1,2.345
0.789,0,1.234
-1.123,1,3.456
0.345,1,2.678
-0.678,0,0.456
1.234,1,4.123
-0.123,1,2.789
0.567,0,1.456
-1.234,1,3.678
0.789,1,4.567
-0.456,0,0.789
1.456,1,5.678
-0.789,1,2.345
0.123,0,0.678
-1.456,1,3.456
0.678,1,4.789
-0.345,0,1.234
1.5,1,5.456
-0.678,1,2.678
0.456,0,0.123
-1.345,1,3.789
1.345,0,1.567
0.234,1,2.456
-0.234,1,2.789
0.789,0,1.345
-1.123,1,3.456
0.567,1,4.678
-0.678,0,0.789
1.234,1,5.123
-0.123,1,2.345
0.456,0,1.234
-1.234,1,3.678
0.789,1,4.567
-0.456,0,0.456
1.456,1,5.789
-0.789,1,2.345
0.123,0,0.678
-1.456,1,3.456
0.678,1,4.789
-0.345,0,1.234
1.5,1,5.456
-0.678,1,2.678
0.456,0,0.123
-1.345,1,3.789
1.345,0,1.567
0.234,1,2.456
-0.234,1,2.789
0.789,0,1.345
-1.123,1,3.456
0.567,1,4.678
-0.678,0,0.789
1.234,1,5.123
-0.123,1,2.345
0.456,0,1.234
-1.234,1,3.678
0.789,1,4.567
-0.456,0,0.456
1.456,1,5.789
-0.789,1,2.345
0.123,0,0.678
-1.456,1,3.456
0.678,1,4.789
-0.345,0,1.234
1.5,1,5.456
-0.678,1,2.678
0.456,0,0.123
-1.345,1,3.789
1.345,0,1.567
0.234,1,2.456
-0.234,1,2.789
0.789,0,1.345
-1.123,1,3.456
0.567,1,4.678
-0.678,0,0.789
1.234,1,5.123
-0.123,1,2.345
0.456,0,1.234
-1.234,1,3.678
0.789,1,4.567
-0.456,0,0.456
1.456,1,5.789
-0.789,1,2.345
0.123,0,0.678
-1.456,1,3.456
0.678,1,4.789
-0.345,0,1.234
1.5,1,5.456
-0.678,1,2.678
0.456,0,0.123
-1.345,1,3.789
1.345,0,1.567
0.234,1,2.456
-0.234,1,2.789
0.789,0,1.345
-1.123,1,3.456
0.567,1,4.678
-0.678,0,0.789
1.234,1,5.123
-0.123,1,2.345
0.456,0,1.234
-1.234,1,3.678
0.789,1,4.567
-0.456,0,0.456
1.456,1,5.789
-0.789,1,2.345
0.123,0,0.678
-1.456,1,3.456
0.678,1,4.789
-0.345,0,1.234
1.5,1,5.456
-0.678,1,2.678
0.456,0,0.123
-1.345,1,3.789
1.345,0,1.567
0.234,1,2.456
-0.234,1,2.789
0.789,0,1.345
-1.123,1,3.456
0.567,1,4.678
-0.678,0,0.789
1.234,1,5.123
-0.123,1,2.345
0.456,0,1.234
-1.234,1,3.678
0.789,1,4.567
-0.456,0,0.456
1.456,1,5.789
-0.789,1,2.345
0.123,0,0.678
-1.456,1,3.456
0.678,1,4.789
-0.345,0,1.234
1.5,1,5.456
-0.678,1,2.678
0.456,0,0.123
-1.345,1,3.789
1.345,0,1.567
0.234,1,2.456
-0.234,1,2.789
0.789,0,1.345
-1.123,1,3.456
0.567,1,4.678
-0.678,0,0.789
1.234,1,5.123
-0.123,1,2.345
0.456,0,1.234
-1.234,1,3.678
0.789,1,4.567
-0.456,0,0.456
1.456,1,5.789
-0.789,1,2.345
0.123,0,0.678
-1.456,1,3.456
0.678,1,4.789
-0.345,0,1.234
1.5,1,5.456
-0.678,1,2.678
0.456,0,0.123
-1.345,1,3.789
1.345,0,1.567
0.234,1,2.456
-0.234,1,2.789
0.789,0,1.345
-1.123,1,3.456
0.567,1,4.678
-0.678,0,0.789
1.234,1,5.123
-0.123,1,2.345
0.456,0,1.234
-1.234,1,3.678
0.789,1,4.567
-0.456,0,0.456
1.456,1,5.789
-0.789,1,2.345
0.123,0,0.678
-1.456,1,3.456
0.678,1,4.789
-0.345,0,1.234
1.5,1,5.456
-0.678,1,2.678
0.456,0,0.123
-1.345,1,3.789
1.345,0,1.567
0.234,1,2.456
-0.234,1,2.789
0.789,0,1.345
-1.123,1,3.456
0.567,1,4.678
-0.678,0,0.789
1.234,1,5.123
-0.123,1,2.345
0.456,0,1.234
-1.234,1,3.678
0.789,1,4.567
-0.456,0,0.456
1.456,1,5.789
-0.789,1,2.345
0.123,0,0.678
-1.456,1,3.456
0.678,1,4.789
-0.345,0,1.234
1.5,1,5.456
-0.678,1,2.678
0.456,0,0.123
-1.345,1,3.789
1.345,0,1.567
0.234,1,2.456
-0.234,1,2.789
0.789,0,1.345
-1.123,1,3.456
0.567,1,4.678
-0.678,0,0.789
1.234,1,5.123
-0.123,1,2.345
0.456,0,1.234
-1.234,1,3.678
0.789,1,4.567
-0.456,0,0.456
1.456,1,5.789
-0.789,1,2.345
0.123,0,0.678
-1.456,1,3.456
0.678,1,4.789
-0.345,0,1.234
1.5,1,5.456
-0.678,1,2.678
0.456,0,0.123
-1.345,1,3.789
1.345,0,1.567
0.234,1,2.456
-0.234,1,2.789
0.789,0,1.345
-1.123,1,3.456
0.567,1,4.678
-0.678,0,0.789
1.234,1,5.123
-0.123,1,2.345
0.456,0,1.234
-1.234,1,3.678
0.789,1,4.567
-0.456,0,0.456
1.456,1,5.789
-0.789,1,2.345
0.123,0,0.678
-1.456,1,3.456
0.678,1,4.789
-0.345,0,1.234
1.5,1,5.456
-0.678,1,2.678
0.456,0,0.123
-1.345,1,3.789
1.345,0,1.567
0.234,1,2.456
-0.234,1,2.789
0.789,0,1.345
-1.123,1,3.456
0.567,1,4.678
-0.678,0,0.789
1.234,1,5.123
-0.123,1,2.345
0.456,0,1.234
-1.234,1,3.678
0.789,1,4.567
-0.456,0,0.456
1.456,1,5.789
-0.789,1,2.345
0.123,0,0.678
-1.456,1,3.456
0.678,1,4.789
-0.345,0,1.234
1.5,1,5.456
-0.678,1,2.678
0.456,0,0.123
-1.345,1,3.789
1.345,0,1.567
0.234,1,2.456
-0.234,1,2.789
0.789,0,1.345
-0.423,1,2.871
0.845,1,5.634
-1.245,0,1.234
0.672,1,6.789
1.145,1,7.456
-0.678,0,1.89
0.234,1,4.567
-1.345,0,0.987
1.234,1,8.123
0.456,1,5.89
-0.567,0,1.456
0.123,1,3.456
-0.789,0,1.234
1.456,1,7.89
-0.234,0,1.678
0.789,1,6.345
-1.123,0,1.012
0.345,1,5.678
-0.456,0,1.345
1.012,1,7.234
-0.89,0,1.098
0.567,1,6.789
-1.456,0,0.876
0.678,1,5.123
-0.345,0,1.234
1.345,1,7.567
-0.123,0,1.456
0.89,1,6.456
-1.234,0,1.345
0.456,1,5.789
-0.678,0,1.012
1.234,1,8.456
-0.789,0,1.234
0.234,1,4.678
-1.012,0,1.345
0.789,1,6.789
-0.567,0,1.89
1.456,1,7.89
-0.89,0,1.234
0.123,1,3.456
-1.345,0,0.987
0.345,1,5.678
-0.678,0,1.456
1.012,1,7.234
-0.234,0,1.678
0.567,1,6.345
-1.123,0,1.012
0.89,1,6.789
-0.456,0,1.345
1.345,1,7.567
-0.123,0,1.456
0.678,1,5.123
-1.456,0,0.876
0.234,1,4.567
-0.789,0,1.234
1.234,1,8.123
-0.678,0,1.89
0.456,1,5.89
-1.345,0,0.987
0.123,1,3.456
-0.567,0,1.456
1.456,1,7.89
-0.89,0,1.098
0.789,1,6.345
-1.123,0,1.012
0.345,1,5.678
-0.456,0,1.345
1.012,1,7.234
-0.234,0,1.678
0.678,1,5.123
-1.456,0,0.876
0.89,1,6.789
-0.678,0,1.234
1.234,1,8.456
-0.789,0,1.234
0.567,1,6.456
-1.012,0,1.345
0.345,1,5.678
-0.678,0,1.456
1.456,1,7.89
-0.89,0,1.234
0.123,1,3.456
-1.345,0,0.987
0.234,1,4.678
-0.567,0,1.89
1.234,1,8.123
-0.678,0,1.456
0.456,1,5.789
-1.123,0,1.012
0.89,1,6.789
-0.456,0,1.345
1.345,1,7.567
-0.123,0,1.456
0.678,1,5.123
-1.456,0,0.876
0.234,1,4.567
-0.789,0,1.234
1.234,1,8.123
-0.678,0,1.89
0.456,1,5.89
-1.345,0,0.987
0.123,1,3.456
-0.567,0,1.456
1.456,1,7.89
-0.89,0,1.098
0.789,1,6.345
-1.123,0,1.012
0.345,1,5.678
-0.456,0,1.345
1.012,1,7.234
-0.234,0,1.678
0.678,1,5.123
-1.456,0,0.876
0.89,1,6.789
-0.678,0,1.234
1.234,1,8.456
-0.789,0,1.234
0.567,1,6.456
-1.012,0,1.345
0.345,1,5.678
-0.678,0,1.456
1.456,1,7.89
-0.89,0,1.234
0.123,1,3.456
-1.345,0,0.987
0.234,1,4.678
-0.567,0,1.89
1.234,1,8.123
-0.678,0,1.456
0.456,1,5.789
-1.123,0,1.012
0.89,1,6.789
-0.456,0,1.345
1.345,1,7.567
-0.123,0,1.456
0.678,1,5.123
-1.456,0,0.876
0.234,1,4.567
-0.789,0,1.234
1.234,1,8.123
-0.678,0,1.89
0.456,1,5.89
-1.345,0,0.987
0.123,1,3.456
-0.567,0,1.456
1.456,1,7.89
-0.89,0,1.098
0.789,1,6.345
-1.123,0,1.012
0.345,1,5.678
-0.456,0,1.345
1.012,1,7.234
-0.234,0,1.678
0.678,1,5.123
-1.456,0,0.876
0.89,1,6.789
-0.678,0,1.234
1.234,1,8.456
-0.789,0,1.234
0.567,1,6.456
-1.012,0,1.345
0.345,1,5.678
-0.678,0,1.456
1.456,1,7.89
-0.89,0,1.234
0.123,1,3.456
-1.345,0,0.987
0.234,1,4.678
-0.567,0,1.89
1.234,1,8.123
-0.678,0,1.456
0.456,1,5.789
-1.123,0,1.012
0.89,1,6.789
-0.456,0,1.345
1.345,1,7.567
-0.123,0,1.456
0.678,1,5.123
-1.456,0,0.876
0.234,1,4.567
-0.789,0,1.234
1.234,1,8.123
-0.678,0,1.89
0.456,1,5.89
-1.345,0,0.987
0.123,1,3.456
-0.567,0,1.456
1.456,1,7.89
-0.89,0,1.098
0.789,1,6.345
-1.123,0,1.012
0.345,1,5.678
-0.456,0,1.345
1.012,1,7.234
-0.234,0,1.678
0.678,1,5.123
-1.456,0,0.876
0.89,1,6.789
-0.678,0,1.234
1.234,1,8.456
-0.789,0,1.234
0.567,1,6.456
-1.012,0,1.345
0.345,1,5.678
-0.678,0,1.456
1.456,1,7.89
-0.89,0,1.234
0.123,1,3.456
-1.345,0,0.987
0.234,1,4.678
-0.567,0,1.89
1.234,1,8.123
-0.678,0,1.456
0.456,1,5.789
-1.123,0,1.012
0.89,1,6.789
-0.456,0,1.345
1.345,1,7.567
-0.123,0,1.456
0.678,1,5.123
-1.456,0,0.876
0.234,1,4.567
-0.789,0,1.234
1.234,1,8.123
-0.678,0,1.89
0.456,1,5.89
-1.345,0,0.987
0.123,1,3.456
-0.567,0,1.456
1.456,1,7.89
-0.89,0,1.098
0.789,1,6.345
-1.123,0,1.012
0.345,1,5.678
-0.456,0,1.345
1.012,1,7.234
-0.234,0,1.678
0.678,1,5.123
-1.456,0,0.876
0.89,1,6.789
-0.678,0,1.234
1.234,1,8.456
-0.789,0,1.234
0.567,1,6.456
-1.012,0,1.345
0.345,1,5.678
-0.678,0,1.456
1.456,1,7.89
-0.89,0,1.234
0.123,1,3.456
-1.345,0,0.987
0.234,1,4.678
-0.567,0,1.89
1.234,1,8.123
-0.678,0,1.456
0.456,1,5.789
-1.123,0,1.012
0.89,1,6.789
-0.456,0,1.345
1.345,1,7.567
-0.123,0,1.456
0.678,1,5.123
-1.456,0,0.876
0.234,1,4.567
-0.789,0,1.234
1.234,1,8.123
-0.678,0,1.89
0.456,1,5.89
-1.345,0,0.987
0.123,1,3.456
-0.567,0,1.456
1.456,1,7.89
-0.89,0,1.098
0.789,1,6.345
-1.123,0,1.012
0.345,1,5.678
-0.456,0,1.345
1.012,1,7.234
-0.234,0,1.678
0.678,1,5.123
-1.456,0,0.876
0.89,1,6.789
-0.678,0,1.234
1.234,1,8.456
-0.789,0,1.234
0.567,1,6.456
-1.012,0,1.345
0.345,1,5.678
-0.678,0,1.456
1.456,1,7.89
-0.89,0,1.234
0.123,1,3.456
-1.345,0,0.987
0.234,1,4.678
-0.567,0,1.89
1.234,1,8.123
-0.678,0,1.456
0.456,1,5.789
-1.123,0,1.012
0.89,1,6.789
-0.214,1,2.783
0.932,1,5.672
-1.145,0,1.234
0.456,1,4.891
-0.678,0,1.567
1.234,1,6.345
-0.987,0,1.456
0.123,1,3.456
-1.234,0,0.987
0.789,1,5.123
-0.567,0,1.678
1.456,1,6.789
-0.345,0,1.234
0.678,1,4.567
-1.456,0,0.876
0.234,1,3.789
-0.789,0,1.345
1.123,1,5.678
-0.123,0,1.456
0.345,1,4.234
-1.345,0,1.012
0.567,1,5.123
-0.456,0,1.678
1.345,1,6.456
-0.678,0,1.234
0.789,1,5.789
-1.5,0,0.876
0.234,1,4.123
-0.345,0,1.345
1.234,1,6.789
-0.123,0,1.456
0.456,1,4.567
-1.234,0,0.987
0.678,1,5.123
-0.789,0,1.678
1.456,1,6.345
-0.567,0,1.234
0.123,1,3.456
-1.456,0,0.876
0.789,1,5.678
-0.345,0,1.012
1.123,1,6.789
-0.678,0,1.234
0.234,1,4.891
-1.345,0,1.345
0.567,1,5.123
-0.456,0,1.678
1.345,1,6.456
-0.789,0,1.234
0.678,1,4.567
-1.5,0,0.987
0.123,1,3.789
-0.567,0,1.456
1.234,1,6.345
-0.345,0,1.678
0.456,1,4.234
-1.234,0,1.012
0.789,1,5.789
-0.678,0,1.345
1.456,1,6.789
-0.123,0,1.456
0.234,1,4.567
-1.345,0,0.876
0.567,1,5.123
-0.456,0,1.678
1.345,1,6.456
-0.789,0,1.234
0.678,1,4.891
-1.5,0,1.345
0.123,1,3.456
-0.567,0,1.678
1.234,1,6.345
-0.345,0,1.012
0.456,1,4.567
-1.234,0,0.987
0.789,1,5.123
-0.678,0,1.456
1.456,1,6.789
-0.123,0,1.234
0.234,1,4.891
-1.345,0,1.345
0.567,1,5.123
-0.456,0,1.678
1.345,1,6.456
-0.789,0,1.234
0.678,1,4.567
-1.5,0,0.876
0.123,1,3.789
-0.567,0,1.456
1.234,1,6.345
-0.345,0,1.678
0.456,1,4.234
-1.234,0,1.012
0.789,1,5.789
-0.678,0,1.345
1.456,1,6.789
-0.123,0,1.456
0.234,1,4.567
-1.345,0,0.876
0.567,1,5.123
-0.456,0,1.678
1.345,1,6.456
-0.789,0,1.234
0.678,1,4.891
-1.5,0,1.345
0.123,1,3.456
-0.567,0,1.678
1.234,1,6.345
-0.345,0,1.012
0.456,1,4.567
-1.234,0,0.987
0.789,1,5.123
-0.678,0,1.456
1.456,1,6.789
-0.123,0,1.234
0.234,1,4.891
-1.345,0,1.345
0.567,1,5.123
-0.456,0,1.678
1.345,1,6.456
-0.789,0,1.234
0.678,1,4.567
-1.5,0,0.876
0.123,1,3.789
-0.567,0,1.456
1.234,1,6.345
-0.345,0,1.678
0.456,1,4.234
-1.234,0,1.012
0.789,1,5.789
-0.678,0,1.345
1.456,1,6.789
-0.123,0,1.456
0.234,1,4.567
-1.345,0,0.876
0.567,1,5.123
-0.456,0,1.678
1.345,1,6.456
-0.789,0,1.234
0.678,1,4.891
-1.5,0,1.345
0.123,1,3.456
-0.567,0,1.678
1.234,1,6.345
-0.345,0,1.012
0.456,1,4.567
-1.234,0,0.987
0.789,1,5.123
-0.678,0,1.456
1.456,1,6.789
-0.123,0,1.234
0.234,1,4.891
-1.345,0,1.345
0.567,1,5.123
-0.456,0,1.678
1.345,1,6.456
-0.789,0,1.234
0.678,1,4.567
-1.5,0,0.876
0.123,1,3.789
-0.567,0,1.456
1.234,1,6.345
-0.345,0,1.678
0.456,1,4.234
-1.234,0,1.012
0.789,1,5.789
-0.678,0,1.345
1.456,1,6.789
-0.123,0,1.456
0.234,1,4.567
-1.345,0,0.876
0.567,1,5.123
-0.456,0,1.678
1.345,1,6.456
-0.789,0,1.234
0.678,1,4.891
-1.5,0,1.345
0.123,1,3.456
-0.567,0,1.678
1.234,1,6.345
-0.345,0,1.012
0.456,1,4.567
-1.234,0,0.987
0.789,1,5.123
-0.678,0,1.456
1.456,1,6.789
-0.123,0,1.234
0.234,1,4.891
-1.345,0,1.345
0.567,1,5.123
-0.456,0,1.678
1.345,1,6.456
-0.789,0,1.234
0.678,1,4.567
-1.5,0,0.876
0.123,1,3.789
-0.567,0,1.456
1.234,1,6.345
-0.345,0,1.678
0.456,1,4.234
-1.234,0,1.012
0.789,1,5.789
-0.678,0,1.345
1.456,1,6.789
-0.123,0,1.456
0.234,1,4.567
-1.345,0,0.876
0.567,1,5.123
-0.456,0,1.678
1.345,1,6.456
-0.789,0,1.234
0.678,1,4.891
-1.5,0,1.345
0.123,1,3.456
-0.567,0,1.678
1.234,1,6.345
-0.345,0,1.012
0.456,1,4.567
-1.234,0,0.987
0.789,1,5.123
-0.678,0,1.456
1.456,1,6.789
-0.123,0,1.234
0.234,1,4.891
-1.345,0,1.345
0.567,1,5.123
-0.456,0,1.678
1.345,1,6.456
-0.789,0,1.234
0.678,1,4.567
-1.5,0,0.876
0.123,1,3.789
-0.567,0,1.456
1.234,1,6.345
-0.345,0,1.678
0.456,1,4.234
-1.234,0,1.012
0.789,1,5.789
-0.678,0,1.345
1.456,1,6.789
-0.123,0,1.456
0.234,1,4.567
-1.345,0,0.876
0.567,1,5.123
-0.456,0,1.678
1.345,1,6.456
-0.789,0,1.234
0.678,1,4.891
-1.5,0,1.345
0.123,1,3.456
-0.567,0,1.678
1.234,1,6.345
-0.345,0,1.012
0.456,1,4.567
-1.234,0,0.987
0.789,1,5.123
-0.678,0,1.456
1.456,1,6.789
-0.123,0,1.234
0.234,1,4.891
-1.345,0,1.345
0.567,1,5.123
-0.456,0,1.678
1.345,1,6.456
-0.789,0,1.234
0.678,1,4.567
-1.5,0,0.876
0.123,1,3.789
-0.567,0,1.456
1.234,1,6.345
-0.345,0,1.678
0.456,1,4.234
-1.234,0,1.012
0.789,1,5.789
-0.678,0,1.345
1.456,1,6.789
-0.123,0,1.456
0.234,1,4.567
-1.345,0,0.876
0.567,1,5.123
-0.456,0,1.678
1.345,1,6.456
-0.789,0,1.234
0.678,1,4.891
-1.5,0,1.345
0.123,1,3.456
-0.567,0,1.678
1.234,1,6.345
-0.345,0,1.012
0.456,1,4.567
-1.234,0,0.987
0.789,1,5.123
-0.678,0,1.456
1.456,1,6.789
-0.123,0,1.234
0.234,1,4.891
-1.345,0,1.345
0.567,1,5.123
-0.456,0,1.678
1.345,1,6.456
-0.123,1,5.678
0.456,0,3.234
-1.234,1,7.89
0.789,0,4.567
1.234,1,8.901
-0.567,0,2.345
0.345,1,6.789
-0.89,0,3.456
1.123,1,9.012
-1.456,0,2.678
0.678,1,7.123
-0.234,0,3.789
1.345,1,8.234
-0.678,0,2.456
0.123,1,6.345
-1.123,0,3.012
0.567,1,7.89
-0.456,0,2.678
1.456,1,9.345
-0.789,0,3.89
0.234,1,6.789
-1.345,0,2.123
0.89,1,8.456
-0.123,0,3.567
1.234,1,9.678
-0.567,0,2.89
0.456,1,7.012
-1.234,0,3.456
0.789,1,8.901
-0.89,0,2.345
1.123,1,9.234
-0.678,0,3.789
0.345,1,6.678
-1.456,0,2.678
0.678,1,7.123
-0.234,0,3.012
1.345,1,8.234
-0.678,0,2.456
0.123,1,6.345
-1.123,0,3.89
0.567,1,7.89
-0.456,0,2.678
1.456,1,9.345
-0.789,0,3.012
0.234,1,6.789
-1.345,0,2.123
0.89,1,8.456
-0.123,0,3.567
1.234,1,9.678
-0.567,0,2.89
0.456,1,7.012
-1.234,0,3.456
0.789,1,8.901
-0.89,0,2.345
1.123,1,9.234
-0.678,0,3.789
0.345,1,6.678
-1.456,0,2.678
0.678,1,7.123
-0.234,0,3.012
1.345,1,8.234
-0.678,0,2.456
0.123,1,6.345
-1.123,0,3.89
0.567,1,7.89
-0.456,0,2.678
1.456,1,9.345
-0.789,0,3.012
0.234,1,6.789
-1.345,0,2.123
0.89,1,8.456
-0.123,0,3.567
1.234,1,9.678
-0.567,0,2.89
0.456,1,7.012
-1.234,0,3.456
0.789,1,8.901
-0.89,0,2.345
1.123,1,9.234
-0.678,0,3.789
0.345,1,6.678
-1.456,0,2.678
0.678,1,7.123
-0.234,0,3.012
1.345,1,8.234
-0.678,0,2.456
0.123,1,6.345
-1.123,0,3.89
0.567,1,7.89
-0.456,0,2.678
1.456,1,9.345
-0.789,0,3.012
0.234,1,6.789
-1.345,0,2.123
0.89,1,8.456
-0.123,0,3.567
1.234,1,9.678
-0.567,0,2.89
0.456,1,7.012
-1.234,0,3.456
0.789,1,8.901
-0.89,0,2.345
1.123,1,9.234
-0.678,0,3.789
0.345,1,6.678
-1.456,0,2.678
0.678,1,7.123
-0.234,0,3.012
1.345,1,8.234
-0.678,0,2.456
0.123,1,6.345
-1.123,0,3.89
0.567,1,7.89
-0.456,0,2.678
1.456,1,9.345
-0.789,0,3.012
0.234,1,6.789
-1.345,0,2.123
0.89,1,8.456
-0.123,0,3.567
1.234,1,9.678
-0.567,0,2.89
0.456,1,7.012
-1.234,0,3.456
0.789,1,8.901
-0.89,0,2.345
1.123,1,9.234
-0.678,0,3.789
0.345,1,6.678
-1.456,0,2.678
0.678,1,7.123
-0.234,0,3.012
1.345,1,8.234
-0.678,0,2.456
0.123,1,6.345
-1.123,0,3.89
0.567,1,7.89
-0.456,0,2.678
1.456,1,9.345
-0.789,0,3.012
0.234,1,6.789
-1.345,0,2.123
0.89,1,8.456
-0.123,0,3.567
1.234,1,9.678
-0.567,0,2.89
0.456,1,7.012
-1.234,0,3.456
0.789,1,8.901
-0.89,0,2.345
1.123,1,9.234
-0.678,0,3.789
0.345,1,6.678
-1.456,0,2.678
0.678,1,7.123
-0.234,0,3.012
1.345,1,8.234
-0.678,0,2.456
0.123,1,6.345
-1.123,0,3.89
0.567,1,7.89
-0.456,0,2.678
1.456,1,9.345
-0.789,0,3.012
0.234,1,6.789
-1.345,0,2.123
0.89,1,8.456
-0.123,0,3.567
1.234,1,9.678
-0.567,0,2.89
0.456,1,7.012
-1.234,0,3.456
0.789,1,8.901
-0.89,0,2.345
1.123,1,9.234
-0.678,0,3.789
0.345,1,6.678
-1.456,0,2.678
0.678,1,7.123
-0.234,0,3.012
1.345,1,8.234
-0.678,0,2.456
0.123,1,6.345
-1.123,0,3.89
0.567,1,7.89
-0.456,0,2.678
1.456,1,9.345
-0.789,0,3.012
0.234,1,6.789
-1.345,0,2.123
0.89,1,8.456
-0.123,0,3.567
1.234,1,9.678
-0.567,0,2.89
0.456,1,7.012
-1.234,0,3.456
0.789,1,8.901
-0.89,0,2.345
1.123,1,9.234
-0.678,0,3.789
0.345,1,6.678
-1.456,0,2.678
0.678,1,7.123
-0.234,0,3.012
1.345,1,8.234
-0.678,0,2.456
0.123,1,6.345
-1.123,0,3.89
0.567,1,7.89
-0.456,0,2.678
1.456,1,9.345
-0.789,0,3.012
0.234,1,6.789
-1.345,0,2.123
0.89,1,8.456
-0.123,0,3.567
1.234,1,9.678
-0.567,0,2.89
0.456,1,7.012
-1.234,0,3.456
0.789,1,8.901
-0.89,0,2.345
1.123,1,9.234
-0.678,0,3.789
0.345,1,6.678
-1.456,0,2.678
0.678,1,7.123
-0.234,0,3.012
1.345,1,8.234
-0.678,0,2.456
0.123,1,6.345
-1.123,0,3.89
0.567,1,7.89
-0.456,0,2.678
1.456,1,9.345
-0.789,0,3.012
0.234,1,6.789
-1.345,0,2.123
0.89,1,8.456
-0.123,0,3.567
1.234,1,9.678
-0.567,0,2.89
0.456,1,7.012
-1.234,0,3.456
0.789,1,8.901
-0.89,0,2.345
1.123,1,9.234
-0.678,0,3.789
0.345,1,6.678
-1.456,0,2.678
0.678,1,7.123
-0.234,0,3.012
1.345,1,8.234
-0.678,0,2.456
0.123,1,6.345
-1.123,0,3.89
0.567,1,7.89
-0.456,0,2.678
1.456,1,9.345
-0.789,0,3.012
0.234,1,6.789
-1.345,0,2.123
0.89,1,8.456
-0.123,0,3.567
1.234,1,9.678
-0.567,0,2.89
0.456,1,7.012
-1.234,0,3.456
0.789,1,8.901
-0.89,0,2.345
1.123,1,9.234
-0.678,0,3.789
0.345,1,6.678
-1.456,0,2.678
0.678,1,7.123
-0.234,0,3.012
1.345,1,8.234
-0.678,0,2.456
0.123,1,6.345
-1.123,0,3.89
0.567,1,7.89
-0.456,0,2.678
1.456,1,9.345
-0.789,0,3.012
0.234,1,6.789
-1.345,0,2.123
0.89,1,8.456
-0.123,0,3.567
1.234,1,9.678
-0.567,0,2.89
0.456,1,7.012
-1.234,0,3.456
0.789,1,8.901
-0.89,0,2.345
1.123,1,9.234
-0.678,0,3.789
0.345,1,6.678
-1.456,0,2.678
0.678,1,7.123
-0.234,0,3.012
-1.234,1,2.345
0.456,0,1.678
1.234,1,3.456
-0.789,0,0.123
0.123,1,2.789
-1.456,0,0.456
0.789,1,4.123
1.5,1,5.678
-0.345,0,1.234
0.678,1,3.456
-1.123,0,0.789
1.345,1,4.567
-0.567,0,1.012
0.234,1,2.345
1.456,1,5.123
-0.678,0,0.345
0.345,1,3.789
-1.345,0,0.678
1.234,1,4.89
-0.456,0,1.234
0.567,1,3.456
-1.5,0,0.123
1.5,1,5.678
-0.789,0,1.012
0.789,1,4.123
-1.234,0,0.456
1.234,1,3.456
-0.456,0,1.678
0.123,1,2.789
1.345,1,4.567
-0.678,0,0.789
0.456,1,3.456
-1.456,0,0.123
1.5,1,5.678
-0.345,0,1.234
0.678,1,4.89
-1.123,0,0.456
1.234,1,3.456
-0.567,0,1.012
0.234,1,2.345
1.456,1,5.123
-0.678,0,0.345
0.345,1,3.789
-1.345,0,0.678
1.234,1,4.89
-0.456,0,1.234
0.567,1,3.456
-1.5,0,0.123
1.5,1,5.678
-0.789,0,1.012
0.789,1,4.123
-1.234,0,0.456
1.234,1,3.456
-0.456,0,1.678
0.123,1,2.789
1.345,1,4.567
-0.678,0,0.789
0.456,1,3.456
-1.456,0,0.123
1.5,1,5.678
-0.345,0,1.234
0.678,1,4.89
-1.123,0,0.456
1.234,1,3.456
-0.567,0,1.012
0.234,1,2.345
1.456,1,5.123
-0.678,0,0.345
0.345,1,3.789
-1.345,0,0.678
1.234,1,4.89
-0.456,0,1.234
0.567,1,3.456
-1.5,0,0.123
1.5,1,5.678
-0.789,0,1.012
0.789,1,4.123
-1.234,0,0.456
1.234,1,3.456
-0.456,0,1.678
0.123,1,2.789
1.345,1,4.567
-0.678,0,0.789
0.456,1,3.456
-1.456,0,0.123
1.5,1,5.678
-0.345,0,1.234
0.678,1,4.89
-1.123,0,0.456
1.234,1,3.456
-0.567,0,1.012
0.234,1,2.345
1.456,1,5.123
-0.678,0,0.345
0.345,1,3.789
-1.345,0,0.678
1.234,1,4.89
-0.456,0,1.234
0.567,1,3.456
-1.5,0,0.123
1.5,1,5.678
-0.789,0,1.012
0.789,1,4.123
-1.234,0,0.456
1.234,1,3.456
-0.456,0,1.678
0.123,1,2.789
1.345,1,4.567
-0.678,0,0.789
0.456,1,3.456
-1.456,0,0.123
1.5,1,5.678
-0.345,0,1.234
0.678,1,4.89
-1.123,0,0.456
1.234,1,3.456
-0.567,0,1.012
0.234,1,2.345
1.456,1,5.123
-0.678,0,0.345
0.345,1,3.789
-1.345,0,0.678
1.234,1,4.89
-0.456,0,1.234
0.567,1,3.456
-1.5,0,0.123
1.5,1,5.678
-0.789,0,1.012
0.789,1,4.123
-1.234,0,0.456
1.234,1,3.456
-0.456,0,1.678
0.123,1,2.789
1.345,1,4.567
-0.678,0,0.789
0.456,1,3.456
-1.456,0,0.123
1.5,1,5.678
-0.345,0,1.234
0.678,1,4.89
-1.123,0,0.456
1.234,1,3.456
-0.567,0,1.012
0.234,1,2.345
1.456,1,5.123
-0.678,0,0.345
0.345,1,3.789
-1.345,0,0.678
1.234,1,4.89
-0.456,0,1.234
0.567,1,3.456
-1.5,0,0.123
1.5,1,5.678
-0.789,0,1.012
0.789,1,4.123
-1.234,0,0.456
1.234,1,3.456
-0.456,0,1.678
0.123,1,2.789
1.345,1,4.567
-0.678,0,0.789
0.456,1,3.456
-1.456,0,0.123
1.5,1,5.678
-0.345,0,1.234
0.678,1,4.89
-1.123,0,0.456
1.234,1,3.456
-0.567,0,1.012
0.234,1,2.345
1.456,1,5.123
-0.678,0,0.345
0.345,1,3.789
-1.345,0,0.678
1.234,1,4.89
-0.456,0,1.234
0.567,1,3.456
-1.5,0,0.123
1.5,1,5.678
-0.789,0,1.012
0.789,1,4.123
-1.234,0,0.456
1.234,1,3.456
-0.456,0,1.678
0.123,1,2.789
1.345,1,4.567
-0.678,0,0.789
0.456,1,3.456
-1.456,0,0.123
1.5,1,5.678
-0.345,0,1.234
0.678,1,4.89
-1.123,0,0.456
1.234,1,3.456
-0.567,0,1.012
0.234,1,2.345
1.456,1,5.123
-0.678,0,0.345
0.345,1,3.789
-1.345,0,0.678
1.234,1,4.89
-0.456,0,1.234
0.567,1,3.456
-1.5,0,0.123
1.5,1,5.678
-0.789,0,1.012
0.789,1,4.123
-1.234,0,0.456
1.234,1,3.456
-0.456,0,1.678
0.123,1,2.789
1.345,1,4.567
-0.678,0,0.789
0.456,1,3.456
-1.456,0,0.123
1.5,1,5.678
-0.345,0,1.234
0.678,1,4.89
-1.123,0,0.456
1.234,1,3.456
-0.567,0,1.012
0.234,1,2.345
1.456,1,5.123
-0.678,0,0.345
0.345,1,3.789
-1.345,0,0.678
1.234,1,4.89
-0.456,0,1.234
0.567,1,3.456
-1.5,0,0.123
1.5,1,5.678
-0.789,0,1.012
0.789,1,4.123
-1.234,0,0.456
1.234,1,3.456
-0.456,0,1.678
0.123,1,2.789
1.345,1,4.567
-0.678,0,0.789
0.456,1,3.456
-1.456,0,0.123
1.5,1,5.678
-0.345,0,1.234
0.678,1,4.89
-1.123,0,0.456
1.234,1,3.456
-0.567,0,1.012
0.234,1,2.345
1.456,1,5.123
-0.678,0,0.345
0.345,1,3.789
-1.345,0,0.678
1.234,1,4.89
-0.456,0,1.234
0.567,1,3.456
-1.5,0,0.123
1.5,1,5.678
-0.789,0,1.012
0.789,1,4.123
-1.234,0,0.456
1.234,1,3.456
-0.456,0,1.678
0.123,1,2.789
1.345,1,4.567
-0.678,0,0.789
0.456,1,3.456
-1.456,0,0.123
1.5,1,5.678
-0.345,0,1.234
0.678,1,4.89
-1.123,0,0.456
1.234,1,3.456
-0.567,0,1.012
0.234,1,2.345
1.456,1,5.123
-0.678,0,0.345
0.345,1,3.789
-1.345,0,0.678
1.234,1,4.89
-0.456,0,1.234
0.567,1,3.456
-1.5,0,0.123
1.5,1,5.678
-0.789,0,1.012
0.789,1,4.123
-1.234,0,0.456
1.234,1,3.456
-0.456,0,1.678
0.123,1,2.789
1.345,1,4.567
-0.678,0,0.789
0.456,1,3.456
-1.456,0,0.123
1.5,1,5.678
-0.345,0,1.234
0.678,1,4.89
-1.123,0,0.456
1.234,1,3.456
-0.567,0,1.012
0.234,1,2.345
-1.237,1,3.215
0.452,0,1.789
1.132,1,5.678
-0.874,0,2.345
0.678,1,4.567
-1.345,0,1.234
0.234,1,3.456
1.456,1,6.789
-0.567,0,2.456
0.89,1,5.123
-1.123,0,1.678
0.345,1,4.234
1.234,1,6.123
-0.456,0,2.789
0.567,1,4.678
-1.456,0,1.89
0.123,1,3.789
1.345,1,5.456
-0.678,0,2.123
0.789,1,4.89
-1.012,0,1.456
0.456,1,3.234
1.5,1,6.456
-0.234,0,2.678
0.678,1,4.123
-1.345,0,1.789
0.89,1,5.678
1.234,1,6.789
-0.567,0,2.345
0.345,1,3.456
-1.123,0,1.234
0.123,1,4.567
1.456,1,6.123
-0.89,0,2.789
0.678,1,5.456
-1.456,0,1.678
0.234,1,3.789
1.345,1,6.89
-0.678,0,2.123
0.789,1,4.89
-1.012,0,1.456
0.456,1,3.234
1.5,1,5.678
-0.234,0,2.678
0.678,1,4.123
-1.345,0,1.789
0.89,1,5.678
1.234,1,6.789
-0.567,0,2.345
0.345,1,3.456
-1.123,0,1.234
0.123,1,4.567
1.456,1,6.123
-0.89,0,2.789
0.678,1,5.456
-1.456,0,1.678
0.234,1,3.789
1.345,1,6.89
-0.678,0,2.123
0.789,1,4.89
-1.012,0,1.456
0.456,1,3.234
1.5,1,5.678
-0.234,0,2.678
0.678,1,4.123
-1.345,0,1.789
0.89,1,5.678
1.234,1,6.789
-0.567,0,2.345
0.345,1,3.456
-1.123,0,1.234
0.123,1,4.567
1.456,1,6.123
-0.89,0,2.789
0.678,1,5.456
-1.456,0,1.678
0.234,1,3.789
1.345,1,6.89
-0.678,0,2.123
0.789,1,4.89
-1.012,0,1.456
0.456,1,3.234
1.5,1,5.678
-0.234,0,2.678
0.678,1,4.123
-1.345,0,1.789
0.89,1,5.678
1.234,1,6.789
-0.567,0,2.345
0.345,1,3.456
-1.123,0,1.234
0.123,1,4.567
1.456,1,6.123
-0.89,0,2.789
0.678,1,5.456
-1.456,0,1.678
0.234,1,3.789
1.345,1,6.89
-0.678,0,2.123
0.789,1,4.89
-1.012,0,1.456
0.456,1,3.234
1.5,1,5.678
-0.234,0,2.678
0.678,1,4.123
-1.345,0,1.789
0.89,1,5.678
1.234,1,6.789
-0.567,0,2.345
0.345,1,3.456
-1.123,0,1.234
0.123,1,4.567
1.456,1,6.123
-0.89,0,2.789
0.678,1,5.456
-1.456,0,1.678
0.234,1,3.789
1.345,1,6.89
-0.678,0,2.123
0.789,1,4.89
-1.012,0,1.456
0.456,1,3.234
1.5,1,5.678
-0.234,0,2.678
0.678,1,4.123
-1.345,0,1.789
0.89,1,5.678
1.234,1,6.789
-0.567,0,2.345
0.345,1,3.456
-1.123,0,1.234
0.123,1,4.567
1.456,1,6.123
-0.89,0,2.789
0.678,1,5.456
-1.456,0,1.678
0.234,1,3.789
1.345,1,6.89
-0.678,0,2.123
0.789,1,4.89
-1.012,0,1.456
0.456,1,3.234
1.5,1,5.678
-0.234,0,2.678
0.678,1,4.123
-1.345,0,1.789
0.89,1,5.678
1.234,1,6.789
-0.567,0,2.345
0.345,1,3.456
-1.123,0,1.234
0.123,1,4.567
1.456,1,6.123
-0.89,0,2.789
0.678,1,5.456
-1.456,0,1.678
0.234,1,3.789
1.345,1,6.89
-0.678,0,2.123
0.789,1,4.89
-1.012,0,1.456
0.456,1,3.234
1.5,1,5.678
-0.234,0,2.678
0.678,1,4.123
-1.345,0,1.789
0.89,1,5.678
1.234,1,6.789
-0.567,0,2.345
0.345,1,3.456
-1.123,0,1.234
0.123,1,4.567
1.456,1,6.123
-0.89,0,2.789
0.678,1,5.456
-1.456,0,1.678
0.234,1,3.789
1.345,1,6.89
-0.678,0,2.123
0.789,1,4.89
-1.012,0,1.456
0.456,1,3.234
1.5,1,5.678
-0.234,0,2.678
0.678,1,4.123
-1.345,0,1.789
0.89,1,5.678
1.234,1,6.789
-0.567,0,2.345
0.345,1,3.456
-1.123,0,1.234
0.123,1,4.567
1.456,1,6.123
-0.89,0,2.789
0.678,1,5.456
-1.456,0,1.678
0.234,1,3.789
1.345,1,6.89
-0.678,0,2.123
0.789,1,4.89
-1.012,0,1.456
0.456,1,3.234
1.5,1,5.678
-0.234,0,2.678
0.678,1,4.123
-1.345,0,1.789
0.89,1,5.678
1.234,1,6.789
-0.567,0,2.345
0.345,1,3.456
-1.123,0,1.234
0.123,1,4.567
1.456,1,6.123
-0.89,0,2.789
0.678,1,5.456
-1.456,0,1.678
0.234,1,3.789
1.345,1,6.89
-0.678,0,2.123
0.789,1,4.89
-1.012,0,1.456
0.456,1,3.234
1.5,1,5.678
-0.234,0,2.678
0.678,1,4.123
-1.345,0,1.789
0.89,1,5.678
1.234,1,6.789
-0.567,0,2.345
0.345,1,3.456
-1.123,0,1.234
0.123,1,4.567
1.456,1,6.123
-0.89,0,2.789
0.678,1,5.456
-1.456,0,1.678
0.234,1,3.789
1.345,1,6.89
-0.678,0,2.123
0.789,1,4.89
-1.012,0,1.456
0.456,1,3.234
1.5,1,5.678
-0.234,0,2.678
0.678,1,4.123
-1.345,0,1.789
0.89,1,5.678
1.234,1,6.789
-0.567,0,2.345
0.345,1,3.456
-1.123,0,1.234
0.123,1,4.567
1.456,1,6.123
-0.89,0,2.789
0.678,1,5.456
-1.456,0,1.678
0.234,1,3.789
1.345,1,6.89
-0.678,0,2.123
0.789,1,4.89
-1.012,0,1.456
0.456,1,3.234
1.5,1,5.678
-0.234,0,2.678
0.678,1,4.123
-1.345,0,1.789
0.89,1,5.678
1.234,1,6.789
-0.567,0,2.345
0.345,1,3.456
-1.123,0,1.234
0.123,1,4.567
1.456,1,6.123
-0.89,0,2.789
0.678,1,5.456
-1.456,0,1.678
0.234,1,3.789
1.345,1,6.89
-0.678,0,2.123
0.789,1,4.89
-1.012,0,1.456
0.456,1,3.234
1.5,1,5.678
-0.234,0,2.678
0.678,1,4.123
-1.345,0,1.789
0.89,1,5.678
1.234,1,6.789
-0.567,0,2.345
0.345,1,3.456
-1.123,0,1.234
0.123,1,4.567
1.456,1,6.123
-0.89,0,2.789
0.678,1,5.456
-1.456,0,1.678
0.234,1,3.789
1.345,1,6.89
-0.678,0,2.123
0.789,1,4.89
-1.234,1,9.876
0.456,0,5.432
1.345,1,12.345
-0.789,0,6.543
0.123,1,10.123
-1.456,0,4.567
0.789,1,11.234
-0.345,0,5.678
1.234,1,13.456
-0.567,0,5.89
0.678,1,10.789
-1.123,0,4.321
1.456,1,14.567
-0.234,0,5.432
0.345,1,11.678
-1.345,0,4.89
0.89,1,12.345
-0.678,0,5.123
1.123,1,13.89
-0.456,0,5.678
0.567,1,11.234
-1.5,0,4.567
0.234,1,10.456
1.012,1,12.678
-0.89,0,5.89
0.456,1,11.345
-1.012,0,4.321
1.234,1,13.456
-0.123,0,5.678
0.789,1,10.89
-1.456,0,4.567
0.345,1,11.678
-0.678,0,5.123
1.345,1,12.345
-0.234,0,5.432
0.89,1,10.789
-1.234,0,4.89
0.567,1,11.234
-0.89,0,5.678
1.012,1,12.678
-0.456,0,5.123
0.678,1,10.456
-1.5,0,4.567
0.123,1,11.89
1.456,1,14.123
-0.789,0,5.432
0.345,1,10.678
-1.345,0,4.89
0.89,1,12.345
-0.678,0,5.678
1.234,1,13.456
-0.567,0,5.123
0.456,1,11.678
-1.012,0,4.321
0.789,1,10.89
-1.5,0,4.567
0.234,1,11.234
-0.89,0,5.89
1.345,1,12.678
-0.123,0,5.432
0.678,1,10.123
-1.234,0,4.89
0.89,1,11.345
-0.456,0,5.678
1.012,1,12.345
-0.789,0,5.123
0.345,1,10.678
-1.456,0,4.567
0.567,1,11.89
-0.678,0,5.89
1.234,1,13.456
-0.89,0,4.321
0.678,1,10.789
-1.345,0,5.678
0.123,1,11.234
1.456,1,14.567
-0.234,0,5.432
0.89,1,12.345
-1.012,0,4.89
0.456,1,11.678
-0.678,0,5.123
1.345,1,12.678
-0.567,0,5.89
0.789,1,10.456
-1.5,0,4.567
0.234,1,11.89
-0.89,0,5.678
1.012,1,12.345
-0.123,0,5.432
0.678,1,10.789
-1.234,0,4.89
0.89,1,11.678
-0.456,0,5.123
1.345,1,13.456
-0.789,0,5.89
0.567,1,10.678
-1.456,0,4.567
0.234,1,11.234
-0.678,0,5.678
1.012,1,12.678
-0.89,0,4.321
0.678,1,10.89
-1.345,0,5.678
0.123,1,11.89
1.456,1,14.123
-0.234,0,5.432
0.89,1,12.345
-1.012,0,4.89
0.456,1,11.678
-0.678,0,5.123
1.345,1,12.678
-0.567,0,5.89
0.789,1,10.456
-1.5,0,4.567
0.234,1,11.89
-0.89,0,5.678
1.012,1,12.345
-0.123,0,5.432
0.678,1,10.789
-1.234,0,4.89
0.89,1,11.678
-0.456,0,5.123
1.345,1,13.456
-0.789,0,5.89
0.567,1,10.678
-1.456,0,4.567
0.234,1,11.234
-0.678,0,5.678
1.012,1,12.678
-0.89,0,4.321
0.678,1,10.89
-1.345,0,5.678
0.123,1,11.89
1.456,1,14.123
-0.234,0,5.432
0.89,1,12.345
-1.012,0,4.89
0.456,1,11.678
-0.678,0,5.123
1.345,1,12.678
-0.567,0,5.89
0.789,1,10.456
-1.5,0,4.567
0.234,1,11.89
-0.89,0,5.678
1.012,1,12.345
-0.123,0,5.432
0.678,1,10.789
-1.234,0,4.89
0.89,1,11.678
-0.456,0,5.123
1.345,1,13.456
-0.789,0,5.89
0.567,1,10.678
-1.456,0,4.567
0.234,1,11.234
-0.678,0,5.678
1.012,1,12.678
-0.89,0,4.321
0.678,1,10.89
-1.345,0,5.678
0.123,1,11.89
1.456,1,14.123
-0.234,0,5.432
0.89,1,12.345
-1.012,0,4.89
0.456,1,11.678
-0.678,0,5.123
1.345,1,12.678
-0.567,0,5.89
0.789,1,10.456
-1.5,0,4.567
0.234,1,11.89
-0.89,0,5.678
1.012,1,12.345
-0.123,0,5.432
0.678,1,10.789
-1.234,0,4.89
0.89,1,11.678
-0.456,0,5.123
1.345,1,13.456
-0.789,0,5.89
0.567,1,10.678
-1.456,0,4.567
0.234,1,11.234
-0.678,0,5.678
1.012,1,12.678
-0.89,0,4.321
0.678,1,10.89
-1.345,0,5.678
0.123,1,11.89
1.456,1,14.123
-0.234,0,5.432
0.89,1,12.345
-1.012,0,4.89
0.456,1,11.678
-0.678,0,5.123
1.345,1,12.678
-0.567,0,5.89
0.789,1,10.456
-1.5,0,4.567
0.234,1,11.89
-0.89,0,5.678
1.012,1,12.345
-0.123,0,5.432
0.678,1,10.789
-1.234,0,4.89
0.89,1,11.678
-0.456,0,5.123
1.345,1,13.456
-0.789,0,5.89
0.567,1,10.678
-1.456,0,4.567
0.234,1,11.234
-0.678,0,5.678
1.012,1,12.678
-0.89,0,4.321
0.678,1,10.89
-1.345,0,5.678
0.123,1,11.89
1.456,1,14.123
-0.234,0,5.432
0.89,1,12.345
-1.012,0,4.89
0.456,1,11.678
-0.678,0,5.123
1.345,1,12.678
-0.567,0,5.89
0.789,1,10.456
-1.5,0,4.567
0.234,1,11.89
-0.89,0,5.678
1.012,1,12.345
-0.123,0,5.432
0.678,1,10.789
-1.234,0,4.89
0.89,1,11.678
-0.456,0,5.123
1.345,1,13.456
-0.789,0,5.89
0.567,1,10.678
-1.456,0,4.567
0.234,1,11.234
-0.678,0,5.678
1.012,1,12.678
-0.89,0,4.321
0.678,1,10.89
-1.345,0,5.678
0.123,1,11.89
1.456,1,14.123
-0.234,0,5.432
0.89,1,12.345
-1.012,0,4.89
0.456,1,11.678
-0.678,0,5.123
1.345,1,12.678
-0.567,0,5.89
0.789,1,10.456
-1.5,0,4.567
0.234,1,11.89
-0.89,0,5.678
1.012,1,12.345
-0.123,0,5.432
0.678,1,10.789
-1.234,0,4.89
0.89,1,11.678
-0.456,0,5.123
1.345,1,13.456
-0.789,0,5.89
0.567,1,10.678
-1.456,0,4.567
0.234,1,11.234
-0.678,0,5.678
1.012,1,12.678
-0.89,0,4.321
0.678,1,10.89
-1.345,0,5.678
0.123,1,11.89
1.456,1,14.123
-0.234,0,5.432
0.89,1,12.345
-1.012,0,4.89
0.456,1,11.678
-0.678,0,5.123
1.345,1,12.678
-0.567,0,5.89
0.789,1,10.456
-1.5,0,4.567
0.234,1,11.89
-0.89,0,5.678
1.012,1,12.345
-0.123,0,5.432
0.678,1,10.789
-1.234,0,4.89
0.89,1,11.678
-0.456,0,5.123
1.345,1,13.456
-0.789,0,5.89
0.567,1,10.678
-1.456,0,4.567
-0.123,1,5.678
0.456,0,3.234
1.234,1,8.456
-1.234,0,2.345
0.789,1,7.89
-0.567,0,4.123
1.456,1,9.012
-0.345,0,3.678
0.678,1,6.789
-1.456,0,2.456
0.123,1,5.89
-0.789,0,3.456
1.345,1,8.123
-0.678,0,4.567
0.234,1,6.345
-1.123,0,2.678
0.567,1,7.456
-0.456,0,3.89
1.123,1,8.789
-0.234,0,4.234
0.89,1,7.012
-1.345,0,2.345
0.345,1,6.678
-0.678,0,3.123
1.456,1,9.345
-0.123,0,4.89
0.567,1,7.89
-1.234,0,2.456
0.789,1,8.123
-0.456,0,3.678
1.234,1,9.012
-0.789,0,4.567
0.123,1,5.678
-1.456,0,2.789
0.678,1,7.456
-0.345,0,3.89
1.345,1,8.678
-0.678,0,4.123
0.234,1,6.789
-1.123,0,2.345
0.89,1,7.89
-0.234,0,3.456
1.123,1,8.456
-0.567,0,4.678
0.456,1,6.123
-1.345,0,2.678
0.678,1,7.345
-0.789,0,3.89
1.234,1,9.456
-0.123,0,4.234
0.567,1,6.89
-1.234,0,2.456
0.789,1,8.123
-0.456,0,3.678
1.456,1,9.012
-0.678,0,4.567
0.123,1,5.678
-1.456,0,2.789
0.678,1,7.456
-0.345,0,3.89
1.345,1,8.678
-0.678,0,4.123
0.234,1,6.789
-1.123,0,2.345
0.89,1,7.89
-0.234,0,3.456
1.123,1,8.456
-0.567,0,4.678
0.456,1,6.123
-1.345,0,2.678
0.678,1,7.345
-0.789,0,3.89
1.234,1,9.456
-0.123,0,4.234
0.567,1,6.89
-1.234,0,2.456
0.789,1,8.123
-0.456,0,3.678
1.456,1,9.012
-0.678,0,4.567
0.123,1,5.678
-1.456,0,2.789
0.678,1,7.456
-0.345,0,3.89
1.345,1,8.678
-0.678,0,4.123
0.234,1,6.789
-1.123,0,2.345
0.89,1,7.89
-0.234,0,3.456
1.123,1,8.456
-0.567,0,4.678
0.456,1,6.123
-1.345,0,2.678
0.678,1,7.345
-0.789,0,3.89
1.234,1,9.456
-0.123,0,4.234
0.567,1,6.89
-1.234,0,2.456
0.789,1,8.123
-0.456,0,3.678
1.456,1,9.012
-0.678,0,4.567
0.123,1,5.678
-1.456,0,2.789
0.678,1,7.456
-0.345,0,3.89
1.345,1,8.678
-0.678,0,4.123
0.234,1,6.789
-1.123,0,2.345
0.89,1,7.89
-0.234,0,3.456
1.123,1,8.456
-0.567,0,4.678
0.456,1,6.123
-1.345,0,2.678
0.678,1,7.345
-0.789,0,3.89
1.234,1,9.456
-0.123,0,4.234
0.567,1,6.89
-1.234,0,2.456
0.789,1,8.123
-0.456,0,3.678
1.456,1,9.012
-0.678,0,4.567
0.123,1,5.678
-1.456,0,2.789
0.678,1,7.456
-0.345,0,3.89
1.345,1,8.678
-0.678,0,4.123
0.234,1,6.789
-1.123,0,2.345
0.89,1,7.89
-0.234,0,3.456
1.123,1,8.456
-0.567,0,4.678
0.456,1,6.123
-1.345,0,2.678
0.678,1,7.345
-0.789,0,3.89
1.234,1,9.456
-0.123,0,4.234
0.567,1,6.89
-1.234,0,2.456
0.789,1,8.123
-0.456,0,3.678
1.456,1,9.012
-0.678,0,4.567
0.123,1,5.678
-1.456,0,2.789
0.678,1,7.456
-0.345,0,3.89
1.345,1,8.678
-0.678,0,4.123
0.234,1,6.789
-1.123,0,2.345
0.89,1,7.89
-0.234,0,3.456
1.123,1,8.456
-0.567,0,4.678
0.456,1,6.123
-1.345,0,2.678
0.678,1,7.345
-0.789,0,3.89
1.234,1,9.456
-0.123,0,4.234
0.567,1,6.89
-1.234,0,2.456
0.789,1,8.123
-0.456,0,3.678
1.456,1,9.012
-0.678,0,4.567
0.123,1,5.678
-1.456,0,2.789
0.678,1,7.456
-0.345,0,3.89
1.345,1,8.678
-0.678,0,4.123
0.234,1,6.789
-1.123,0,2.345
0.89,1,7.89
-0.234,0,3.456
1.123,1,8.456
-0.567,0,4.678
0.456,1,6.123
-1.345,0,2.678
0.678,1,7.345
-0.789,0,3.89
1.234,1,9.456
-0.123,0,4.234
0.567,1,6.89
-1.234,0,2.456
0.789,1,8.123
-0.456,0,3.678
1.456,1,9.012
-0.678,0,4.567
0.123,1,5.678
-1.456,0,2.789
0.678,1,7.456
-0.345,0,3.89
1.345,1,8.678
-0.678,0,4.123
0.234,1,6.789
-1.123,0,2.345
0.89,1,7.89
-0.234,0,3.456
1.123,1,8.456
-0.567,0,4.678
0.456,1,6.123
-1.345,0,2.678
0.678,1,7.345
-0.789,0,3.89
1.234,1,9.456
-0.123,0,4.234
0.567,1,6.89
-1.234,0,2.456
0.789,1,8.123
-0.456,0,3.678
1.456,1,9.012
-0.678,0,4.567
0.123,1,5.678
-1.456,0,2.789
0.678,1,7.456
-0.345,0,3.89
1.345,1,8.678
-0.678,0,4.123
0.234,1,6.789
-1.123,0,2.345
0.89,1,7.89
-0.234,0,3.456
1.123,1,8.456
-0.567,0,4.678
0.456,1,6.123
-1.345,0,2.678
0.678,1,7.345
-0.789,0,3.89
1.234,1,9.456
-0.123,0,4.234
0.567,1,6.89
-1.234,0,2.456
0.789,1,8.123
-0.456,0,3.678
1.456,1,9.012
-0.678,0,4.567
0.123,1,5.678
-1.456,0,2.789
0.678,1,7.456
-0.345,0,3.89
1.345,1,8.678
-0.678,0,4.123
0.234,1,6.789
-1.123,0,2.345
0.89,1,7.89
-0.234,0,3.456
1.123,1,8.456
-0.567,0,4.678
0.456,1,6.123
-1.345,0,2.678
0.678,1,7.345
-0.789,0,3.89
1.234,1,9.456
-0.123,0,4.234
0.567,1,6.89
-1.234,0,2.456
0.789,1,8.123
-0.456,0,3.678
1.456,1,9.012
-0.678,0,4.567
0.123,1,5.678
-1.456,0,2.789
0.678,1,7.456
-0.345,0,3.89
1.345,1,8.678
-0.678,0,4.123
0.234,1,6.789
-1.123,0,2.345
0.89,1,7.89
-0.234,0,3.456
1.123,1,8.456
-0.567,0,4.678
0.456,1,6.123
-1.345,0,2.678
0.678,1,7.345
-0.789,0,3.89
1.234,1,9.456
-0.123,0,4.234
0.567,1,6.89
-1.234,0,2.456
0.789,1,8.123
-0.456,0,3.678
1.456,1,9.012
-0.678,0,4.567
0.123,1,5.678
-1.456,0,2.789
0.678,1,7.456
-0.345,0,3.89
-0.123,1,2.456
0.456,0,1.234
-1.234,1,3.789
0.789,1,4.567
1.234,0,2.345
-0.456,1,2.678
0.345,0,1.89
-1.345,1,3.456
0.567,0,1.678
1.123,1,5.678
-0.789,0,1.234
0.123,1,2.345
-0.567,1,3.456
1.345,0,2.678
0.678,1,4.567
-1.123,0,1.89
0.234,1,3.789
-0.345,1,2.456
1.456,0,1.234
-0.678,1,3.456
0.89,0,2.345
-1.456,1,4.567
0.012,1,2.678
-0.234,0,1.89
1.5,1,5.678
-0.89,0,1.234
0.456,1,3.789
-0.123,1,2.345
1.234,0,1.678
-0.567,1,4.567
0.678,0,2.456
-1.234,1,3.456
0.789,1,5.678
-0.456,0,1.89
1.345,1,4.567
-0.678,1,2.345
0.123,0,1.234
-1.5,1,3.789
0.234,1,2.678
-0.89,0,1.456
1.456,1,5.678
-0.345,1,3.456
0.678,0,2.345
-1.234,1,4.567
0.89,1,3.789
-0.123,0,1.89
1.5,1,5.678
-0.456,1,2.678
0.345,0,1.234
-1.345,1,3.456
0.567,1,4.567
-0.678,0,1.89
1.234,1,5.678
-0.89,1,2.345
0.123,0,1.678
-1.5,1,3.789
0.234,1,2.456
-0.345,1,4.567
1.456,0,1.234
-0.678,1,3.456
0.678,0,2.678
-1.234,1,5.678
0.89,1,3.789
-0.123,0,1.89
1.5,1,4.567
-0.456,1,2.345
0.345,0,1.234
-1.345,1,3.456
0.567,1,5.678
-0.678,0,2.456
1.234,1,4.567
-0.89,1,3.789
0.123,0,1.678
-1.5,1,2.345
0.234,1,4.567
-0.345,1,3.456
1.456,0,1.89
-0.678,1,5.678
0.678,0,2.678
-1.234,1,3.789
0.89,1,4.567
-0.123,0,1.234
1.5,1,2.345
-0.456,1,3.456
0.345,0,1.89
-1.345,1,5.678
0.567,1,4.567
-0.678,0,2.345
1.234,1,3.456
-0.89,1,1.678
0.123,0,1.89
-1.5,1,2.456
0.234,1,4.567
-0.345,1,3.789
1.456,0,1.234
-0.678,1,5.678
0.678,0,2.678
-1.234,1,3.456
0.89,1,4.567
-0.123,0,1.89
1.5,1,2.345
-0.456,1,3.456
0.345,0,1.234
-1.345,1,5.678
0.567,1,4.567
-0.678,0,2.456
1.234,1,3.789
-0.89,1,1.678
0.123,0,1.89
-1.5,1,2.456
0.234,1,4.567
-0.345,1,3.456
1.456,0,1.234
-0.678,1,5.678
0.678,0,2.678
-1.234,1,3.789
0.89,1,4.567
-0.123,0,1.89
1.5,1,2.345
-0.456,1,3.456
0.345,0,1.234
-1.345,1,5.678
0.567,1,4.567
-0.678,0,2.456
1.234,1,3.789
-0.89,1,1.678
0.123,0,1.89
-1.5,1,2.456
0.234,1,4.567
-0.345,1,3.456
1.456,0,1.234
-0.678,1,5.678
0.678,0,2.678
-1.234,1,3.789
0.89,1,4.567
-0.123,0,1.89
1.5,1,2.345
-0.456,1,3.456
0.345,0,1.234
-1.345,1,5.678
0.567,1,4.567
-0.678,0,2.456
1.234,1,3.789
-0.89,1,1.678
0.123,0,1.89
-1.5,1,2.456
0.234,1,4.567
-0.345,1,3.456
1.456,0,1.234
-0.678,1,5.678
0.678,0,2.678
-1.234,1,3.789
0.89,1,4.567
-0.123,0,1.89
1.5,1,2.345
-0.456,1,3.456
0.345,0,1.234
-1.345,1,5.678
0.567,1,4.567
-0.678,0,2.456
1.234,1,3.789
-0.89,1,1.678
0.123,0,1.89
-1.5,1,2.456
0.234,1,4.567
-0.345,1,3.456
1.456,0,1.234
-0.678,1,5.678
0.678,0,2.678
-1.234,1,3.789
0.89,1,4.567
-0.123,0,1.89
1.5,1,2.345
-0.456,1,3.456
0.345,0,1.234
-1.345,1,5.678
0.567,1,4.567
-0.678,0,2.456
1.234,1,3.789
-0.89,1,1.678
0.123,0,1.89
-1.5,1,2.456
0.234,1,4.567
-0.345,1,3.456
1.456,0,1.234
-0.678,1,5.678
0.678,0,2.678
-1.234,1,3.789
0.89,1,4.567
-0.123,0,1.89
1.5,1,2.345
-0.456,1,3.456
0.345,0,1.234
-1.345,1,5.678
0.567,1,4.567
-0.678,0,2.456
1.234,1,3.789
-0.89,1,1.678
0.123,0,1.89
-1.5,1,2.456
0.234,1,4.567
-0.345,1,3.456
1.456,0,1.234
-0.678,1,5.678
0.678,0,2.678
-1.234,1,3.789
0.89,1,4.567
-0.123,0,1.89
1.5,1,2.345
-0.456,1,3.456
0.345,0,1.234
-1.345,1,5.678
0.567,1,4.567
-0.678,0,2.456
1.234,1,3.789
-0.89,1,1.678
0.123,0,1.89
-1.5,1,2.456
0.234,1,4.567
-0.345,1,3.456
1.456,0,1.234
-0.678,1,5.678
0.678,0,2.678
-1.234,1,3.789
0.89,1,4.567
-0.123,0,1.89
1.5,1,2.345
-0.456,1,3.456
0.345,0,1.234
-1.345,1,5.678
0.567,1,4.567
-0.678,0,2.456
1.234,1,3.789
-0.89,1,1.678
0.123,0,1.89
-1.5,1,2.456
0.234,1,4.567
-0.345,1,3.456
1.456,0,1.234
-0.678,1,5.678
0.678,0,2.678
-1.234,1,3.789
0.89,1,4.567
-0.123,0,1.89
1.5,1,2.345
-0.456,1,3.456
0.345,0,1.234
-1.345,1,5.678
0.567,1,4.567
-0.678,0,2.456
1.234,1,3.789
-0.89,1,1.678
0.123,0,1.89
-1.5,1,2.456
0.234,1,4.567
-0.345,1,3.456
1.456,0,1.234
-0.678,1,5.678
0.678,0,2.678
-1.234,1,3.789
0.89,1,4.567
-0.123,0,1.89
1.5,1,2.345
-0.456,1,3.456
0.345,0,1.234
-1.345,1,5.678
0.567,1,4.567
-0.678,0,2.456
1.234,1,3.789
-0.89,1,1.678
0.123,0,1.89
-1.5,1,2.456
0.234,1,4.567
-0.345,1,3.456
1.456,0,1.234
-0.678,1,5.678
0.678,0,2.678
-1.234,1,3.789
0.89,1,4.567
-0.123,0,1.89
1.5,1,2.345
-0.456,1,3.456
0.345,0,1.234
-1.345,1,5.678
0.567,1,4.567
-0.678,0,2.456
1.234,1,3.789
-0.89,1,1.678
0.123,0,1.89
-1.5,1,2.456
0.234,1,4.567
-0.345,1,3.456
1.456,0,1.234
-0.678,1,5.678
0.678,0,2.678
-1.234,1,3.789
0.89,1,4.567
-0.123,0,1.89
1.5,1,2.345
-0.456,1,3.456
-0.123,1,5.678
0.456,0,3.234
1.234,1,9.876
-1.234,0,2.345
0.789,1,7.89
-0.567,0,4.321
1.456,1,10.123
-0.89,0,3.456
0.345,1,6.789
-1.345,0,2.678
0.678,1,8.901
-0.234,0,3.567
1.123,1,9.012
-0.678,0,4.567
0.012,1,5.678
-1.456,0,2.789
0.89,1,7.123
-0.345,0,3.89
1.345,1,10.456
-0.012,0,4.234
0.567,1,8.012
-1.123,0,2.456
0.234,1,6.345
-0.789,0,3.678
1.012,1,9.345
-0.456,0,4.89
0.123,1,5.89
-1.5,0,2.123
0.456,1,7.567
-0.89,0,3.234
1.234,1,9.678
-0.678,0,4.321
0.789,1,8.234
-1.234,0,2.678
0.345,1,6.789
-0.567,0,3.456
1.456,1,10.789
-0.89,0,4.567
0.678,1,7.89
-1.345,0,2.345
0.012,1,5.678
-1.456,0,3.789
0.89,1,8.901
-0.345,0,4.123
1.345,1,9.456
-0.012,0,2.678
0.567,1,6.789
-1.123,0,3.456
0.234,1,7.89
-0.789,0,4.321
1.012,1,10.123
-0.456,0,2.456
0.123,1,5.678
-1.5,0,3.789
0.456,1,8.234
-0.89,0,4.567
1.234,1,9.678
-0.678,0,2.345
0.789,1,7.89
-1.234,0,3.456
0.345,1,6.789
-0.567,0,4.321
1.456,1,10.789
-0.89,0,2.678
0.678,1,8.901
-1.345,0,3.789
0.012,1,5.678
-1.456,0,4.123
0.89,1,7.567
-0.345,0,3.89
1.345,1,9.456
-0.012,0,2.678
0.567,1,6.789
-1.123,0,3.456
0.234,1,7.89
-0.789,0,4.321
1.012,1,10.123
-0.456,0,2.456
0.123,1,5.678
-1.5,0,3.789
0.456,1,8.234
-0.89,0,4.567
1.234,1,9.678
-0.678,0,2.345
0.789,1,7.89
-1.234,0,3.456
0.345,1,6.789
-0.567,0,4.321
1.456,1,10.789
-0.89,0,2.678
0.678,1,8.901
-1.345,0,3.789
0.012,1,5.678
-1.456,0,4.123
0.89,1,7.567
-0.345,0,3.89
1.345,1,9.456
-0.012,0,2.678
0.567,1,6.789
-1.123,0,3.456
0.234,1,7.89
-0.789,0,4.321
1.012,1,10.123
-0.456,0,2.456
0.123,1,5.678
-1.5,0,3.789
0.456,1,8.234
-0.89,0,4.567
1.234,1,9.678
-0.678,0,2.345
0.789,1,7.89
-1.234,0,3.456
0.345,1,6.789
-0.567,0,4.321
1.456,1,10.789
-0.89,0,2.678
0.678,1,8.901
-1.345,0,3.789
0.012,1,5.678
-1.456,0,4.123
0.89,1,7.567
-0.345,0,3.89
1.345,1,9.456
-0.012,0,2.678
0.567,1,6.789
-1.123,0,3.456
0.234,1,7.89
-0.789,0,4.321
1.012,1,10.123
-0.456,0,2.456
0.123,1,5.678
-1.5,0,3.789
0.456,1,8.234
-0.89,0,4.567
1.234,1,9.678
-0.678,0,2.345
0.789,1,7.89
-1.234,0,3.456
0.345,1,6.789
-0.567,0,4.321
1.456,1,10.789
-0.89,0,2.678
0.678,1,8.901
-1.345,0,3.789
0.012,1,5.678
-1.456,0,4.123
0.89,1,7.567
-0.345,0,3.89
1.345,1,9.456
-0.012,0,2.678
0.567,1,6.789
-1.123,0,3.456
0.234,1,7.89
-0.789,0,4.321
1.012,1,10.123
-0.456,0,2.456
0.123,1,5.678
-1.5,0,3.789
0.456,1,8.234
-0.89,0,4.567
1.234,1,9.678
-0.678,0,2.345
0.789,1,7.89
-1.234,0,3.456
0.345,1,6.789
-0.567,0,4.321
1.456,1,10.789
-0.89,0,2.678
0.678,1,8.901
-1.345,0,3.789
0.012,1,5.678
-1.456,0,4.123
0.89,1,7.567
-0.345,0,3.89
1.345,1,9.456
-0.012,0,2.678
0.567,1,6.789
-1.123,0,3.456
0.234,1,7.89
-0.789,0,4.321
1.012,1,10.123
-0.456,0,2.456
0.123,1,5.678
-1.5,0,3.789
0.456,1,8.234
-0.89,0,4.567
1.234,1,9.678
-0.678,0,2.345
0.789,1,7.89
-1.234,0,3.456
0.345,1,6.789
-0.567,0,4.321
1.456,1,10.789
-0.89,0,2.678
0.678,1,8.901
-1.345,0,3.789
0.012,1,5.678
-1.456,0,4.123
0.89,1,7.567
-0.345,0,3.89
1.345,1,9.456
-0.012,0,2.678
0.567,1,6.789
-1.123,0,3.456
0.234,1,7.89
-0.789,0,4.321
1.012,1,10.123
-0.456,0,2.456
0.123,1,5.678
-1.5,0,3.789
0.456,1,8.234
-0.89,0,4.567
1.234,1,9.678
-0.678,0,2.345
0.789,1,7.89
-1.234,0,3.456
0.345,1,6.789
-0.567,0,4.321
1.456,1,10.789
-0.89,0,2.678
0.678,1,8.901
-1.345,0,3.789
0.012,1,5.678
-1.456,0,4.123
0.89,1,7.567
-0.345,0,3.89
1.345,1,9.456
-0.012,0,2.678
0.567,1,6.789
-1.123,0,3.456
0.234,1,7.89
-0.789,0,4.321
1.012,1,10.123
-0.456,0,2.456
0.123,1,5.678
-1.5,0,3.789
0.456,1,8.234
-0.89,0,4.567
1.234,1,9.678
-0.678,0,2.345
0.789,1,7.89
-1.234,0,3.456
0.345,1,6.789
-0.567,0,4.321
1.456,1,10.789
-0.89,0,2.678
0.678,1,8.901
-1.345,0,3.789
0.012,1,5.678
-1.456,0,4.123
0.89,1,7.567
-0.345,0,3.89
1.345,1,9.456
-0.012,0,2.678
0.567,1,6.789
-1.123,0,3.456
0.234,1,7.89
-0.789,0,4.321
1.012,1,10.123
-0.456,0,2.456
0.123,1,5.678
-1.5,0,3.789
0.456,1,8.234
-0.89,0,4.567
1.234,1,9.678
-0.678,0,2.345
0.789,1,7.89
-1.234,0,3.456
0.345,1,6.789
-0.567,0,4.321
1.456,1,10.789
-0.89,0,2.678
0.678,1,8.901
-1.345,0,3.789
0.012,1,5.678
-1.456,0,4.123
0.89,1,7.567
-0.345,0,3.89
1.345,1,9.456
-0.012,0,2.678
0.567,1,6.789
-1.123,0,3.456
0.234,1,7.89
-0.789,0,4.321
1.012,1,10.123
-0.456,0,2.456
0.123,1,5.678
-1.5,0,3.789
0.456,1,8.234
-0.89,0,4.567
1.234,1,9.678
-0.678,0,2.345
0.789,1,7.89
-1.234,0,3.456
0.345,1,6.789
-0.567,0,4.321
1.456,1,10.789
-0.89,0,2.678
0.678,1,8.901
-1.345,0,3.789
-0.123,1,4.567
0.456,0,3.234
-1.234,1,5.678
0.789,0,2.345
1.234,1,6.789
-0.567,0,3.456
0.345,1,5.123
-0.789,0,2.678
1.456,1,7.89
-1.456,0,2.123
0.123,1,4.89
-0.345,0,3.789
0.678,1,5.456
-0.234,0,2.567
1.345,1,6.234
-0.678,0,3.123
0.987,1,5.789
-1.123,0,2.456
0.234,1,4.678
-0.456,0,3.89
1.5,1,7.123
-0.89,0,2.789
0.567,1,5.345
-1.345,0,2.678
0.456,1,4.89
-0.123,0,3.456
1.234,1,6.567
-0.567,0,2.345
0.345,1,5.678
-0.789,0,3.123
1.456,1,7.89
-1.456,0,2.456
0.123,1,4.567
-0.345,0,3.789
0.678,1,5.123
-0.234,0,2.678
1.345,1,6.789
-0.678,0,3.456
0.987,1,5.89
-1.123,0,2.345
0.234,1,4.678
-0.456,0,3.89
1.5,1,7.123
-0.89,0,2.789
0.567,1,5.456
-1.345,0,2.678
0.456,1,4.89
-0.123,0,3.456
1.234,1,6.567
-0.567,0,2.345
0.345,1,5.678
-0.789,0,3.123
1.456,1,7.89
-1.456,0,2.456
0.123,1,4.567
-0.345,0,3.789
0.678,1,5.123
-0.234,0,2.678
1.345,1,6.789
-0.678,0,3.456
0.987,1,5.89
-1.123,0,2.345
0.234,1,4.678
-0.456,0,3.89
1.5,1,7.123
-0.89,0,2.789
0.567,1,5.456
-1.345,0,2.678
0.456,1,4.89
-0.123,0,3.456
1.234,1,6.567
-0.567,0,2.345
0.345,1,5.678
-0.789,0,3.123
1.456,1,7.89
-1.456,0,2.456
0.123,1,4.567
-0.345,0,3.789
0.678,1,5.123
-0.234,0,2.678
1.345,1,6.789
-0.678,0,3.456
0.987,1,5.89
-1.123,0,2.345
0.234,1,4.678
-0.456,0,3.89
1.5,1,7.123
-0.89,0,2.789
0.567,1,5.456
-1.345,0,2.678
0.456,1,4.89
-0.123,0,3.456
1.234,1,6.567
-0.567,0,2.345
0.345,1,5.678
-0.789,0,3.123
1.456,1,7.89
-1.456,0,2.456
0.123,1,4.567
-0.345,0,3.789
0.678,1,5.123
-0.234,0,2.678
1.345,1,6.789
-0.678,0,3.456
0.987,1,5.89
-1.123,0,2.345
0.234,1,4.678
-0.456,0,3.89
1.5,1,7.123
-0.89,0,2.789
0.567,1,5.456
-1.345,0,2.678
0.456,1,4.89
-0.123,0,3.456
1.234,1,6.567
-0.567,0,2.345
0.345,1,5.678
-0.789,0,3.123
1.456,1,7.89
-1.456,0,2.456
0.123,1,4.567
-0.345,0,3.789
0.678,1,5.123
-0.234,0,2.678
1.345,1,6.789
-0.678,0,3.456
0.987,1,5.89
-1.123,0,2.345
0.234,1,4.678
-0.456,0,3.89
1.5,1,7.123
-0.89,0,2.789
0.567,1,5.456
-1.345,0,2.678
0.456,1,4.89
-0.123,0,3.456
1.234,1,6.567
-0.567,0,2.345
0.345,1,5.678
-0.789,0,3.123
1.456,1,7.89
-1.456,0,2.456
0.123,1,4.567
-0.345,0,3.789
0.678,1,5.123
-0.234,0,2.678
1.345,1,6.789
-0.678,0,3.456
0.987,1,5.89
-1.123,0,2.345
0.234,1,4.678
-0.456,0,3.89
1.5,1,7.123
-0.89,0,2.789
0.567,1,5.456
-1.345,0,2.678
0.456,1,4.89
-0.123,0,3.456
1.234,1,6.567
-0.567,0,2.345
0.345,1,5.678
-0.789,0,3.123
1.456,1,7.89
-1.456,0,2.456
0.123,1,4.567
-0.345,0,3.789
0.678,1,5.123
-0.234,0,2.678
1.345,1,6.789
-0.678,0,3.456
0.987,1,5.89
-1.123,0,2.345
0.234,1,4.678
-0.456,0,3.89
1.5,1,7.123
-0.89,0,2.789
0.567,1,5.456
-1.345,0,2.678
0.456,1,4.89
-0.123,0,3.456
1.234,1,6.567
-0.567,0,2.345
0.345,1,5.678
-0.789,0,3.123
1.456,1,7.89
-1.456,0,2.456
0.123,1,4.567
-0.345,0,3.789
0.678,1,5.123
-0.234,0,2.678
1.345,1,6.789
-0.678,0,3.456
0.987,1,5.89
-1.123,0,2.345
0.234,1,4.678
-0.456,0,3.89
1.5,1,7.123
-0.89,0,2.789
0.567,1,5.456
-1.345,0,2.678
0.456,1,4.89
-0.123,0,3.456
1.234,1,6.567
-0.567,0,2.345
0.345,1,5.678
-0.789,0,3.123
1.456,1,7.89
-1.456,0,2.456
0.123,1,4.567
-0.345,0,3.789
0.678,1,5.123
-0.234,0,2.678
1.345,1,6.789
-0.678,0,3.456
0.987,1,5.89
-1.123,0,2.345
0.234,1,4.678
-0.456,0,3.89
1.5,1,7.123
-0.89,0,2.789
0.567,1,5.456
-1.345,0,2.678
0.456,1,4.89
-0.123,0,3.456
1.234,1,6.567
-0.567,0,2.345
0.345,1,5.678
-0.789,0,3.123
1.456,1,7.89
-1.456,0,2.456
0.123,1,4.567
-0.345,0,3.789
0.678,1,5.123
-0.234,0,2.678
1.345,1,6.789
-0.678,0,3.456
0.987,1,5.89
-1.123,0,2.345
0.234,1,4.678
-0.456,0,3.89
1.5,1,7.123
-0.89,0,2.789
0.567,1,5.456
-1.345,0,2.678
0.456,1,4.89
-0.123,0,3.456
1.234,1,6.567
-0.567,0,2.345
0.345,1,5.678
-0.789,0,3.123
1.456,1,7.89
-1.456,0,2.456
0.123,1,4.567
-0.345,0,3.789
0.678,1,5.123
-0.234,0,2.678
1.345,1,6.789
-0.678,0,3.456
0.987,1,5.89
-1.123,0,2.345
0.234,1,4.678
-0.456,0,3.89
1.5,1,7.123
-0.89,0,2.789
0.567,1,5.456
-1.345,0,2.678
0.456,1,4.89
-0.123,0,3.456
1.234,1,6.567
-0.567,0,2.345
0.345,1,5.678
-0.789,0,3.123
1.456,1,7.89
-1.456,0,2.456
0.123,1,4.567
-0.345,0,3.789
0.678,1,5.123
-0.234,0,2.678
1.345,1,6.789
-0.678,0,3.456
0.987,1,5.89
-1.123,0,2.345
0.234,1,4.678
-0.456,0,3.89
1.5,1,7.123
-0.89,0,2.789
0.567,1,5.456
-1.345,0,2.678
0.456,1,4.89
-0.123,0,3.456
1.234,1,6.567
-0.567,0,2.345
0.345,1,5.678
-0.789,0,3.123
1.456,1,7.89
-1.456,0,2.456
0.123,1,4.567
-0.345,0,3.789
0.678,1,5.123
-0.234,0,2.678
-0.123,1,2.456
0.789,0,1.234
-1.234,1,3.567
0.456,0,2.345
1.345,1,4.678
-0.567,0,1.89
0.234,1,3.456
-1.456,0,1.678
0.678,1,4.123
1.234,0,2.789
-0.345,1,3.89
0.123,0,1.456
-0.789,1,2.678
1.456,0,3.234
0.567,1,4.89
-0.678,0,1.234
0.345,1,3.567
-1.345,0,2.456
1.123,1,4.567
-0.234,0,1.89
0.789,1,3.678
-1.123,0,2.345
0.456,1,4.89
-0.456,0,1.678
1.345,1,3.456
-0.678,0,2.789
0.234,1,4.123
-1.234,0,1.456
0.678,1,3.89
1.456,0,2.678
-0.123,1,4.567
0.789,0,1.89
-1.456,1,3.234
0.567,0,2.345
-0.345,1,4.678
1.234,0,1.234
0.123,1,3.567
-0.789,0,2.456
1.345,1,4.89
-0.678,0,1.678
0.456,1,3.89
-1.123,0,2.789
0.789,1,4.123
-0.234,0,1.456
1.456,1,3.678
-0.567,0,2.345
0.678,1,4.567
-1.345,0,1.89
0.345,1,3.456
-0.123,0,2.678
1.234,1,4.89
-0.789,0,1.234
0.456,1,3.567
-1.456,0,2.456
0.678,1,4.678
1.345,0,1.89
-0.678,1,3.89
0.234,0,2.345
-1.123,1,4.123
0.789,0,1.456
-0.345,1,3.567
1.456,0,2.678
0.567,1,4.89
-0.234,0,1.678
1.234,1,3.456
-0.789,0,2.789
0.678,1,4.567
-1.345,0,1.89
0.345,1,3.678
-0.123,0,2.456
1.456,1,4.89
-0.678,0,1.234
0.789,1,3.567
-1.456,0,2.345
0.456,1,4.678
1.345,0,1.89
-0.567,1,3.89
0.234,0,2.678
-1.123,1,4.123
0.678,0,1.456
-0.345,1,3.567
1.234,0,2.789
0.123,1,4.89
-0.789,0,1.678
1.456,1,3.456
-0.678,0,2.345
0.345,1,4.567
-1.345,0,1.89
0.789,1,3.678
-0.234,0,2.456
1.234,1,4.89
-0.567,0,1.234
0.678,1,3.567
-1.456,0,2.678
0.456,1,4.678
1.345,0,1.89
-0.123,1,3.89
0.789,0,2.345
-1.123,1,4.123
0.678,0,1.456
-0.345,1,3.567
1.456,0,2.789
0.567,1,4.89
-0.234,0,1.678
1.234,1,3.456
-0.789,0,2.345
0.345,1,4.567
-1.345,0,1.89
0.789,1,3.678
-0.678,0,2.456
1.456,1,4.89
-0.567,0,1.234
0.678,1,3.567
-1.123,0,2.678
0.456,1,4.678
1.345,0,1.89
-0.123,1,3.89
0.789,0,2.345
-1.456,1,4.123
0.678,0,1.456
-0.345,1,3.567
1.234,0,2.789
0.567,1,4.89
-0.234,0,1.678
1.456,1,3.456
-0.789,0,2.345
0.345,1,4.567
-1.345,0,1.89
0.789,1,3.678
-0.678,0,2.456
1.234,1,4.89
-0.567,0,1.234
0.678,1,3.567
-1.123,0,2.678
0.456,1,4.678
1.345,0,1.89
-0.123,1,3.89
0.789,0,2.345
-1.456,1,4.123
0.678,0,1.456
-0.345,1,3.567
1.234,0,2.789
0.567,1,4.89
-0.234,0,1.678
1.456,1,3.456
-0.789,0,2.345
0.345,1,4.567
-1.345,0,1.89
0.789,1,3.678
-0.678,0,2.456
1.234,1,4.89
-0.567,0,1.234
0.678,1,3.567
-1.123,0,2.678
0.456,1,4.678
1.345,0,1.89
-0.123,1,3.89
0.789,0,2.345
-1.456,1,4.123
0.678,0,1.456
-0.345,1,3.567
1.234,0,2.789
0.567,1,4.89
-0.234,0,1.678
1.456,1,3.456
-0.789,0,2.345
0.345,1,4.567
-1.345,0,1.89
0.789,1,3.678
-0.678,0,2.456
1.234,1,4.89
-0.567,0,1.234
0.678,1,3.567
-1.123,0,2.678
0.456,1,4.678
1.345,0,1.89
-0.123,1,3.89
0.789,0,2.345
-1.456,1,4.123
0.678,0,1.456
-0.345,1,3.567
1.234,0,2.789
0.567,1,4.89
-0.234,0,1.678
1.456,1,3.456
-0.789,0,2.345
0.345,1,4.567
-1.345,0,1.89
0.789,1,3.678
-0.678,0,2.456
1.234,1,4.89
-0.567,0,1.234
0.678,1,3.567
-1.123,0,2.678
0.456,1,4.678
1.345,0,1.89
-0.123,1,3.89
0.789,0,2.345
-1.456,1,4.123
0.678,0,1.456
-0.345,1,3.567
1.234,0,2.789
0.567,1,4.89
-0.234,0,1.678
1.456,1,3.456
-0.789,0,2.345
0.345,1,4.567
-1.345,0,1.89
0.789,1,3.678
-0.678,0,2.456
1.234,1,4.89
-0.567,0,1.234
0.678,1,3.567
-1.123,0,2.678
0.456,1,4.678
1.345,0,1.89
-0.123,1,3.89
0.789,0,2.345
-1.456,1,4.123
0.678,0,1.456
-0.345,1,3.567
1.234,0,2.789
0.567,1,4.89
-0.234,0,1.678
1.456,1,3.456
-0.789,0,2.345
0.345,1,4.567
-1.345,0,1.89
0.789,1,3.678
-0.678,0,2.456
1.234,1,4.89
-0.567,0,1.234
0.678,1,3.567
-1.123,0,2.678
0.456,1,4.678
1.345,0,1.89
-0.123,1,3.89
0.789,0,2.345
-1.456,1,4.123
0.678,0,1.456
-0.345,1,3.567
1.234,0,2.789
0.567,1,4.89
-0.234,0,1.678
1.456,1,3.456
-0.789,0,2.345
0.345,1,4.567
-1.345,0,1.89
0.789,1,3.678
-0.678,0,2.456
1.234,1,4.89
-0.567,0,1.234
0.678,1,3.567
-1.123,0,2.678
0.456,1,4.678
1.345,0,1.89
-0.123,1,3.89
0.789,0,2.345
-1.456,1,4.123
0.678,0,1.456
-0.345,1,3.567
1.234,0,2.789
0.567,1,4.89
-0.234,0,1.678
1.456,1,3.456
-0.789,0,2.345
0.345,1,4.567
-1.345,0,1.89
0.789,1,3.678
-0.678,0,2.456
1.234,1,4.89
-0.567,0,1.234
0.678,1,3.567
-1.123,0,2.678
0.456,1,4.678
1.345,0,1.89
-0.123,1,3.89
0.789,0,2.345
-1.456,1,4.123
0.678,0,1.456
-0.345,1,3.567
1.234,0,2.789
0.567,1,4.89
-0.234,0,1.678
1.456,1,3.456
-0.789,0,2.345
0.345,1,4.567
-1.345,0,1.89
0.789,1,3.678
-0.678,0,2.456
1.234,1,4.89
-0.567,0,1.234
0.678,1,3.567
-1.123,0,2.678
0.456,1,4.678
1.345,0,1.89
-0.123,1,3.89
0.789,0,2.345
-1.456,1,4.123
0.678,0,1.456
-0.123,1,1.456
0.456,0,0.789
-1.234,1,2.345
0.789,0,1.234
1.234,1,3.456
-0.456,0,0.567
0.123,1,2.678
-1.345,0,0.234
0.678,1,2.789
1.456,1,4.123
-0.789,0,0.456
0.345,1,2.345
-0.678,0,0.678
1.345,1,3.789
0.234,0,1.456
-1.456,1,2.567
0.567,1,3.456
-0.234,0,0.345
0.89,1,2.678
1.5,1,4.567
-0.89,0,0.123
0.012,1,1.789
-1.123,0,0.456
0.345,1,2.456
-0.567,0,0.789
1.012,1,3.678
0.678,0,1.234
-0.345,1,2.789
1.234,1,4.123
-0.678,0,0.567
0.89,1,3.456
-1.234,0,0.234
0.456,1,2.678
-0.123,0,0.789
1.345,1,3.789
0.234,0,1.456
-1.456,1,2.567
0.567,1,3.456
-0.89,0,0.123
0.012,1,1.789
-1.123,0,0.456
0.345,1,2.456
-0.567,0,0.789
1.012,1,3.678
0.678,0,1.234
-0.345,1,2.789
1.234,1,4.123
-0.678,0,0.567
0.89,1,3.456
-1.234,0,0.234
0.456,1,2.678
-0.123,0,0.789
1.345,1,3.789
0.234,0,1.456
-1.456,1,2.567
0.567,1,3.456
-0.89,0,0.123
0.012,1,1.789
-1.123,0,0.456
0.345,1,2.456
-0.567,0,0.789
1.012,1,3.678
0.678,0,1.234
-0.345,1,2.789
1.234,1,4.123
-0.678,0,0.567
0.89,1,3.456
-1.234,0,0.234
0.456,1,2.678
-0.123,0,0.789
1.345,1,3.789
0.234,0,1.456
-1.456,1,2.567
0.567,1,3.456
-0.89,0,0.123
0.012,1,1.789
-1.123,0,0.456
0.345,1,2.456
-0.567,0,0.789
1.012,1,3.678
0.678,0,1.234
-0.345,1,2.789
1.234,1,4.123
-0.678,0,0.567
0.89,1,3.456
-1.234,0,0.234
0.456,1,2.678
-0.123,0,0.789
1.345,1,3.789
0.234,0,1.456
-1.456,1,2.567
0.567,1,3.456
-0.89,0,0.123
0.012,1,1.789
-1.123,0,0.456
0.345,1,2.456
-0.567,0,0.789
1.012,1,3.678
0.678,0,1.234
-0.345,1,2.789
1.234,1,4.123
-0.678,0,0.567
0.89,1,3.456
-1.234,0,0.234
0.456,1,2.678
-0.123,0,0.789
1.345,1,3.789
0.234,0,1.456
-1.456,1,2.567
0.567,1,3.456
-0.89,0,0.123
0.012,1,1.789
-1.123,0,0.456
0.345,1,2.456
-0.567,0,0.789
1.012,1,3.678
0.678,0,1.234
-0.345,1,2.789
1.234,1,4.123
-0.678,0,0.567
0.89,1,3.456
-1.234,0,0.234
0.456,1,2.678
-0.123,0,0.789
1.345,1,3.789
0.234,0,1.456
-1.456,1,2.567
0.567,1,3.456
-0.89,0,0.123
0.012,1,1.789
-1.123,0,0.456
0.345,1,2.456
-0.567,0,0.789
1.012,1,3.678
0.678,0,1.234
-0.345,1,2.789
1.234,1,4.123
-0.678,0,0.567
0.89,1,3.456
-1.234,0,0.234
0.456,1,2.678
-0.123,0,0.789
1.345,1,3.789
0.234,0,1.456
-1.456,1,2.567
0.567,1,3.456
-0.89,0,0.123
0.012,1,1.789
-1.123,0,0.456
0.345,1,2.456
-0.567,0,0.789
1.012,1,3.678
0.678,0,1.234
-0.345,1,2.789
1.234,1,4.123
-0.678,0,0.567
0.89,1,3.456
-1.234,0,0.234
0.456,1,2.678
-0.123,0,0.789
1.345,1,3.789
0.234,0,1.456
-1.456,1,2.567
0.567,1,3.456
-0.89,0,0.123
0.012,1,1.789
-1.123,0,0.456
0.345,1,2.456
-0.567,0,0.789
1.012,1,3.678
0.678,0,1.234
-0.345,1,2.789
1.234,1,4.123
-0.678,0,0.567
0.89,1,3.456
-1.234,0,0.234
0.456,1,2.678
-0.123,0,0.789
1.345,1,3.789
0.234,0,1.456
-1.456,1,2.567
0.567,1,3.456
-0.89,0,0.123
0.012,1,1.789
-1.123,0,0.456
0.345,1,2.456
-0.567,0,0.789
1.012,1,3.678
0.678,0,1.234
-0.345,1,2.789
1.234,1,4.123
-0.678,0,0.567
0.89,1,3.456
-1.234,0,0.234
0.456,1,2.678
-0.123,0,0.789
1.345,1,3.789
0.234,0,1.456
-1.456,1,2.567
0.567,1,3.456
-0.89,0,0.123
0.012,1,1.789
-1.123,0,0.456
0.345,1,2.456
-0.567,0,0.789
1.012,1,3.678
0.678,0,1.234
-0.345,1,2.789
1.234,1,4.123
-0.678,0,0.567
0.89,1,3.456
-1.234,0,0.234
0.456,1,2.678
-0.123,0,0.789
1.345,1,3.789
0.234,0,1.456
-1.456,1,2.567
0.567,1,3.456
-0.89,0,0.123
0.012,1,1.789
-1.123,0,0.456
0.345,1,2.456
-0.567,0,0.789
1.012,1,3.678
0.678,0,1.234
-0.345,1,2.789
1.234,1,4.123
-0.678,0,0.567
0.89,1,3.456
-1.234,0,0.234
0.456,1,2.678
-0.123,0,0.789
1.345,1,3.789
0.234,0,1.456
-1.456,1,2.567
0.567,1,3.456
-0.89,0,0.123
0.012,1,1.789
-1.123,0,0.456
0.345,1,2.456
-0.567,0,0.789
1.012,1,3.678
0.678,0,1.234
-0.345,1,2.789
1.234,1,4.123
-0.678,0,0.567
0.89,1,3.456
-1.234,0,0.234
0.456,1,2.678
-0.123,0,0.789
1.345,1,3.789
0.234,0,1.456
-1.456,1,2.567
0.567,1,3.456
-0.89,0,0.123
0.012,1,1.789
-1.123,0,0.456
0.345,1,2.456
-0.567,0,0.789
1.012,1,3.678
0.678,0,1.234
-0.345,1,2.789
1.234,1,4.123
-0.678,0,0.567
0.89,1,3.456
-1.234,0,0.234
0.456,1,2.678
-0.123,0,0.789
1.345,1,3.789
0.234,0,1.456
-1.456,1,2.567
0.567,1,3.456
-0.89,0,0.123
0.012,1,1.789
-1.123,0,0.456
0.345,1,2.456
-0.567,0,0.789
1.012,1,3.678
0.678,0,1.234
-0.345,1,2.789
1.234,1,4.123
-0.678,0,0.567
0.89,1,3.456
-1.234,0,0.234
0.456,1,2.678
-0.123,0,0.789
1.345,1,3.789
0.234,0,1.456
-1.456,1,2.567
0.567,1,3.456
-0.89,0,0.123
0.012,1,1.789
-1.123,0,0.456
0.345,1,2.456
-0.567,0,0.789
1.012,1,3.678
0.678,0,1.234
-0.345,1,2.789
1.234,1,4.123
-0.678,0,0.567
-1.234,1,3.456
0.567,0,2.123
1.345,1,5.678
-0.876,0,1.234
0.234,1,4.567
-1.456,0,0.789
1.234,1,6.789
0.123,0,2.345
-0.567,1,3.678
1.456,1,5.89
-0.234,0,1.456
0.789,1,4.89
-1.345,0,0.678
0.456,1,3.456
1.5,1,6.123
-0.678,0,1.234
0.345,1,4.567
-1.123,0,0.789
1.234,1,5.678
0.678,1,4.89
-0.456,0,1.345
1.012,1,5.234
-0.789,0,1.678
0.89,1,4.123
-1.012,0,0.456
0.567,1,3.789
1.345,1,6.456
-0.234,0,1.234
0.123,1,4.678
-1.5,0,0.789
0.456,1,3.456
1.5,1,6.89
-0.89,0,1.012
0.789,1,4.345
-1.234,0,0.678
0.345,1,3.89
1.234,1,5.678
-0.678,0,1.456
0.567,1,4.567
-1.345,0,0.789
0.89,1,3.123
1.456,1,6.234
-0.123,0,1.678
0.234,1,4.89
-1.5,0,0.456
0.678,1,3.456
1.345,1,5.678
-0.789,0,1.234
0.123,1,4.567
-1.012,0,0.789
0.456,1,3.89
1.5,1,6.123
-0.89,0,1.456
0.789,1,4.678
-1.234,0,0.678
0.345,1,3.456
1.234,1,5.89
-0.678,0,1.234
0.567,1,4.567
-1.345,0,0.789
0.89,1,3.678
1.456,1,6.789
-0.123,0,1.012
0.234,1,4.89
-1.5,0,0.456
0.678,1,3.456
1.345,1,5.678
-0.789,0,1.234
0.123,1,4.567
-1.012,0,0.789
0.456,1,3.89
1.5,1,6.123
-0.89,0,1.456
0.789,1,4.678
-1.234,0,0.678
0.345,1,3.456
1.234,1,5.89
-0.678,0,1.234
0.567,1,4.567
-1.345,0,0.789
0.89,1,3.678
1.456,1,6.789
-0.123,0,1.012
0.234,1,4.89
-1.5,0,0.456
0.678,1,3.456
1.345,1,5.678
-0.789,0,1.234
0.123,1,4.567
-1.012,0,0.789
0.456,1,3.89
1.5,1,6.123
-0.89,0,1.456
0.789,1,4.678
-1.234,0,0.678
0.345,1,3.456
1.234,1,5.89
-0.678,0,1.234
0.567,1,4.567
-1.345,0,0.789
0.89,1,3.678
1.456,1,6.789
-0.123,0,1.012
0.234,1,4.89
-1.5,0,0.456
0.678,1,3.456
1.345,1,5.678
-0.789,0,1.234
0.123,1,4.567
-1.012,0,0.789
0.456,1,3.89
1.5,1,6.123
-0.89,0,1.456
0.789,1,4.678
-1.234,0,0.678
0.345,1,3.456
1.234,1,5.89
-0.678,0,1.234
0.567,1,4.567
-1.345,0,0.789
0.89,1,3.678
1.456,1,6.789
-0.123,0,1.012
0.234,1,4.89
-1.5,0,0.456
0.678,1,3.456
1.345,1,5.678
-0.789,0,1.234
0.123,1,4.567
-1.012,0,0.789
0.456,1,3.89
1.5,1,6.123
-0.89,0,1.456
0.789,1,4.678
-1.234,0,0.678
0.345,1,3.456
1.234,1,5.89
-0.678,0,1.234
0.567,1,4.567
-1.345,0,0.789
0.89,1,3.678
1.456,1,6.789
-0.123,0,1.012
0.234,1,4.89
-1.5,0,0.456
0.678,1,3.456
1.345,1,5.678
-0.789,0,1.234
0.123,1,4.567
-1.012,0,0.789
0.456,1,3.89
1.5,1,6.123
-0.89,0,1.456
0.789,1,4.678
-1.234,0,0.678
0.345,1,3.456
1.234,1,5.89
-0.678,0,1.234
0.567,1,4.567
-1.345,0,0.789
0.89,1,3.678
1.456,1,6.789
-0.123,0,1.012
0.234,1,4.89
-1.5,0,0.456
0.678,1,3.456
1.345,1,5.678
-0.789,0,1.234
0.123,1,4.567
-1.012,0,0.789
0.456,1,3.89
1.5,1,6.123
-0.89,0,1.456
0.789,1,4.678
-1.234,0,0.678
0.345,1,3.456
1.234,1,5.89
-0.678,0,1.234
0.567,1,4.567
-1.345,0,0.789
0.89,1,3.678
1.456,1,6.789
-0.123,0,1.012
0.234,1,4.89
-1.5,0,0.456
0.678,1,3.456
1.345,1,5.678
-0.789,0,1.234
0.123,1,4.567
-1.012,0,0.789
0.456,1,3.89
1.5,1,6.123
-0.89,0,1.456
0.789,1,4.678
-1.234,0,0.678
0.345,1,3.456
1.234,1,5.89
-0.678,0,1.234
0.567,1,4.567
-1.345,0,0.789
0.89,1,3.678
1.456,1,6.789
-0.123,0,1.012
0.234,1,4.89
-1.5,0,0.456
0.678,1,3.456
1.345,1,5.678
-0.789,0,1.234
0.123,1,4.567
-1.012,0,0.789
0.456,1,3.89
1.5,1,6.123
-0.89,0,1.456
0.789,1,4.678
-1.234,0,0.678
0.345,1,3.456
1.234,1,5.89
-0.678,0,1.234
0.567,1,4.567
-1.345,0,0.789
0.89,1,3.678
1.456,1,6.789
-0.123,0,1.012
0.234,1,4.89
-1.5,0,0.456
0.678,1,3.456
1.345,1,5.678
-0.789,0,1.234
0.123,1,4.567
-1.012,0,0.789
0.456,1,3.89
1.5,1,6.123
-0.89,0,1.456
0.789,1,4.678
-1.234,0,0.678
0.345,1,3.456
1.234,1,5.89
-0.678,0,1.234
0.567,1,4.567
-1.345,0,0.789
0.89,1,3.678
1.456,1,6.789
-0.123,0,1.012
0.234,1,4.89
-1.5,0,0.456
0.678,1,3.456
1.345,1,5.678
-0.789,0,1.234
0.123,1,4.567
-1.012,0,0.789
0.456,1,3.89
1.5,1,6.123
-0.89,0,1.456
0.789,1,4.678
-1.234,0,0.678
0.345,1,3.456
1.234,1,5.89
-0.678,0,1.234
0.567,1,4.567
-1.345,0,0.789
0.89,1,3.678
1.456,1,6.789
-0.123,0,1.012
0.234,1,4.89
-1.5,0,0.456
0.678,1,3.456
1.345,1,5.678
-0.789,0,1.234
0.123,1,4.567
-1.012,0,0.789
0.456,1,3.89
1.5,1,6.123
-0.89,0,1.456
0.789,1,4.678
-1.234,0,0.678
0.345,1,3.456
1.234,1,5.89
-0.678,0,1.234
0.567,1,4.567
-1.345,0,0.789
0.89,1,3.678
1.456,1,6.789
-0.123,0,1.012
0.234,1,4.89
-1.5,0,0.456
0.678,1,3.456
1.345,1,5.678
-0.789,0,1.234
0.123,1,4.567
-1.012,0,0.789
0.456,1,3.89
1.5,1,6.123
-0.89,0,1.456
0.789,1,4.678
-1.234,0,0.678
0.345,1,3.456
1.234,1,5.89
-0.678,0,1.234
0.567,1,4.567
-1.345,0,0.789
-0.123,1,1.732
0.456,0,0.982
-1.234,1,3.456
0.789,0,1.234
1.345,1,4.567
-0.987,0,0.543
0.234,1,2.345
-1.456,0,0.678
0.678,1,3.456
-0.345,0,1.123
1.234,1,5.678
-0.567,0,0.456
0.89,1,3.789
-1.123,0,0.234
0.345,1,2.678
-0.789,0,1.345
1.456,1,5.123
-0.234,0,0.789
0.567,1,3.234
-1.345,0,0.345
0.123,1,2.456
-0.678,0,1.678
1.234,1,4.789
-0.456,0,0.567
0.789,1,3.678
-1.5,0,0.123
0.234,1,2.789
-0.345,0,1.456
1.345,1,5.456
-0.89,0,0.678
0.678,1,3.123
-1.234,0,0.234
0.456,1,2.345
-0.567,0,1.789
1.456,1,5.678
-0.123,0,0.456
0.89,1,3.456
-1.345,0,0.789
0.234,1,2.678
-0.678,0,1.234
1.234,1,4.567
-0.456,0,0.345
0.567,1,3.789
-1.5,0,0.123
0.123,1,2.456
-0.89,0,1.678
1.345,1,5.123
-0.234,0,0.678
0.678,1,3.456
-1.234,0,0.234
0.456,1,2.345
-0.567,0,1.789
1.456,1,5.678
-0.123,0,0.456
0.89,1,3.678
-1.345,0,0.789
0.234,1,2.789
-0.678,0,1.456
1.234,1,4.789
-0.456,0,0.567
0.789,1,3.123
-1.5,0,0.234
0.123,1,2.678
-0.89,0,1.345
1.345,1,5.456
-0.234,0,0.678
0.678,1,3.789
-1.234,0,0.123
0.456,1,2.345
-0.567,0,1.789
1.456,1,5.678
-0.123,0,0.456
0.89,1,3.456
-1.345,0,0.789
0.234,1,2.678
-0.678,0,1.234
1.234,1,4.567
-0.456,0,0.345
0.567,1,3.789
-1.5,0,0.123
0.123,1,2.456
-0.89,0,1.678
1.345,1,5.123
-0.234,0,0.678
0.678,1,3.456
-1.234,0,0.234
0.456,1,2.345
-0.567,0,1.789
1.456,1,5.678
-0.123,0,0.456
0.89,1,3.678
-1.345,0,0.789
0.234,1,2.789
-0.678,0,1.456
1.234,1,4.789
-0.456,0,0.567
0.789,1,3.123
-1.5,0,0.234
0.123,1,2.678
-0.89,0,1.345
1.345,1,5.456
-0.234,0,0.678
0.678,1,3.789
-1.234,0,0.123
0.456,1,2.345
-0.567,0,1.789
1.456,1,5.678
-0.123,0,0.456
0.89,1,3.456
-1.345,0,0.789
0.234,1,2.678
-0.678,0,1.234
1.234,1,4.567
-0.456,0,0.345
0.567,1,3.789
-1.5,0,0.123
0.123,1,2.456
-0.89,0,1.678
1.345,1,5.123
-0.234,0,0.678
0.678,1,3.456
-1.234,0,0.234
0.456,1,2.345
-0.567,0,1.789
1.456,1,5.678
-0.123,0,0.456
0.89,1,3.678
-1.345,0,0.789
0.234,1,2.789
-0.678,0,1.456
1.234,1,4.789
-0.456,0,0.567
0.789,1,3.123
-1.5,0,0.234
0.123,1,2.678
-0.89,0,1.345
1.345,1,5.456
-0.234,0,0.678
0.678,1,3.789
-1.234,0,0.123
0.456,1,2.345
-0.567,0,1.789
1.456,1,5.678
-0.123,0,0.456
0.89,1,3.456
-1.345,0,0.789
0.234,1,2.678
-0.678,0,1.234
1.234,1,4.567
-0.456,0,0.345
0.567,1,3.789
-1.5,0,0.123
0.123,1,2.456
-0.89,0,1.678
1.345,1,5.123
-0.234,0,0.678
0.678,1,3.456
-1.234,0,0.234
0.456,1,2.345
-0.567,0,1.789
1.456,1,5.678
-0.123,0,0.456
0.89,1,3.678
-1.345,0,0.789
0.234,1,2.789
-0.678,0,1.456
1.234,1,4.789
-0.456,0,0.567
0.789,1,3.123
-1.5,0,0.234
0.123,1,2.678
-0.89,0,1.345
1.345,1,5.456
-0.234,0,0.678
0.678,1,3.789
-1.234,0,0.123
0.456,1,2.345
-0.567,0,1.789
1.456,1,5.678
-0.123,0,0.456
0.89,1,3.456
-1.345,0,0.789
0.234,1,2.678
-0.678,0,1.234
1.234,1,4.567
-0.456,0,0.345
0.567,1,3.789
-1.5,0,0.123
0.123,1,2.456
-0.89,0,1.678
1.345,1,5.123
-0.234,0,0.678
0.678,1,3.456
-1.234,0,0.234
0.456,1,2.345
-0.567,0,1.789
1.456,1,5.678
-0.123,0,0.456
0.89,1,3.678
-1.345,0,0.789
0.234,1,2.789
-0.678,0,1.456
1.234,1,4.789
-0.456,0,0.567
0.789,1,3.123
-1.5,0,0.234
0.123,1,2.678
-0.89,0,1.345
1.345,1,5.456
-0.234,0,0.678
0.678,1,3.789
-1.234,0,0.123
0.456,1,2.345
-0.567,0,1.789
1.456,1,5.678
-0.123,0,0.456
0.89,1,3.456
-1.345,0,0.789
0.234,1,2.678
-0.678,0,1.234
1.234,1,4.567
-0.456,0,0.345
0.567,1,3.789
-1.5,0,0.123
0.123,1,2.456
-0.89,0,1.678
1.345,1,5.123
-0.234,0,0.678
0.678,1,3.456
-1.234,0,0.234
0.456,1,2.345
-0.567,0,1.789
1.456,1,5.678
-0.123,0,0.456
0.89,1,3.678
-1.345,0,0.789
0.234,1,2.789
-0.678,0,1.456
1.234,1,4.789
-0.456,0,0.567
0.789,1,3.123
-1.5,0,0.234
0.123,1,2.678
-0.89,0,1.345
1.345,1,5.456
-0.234,0,0.678
0.678,1,3.789
-1.234,0,0.123
0.456,1,2.345
-0.567,0,1.789
1.456,1,5.678
-0.123,0,0.456
0.89,1,3.456
-1.345,0,0.789
0.234,1,2.678
-0.678,0,1.234
1.234,1,4.567
-0.456,0,0.345
0.567,1,3.789
-1.5,0,0.123
0.123,1,2.456
-0.89,0,1.678
1.345,1,5.123
-0.234,0,0.678
0.678,1,3.456
-1.234,0,0.234
0.456,1,2.345
-0.567,0,1.789
1.456,1,5.678
-0.123,0,0.456
0.89,1,3.678
-1.345,0,0.789
0.234,1,2.789
-0.678,0,1.456
1.234,1,4.789
-0.456,0,0.567
0.789,1,3.123
-1.5,0,0.234
0.123,1,2.678
-0.89,0,1.345
1.345,1,5.456
-0.234,0,0.678
0.678,1,3.789
-1.234,0,0.123
0.456,1,2.345
-0.567,0,1.789
1.456,1,5.678
-0.123,0,0.456
0.89,1,3.456
-1.345,0,0.789
0.234,1,2.678
-0.678,0,1.234
1.234,1,4.567
-0.456,0,0.345
0.567,1,3.789
-1.5,0,0.123
0.123,1,2.456
-0.89,0,1.678
1.345,1,5.123
-0.234,0,0.678
-1.204,1,12.345
0.456,0,8.912
1.234,1,20.678
-0.789,0,7.456
0.123,1,15.678
-1.345,0,6.789
0.678,1,18.234
1.456,1,22.345
-0.567,0,9.012
0.345,1,17.89
-0.234,0,8.345
1.123,1,21.456
-1.456,0,5.678
0.789,1,19.012
-0.678,0,7.89
1.345,1,23.456
-0.123,0,8.678
0.567,1,16.789
-1.012,0,6.234
0.234,1,14.567
1.012,1,20.89
-0.89,0,7.123
0.89,1,18.456
-1.123,0,6.678
0.012,1,15.234
1.5,1,24.567
-0.456,0,8.234
0.456,1,17.012
-1.5,0,5.89
0.678,1,19.678
-0.789,0,7.456
1.234,1,22.89
-0.345,0,8.123
0.123,1,15.678
-1.234,0,6.789
0.789,1,18.234
-0.567,0,9.012
1.456,1,23.456
-0.678,0,7.89
0.345,1,16.789
-1.012,0,6.234
0.89,1,19.89
-0.89,0,7.123
1.5,1,25.678
-0.234,0,8.345
0.567,1,17.89
-1.345,0,5.678
0.678,1,18.456
-0.123,0,8.678
1.123,1,21.456
-1.456,0,6.789
0.789,1,19.012
-0.678,0,7.89
1.345,1,23.456
-0.89,0,7.123
0.89,1,18.456
-1.012,0,6.234
0.234,1,14.567
1.456,1,22.345
-0.567,0,9.012
0.456,1,17.89
-1.5,0,5.89
0.678,1,19.678
-0.789,0,7.456
1.234,1,20.678
-0.345,0,8.123
0.123,1,15.678
-1.234,0,6.789
0.789,1,18.234
-0.567,0,9.012
1.456,1,23.456
-0.678,0,7.89
0.345,1,16.789
-1.012,0,6.234
0.89,1,19.89
-0.89,0,7.123
1.5,1,25.678
-0.234,0,8.345
0.567,1,17.89
-1.345,0,5.678
0.678,1,18.456
-0.123,0,8.678
1.123,1,21.456
-1.456,0,6.789
0.789,1,19.012
-0.678,0,7.89
1.345,1,23.456
-0.89,0,7.123
0.89,1,18.456
-1.012,0,6.234
0.234,1,14.567
1.456,1,22.345
-0.567,0,9.012
0.456,1,17.89
-1.5,0,5.89
0.678,1,19.678
-0.789,0,7.456
1.234,1,20.678
-0.345,0,8.123
0.123,1,15.678
-1.234,0,6.789
0.789,1,18.234
-0.567,0,9.012
1.456,1,23.456
-0.678,0,7.89
0.345,1,16.789
-1.012,0,6.234
0.89,1,19.89
-0.89,0,7.123
1.5,1,25.678
-0.234,0,8.345
0.567,1,17.89
-1.345,0,5.678
0.678,1,18.456
-0.123,0,8.678
1.123,1,21.456
-1.456,0,6.789
0.789,1,19.012
-0.678,0,7.89
1.345,1,23.456
-0.89,0,7.123
0.89,1,18.456
-1.012,0,6.234
0.234,1,14.567
1.456,1,22.345
-0.567,0,9.012
0.456,1,17.89
-1.5,0,5.89
0.678,1,19.678
-0.789,0,7.456
1.234,1,20.678
-0.345,0,8.123
0.123,1,15.678
-1.234,0,6.789
0.789,1,18.234
-0.567,0,9.012
1.456,1,23.456
-0.678,0,7.89
0.345,1,16.789
-1.012,0,6.234
0.89,1,19.89
-0.89,0,7.123
1.5,1,25.678
-0.234,0,8.345
0.567,1,17.89
-1.345,0,5.678
0.678,1,18.456
-0.123,0,8.678
1.123,1,21.456
-1.456,0,6.789
0.789,1,19.012
-0.678,0,7.89
1.345,1,23.456
-0.89,0,7.123
0.89,1,18.456
-1.012,0,6.234
0.234,1,14.567
1.456,1,22.345
-0.567,0,9.012
0.456,1,17.89
-1.5,0,5.89
0.678,1,19.678
-0.789,0,7.456
1.234,1,20.678
-0.345,0,8.123
0.123,1,15.678
-1.234,0,6.789
0.789,1,18.234
-0.567,0,9.012
1.456,1,23.456
-0.678,0,7.89
0.345,1,16.789
-1.012,0,6.234
0.89,1,19.89
-0.89,0,7.123
1.5,1,25.678
-0.234,0,8.345
0.567,1,17.89
-1.345,0,5.678
0.678,1,18.456
-0.123,0,8.678
1.123,1,21.456
-1.456,0,6.789
0.789,1,19.012
-0.678,0,7.89
1.345,1,23.456
-0.89,0,7.123
0.89,1,18.456
-1.012,0,6.234
0.234,1,14.567
1.456,1,22.345
-0.567,0,9.012
0.456,1,17.89
-1.5,0,5.89
0.678,1,19.678
-0.789,0,7.456
1.234,1,20.678
-0.345,0,8.123
0.123,1,15.678
-1.234,0,6.789
0.789,1,18.234
-0.567,0,9.012
1.456,1,23.456
-0.678,0,7.89
0.345,1,16.789
-1.012,0,6.234
0.89,1,19.89
-0.89,0,7.123
1.5,1,25.678
-0.234,0,8.345
0.567,1,17.89
-1.345,0,5.678
0.678,1,18.456
-0.123,0,8.678
1.123,1,21.456
-1.456,0,6.789
0.789,1,19.012
-0.678,0,7.89
1.345,1,23.456
-0.89,0,7.123
0.89,1,18.456
-1.012,0,6.234
0.234,1,14.567
1.456,1,22.345
-0.567,0,9.012
0.456,1,17.89
-1.5,0,5.89
0.678,1,19.678
-0.789,0,7.456
1.234,1,20.678
-0.345,0,8.123
0.123,1,15.678
-1.234,0,6.789
0.789,1,18.234
-0.567,0,9.012
1.456,1,23.456
-0.678,0,7.89
0.345,1,16.789
-1.012,0,6.234
0.89,1,19.89
-0.89,0,7.123
1.5,1,25.678
-0.234,0,8.345
0.567,1,17.89
-1.345,0,5.678
0.678,1,18.456
-0.123,0,8.678
1.123,1,21.456
-1.456,0,6.789
0.789,1,19.012
-0.678,0,7.89
1.345,1,23.456
-0.89,0,7.123
0.89,1,18.456
-1.012,0,6.234
0.234,1,14.567
1.456,1,22.345
-0.567,0,9.012
0.456,1,17.89
-1.5,0,5.89
0.678,1,19.678
-0.789,0,7.456
1.234,1,20.678
-0.345,0,8.123
0.123,1,15.678
-1.234,0,6.789
0.789,1,18.234
-0.567,0,9.012
1.456,1,23.456
-0.678,0,7.89
0.345,1,16.789
-1.012,0,6.234
0.89,1,19.89
-0.89,0,7.123
1.5,1,25.678
-0.234,0,8.345
0.567,1,17.89
-1.345,0,5.678
0.678,1,18.456
-0.123,0,8.678
1.123,1,21.456
-1.456,0,6.789
0.789,1,19.012
-0.678,0,7.89
1.345,1,23.456
-0.89,0,7.123
0.89,1,18.456
-1.012,0,6.234
0.234,1,14.567
1.456,1,22.345
-0.567,0,9.012
0.456,1,17.89
-1.5,0,5.89
0.678,1,19.678
-0.789,0,7.456
1.234,1,20.678
-0.345,0,8.123
0.123,1,15.678
-1.234,0,6.789
0.789,1,18.234
-1.235,1,1.568
0.456,0,0.732
0.789,1,3.456
-0.123,0,0.456
1.234,1,4.789
-0.987,0,0.123
0.654,1,3.234
-1.456,0,0.321
0.321,1,2.678
-0.654,0,0.987
1.123,1,4.123
-0.789,0,0.654
0.876,1,3.678
-1.345,0,0.234
0.543,1,2.789
-0.234,0,0.345
1.456,1,4.567
-0.567,0,0.456
0.678,1,3.456
-1.234,0,0.123
0.432,1,2.678
-0.876,0,0.789
1.345,1,4.234
-0.321,0,0.567
0.987,1,3.789
-1.123,0,0.345
0.654,1,2.456
-0.456,0,0.123
1.234,1,4.678
-0.789,0,0.234
0.321,1,2.789
-1.456,0,0.456
0.876,1,3.567
-0.234,0,0.678
1.5,1,4.789
-0.654,0,0.345
0.543,1,2.678
-1.345,0,0.123
0.789,1,3.456
-0.987,0,0.234
1.234,1,4.567
-0.123,0,0.456
0.678,1,3.789
-1.5,0,0.321
0.432,1,2.678
-0.876,0,0.789
1.345,1,4.234
-0.321,0,0.567
0.987,1,3.678
-1.234,0,0.123
0.654,1,2.789
-0.456,0,0.345
1.456,1,4.678
-0.789,0,0.234
0.321,1,2.456
-1.345,0,0.456
0.876,1,3.567
-0.234,0,0.678
1.5,1,4.789
-0.654,0,0.345
0.543,1,2.678
-1.123,0,0.123
0.789,1,3.456
-0.987,0,0.234
1.234,1,4.567
-0.123,0,0.456
0.678,1,3.789
-1.5,0,0.321
0.432,1,2.678
-0.876,0,0.789
1.345,1,4.234
-0.321,0,0.567
0.987,1,3.678
-1.234,0,0.123
0.654,1,2.789
-0.456,0,0.345
1.456,1,4.678
-0.789,0,0.234
0.321,1,2.456
-1.345,0,0.456
0.876,1,3.567
-0.234,0,0.678
1.5,1,4.789
-0.654,0,0.345
0.543,1,2.678
-1.123,0,0.123
0.789,1,3.456
-0.987,0,0.234
1.234,1,4.567
-0.123,0,0.456
0.678,1,3.789
-1.5,0,0.321
0.432,1,2.678
-0.876,0,0.789
1.345,1,4.234
-0.321,0,0.567
0.987,1,3.678
-1.234,0,0.123
0.654,1,2.789
-0.456,0,0.345
1.456,1,4.678
-0.789,0,0.234
0.321,1,2.456
-1.345,0,0.456
0.876,1,3.567
-0.234,0,0.678
1.5,1,4.789
-0.654,0,0.345
0.543,1,2.678
-1.123,0,0.123
0.789,1,3.456
-0.987,0,0.234
1.234,1,4.567
-0.123,0,0.456
0.678,1,3.789
-1.5,0,0.321
0.432,1,2.678
-0.876,0,0.789
1.345,1,4.234
-0.321,0,0.567
0.987,1,3.678
-1.234,0,0.123
0.654,1,2.789
-0.456,0,0.345
1.456,1,4.678
-0.789,0,0.234
0.321,1,2.456
-1.345,0,0.456
0.876,1,3.567
-0.234,0,0.678
1.5,1,4.789
-0.654,0,0.345
0.543,1,2.678
-1.123,0,0.123
0.789,1,3.456
-0.987,0,0.234
1.234,1,4.567
-0.123,0,0.456
0.678,1,3.789
-1.5,0,0.321
0.432,1,2.678
-0.876,0,0.789
1.345,1,4.234
-0.321,0,0.567
0.987,1,3.678
-1.234,0,0.123
0.654,1,2.789
-0.456,0,0.345
1.456,1,4.678
-0.789,0,0.234
0.321,1,2.456
-1.345,0,0.456
0.876,1,3.567
-0.234,0,0.678
1.5,1,4.789
-0.654,0,0.345
0.543,1,2.678
-1.123,0,0.123
0.789,1,3.456
-0.987,0,0.234
1.234,1,4.567
-0.123,0,0.456
0.678,1,3.789
-1.5,0,0.321
0.432,1,2.678
-0.876,0,0.789
1.345,1,4.234
-0.321,0,0.567
0.987,1,3.678
-1.234,0,0.123
0.654,1,2.789
-0.456,0,0.345
1.456,1,4.678
-0.789,0,0.234
0.321,1,2.456
-1.345,0,0.456
0.876,1,3.567
-0.234,0,0.678
1.5,1,4.789
-0.654,0,0.345
0.543,1,2.678
-1.123,0,0.123
0.789,1,3.456
-0.987,0,0.234
1.234,1,4.567
-0.123,0,0.456
0.678,1,3.789
-1.5,0,0.321
0.432,1,2.678
-0.876,0,0.789
1.345,1,4.234
-0.321,0,0.567
0.987,1,3.678
-1.234,0,0.123
0.654,1,2.789
-0.456,0,0.345
1.456,1,4.678
-0.789,0,0.234
0.321,1,2.456
-1.345,0,0.456
0.876,1,3.567
-0.234,0,0.678
1.5,1,4.789
-0.654,0,0.345
0.543,1,2.678
-1.123,0,0.123
0.789,1,3.456
-0.987,0,0.234
1.234,1,4.567
-0.123,0,0.456
0.678,1,3.789
-1.5,0,0.321
0.432,1,2.678
-0.876,0,0.789
1.345,1,4.234
-0.321,0,0.567
0.987,1,3.678
-1.234,0,0.123
0.654,1,2.789
-0.456,0,0.345
1.456,1,4.678
-0.789,0,0.234
0.321,1,2.456
-1.345,0,0.456
0.876,1,3.567
-0.234,0,0.678
1.5,1,4.789
-0.654,0,0.345
0.543,1,2.678
-1.123,0,0.123
0.789,1,3.456
-0.987,0,0.234
1.234,1,4.567
-0.123,0,0.456
0.678,1,3.789
-1.5,0,0.321
0.432,1,2.678
-0.876,0,0.789
1.345,1,4.234
-0.321,0,0.567
0.987,1,3.678
-1.234,0,0.123
0.654,1,2.789
-0.456,0,0.345
1.456,1,4.678
-0.789,0,0.234
0.321,1,2.456
-1.345,0,0.456
0.876,1,3.567
-0.234,0,0.678
1.5,1,4.789
-0.654,0,0.345
0.543,1,2.678
-1.123,0,0.123
0.789,1,3.456
-0.987,0,0.234
1.234,1,4.567
-0.123,0,0.456
0.678,1,3.789
-1.5,0,0.321
0.432,1,2.678
-0.876,0,0.789
1.345,1,4.234
-0.321,0,0.567
0.987,1,3.678
-1.234,0,0.123
0.654,1,2.789
-0.456,0,0.345
1.456,1,4.678
-0.789,0,0.234
0.321,1,2.456
-1.345,0,0.456
0.876,1,3.567
-0.234,0,0.678
1.5,1,4.789
-0.654,0,0.345
0.543,1,2.678
-1.123,0,0.123
0.789,1,3.456
-0.987,0,0.234
1.234,1,4.567
-0.123,0,0.456
0.678,1,3.789
-1.5,0,0.321
0.432,1,2.678
-0.876,0,0.789
1.345,1,4.234
-0.321,0,0.567
0.987,1,3.678
-1.234,0,0.123
0.654,1,2.789
-0.456,0,0.345
1.456,1,4.678
-0.789,0,0.234
0.321,1,2.456
-1.345,0,0.456
0.876,1,3.567
-0.234,0,0.678
1.5,1,4.789
-0.654,0,0.345
-0.123,1,5.678
0.456,0,3.234
-1.234,1,7.89
0.789,0,4.567
1.345,1,8.901
-0.567,0,2.345
0.234,1,6.789
-1.456,1,7.123
0.678,0,3.456
1.234,1,9.012
-0.345,0,2.678
0.123,1,5.432
-1.345,0,3.89
0.567,1,6.123
1.456,1,8.234
-0.789,0,2.456
0.345,1,5.678
-1.123,1,7.89
0.901,0,4.321
1.5,1,9.345
-0.234,0,3.567
0.456,1,6.789
-1.5,1,8.012
0.789,0,4.678
1.234,1,9.123
-0.567,0,2.789
0.678,1,6.345
-1.234,1,7.456
0.123,0,3.89
1.345,1,8.678
-0.456,0,2.345
0.234,1,5.89
-1.456,1,7.123
0.678,0,4.567
1.234,1,9.456
-0.789,0,2.678
0.345,1,5.123
-1.123,1,7.89
0.901,0,3.456
1.5,1,8.901
-0.234,0,2.456
0.456,1,6.789
-1.5,1,8.234
0.789,0,4.321
1.234,1,9.012
-0.567,0,2.678
0.678,1,5.678
-1.234,1,7.89
0.123,0,3.89
1.345,1,8.678
-0.456,0,2.345
0.234,1,5.89
-1.456,1,7.123
0.678,0,4.567
1.234,1,9.456
-0.789,0,2.678
0.345,1,5.123
-1.123,1,7.89
0.901,0,3.456
1.5,1,8.901
-0.234,0,2.456
0.456,1,6.789
-1.5,1,8.234
0.789,0,4.321
1.234,1,9.012
-0.567,0,2.678
0.678,1,5.678
-1.234,1,7.89
0.123,0,3.89
1.345,1,8.678
-0.456,0,2.345
0.234,1,5.89
-1.456,1,7.123
0.678,0,4.567
1.234,1,9.456
-0.789,0,2.678
0.345,1,5.123
-1.123,1,7.89
0.901,0,3.456
1.5,1,8.901
-0.234,0,2.456
0.456,1,6.789
-1.5,1,8.234
0.789,0,4.321
1.234,1,9.012
-0.567,0,2.678
0.678,1,5.678
-1.234,1,7.89
0.123,0,3.89
1.345,1,8.678
-0.456,0,2.345
0.234,1,5.89
-1.456,1,7.123
0.678,0,4.567
1.234,1,9.456
-0.789,0,2.678
0.345,1,5.123
-1.123,1,7.89
0.901,0,3.456
1.5,1,8.901
-0.234,0,2.456
0.456,1,6.789
-1.5,1,8.234
0.789,0,4.321
1.234,1,9.012
-0.567,0,2.678
0.678,1,5.678
-1.234,1,7.89
0.123,0,3.89
1.345,1,8.678
-0.456,0,2.345
0.234,1,5.89
-1.456,1,7.123
0.678,0,4.567
1.234,1,9.456
-0.789,0,2.678
0.345,1,5.123
-1.123,1,7.89
0.901,0,3.456
1.5,1,8.901
-0.234,0,2.456
0.456,1,6.789
-1.5,1,8.234
0.789,0,4.321
1.234,1,9.012
-0.567,0,2.678
0.678,1,5.678
-1.234,1,7.89
0.123,0,3.89
1.345,1,8.678
-0.456,0,2.345
0.234,1,5.89
-1.456,1,7.123
0.678,0,4.567
1.234,1,9.456
-0.789,0,2.678
0.345,1,5.123
-1.123,1,7.89
0.901,0,3.456
1.5,1,8.901
-0.234,0,2.456
0.456,1,6.789
-1.5,1,8.234
0.789,0,4.321
1.234,1,9.012
-0.567,0,2.678
0.678,1,5.678
-1.234,1,7.89
0.123,0,3.89
1.345,1,8.678
-0.456,0,2.345
0.234,1,5.89
-1.456,1,7.123
0.678,0,4.567
1.234,1,9.456
-0.789,0,2.678
0.345,1,5.123
-1.123,1,7.89
0.901,0,3.456
1.5,1,8.901
-0.234,0,2.456
0.456,1,6.789
-1.5,1,8.234
0.789,0,4.321
1.234,1,9.012
-0.567,0,2.678
0.678,1,5.678
-1.234,1,7.89
0.123,0,3.89
1.345,1,8.678
-0.456,0,2.345
0.234,1,5.89
-1.456,1,7.123
0.678,0,4.567
1.234,1,9.456
-0.789,0,2.678
0.345,1,5.123
-1.123,1,7.89
0.901,0,3.456
1.5,1,8.901
-0.234,0,2.456
0.456,1,6.789
-1.5,1,8.234
0.789,0,4.321
1.234,1,9.012
-0.567,0,2.678
0.678,1,5.678
-1.234,1,7.89
0.123,0,3.89
1.345,1,8.678
-0.456,0,2.345
0.234,1,5.89
-1.456,1,7.123
0.678,0,4.567
1.234,1,9.456
-0.789,0,2.678
0.345,1,5.123
-1.123,1,7.89
0.901,0,3.456
1.5,1,8.901
-0.234,0,2.456
0.456,1,6.789
-1.5,1,8.234
0.789,0,4.321
1.234,1,9.012
-0.567,0,2.678
0.678,1,5.678
-1.234,1,7.89
0.123,0,3.89
1.345,1,8.678
-0.456,0,2.345
0.234,1,5.89
-1.456,1,7.123
0.678,0,4.567
1.234,1,9.456
-0.789,0,2.678
0.345,1,5.123
-1.123,1,7.89
0.901,0,3.456
1.5,1,8.901
-0.234,0,2.456
0.456,1,6.789
-1.5,1,8.234
0.789,0,4.321
1.234,1,9.012
-0.567,0,2.678
0.678,1,5.678
-1.234,1,7.89
0.123,0,3.89
1.345,1,8.678
-0.456,0,2.345
0.234,1,5.89
-1.456,1,7.123
0.678,0,4.567
1.234,1,9.456
-0.789,0,2.678
0.345,1,5.123
-1.123,1,7.89
0.901,0,3.456
1.5,1,8.901
-0.234,0,2.456
0.456,1,6.789
-1.5,1,8.234
0.789,0,4.321
1.234,1,9.012
-0.567,0,2.678
0.678,1,5.678
-1.234,1,7.89
0.123,0,3.89
1.345,1,8.678
-0.456,0,2.345
0.234,1,5.89
-1.456,1,7.123
0.678,0,4.567
1.234,1,9.456
-0.789,0,2.678
0.345,1,5.123
-1.123,1,7.89
0.901,0,3.456
1.5,1,8.901
-0.234,0,2.456
0.456,1,6.789
-1.5,1,8.234
0.789,0,4.321
1.234,1,9.012
-0.567,0,2.678
0.678,1,5.678
-1.234,1,7.89
0.123,0,3.89
1.345,1,8.678
-0.456,0,2.345
0.234,1,5.89
-1.456,1,7.123
0.678,0,4.567
1.234,1,9.456
-0.789,0,2.678
0.345,1,5.123
-1.123,1,7.89
0.901,0,3.456
1.5,1,8.901
-0.234,0,2.456
0.456,1,6.789
-1.5,1,8.234
0.789,0,4.321
1.234,1,9.012
-0.567,0,2.678
0.678,1,5.678
-1.234,1,7.89
0.123,0,3.89
1.345,1,8.678
-0.456,0,2.345
0.234,1,5.89
-1.456,1,7.123
0.678,0,4.567
1.234,1,9.456
-0.789,0,2.678
0.345,1,5.123
-1.123,1,7.89
0.901,0,3.456
1.5,1,8.901
-0.123,1,5.678
0.456,0,3.234
-1.234,1,7.89
0.789,0,4.567
1.345,1,8.123
-0.987,0,2.345
0.234,1,6.789
-0.654,0,3.456
1.234,1,9.012
-1.456,0,2.678
0.567,1,7.345
-0.345,0,3.789
1.123,1,8.456
-0.789,0,2.89
0.89,1,6.123
-1.123,0,3.012
0.345,1,7.678
-0.567,0,2.456
1.456,1,9.345
-0.234,0,3.678
0.678,1,6.89
-1.345,0,2.123
0.123,1,5.456
-0.89,0,3.234
1.234,1,8.789
-0.456,0,2.678
0.456,1,7.012
-1.5,0,2.89
0.789,1,6.345
-0.123,0,3.456
1.5,1,9.678
-0.678,0,2.345
0.234,1,5.89
-1.234,0,3.012
0.89,1,7.456
-0.345,0,2.678
1.345,1,8.123
-0.789,0,3.789
0.567,1,6.678
-1.123,0,2.89
0.678,1,7.345
-0.456,0,3.234
1.456,1,9.012
-0.234,0,2.678
0.123,1,5.678
-1.5,0,3.456
0.89,1,6.789
-0.678,0,2.345
1.234,1,8.456
-0.345,0,3.789
0.456,1,7.89
-1.234,0,2.678
0.789,1,6.123
-0.123,0,3.012
1.5,1,9.345
-0.89,0,2.89
0.678,1,5.456
-1.345,0,3.678
0.234,1,7.012
-0.567,0,2.123
1.234,1,8.789
-0.456,0,3.456
0.89,1,6.89
-1.5,0,2.678
0.123,1,5.345
-0.789,0,3.234
1.456,1,9.678
-0.678,0,2.89
0.567,1,7.123
-1.123,0,3.012
0.89,1,6.456
-0.345,0,2.678
1.345,1,8.123
-0.234,0,3.789
0.456,1,5.678
-1.234,0,2.345
0.789,1,6.789
-0.123,0,3.456
1.5,1,9.012
-0.89,0,2.678
0.678,1,7.345
-1.345,0,3.234
0.234,1,5.89
-0.567,0,2.123
1.234,1,8.456
-0.456,0,3.678
0.89,1,6.89
-1.5,0,2.678
0.123,1,5.678
-0.789,0,3.456
1.456,1,9.345
-0.678,0,2.89
0.567,1,7.012
-1.123,0,3.012
0.89,1,6.123
-0.345,0,2.678
1.345,1,8.789
-0.234,0,3.456
0.456,1,5.89
-1.234,0,2.678
0.789,1,6.345
-0.123,0,3.789
1.5,1,9.678
-0.89,0,2.89
0.678,1,5.456
-1.345,0,3.234
0.234,1,7.89
-0.567,0,2.123
1.234,1,8.456
-0.456,0,3.678
0.89,1,6.89
-1.5,0,2.678
0.123,1,5.678
-0.789,0,3.456
1.456,1,9.345
-0.678,0,2.89
0.567,1,7.012
-1.123,0,3.012
0.89,1,6.123
-0.345,0,2.678
1.345,1,8.789
-0.234,0,3.456
0.456,1,5.89
-1.234,0,2.678
0.789,1,6.345
-0.123,0,3.789
1.5,1,9.678
-0.89,0,2.89
0.678,1,5.456
-1.345,0,3.234
0.234,1,7.89
-0.567,0,2.123
1.234,1,8.456
-0.456,0,3.678
0.89,1,6.89
-1.5,0,2.678
0.123,1,5.678
-0.789,0,3.456
1.456,1,9.345
-0.678,0,2.89
0.567,1,7.012
-1.123,0,3.012
0.89,1,6.123
-0.345,0,2.678
1.345,1,8.789
-0.234,0,3.456
0.456,1,5.89
-1.234,0,2.678
0.789,1,6.345
-0.123,0,3.789
1.5,1,9.678
-0.89,0,2.89
0.678,1,5.456
-1.345,0,3.234
0.234,1,7.89
-0.567,0,2.123
1.234,1,8.456
-0.456,0,3.678
0.89,1,6.89
-1.5,0,2.678
0.123,1,5.678
-0.789,0,3.456
1.456,1,9.345
-0.678,0,2.89
0.567,1,7.012
-1.123,0,3.012
0.89,1,6.123
-0.345,0,2.678
1.345,1,8.789
-0.234,0,3.456
0.456,1,5.89
-1.234,0,2.678
0.789,1,6.345
-0.123,0,3.789
1.5,1,9.678
-0.89,0,2.89
0.678,1,5.456
-1.345,0,3.234
0.234,1,7.89
-0.567,0,2.123
1.234,1,8.456
-0.456,0,3.678
0.89,1,6.89
-1.5,0,2.678
0.123,1,5.678
-0.789,0,3.456
1.456,1,9.345
-0.678,0,2.89
0.567,1,7.012
-1.123,0,3.012
0.89,1,6.123
-0.345,0,2.678
1.345,1,8.789
-0.234,0,3.456
0.456,1,5.89
-1.234,0,2.678
0.789,1,6.345
-0.123,0,3.789
1.5,1,9.678
-0.89,0,2.89
0.678,1,5.456
-1.345,0,3.234
0.234,1,7.89
-0.567,0,2.123
1.234,1,8.456
-0.456,0,3.678
0.89,1,6.89
-1.5,0,2.678
0.123,1,5.678
-0.789,0,3.456
1.456,1,9.345
-0.678,0,2.89
0.567,1,7.012
-1.123,0,3.012
0.89,1,6.123
-0.345,0,2.678
1.345,1,8.789
-0.234,0,3.456
0.456,1,5.89
-1.234,0,2.678
0.789,1,6.345
-0.123,0,3.789
1.5,1,9.678
-0.89,0,2.89
0.678,1,5.456
-1.345,0,3.234
0.234,1,7.89
-0.567,0,2.123
1.234,1,8.456
-0.456,0,3.678
0.89,1,6.89
-1.5,0,2.678
0.123,1,5.678
-0.789,0,3.456
1.456,1,9.345
-0.678,0,2.89
0.567,1,7.012
-1.123,0,3.012
0.89,1,6.123
-0.345,0,2.678
1.345,1,8.789
-0.234,0,3.456
0.456,1,5.89
-1.234,0,2.678
0.789,1,6.345
-0.123,0,3.789
1.5,1,9.678
-0.89,0,2.89
0.678,1,5.456
-1.345,0,3.234
0.234,1,7.89
-0.567,0,2.123
1.234,1,8.456
-0.456,0,3.678
0.89,1,6.89
-1.5,0,2.678
0.123,1,5.678
-0.789,0,3.456
1.456,1,9.345
-0.678,0,2.89
0.567,1,7.012
-1.123,0,3.012
0.89,1,6.123
-0.345,0,2.678
1.345,1,8.789
-0.234,0,3.456
0.456,1,5.89
-1.234,0,2.678
0.789,1,6.345
-0.123,0,3.789
1.5,1,9.678
-0.89,0,2.89
0.678,1,5.456
-1.345,0,3.234
0.234,1,7.89
-0.567,0,2.123
1.234,1,8.456
-0.456,0,3.678
0.89,1,6.89
-1.5,0,2.678
0.123,1,5.678
-0.789,0,3.456
1.456,1,9.345
-0.678,0,2.89
0.567,1,7.012
-1.123,0,3.012
0.89,1,6.123
-0.345,0,2.678
1.345,1,8.789
-0.234,0,3.456
0.456,1,5.89
-1.234,0,2.678
0.789,1,6.345
-0.123,0,3.789
1.5,1,9.678
-0.89,0,2.89
0.678,1,5.456
-1.345,0,3.234
0.234,1,7.89
-0.567,0,2.123
-0.123,1,3.456
0.456,0,1.234
-1.234,1,4.567
0.789,1,5.678
-0.567,0,2.345
1.234,1,6.789
-0.345,0,2.456
0.678,1,5.123
-1.456,0,1.678
0.123,1,4.89
1.345,1,7.123
-0.789,0,2.678
0.234,1,4.567
-0.678,0,2.345
1.456,1,6.89
-0.456,0,1.234
0.345,1,5.456
-1.345,0,1.89
0.567,1,5.678
-0.234,0,2.123
1.5,1,7.456
-0.123,0,1.567
0.789,1,5.789
-1.5,0,1.234
0.456,1,4.678
-0.678,0,2.456
1.234,1,6.567
-0.345,0,2.789
0.678,1,5.89
-1.234,0,1.89
0.123,1,4.123
1.345,1,7.89
-0.789,0,2.345
0.234,1,4.89
-0.567,0,2.678
1.456,1,6.123
-0.456,0,1.89
0.345,1,5.345
-1.345,0,1.678
0.567,1,5.678
-0.234,0,2.123
1.5,1,7.567
-0.123,0,1.456
0.789,1,5.456
-1.5,0,1.234
0.456,1,4.567
-0.678,0,2.789
1.234,1,6.89
-0.345,0,2.456
0.678,1,5.123
-1.234,0,1.678
0.123,1,4.89
1.345,1,7.123
-0.789,0,2.678
0.234,1,4.567
-0.567,0,2.345
1.456,1,6.789
-0.456,0,1.234
0.345,1,5.456
-1.345,0,1.89
0.567,1,5.678
-0.234,0,2.123
1.5,1,7.456
-0.123,0,1.567
0.789,1,5.789
-1.5,0,1.234
0.456,1,4.678
-0.678,0,2.456
1.234,1,6.567
-0.345,0,2.789
0.678,1,5.89
-1.234,0,1.89
0.123,1,4.123
1.345,1,7.89
-0.789,0,2.345
0.234,1,4.89
-0.567,0,2.678
1.456,1,6.123
-0.456,0,1.89
0.345,1,5.345
-1.345,0,1.678
0.567,1,5.678
-0.234,0,2.123
1.5,1,7.567
-0.123,0,1.456
0.789,1,5.456
-1.5,0,1.234
0.456,1,4.567
-0.678,0,2.789
1.234,1,6.89
-0.345,0,2.456
0.678,1,5.123
-1.234,0,1.678
0.123,1,4.89
1.345,1,7.123
-0.789,0,2.678
0.234,1,4.567
-0.567,0,2.345
1.456,1,6.789
-0.456,0,1.234
0.345,1,5.456
-1.345,0,1.89
0.567,1,5.678
-0.234,0,2.123
1.5,1,7.456
-0.123,0,1.567
0.789,1,5.789
-1.5,0,1.234
0.456,1,4.678
-0.678,0,2.456
1.234,1,6.567
-0.345,0,2.789
0.678,1,5.89
-1.234,0,1.89
0.123,1,4.123
1.345,1,7.89
-0.789,0,2.345
0.234,1,4.89
-0.567,0,2.678
1.456,1,6.123
-0.456,0,1.89
0.345,1,5.345
-1.345,0,1.678
0.567,1,5.678
-0.234,0,2.123
1.5,1,7.567
-0.123,0,1.456
0.789,1,5.456
-1.5,0,1.234
0.456,1,4.567
-0.678,0,2.789
1.234,1,6.89
-0.345,0,2.456
0.678,1,5.123
-1.234,0,1.678
0.123,1,4.89
1.345,1,7.123
-0.789,0,2.678
0.234,1,4.567
-0.567,0,2.345
1.456,1,6.789
-0.456,0,1.234
0.345,1,5.456
-1.345,0,1.89
0.567,1,5.678
-0.234,0,2.123
1.5,1,7.456
-0.123,0,1.567
0.789,1,5.789
-1.5,0,1.234
0.456,1,4.678
-0.678,0,2.456
1.234,1,6.567
-0.345,0,2.789
0.678,1,5.89
-1.234,0,1.89
0.123,1,4.123
1.345,1,7.89
-0.789,0,2.345
0.234,1,4.89
-0.567,0,2.678
1.456,1,6.123
-0.456,0,1.89
0.345,1,5.345
-1.345,0,1.678
0.567,1,5.678
-0.234,0,2.123
1.5,1,7.567
-0.123,0,1.456
0.789,1,5.456
-1.5,0,1.234
0.456,1,4.567
-0.678,0,2.789
1.234,1,6.89
-0.345,0,2.456
0.678,1,5.123
-1.234,0,1.678
0.123,1,4.89
1.345,1,7.123
-0.789,0,2.678
0.234,1,4.567
-0.567,0,2.345
1.456,1,6.789
-0.456,0,1.234
0.345,1,5.456
-1.345,0,1.89
0.567,1,5.678
-0.234,0,2.123
1.5,1,7.456
-0.123,0,1.567
0.789,1,5.789
-1.5,0,1.234
0.456,1,4.678
-0.678,0,2.456
1.234,1,6.567
-0.345,0,2.789
0.678,1,5.89
-1.234,0,1.89
0.123,1,4.123
1.345,1,7.89
-0.789,0,2.345
0.234,1,4.89
-0.567,0,2.678
1.456,1,6.123
-0.456,0,1.89
0.345,1,5.345
-1.345,0,1.678
0.567,1,5.678
-0.234,0,2.123
1.5,1,7.567
-0.123,0,1.456
0.789,1,5.456
-1.5,0,1.234
0.456,1,4.567
-0.678,0,2.789
1.234,1,6.89
-0.345,0,2.456
0.678,1,5.123
-1.234,0,1.678
0.123,1,4.89
1.345,1,7.123
-0.789,0,2.678
0.234,1,4.567
-0.567,0,2.345
1.456,1,6.789
-0.456,0,1.234
0.345,1,5.456
-1.345,0,1.89
0.567,1,5.678
-0.234,0,2.123
1.5,1,7.456
-0.123,0,1.567
0.789,1,5.789
-1.5,0,1.234
0.456,1,4.678
-0.678,0,2.456
1.234,1,6.567
-0.345,0,2.789
0.678,1,5.89
-1.234,0,1.89
0.123,1,4.123
1.345,1,7.89
-0.789,0,2.345
0.234,1,4.89
-0.567,0,2.678
1.456,1,6.123
-0.456,0,1.89
0.345,1,5.345
-1.345,0,1.678
0.567,1,5.678
-0.234,0,2.123
1.5,1,7.567
-0.123,0,1.456
0.789,1,5.456
-1.5,0,1.234
0.456,1,4.567
-0.678,0,2.789
1.234,1,6.89
-0.345,0,2.456
0.678,1,5.123
-1.234,0,1.678
0.123,1,4.89
1.345,1,7.123
-0.789,0,2.678
0.234,1,4.567
-0.567,0,2.345
1.456,1,6.789
-0.456,0,1.234
0.345,1,5.456
-1.345,0,1.89
0.567,1,5.678
-0.234,0,2.123
1.5,1,7.456
-0.123,0,1.567
0.789,1,5.789
-1.5,0,1.234
0.456,1,4.678
-0.678,0,2.456
1.234,1,6.567
-0.345,0,2.789
0.678,1,5.89
-1.234,0,1.89
0.123,1,4.123
1.345,1,7.89
-0.789,0,2.345
0.234,1,4.89
-0.567,0,2.678
1.456,1,6.123
-0.456,0,1.89
0.345,1,5.345
-1.345,0,1.678
0.567,1,5.678
-0.234,0,2.123
1.5,1,7.567
-0.123,0,1.456
0.789,1,5.456
-1.5,0,1.234
0.456,1,4.567
-0.678,0,2.789
1.234,1,6.89
-0.234,1,1.872
0.456,0,0.512
-1.123,1,3.456
0.789,0,1.234
-0.567,1,2.789
1.234,0,0.987
-0.345,1,2.345
0.678,0,1.678
-1.456,1,4.123
0.123,0,0.789
1.345,1,3.678
-0.789,0,1.456
0.234,1,2.456
-0.678,0,1.234
1.456,1,3.456
-0.123,0,0.678
0.567,1,2.678
-1.234,0,0.456
0.345,1,2.123
1.123,0,1.345
-0.456,1,2.789
0.789,0,1.567
-0.678,1,3.123
1.234,0,0.678
-1.345,1,4.567
0.456,0,1.234
-0.234,1,2.345
1.5,0,1.789
-0.789,1,3.456
0.678,0,0.987
-1.123,1,4.123
0.123,0,1.456
1.234,1,3.678
-0.567,0,0.789
0.345,1,2.456
-0.456,0,1.234
1.456,1,3.789
-0.678,0,0.678
0.789,1,2.123
-1.234,0,1.345
0.567,1,3.456
-0.345,0,0.456
1.123,1,4.567
-0.789,0,1.678
0.234,1,2.789
-1.456,0,0.987
0.456,1,3.123
-0.678,0,1.234
1.345,1,4.123
-0.123,0,0.678
0.789,1,2.345
-1.234,0,1.456
0.567,1,3.678
-0.456,0,0.789
1.234,1,4.567
-0.789,0,1.234
0.345,1,2.456
-1.123,0,0.678
0.678,1,3.456
-0.234,0,1.789
1.456,1,4.123
-0.678,0,0.987
0.789,1,2.345
-1.345,0,1.456
0.567,1,3.678
-0.456,0,0.789
1.234,1,4.567
-0.789,0,1.234
0.345,1,2.456
-1.123,0,0.678
0.678,1,3.456
-0.234,0,1.789
1.456,1,4.123
-0.678,0,0.987
0.789,1,2.345
-1.345,0,1.456
0.567,1,3.678
-0.456,0,0.789
1.234,1,4.567
-0.789,0,1.234
0.345,1,2.456
-1.123,0,0.678
0.678,1,3.456
-0.234,0,1.789
1.456,1,4.123
-0.678,0,0.987
0.789,1,2.345
-1.345,0,1.456
0.567,1,3.678
-0.456,0,0.789
1.234,1,4.567
-0.789,0,1.234
0.345,1,2.456
-1.123,0,0.678
0.678,1,3.456
-0.234,0,1.789
1.456,1,4.123
-0.678,0,0.987
0.789,1,2.345
-1.345,0,1.456
0.567,1,3.678
-0.456,0,0.789
1.234,1,4.567
-0.789,0,1.234
0.345,1,2.456
-1.123,0,0.678
0.678,1,3.456
-0.234,0,1.789
1.456,1,4.123
-0.678,0,0.987
0.789,1,2.345
-1.345,0,1.456
0.567,1,3.678
-0.456,0,0.789
1.234,1,4.567
-0.789,0,1.234
0.345,1,2.456
-1.123,0,0.678
0.678,1,3.456
-0.234,0,1.789
1.456,1,4.123
-0.678,0,0.987
0.789,1,2.345
-1.345,0,1.456
0.567,1,3.678
-0.456,0,0.789
1.234,1,4.567
-0.789,0,1.234
0.345,1,2.456
-1.123,0,0.678
0.678,1,3.456
-0.234,0,1.789
1.456,1,4.123
-0.678,0,0.987
0.789,1,2.345
-1.345,0,1.456
0.567,1,3.678
-0.456,0,0.789
1.234,1,4.567
-0.789,0,1.234
0.345,1,2.456
-1.123,0,0.678
0.678,1,3.456
-0.234,0,1.789
1.456,1,4.123
-0.678,0,0.987
0.789,1,2.345
-1.345,0,1.456
0.567,1,3.678
-0.456,0,0.789
1.234,1,4.567
-0.789,0,1.234
0.345,1,2.456
-1.123,0,0.678
0.678,1,3.456
-0.234,0,1.789
1.456,1,4.123
-0.678,0,0.987
0.789,1,2.345
-1.345,0,1.456
0.567,1,3.678
-0.456,0,0.789
1.234,1,4.567
-0.789,0,1.234
0.345,1,2.456
-1.123,0,0.678
0.678,1,3.456
-0.234,0,1.789
1.456,1,4.123
-0.678,0,0.987
0.789,1,2.345
-1.345,0,1.456
0.567,1,3.678
-0.456,0,0.789
1.234,1,4.567
-0.789,0,1.234
0.345,1,2.456
-1.123,0,0.678
0.678,1,3.456
-0.234,0,1.789
1.456,1,4.123
-0.678,0,0.987
0.789,1,2.345
-1.345,0,1.456
0.567,1,3.678
-0.456,0,0.789
1.234,1,4.567
-0.789,0,1.234
0.345,1,2.456
-1.123,0,0.678
0.678,1,3.456
-0.234,0,1.789
1.456,1,4.123
-0.678,0,0.987
0.789,1,2.345
-1.345,0,1.456
0.567,1,3.678
-0.456,0,0.789
1.234,1,4.567
-0.789,0,1.234
0.345,1,2.456
-1.123,0,0.678
0.678,1,3.456
-0.234,0,1.789
1.456,1,4.123
-0.678,0,0.987
0.789,1,2.345
-1.345,0,1.456
0.567,1,3.678
-0.456,0,0.789
1.234,1,4.567
-0.789,0,1.234
0.345,1,2.456
-1.123,0,0.678
0.678,1,3.456
-0.234,0,1.789
1.456,1,4.123
-0.678,0,0.987
0.789,1,2.345
-1.345,0,1.456
0.567,1,3.678
-0.456,0,0.789
1.234,1,4.567
-0.789,0,1.234
0.345,1,2.456
-1.123,0,0.678
0.678,1,3.456
-0.234,0,1.789
1.456,1,4.123
-0.678,0,0.987
0.789,1,2.345
-1.345,0,1.456
0.567,1,3.678
-0.456,0,0.789
1.234,1,4.567
-0.789,0,1.234
0.345,1,2.456
-1.123,0,0.678
0.678,1,3.456
-0.234,0,1.789
1.456,1,4.123
-0.678,0,0.987
0.789,1,2.345
-1.345,0,1.456
0.567,1,3.678
-0.456,0,0.789
1.234,1,4.567
-0.789,0,1.234
0.345,1,2.456
-1.123,0,0.678
0.678,1,3.456
-0.234,0,1.789
1.456,1,4.123
-0.678,0,0.987
0.789,1,2.345
-1.345,0,1.456
0.567,1,3.678
-0.456,0,0.789
1.234,1,4.567
-0.789,0,1.234
0.345,1,2.456
-1.123,0,0.678
0.678,1,3.456
-0.234,0,1.789
1.456,1,4.123
-0.678,0,0.987
0.789,1,2.345
-1.345,0,1.456
0.567,1,3.678
-0.456,0,0.789
1.234,1,4.567
-0.789,0,1.234
0.345,1,2.456
-1.123,0,0.678
0.678,1,3.456
-0.234,0,1.789
1.456,1,4.123
-0.678,0,0.987
0.789,1,2.345
-1.345,0,1.456
0.567,1,3.678
-0.456,0,0.789
1.234,1,4.567
-0.789,0,1.234
0.345,1,2.456
-1.123,0,0.678
0.678,1,3.456
-0.234,0,1.789
1.456,1,4.123
-0.678,0,0.987
0.789,1,2.345
-1.345,0,1.456
0.567,1,3.678
-0.456,0,0.789
1.234,1,4.567
-0.789,0,1.234
0.345,1,2.456
-1.123,0,0.678
0.678,1,3.456
-0.234,0,1.789
-0.123,1,3.456
0.456,0,2.789
-1.234,1,4.567
0.789,1,5.678
1.234,0,3.456
-0.456,1,3.123
0.123,0,2.345
-0.789,1,4.234
1.123,0,3.567
0.567,1,5.456
-1.456,0,2.678
0.345,1,4.789
1.5,1,6.123
-0.678,0,2.456
0.234,1,5.678
-1.345,1,4.345
0.678,0,3.234
1.345,1,6.456
-0.234,0,2.123
0.456,1,5.789
1.456,1,6.789
-0.567,0,2.678
0.789,1,5.123
-1.123,0,3.456
0.123,1,4.567
-0.345,1,3.789
1.234,0,2.456
-0.789,1,4.678
0.567,0,3.345
1.5,1,6.789
-1.456,0,2.789
0.345,1,5.456
-0.678,1,4.123
0.234,0,3.567
1.345,1,6.234
-0.123,0,2.345
0.456,1,5.678
-1.234,1,4.789
0.789,0,3.456
-0.456,1,3.123
1.123,1,6.567
-0.678,0,2.456
0.234,1,5.789
-1.345,1,4.345
0.678,0,3.234
1.456,1,6.456
-0.234,0,2.123
0.567,1,5.123
-1.5,0,2.678
0.789,1,5.678
-0.123,1,4.567
1.234,0,3.456
-0.789,1,4.678
0.456,0,2.345
1.345,1,6.789
-0.678,0,2.456
0.234,1,5.456
-1.234,1,4.789
0.567,0,3.345
1.5,1,6.123
-0.345,1,3.789
0.123,0,2.678
-1.456,0,2.789
0.789,1,5.123
-0.678,1,4.234
1.234,0,3.567
-0.456,1,3.123
0.345,0,2.345
1.456,1,6.456
-0.789,0,2.678
0.678,1,5.789
-1.123,1,4.345
0.234,0,3.456
1.345,1,6.789
-0.567,0,2.123
0.456,1,5.678
-1.234,1,4.789
0.789,0,3.567
-0.678,1,4.123
1.5,0,2.456
0.123,1,5.456
-0.345,1,3.789
1.234,0,2.345
-0.789,1,4.678
0.456,0,3.456
1.345,1,6.123
-0.678,0,2.678
0.234,1,5.789
-1.456,1,4.345
0.567,0,3.567
1.5,1,6.456
-0.123,0,2.123
0.789,1,5.678
-0.678,1,4.234
1.234,0,3.456
-0.456,1,3.123
0.345,0,2.345
1.456,1,6.789
-0.789,0,2.678
0.678,1,5.123
-1.123,1,4.567
0.234,0,3.456
1.345,1,6.456
-0.567,0,2.123
0.456,1,5.678
-1.234,1,4.789
0.789,0,3.567
-0.678,1,4.123
1.5,0,2.456
0.123,1,5.456
-0.345,1,3.789
1.234,0,2.345
-0.789,1,4.678
0.456,0,3.456
1.345,1,6.123
-0.678,0,2.678
0.234,1,5.789
-1.456,1,4.345
0.567,0,3.567
1.5,1,6.456
-0.123,0,2.123
0.789,1,5.678
-0.678,1,4.234
1.234,0,3.456
-0.456,1,3.123
0.345,0,2.345
1.456,1,6.789
-0.789,0,2.678
0.678,1,5.123
-1.123,1,4.567
0.234,0,3.456
1.345,1,6.456
-0.567,0,2.123
0.456,1,5.678
-1.234,1,4.789
0.789,0,3.567
-0.678,1,4.123
1.5,0,2.456
0.123,1,5.456
-0.345,1,3.789
1.234,0,2.345
-0.789,1,4.678
0.456,0,3.456
1.345,1,6.123
-0.678,0,2.678
0.234,1,5.789
-1.456,1,4.345
0.567,0,3.567
1.5,1,6.456
-0.123,0,2.123
0.789,1,5.678
-0.678,1,4.234
1.234,0,3.456
-0.456,1,3.123
0.345,0,2.345
1.456,1,6.789
-0.789,0,2.678
0.678,1,5.123
-1.123,1,4.567
0.234,0,3.456
1.345,1,6.456
-0.567,0,2.123
0.456,1,5.678
-1.234,1,4.789
0.789,0,3.567
-0.678,1,4.123
1.5,0,2.456
0.123,1,5.456
-0.345,1,3.789
1.234,0,2.345
-0.789,1,4.678
0.456,0,3.456
1.345,1,6.123
-0.678,0,2.678
0.234,1,5.789
-1.456,1,4.345
0.567,0,3.567
1.5,1,6.456
-0.123,0,2.123
0.789,1,5.678
-0.678,1,4.234
1.234,0,3.456
-0.456,1,3.123
0.345,0,2.345
1.456,1,6.789
-0.789,0,2.678
0.678,1,5.123
-1.123,1,4.567
0.234,0,3.456
1.345,1,6.456
-0.567,0,2.123
0.456,1,5.678
-1.234,1,4.789
0.789,0,3.567
-0.678,1,4.123
1.5,0,2.456
0.123,1,5.456
-0.345,1,3.789
1.234,0,2.345
-0.789,1,4.678
0.456,0,3.456
1.345,1,6.123
-0.678,0,2.678
0.234,1,5.789
-1.456,1,4.345
0.567,0,3.567
1.5,1,6.456
-0.123,0,2.123
0.789,1,5.678
-0.678,1,4.234
1.234,0,3.456
-0.456,1,3.123
0.345,0,2.345
1.456,1,6.789
-0.789,0,2.678
0.678,1,5.123
-1.123,1,4.567
0.234,0,3.456
1.345,1,6.456
-0.567,0,2.123
0.456,1,5.678
-1.234,1,4.789
0.789,0,3.567
-0.678,1,4.123
1.5,0,2.456
0.123,1,5.456
-0.345,1,3.789
1.234,0,2.345
-0.789,1,4.678
0.456,0,3.456
1.345,1,6.123
-0.678,0,2.678
0.234,1,5.789
-1.456,1,4.345
0.567,0,3.567
1.5,1,6.456
-0.123,0,2.123
0.789,1,5.678
-0.678,1,4.234
1.234,0,3.456
-0.456,1,3.123
0.345,0,2.345
1.456,1,6.789
-0.789,0,2.678
0.678,1,5.123
-1.123,1,4.567
0.234,0,3.456
1.345,1,6.456
-0.567,0,2.123
0.456,1,5.678
-1.234,1,4.789
0.789,0,3.567
-0.678,1,4.123
1.5,0,2.456
0.123,1,5.456
-0.345,1,3.789
1.234,0,2.345
-0.789,1,4.678
0.456,0,3.456
1.345,1,6.123
-0.678,0,2.678
0.234,1,5.789
-1.456,1,4.345
0.567,0,3.567
1.5,1,6.456
-0.123,0,2.123
0.789,1,5.678
-0.678,1,4.234
1.234,0,3.456
-0.456,1,3.123
0.345,0,2.345
1.456,1,6.789
-0.789,0,2.678
0.678,1,5.123
-1.123,1,4.567
0.234,0,3.456
1.345,1,6.456
-0.567,0,2.123
0.456,1,5.678
-1.234,1,4.789
0.789,0,3.567
-0.678,1,4.123
1.5,0,2.456
0.123,1,5.456
-0.345,1,3.789
1.234,0,2.345
-0.789,1,4.678
0.456,0,3.456
1.345,1,6.123
-0.678,0,2.678
0.234,1,5.789
-1.456,1,4.345
0.567,0,3.567
1.5,1,6.456
-0.123,0,2.123
0.789,1,5.678
-0.678,1,4.234
1.234,0,3.456
-0.456,1,3.123
0.345,0,2.345
-0.423,1,3.412
0.756,1,5.678
-1.234,0,2.145
0.982,1,6.789
0.456,0,3.234
-0.789,0,1.876
1.234,1,7.456
-0.567,0,2.789
0.345,1,4.567
-1.123,0,1.234
0.678,1,5.89
-0.345,0,2.456
1.456,1,8.123
-0.678,0,2.345
0.234,1,4.123
-1.345,0,1.678
0.567,1,5.234
-0.234,0,2.678
1.345,1,7.89
-0.456,0,2.123
0.123,1,4.789
-1.456,0,1.456
0.789,1,5.678
-0.123,0,2.345
1.123,1,6.89
-0.89,0,1.789
0.456,1,5.123
-1.012,0,1.234
0.678,1,6.567
-0.234,0,2.456
1.234,1,7.89
-0.567,0,1.678
0.345,1,5.234
-1.345,0,2.123
0.789,1,6.456
-0.678,0,1.89
1.456,1,8.123
-0.89,0,2.345
0.123,1,4.567
-1.234,0,1.456
0.567,1,5.678
-0.345,0,2.789
1.345,1,7.89
-0.456,0,1.234
0.678,1,6.789
-1.012,0,2.456
0.234,1,4.123
-0.789,0,1.678
1.234,1,8.456
-0.567,0,2.789
0.456,1,5.678
-1.345,0,1.89
0.123,1,4.567
-0.89,0,2.123
1.456,1,7.89
-0.678,0,1.456
0.789,1,6.123
-1.234,0,2.345
0.567,1,5.789
-0.345,0,1.678
1.345,1,8.123
-0.456,0,2.456
0.678,1,6.89
-1.012,0,1.234
0.234,1,4.789
-0.789,0,2.123
1.234,1,7.456
-0.567,0,1.89
0.456,1,5.678
-1.345,0,2.345
0.123,1,4.567
-0.89,0,1.456
1.456,1,8.123
-0.678,0,2.789
0.789,1,6.567
-1.234,0,1.678
0.567,1,5.234
-0.345,0,2.456
1.345,1,7.89
-0.456,0,1.234
0.678,1,6.89
-1.012,0,2.123
0.234,1,4.567
-0.789,0,1.89
1.234,1,8.456
-0.567,0,2.345
0.456,1,5.678
-1.345,0,1.678
0.123,1,4.789
-0.89,0,2.123
1.456,1,7.89
-0.678,0,1.456
0.789,1,6.123
-1.234,0,2.345
0.567,1,5.789
-0.345,0,1.678
1.345,1,8.123
-0.456,0,2.456
0.678,1,6.89
-1.012,0,1.234
0.234,1,4.789
-0.789,0,2.123
1.234,1,7.456
-0.567,0,1.89
0.456,1,5.678
-1.345,0,2.345
0.123,1,4.567
-0.89,0,1.456
1.456,1,8.123
-0.678,0,2.789
0.789,1,6.567
-1.234,0,1.678
0.567,1,5.234
-0.345,0,2.456
1.345,1,7.89
-0.456,0,1.234
0.678,1,6.89
-1.012,0,2.123
0.234,1,4.567
-0.789,0,1.89
1.234,1,8.456
-0.567,0,2.345
0.456,1,5.678
-1.345,0,1.678
0.123,1,4.789
-0.89,0,2.123
1.456,1,7.89
-0.678,0,1.456
0.789,1,6.123
-1.234,0,2.345
0.567,1,5.789
-0.345,0,1.678
1.345,1,8.123
-0.456,0,2.456
0.678,1,6.89
-1.012,0,1.234
0.234,1,4.789
-0.789,0,2.123
1.234,1,7.456
-0.567,0,1.89
0.456,1,5.678
-1.345,0,2.345
0.123,1,4.567
-0.89,0,1.456
1.456,1,8.123
-0.678,0,2.789
0.789,1,6.567
-1.234,0,1.678
0.567,1,5.234
-0.345,0,2.456
1.345,1,7.89
-0.456,0,1.234
0.678,1,6.89
-1.012,0,2.123
0.234,1,4.567
-0.789,0,1.89
1.234,1,8.456
-0.567,0,2.345
0.456,1,5.678
-1.345,0,1.678
0.123,1,4.789
-0.89,0,2.123
1.456,1,7.89
-0.678,0,1.456
0.789,1,6.123
-1.234,0,2.345
0.567,1,5.789
-0.345,0,1.678
1.345,1,8.123
-0.456,0,2.456
0.678,1,6.89
-1.012,0,1.234
0.234,1,4.789
-0.789,0,2.123
1.234,1,7.456
-0.567,0,1.89
0.456,1,5.678
-1.345,0,2.345
0.123,1,4.567
-0.89,0,1.456
1.456,1,8.123
-0.678,0,2.789
0.789,1,6.567
-1.234,0,1.678
0.567,1,5.234
-0.345,0,2.456
1.345,1,7.89
-0.456,0,1.234
0.678,1,6.89
-1.012,0,2.123
0.234,1,4.567
-0.789,0,1.89
1.234,1,8.456
-0.567,0,2.345
0.456,1,5.678
-1.345,0,1.678
0.123,1,4.789
-0.89,0,2.123
1.456,1,7.89
-0.678,0,1.456
0.789,1,6.123
-1.234,0,2.345
0.567,1,5.789
-0.345,0,1.678
1.345,1,8.123
-0.456,0,2.456
0.678,1,6.89
-1.012,0,1.234
0.234,1,4.789
-0.789,0,2.123
1.234,1,7.456
-0.567,0,1.89
0.456,1,5.678
-1.345,0,2.345
0.123,1,4.567
-0.89,0,1.456
1.456,1,8.123
-0.678,0,2.789
0.789,1,6.567
-1.234,0,1.678
0.567,1,5.234
-0.345,0,2.456
1.345,1,7.89
-0.456,0,1.234
0.678,1,6.89
-1.012,0,2.123
0.234,1,4.567
-0.789,0,1.89
1.234,1,8.456
-0.567,0,2.345
0.456,1,5.678
-1.345,0,1.678
0.123,1,4.789
-0.89,0,2.123
1.456,1,7.89
-0.678,0,1.456
0.789,1,6.123
-1.234,0,2.345
0.567,1,5.789
-0.345,0,1.678
1.345,1,8.123
-0.456,0,2.456
0.678,1,6.89
-1.012,0,1.234
0.234,1,4.789
-0.789,0,2.123
1.234,1,7.456
-0.567,0,1.89
0.456,1,5.678
-1.345,0,2.345
0.123,1,4.567
-0.89,0,1.456
1.456,1,8.123
-0.678,0,2.789
0.789,1,6.567
-1.234,0,1.678
0.567,1,5.234
-0.345,0,2.456
1.345,1,7.89
-0.456,0,1.234
0.678,1,6.89
-1.012,0,2.123
0.234,1,4.567
-0.789,0,1.89
1.234,1,8.456
-0.567,0,2.345
0.456,1,5.678
-1.345,0,1.678
0.123,1,4.789
-0.89,0,2.123
1.456,1,7.89
-0.678,0,1.456
0.789,1,6.123
-1.234,0,2.345
0.567,1,5.789
-0.345,0,1.678
1.345,1,8.123
-0.456,0,2.456
0.678,1,6.89
-1.012,0,1.234
0.234,1,4.789
-0.789,0,2.123
1.234,1,7.456
-0.567,0,1.89
0.456,1,5.678
-1.345,0,2.345
0.123,1,4.567
-0.89,0,1.456
1.456,1,8.123
-0.678,0,2.789
0.789,1,6.567
-1.234,0,1.678
0.567,1,5.234
-0.345,0,2.456
1.345,1,7.89
-0.456,0,1.234
0.678,1,6.89
-1.012,0,2.123
0.234,1,4.567
-0.789,0,1.89
-0.123,1,1.234
0.456,0,0.567
1.234,1,2.345
-1.234,0,-0.567
0.789,1,1.89
-0.456,0,-0.345
1.345,1,2.456
-0.789,0,-0.678
0.234,1,1.345
-1.456,0,-1.234
0.678,1,1.789
-0.345,0,-0.456
1.456,1,2.567
-0.678,0,-0.789
0.123,1,1.234
-1.345,0,-1.456
0.567,1,1.678
-0.234,0,-0.123
1.5,1,2.678
-0.123,0,-0.234
0.89,1,1.901
-1.5,0,-1.678
0.345,1,1.456
-0.89,0,-0.901
1.5,1,2.789
-0.567,0,-0.678
0.456,1,1.567
-1.5,0,-1.789
0.789,1,1.89
-0.234,0,-0.345
1.5,1,2.89
-0.678,0,-0.789
0.123,1,1.234
-1.5,0,-1.89
0.678,1,1.789
-0.456,0,-0.567
1.5,1,2.901
-0.123,0,-0.234
0.234,1,1.345
-1.5,0,-1.901
0.567,1,1.678
-0.789,0,-0.89
1.5,1,2.012
-0.345,0,-0.456
0.89,1,1.901
-1.5,0,-2.012
0.345,1,1.456
-0.678,0,-0.789
1.012,1,2.123
-0.123,0,-0.234
0.456,1,1.567
-1.012,0,-1.123
0.789,1,1.89
-0.234,0,-0.345
1.123,1,2.234
-0.567,0,-0.678
0.678,1,1.789
-1.123,0,-1.234
0.123,1,1.234
-0.89,0,-0.901
1.234,1,2.345
-0.456,0,-0.567
0.345,1,1.456
-1.234,0,-1.345
0.89,1,1.901
-0.678,0,-0.789
1.345,1,2.456
-0.123,0,-0.234
0.567,1,1.678
-1.345,0,-1.456
0.234,1,1.345
-0.789,0,-0.89
1.456,1,2.567
-0.678,0,-0.789
0.89,1,1.901
-1.456,0,-1.567
0.123,1,1.234
-0.345,0,-0.456
1.5,1,2.678
-0.234,0,-0.123
0.678,1,1.789
-1.5,0,-1.678
0.456,1,1.567
-0.89,0,-0.901
1.5,1,2.789
-0.123,0,-0.234
0.234,1,1.345
-1.5,0,-1.789
0.567,1,1.678
-0.456,0,-0.567
1.5,1,2.89
-0.678,0,-0.789
0.89,1,1.901
-1.5,0,-1.89
0.345,1,1.456
-0.123,0,-0.234
1.5,1,2.901
-0.567,0,-0.678
0.678,1,1.789
-1.5,0,-1.901
0.123,1,1.234
-0.89,0,-0.901
1.5,1,2.012
-0.345,0,-0.456
0.456,1,1.567
-1.5,0,-2.012
0.789,1,1.89
-0.678,0,-0.789
1.012,1,2.123
-0.123,0,-0.234
0.234,1,1.345
-1.012,0,-1.123
0.567,1,1.678
-0.789,0,-0.89
1.123,1,2.234
-0.456,0,-0.567
0.89,1,1.901
-1.123,0,-1.234
0.345,1,1.456
-0.678,0,-0.789
1.234,1,2.345
-0.123,0,-0.234
0.678,1,1.789
-1.234,0,-1.345
0.456,1,1.567
-0.89,0,-0.901
1.345,1,2.456
-0.567,0,-0.678
0.123,1,1.234
-1.345,0,-1.456
0.234,1,1.345
-0.789,0,-0.89
1.456,1,2.567
-0.678,0,-0.789
0.89,1,1.901
-1.456,0,-1.567
0.345,1,1.456
-0.123,0,-0.234
1.5,1,2.678
-0.234,0,-0.123
0.678,1,1.789
-1.5,0,-1.678
0.456,1,1.567
-0.89,0,-0.901
1.5,1,2.789
-0.123,0,-0.234
0.234,1,1.345
-1.5,0,-1.789
0.567,1,1.678
-0.456,0,-0.567
1.5,1,2.89
-0.678,0,-0.789
0.89,1,1.901
-1.5,0,-1.89
0.345,1,1.456
-0.123,0,-0.234
1.5,1,2.901
-0.567,0,-0.678
0.678,1,1.789
-1.5,0,-1.901
0.123,1,1.234
-0.89,0,-0.901
1.5,1,2.012
-0.345,0,-0.456
0.456,1,1.567
-1.5,0,-2.012
0.789,1,1.89
-0.678,0,-0.789
1.012,1,2.123
-0.123,0,-0.234
0.234,1,1.345
-1.012,0,-1.123
0.567,1,1.678
-0.789,0,-0.89
1.123,1,2.234
-0.456,0,-0.567
0.89,1,1.901
-1.123,0,-1.234
0.345,1,1.456
-0.678,0,-0.789
1.234,1,2.345
-0.123,0,-0.234
0.678,1,1.789
-1.234,0,-1.345
0.456,1,1.567
-0.89,0,-0.901
1.345,1,2.456
-0.567,0,-0.678
0.123,1,1.234
-1.345,0,-1.456
0.234,1,1.345
-0.789,0,-0.89
1.456,1,2.567
-0.678,0,-0.789
0.89,1,1.901
-1.456,0,-1.567
0.345,1,1.456
-0.123,0,-0.234
1.5,1,2.678
-0.234,0,-0.123
0.678,1,1.789
-1.5,0,-1.678
0.456,1,1.567
-0.89,0,-0.901
1.5,1,2.789
-0.123,0,-0.234
0.234,1,1.345
-1.5,0,-1.789
0.567,1,1.678
-0.456,0,-0.567
1.5,1,2.89
-0.678,0,-0.789
0.89,1,1.901
-1.5,0,-1.89
0.345,1,1.456
-0.123,0,-0.234
1.5,1,2.901
-0.567,0,-0.678
0.678,1,1.789
-1.5,0,-1.901
0.123,1,1.234
-0.89,0,-0.901
1.5,1,2.012
-0.345,0,-0.456
0.456,1,1.567
-1.5,0,-2.012
0.789,1,1.89
-0.678,0,-0.789
1.012,1,2.123
-0.123,0,-0.234
0.234,1,1.345
-1.012,0,-1.123
0.567,1,1.678
-0.789,0,-0.89
1.123,1,2.234
-0.456,0,-0.567
0.89,1,1.901
-1.123,0,-1.234
0.345,1,1.456
-0.678,0,-0.789
1.234,1,2.345
-0.123,0,-0.234
0.678,1,1.789
-1.234,0,-1.345
0.456,1,1.567
-0.89,0,-0.901
1.345,1,2.456
-0.567,0,-0.678
0.123,1,1.234
-1.345,0,-1.456
0.234,1,1.345
-0.789,0,-0.89
1.456,1,2.567
-0.678,0,-0.789
0.89,1,1.901
-1.456,0,-1.567
0.345,1,1.456
-0.123,0,-0.234
1.5,1,2.678
-0.234,0,-0.123
0.678,1,1.789
-1.5,0,-1.678
0.456,1,1.567
-0.89,0,-0.901
1.5,1,2.789
-0.123,0,-0.234
0.234,1,1.345
-1.5,0,-1.789
0.567,1,1.678
-0.456,0,-0.567
1.5,1,2.89
-0.678,0,-0.789
0.89,1,1.901
-1.5,0,-1.89
0.345,1,1.456
-0.123,0,-0.234
1.5,1,2.901
-0.567,0,-0.678
0.678,1,1.789
-1.5,0,-1.901
0.123,1,1.234
-0.89,0,-0.901
1.5,1,2.012
-0.345,0,-0.456
0.456,1,1.567
-1.5,0,-2.012
0.789,1,1.89
-0.678,0,-0.789
1.012,1,2.123
-0.123,0,-0.234
0.234,1,1.345
-1.012,0,-1.123
0.567,1,1.678
-0.789,0,-0.89
1.123,1,2.234
-0.456,0,-0.567
0.89,1,1.901
-1.123,0,-1.234
0.345,1,1.456
-0.678,0,-0.789
-0.123,1,2.456
0.456,0,1.234
-1.234,1,3.789
0.789,0,2.345
1.123,1,4.567
-0.567,0,1.89
0.234,1,3.456
-1.456,0,0.678
0.678,1,3.89
1.345,1,5.123
-0.345,0,1.567
0.123,1,2.678
-0.789,0,1.456
1.456,1,4.89
-0.678,0,1.234
0.89,1,3.567
-1.123,0,0.789
0.345,1,3.89
-0.234,1,2.345
1.234,0,4.678
-0.456,1,2.89
0.567,0,1.123
-1.345,1,3.456
0.012,0,1.89
1.5,1,5.234
-0.89,0,1.456
0.789,1,4.567
-0.123,0,1.678
1.012,1,5.89
-1.5,0,0.456
0.456,1,3.234
-0.567,1,2.678
0.678,0,1.89
1.345,1,4.89
-0.234,0,1.234
0.89,1,3.456
-1.234,0,0.678
1.123,1,5.123
-0.456,0,1.567
0.345,1,3.89
-0.678,1,2.456
1.456,0,4.678
-0.789,1,3.89
0.012,0,1.234
1.5,1,5.678
-0.89,0,1.456
0.789,1,4.567
-1.123,0,0.789
0.456,1,3.89
-0.567,0,1.678
1.234,1,5.89
-0.678,0,1.234
0.89,1,4.567
-1.345,0,0.456
0.678,1,3.234
-0.123,0,1.89
1.012,1,5.123
-0.89,0,1.456
0.789,1,4.89
-1.456,0,0.678
0.345,1,3.567
-0.567,1,2.89
1.5,0,5.234
-0.234,1,2.345
0.456,0,1.89
-1.123,1,3.456
0.678,0,1.234
1.234,1,4.678
-0.789,0,1.567
0.89,1,3.89
-1.345,0,0.789
0.012,1,2.678
-0.678,0,1.456
1.456,1,5.123
-0.89,0,1.678
0.789,1,4.567
-1.123,0,0.456
0.456,1,3.89
-0.567,1,2.89
1.5,0,5.234
-0.234,1,2.345
0.678,0,1.89
-1.234,1,3.456
0.89,0,1.234
1.012,1,5.678
-0.678,0,1.567
0.345,1,3.89
-1.345,0,0.789
0.012,1,2.678
-0.89,0,1.456
1.456,1,5.123
-0.567,0,1.678
0.789,1,4.89
-1.123,0,0.456
0.456,1,3.89
-0.234,1,2.345
1.5,0,5.234
-0.678,1,2.678
0.89,0,1.234
-1.234,1,3.456
0.345,0,1.567
1.012,1,5.89
-0.89,0,1.456
0.789,1,4.567
-1.123,0,0.789
0.456,1,3.89
-0.567,1,2.89
1.5,0,5.234
-0.234,1,2.345
0.678,0,1.89
-1.234,1,3.456
0.89,0,1.234
1.012,1,5.678
-0.678,0,1.567
0.345,1,3.89
-1.345,0,0.789
0.012,1,2.678
-0.89,0,1.456
1.456,1,5.123
-0.567,0,1.678
0.789,1,4.89
-1.123,0,0.456
0.456,1,3.89
-0.234,1,2.345
1.5,0,5.234
-0.678,1,2.678
0.89,0,1.234
-1.234,1,3.456
0.345,0,1.567
1.012,1,5.89
-0.89,0,1.456
0.789,1,4.567
-1.123,0,0.789
0.456,1,3.89
-0.567,1,2.89
1.5,0,5.234
-0.234,1,2.345
0.678,0,1.89
-1.234,1,3.456
0.89,0,1.234
1.012,1,5.678
-0.678,0,1.567
0.345,1,3.89
-1.345,0,0.789
0.012,1,2.678
-0.89,0,1.456
1.456,1,5.123
-0.567,0,1.678
0.789,1,4.89
-1.123,0,0.456
0.456,1,3.89
-0.234,1,2.345
1.5,0,5.234
-0.678,1,2.678
0.89,0,1.234
-1.234,1,3.456
0.345,0,1.567
1.012,1,5.89
-0.89,0,1.456
0.789,1,4.567
-1.123,0,0.789
0.456,1,3.89
-0.567,1,2.89
1.5,0,5.234
-0.234,1,2.345
0.678,0,1.89
-1.234,1,3.456
0.89,0,1.234
1.012,1,5.678
-0.678,0,1.567
0.345,1,3.89
-1.345,0,0.789
0.012,1,2.678
-0.89,0,1.456
1.456,1,5.123
-0.567,0,1.678
0.789,1,4.89
-1.123,0,0.456
0.456,1,3.89
-0.234,1,2.345
1.5,0,5.234
-0.678,1,2.678
0.89,0,1.234
-1.234,1,3.456
0.345,0,1.567
1.012,1,5.89
-0.89,0,1.456
0.789,1,4.567
-1.123,0,0.789
0.456,1,3.89
-0.567,1,2.89
1.5,0,5.234
-0.234,1,2.345
0.678,0,1.89
-1.234,1,3.456
0.89,0,1.234
1.012,1,5.678
-0.678,0,1.567
0.345,1,3.89
-1.345,0,0.789
0.012,1,2.678
-0.89,0,1.456
1.456,1,5.123
-0.567,0,1.678
0.789,1,4.89
-1.123,0,0.456
0.456,1,3.89
-0.234,1,2.345
1.5,0,5.234
-0.678,1,2.678
0.89,0,1.234
-1.234,1,3.456
0.345,0,1.567
1.012,1,5.89
-0.89,0,1.456
0.789,1,4.567
-1.123,0,0.789
0.456,1,3.89
-0.567,1,2.89
1.5,0,5.234
-0.234,1,2.345
0.678,0,1.89
-1.234,1,3.456
0.89,0,1.234
1.012,1,5.678
-0.678,0,1.567
0.345,1,3.89
-1.345,0,0.789
0.012,1,2.678
-0.89,0,1.456
1.456,1,5.123
-0.567,0,1.678
0.789,1,4.89
-1.123,0,0.456
0.456,1,3.89
-0.234,1,2.345
1.5,0,5.234
-0.678,1,2.678
0.89,0,1.234
-1.234,1,3.456
0.345,0,1.567
1.012,1,5.89
-0.89,0,1.456
0.789,1,4.567
-1.123,0,0.789
0.456,1,3.89
-0.567,1,2.89
1.5,0,5.234
-0.234,1,2.345
0.678,0,1.89
-1.234,1,3.456
0.89,0,1.234
1.012,1,5.678
-0.678,0,1.567
0.345,1,3.89
-1.345,0,0.789
0.012,1,2.678
-0.89,0,1.456
1.456,1,5.123
-0.567,0,1.678
0.789,1,4.89
-1.123,0,0.456
0.456,1,3.89
-0.234,1,2.345
1.5,0,5.234
-0.678,1,2.678
0.89,0,1.234
-1.234,1,3.456
0.345,0,1.567
1.012,1,5.89
-0.89,0,1.456
0.789,1,4.567
-1.123,0,0.789
0.456,1,3.89
-0.567,1,2.89
1.5,0,5.234
-0.234,1,2.345
0.678,0,1.89
-1.234,1,3.456
0.89,0,1.234
1.012,1,5.678
-0.678,0,1.567
0.345,1,3.89
-1.345,0,0.789
0.012,1,2.678
-0.89,0,1.456
1.456,1,5.123
-0.567,0,1.678
0.789,1,4.89
-1.123,0,0.456
0.456,1,3.89
-0.234,1,2.345
1.5,0,5.234
-0.678,1,2.678
0.89,0,1.234
-1.234,1,3.456
0.345,0,1.567
1.012,1,5.89
-0.89,0,1.456
0.789,1,4.567
-1.234,1,8.456
0.567,0,5.123
1.345,1,12.789
-0.456,0,4.321
0.789,1,10.654
-1.123,0,3.987
1.234,1,14.321
-0.678,0,4.567
0.345,1,9.876
-1.456,0,2.345
1.5,1,15.678
-0.234,0,5.432
0.123,1,8.901
-1.345,0,3.21
1.456,1,13.456
-0.89,0,4.678
0.678,1,11.234
-1.012,0,3.456
1.234,1,12.345
-0.567,0,4.89
0.456,1,10.123
-1.5,0,2.678
1.345,1,14.567
-0.789,0,3.89
0.234,1,9.543
-1.234,0,3.123
1.5,1,15.789
-0.345,0,4.321
0.678,1,11.678
-1.456,0,2.456
1.234,1,13.789
-0.678,0,4.567
0.89,1,10.987
-1.012,0,3.789
1.345,1,14.123
-0.89,0,4.234
0.456,1,9.876
-1.234,0,2.345
1.5,1,15.456
-0.567,0,3.678
0.678,1,11.234
-1.345,0,3.456
1.234,1,12.678
-0.89,0,4.89
0.345,1,10.543
-1.5,0,2.678
1.456,1,13.456
-0.234,0,4.321
0.789,1,9.876
-1.012,0,3.21
1.345,1,14.567
-0.678,0,4.678
0.89,1,10.123
-1.234,0,3.456
1.5,1,15.678
-0.89,0,4.89
0.678,1,11.234
-1.456,0,2.345
1.234,1,12.345
-0.567,0,4.89
0.456,1,10.987
-1.5,0,3.89
1.345,1,14.123
-0.789,0,4.321
0.234,1,9.543
-1.234,0,3.123
1.5,1,15.789
-0.345,0,4.678
0.678,1,11.678
-1.456,0,2.456
1.234,1,13.789
-0.678,0,4.567
0.89,1,10.987
-1.012,0,3.789
1.345,1,14.123
-0.89,0,4.234
0.456,1,9.876
-1.234,0,2.345
1.5,1,15.456
-0.567,0,3.678
0.678,1,11.234
-1.345,0,3.456
1.234,1,12.678
-0.89,0,4.89
0.345,1,10.543
-1.5,0,2.678
1.456,1,13.456
-0.234,0,4.321
0.789,1,9.876
-1.012,0,3.21
1.345,1,14.567
-0.678,0,4.678
0.89,1,10.123
-1.234,0,3.456
1.5,1,15.678
-0.89,0,4.89
0.678,1,11.234
-1.456,0,2.345
1.234,1,12.345
-0.567,0,4.89
0.456,1,10.987
-1.5,0,3.89
1.345,1,14.123
-0.789,0,4.321
0.234,1,9.543
-1.234,0,3.123
1.5,1,15.789
-0.345,0,4.678
0.678,1,11.678
-1.456,0,2.456
1.234,1,13.789
-0.678,0,4.567
0.89,1,10.987
-1.012,0,3.789
1.345,1,14.123
-0.89,0,4.234
0.456,1,9.876
-1.234,0,2.345
1.5,1,15.456
-0.567,0,3.678
0.678,1,11.234
-1.345,0,3.456
1.234,1,12.678
-0.89,0,4.89
0.345,1,10.543
-1.5,0,2.678
1.456,1,13.456
-0.234,0,4.321
0.789,1,9.876
-1.012,0,3.21
1.345,1,14.567
-0.678,0,4.678
0.89,1,10.123
-1.234,0,3.456
1.5,1,15.678
-0.89,0,4.89
0.678,1,11.234
-1.456,0,2.345
1.234,1,12.345
-0.567,0,4.89
0.456,1,10.987
-1.5,0,3.89
1.345,1,14.123
-0.789,0,4.321
0.234,1,9.543
-1.234,0,3.123
1.5,1,15.789
-0.345,0,4.678
0.678,1,11.678
-1.456,0,2.456
1.234,1,13.789
-0.678,0,4.567
0.89,1,10.987
-1.012,0,3.789
1.345,1,14.123
-0.89,0,4.234
0.456,1,9.876
-1.234,0,2.345
1.5,1,15.456
-0.567,0,3.678
0.678,1,11.234
-1.345,0,3.456
1.234,1,12.678
-0.89,0,4.89
0.345,1,10.543
-1.5,0,2.678
1.456,1,13.456
-0.234,0,4.321
0.789,1,9.876
-1.012,0,3.21
1.345,1,14.567
-0.678,0,4.678
0.89,1,10.123
-1.234,0,3.456
1.5,1,15.678
-0.89,0,4.89
0.678,1,11.234
-1.456,0,2.345
1.234,1,12.345
-0.567,0,4.89
0.456,1,10.987
-1.5,0,3.89
1.345,1,14.123
-0.789,0,4.321
0.234,1,9.543
-1.234,0,3.123
1.5,1,15.789
-0.345,0,4.678
0.678,1,11.678
-1.456,0,2.456
1.234,1,13.789
-0.678,0,4.567
0.89,1,10.987
-1.012,0,3.789
1.345,1,14.123
-0.89,0,4.234
0.456,1,9.876
-1.234,0,2.345
1.5,1,15.456
-0.567,0,3.678
0.678,1,11.234
-1.345,0,3.456
1.234,1,12.678
-0.89,0,4.89
0.345,1,10.543
-1.5,0,2.678
1.456,1,13.456
-0.234,0,4.321
0.789,1,9.876
-1.012,0,3.21
1.345,1,14.567
-0.678,0,4.678
0.89,1,10.123
-1.234,0,3.456
1.5,1,15.678
-0.89,0,4.89
0.678,1,11.234
-1.456,0,2.345
1.234,1,12.345
-0.567,0,4.89
0.456,1,10.987
-1.5,0,3.89
1.345,1,14.123
-0.789,0,4.321
0.234,1,9.543
-1.234,0,3.123
1.5,1,15.789
-0.345,0,4.678
0.678,1,11.678
-1.456,0,2.456
1.234,1,13.789
-0.678,0,4.567
0.89,1,10.987
-1.012,0,3.789
1.345,1,14.123
-0.89,0,4.234
0.456,1,9.876
-1.234,0,2.345
1.5,1,15.456
-0.567,0,3.678
0.678,1,11.234
-1.345,0,3.456
1.234,1,12.678
-0.89,0,4.89
0.345,1,10.543
-1.5,0,2.678
1.456,1,13.456
-0.234,0,4.321
0.789,1,9.876
-1.012,0,3.21
1.345,1,14.567
-0.678,0,4.678
0.89,1,10.123
-1.234,0,3.456
1.5,1,15.678
-0.89,0,4.89
0.678,1,11.234
-1.456,0,2.345
1.234,1,12.345
-0.567,0,4.89
0.456,1,10.987
-1.5,0,3.89
1.345,1,14.123
-0.789,0,4.321
0.234,1,9.543
-1.234,0,3.123
1.5,1,15.789
-0.345,0,4.678
0.678,1,11.678
-1.456,0,2.456
1.234,1,13.789
-0.678,0,4.567
0.89,1,10.987
-1.012,0,3.789
1.345,1,14.123
-0.89,0,4.234
0.456,1,9.876
-1.234,0,2.345
1.5,1,15.456
-0.567,0,3.678
0.678,1,11.234
-1.345,0,3.456
1.234,1,12.678
-0.89,0,4.89
0.345,1,10.543
-1.5,0,2.678
1.456,1,13.456
-0.234,0,4.321
0.789,1,9.876
-1.012,0,3.21
1.345,1,14.567
-0.678,0,4.678
0.89,1,10.123
-1.234,0,3.456
1.5,1,15.678
-0.89,0,4.89
0.678,1,11.234
-1.456,0,2.345
1.234,1,12.345
-0.567,0,4.89
-1.234,1,9.872
0.456,0,5.123
1.342,1,12.456
-0.789,0,6.789
0.234,1,10.345
-1.123,0,4.567
1.456,1,13.789
-0.456,0,5.678
0.678,1,11.234
-1.5,0,3.456
0.123,1,9.876
-0.345,0,5.234
1.234,1,14.567
-0.678,0,4.123
0.789,1,12.345
-1.345,0,3.789
0.456,1,10.678
-1.456,0,5.012
1.5,1,15.678
-0.234,0,4.89
0.345,1,11.234
-1.5,0,3.456
1.123,1,13.456
-0.567,0,5.678
0.678,1,10.789
-1.234,0,4.567
0.456,1,9.123
1.456,1,14.89
-0.789,0,5.345
0.234,1,11.678
-1.123,0,3.89
1.342,1,13.789
-0.456,0,4.234
0.678,1,12.456
-1.5,0,3.123
0.123,1,10.678
-0.345,0,5.789
1.234,1,14.567
-0.678,0,4.89
0.789,1,11.234
-1.345,0,3.456
0.456,1,10.123
-1.456,0,5.678
1.5,1,15.789
-0.234,0,4.567
0.345,1,11.89
-1.5,0,3.789
1.123,1,13.456
-0.567,0,5.012
0.678,1,10.345
-1.234,0,4.89
0.456,1,9.876
1.456,1,14.567
-0.789,0,5.678
0.234,1,11.234
-1.123,0,3.456
1.342,1,12.89
-0.456,0,4.123
0.678,1,10.678
-1.5,0,3.789
0.123,1,9.234
-0.345,0,5.456
1.234,1,14.89
-0.678,0,4.567
0.789,1,11.678
-1.345,0,3.89
0.456,1,10.123
-1.456,0,5.678
1.5,1,15.678
-0.234,0,4.89
0.345,1,11.234
-1.5,0,3.456
1.123,1,13.456
-0.567,0,5.012
0.678,1,10.345
-1.234,0,4.567
0.456,1,9.876
1.456,1,14.567
-0.789,0,5.678
0.234,1,11.89
-1.123,0,3.789
1.342,1,12.456
-0.456,0,4.234
0.678,1,10.678
-1.5,0,3.123
0.123,1,9.678
-0.345,0,5.789
1.234,1,14.567
-0.678,0,4.89
0.789,1,11.234
-1.345,0,3.456
0.456,1,10.123
-1.456,0,5.678
1.5,1,15.789
-0.234,0,4.567
0.345,1,11.89
-1.5,0,3.789
1.123,1,13.456
-0.567,0,5.012
0.678,1,10.345
-1.234,0,4.89
0.456,1,9.876
1.456,1,14.567
-0.789,0,5.678
0.234,1,11.234
-1.123,0,3.456
1.342,1,12.89
-0.456,0,4.123
0.678,1,10.678
-1.5,0,3.789
0.123,1,9.234
-0.345,0,5.456
1.234,1,14.89
-0.678,0,4.567
0.789,1,11.678
-1.345,0,3.89
0.456,1,10.123
-1.456,0,5.678
1.5,1,15.678
-0.234,0,4.89
0.345,1,11.234
-1.5,0,3.456
1.123,1,13.456
-0.567,0,5.012
0.678,1,10.345
-1.234,0,4.567
0.456,1,9.876
1.456,1,14.567
-0.789,0,5.678
0.234,1,11.89
-1.123,0,3.789
1.342,1,12.456
-0.456,0,4.234
0.678,1,10.678
-1.5,0,3.123
0.123,1,9.678
-0.345,0,5.789
1.234,1,14.567
-0.678,0,4.89
0.789,1,11.234
-1.345,0,3.456
0.456,1,10.123
-1.456,0,5.678
1.5,1,15.789
-0.234,0,4.567
0.345,1,11.89
-1.5,0,3.789
1.123,1,13.456
-0.567,0,5.012
0.678,1,10.345
-1.234,0,4.89
0.456,1,9.876
1.456,1,14.567
-0.789,0,5.678
0.234,1,11.234
-1.123,0,3.456
1.342,1,12.89
-0.456,0,4.123
0.678,1,10.678
-1.5,0,3.789
0.123,1,9.234
-0.345,0,5.456
1.234,1,14.89
-0.678,0,4.567
0.789,1,11.678
-1.345,0,3.89
0.456,1,10.123
-1.456,0,5.678
1.5,1,15.678
-0.234,0,4.89
0.345,1,11.234
-1.5,0,3.456
1.123,1,13.456
-0.567,0,5.012
0.678,1,10.345
-1.234,0,4.567
0.456,1,9.876
1.456,1,14.567
-0.789,0,5.678
0.234,1,11.89
-1.123,0,3.789
1.342,1,12.456
-0.456,0,4.234
0.678,1,10.678
-1.5,0,3.123
0.123,1,9.678
-0.345,0,5.789
1.234,1,14.567
-0.678,0,4.89
0.789,1,11.234
-1.345,0,3.456
0.456,1,10.123
-1.456,0,5.678
1.5,1,15.789
-0.234,0,4.567
0.345,1,11.89
-1.5,0,3.789
1.123,1,13.456
-0.567,0,5.012
0.678,1,10.345
-1.234,0,4.89
0.456,1,9.876
1.456,1,14.567
-0.789,0,5.678
0.234,1,11.234
-1.123,0,3.456
1.342,1,12.89
-0.456,0,4.123
0.678,1,10.678
-1.5,0,3.789
0.123,1,9.234
-0.345,0,5.456
1.234,1,14.89
-0.678,0,4.567
0.789,1,11.678
-1.345,0,3.89
0.456,1,10.123
-1.456,0,5.678
1.5,1,15.678
-0.234,0,4.89
0.345,1,11.234
-1.5,0,3.456
1.123,1,13.456
-0.567,0,5.012
0.678,1,10.345
-1.234,0,4.567
0.456,1,9.876
1.456,1,14.567
-0.789,0,5.678
0.234,1,11.89
-1.123,0,3.789
1.342,1,12.456
-0.456,0,4.234
0.678,1,10.678
-1.5,0,3.123
0.123,1,9.678
-0.345,0,5.789
1.234,1,14.567
-0.678,0,4.89
0.789,1,11.234
-1.345,0,3.456
0.456,1,10.123
-1.456,0,5.678
1.5,1,15.789
-0.234,0,4.567
0.345,1,11.89
-1.5,0,3.789
1.123,1,13.456
-0.567,0,5.012
0.678,1,10.345
-1.234,0,4.89
0.456,1,9.876
1.456,1,14.567
-0.789,0,5.678
0.234,1,11.234
-1.123,0,3.456
1.342,1,12.89
-0.456,0,4.123
0.678,1,10.678
-1.5,0,3.789
0.123,1,9.234
-0.345,0,5.456
1.234,1,14.89
-0.678,0,4.567
0.789,1,11.678
-1.345,0,3.89
0.456,1,10.123
-1.456,0,5.678
1.5,1,15.678
-0.234,0,4.89
0.345,1,11.234
-1.5,0,3.456
1.123,1,13.456
-0.567,0,5.012
0.678,1,10.345
-1.234,0,4.567
0.456,1,9.876
1.456,1,14.567
-0.789,0,5.678
0.234,1,11.89
-1.123,0,3.789
1.342,1,12.456
-0.456,0,4.234
0.678,1,10.678
-1.5,0,3.123
0.123,1,9.678
-0.345,0,5.789
1.234,1,14.567
-0.678,0,4.89
0.789,1,11.234
-1.345,0,3.456
0.456,1,10.123
-1.456,0,5.678
1.5,1,15.789
-0.234,0,4.567
0.345,1,11.89
-1.5,0,3.789
1.123,1,13.456
-0.567,0,5.012
0.678,1,10.345
-0.123,1,2.456
0.789,0,1.234
-1.234,1,3.567
0.456,0,2.345
1.345,1,4.678
-0.567,0,1.89
0.234,1,3.456
1.234,1,5.678
-0.345,0,2.123
0.678,1,4.567
-1.456,0,1.678
0.123,1,3.789
1.5,1,5.89
-0.789,0,2.456
0.345,1,4.123
-0.678,0,1.234
1.456,1,5.678
-0.234,0,2.345
0.567,1,4.89
-1.123,0,1.567
0.789,1,3.456
-0.456,0,2.678
1.234,1,5.123
-0.89,0,1.89
0.678,1,4.567
-1.345,0,1.234
0.456,1,3.678
1.5,1,5.89
-0.123,0,2.456
0.234,1,4.123
-0.567,0,1.89
1.234,1,5.678
-0.789,0,2.345
0.678,1,4.567
-1.456,0,1.678
0.123,1,3.789
1.5,1,5.89
-0.234,0,2.123
0.345,1,4.456
-0.678,0,1.234
1.456,1,5.678
-0.89,0,2.678
0.789,1,4.89
-1.123,0,1.567
0.456,1,3.678
1.234,1,5.123
-0.567,0,2.456
0.678,1,4.567
-1.345,0,1.234
0.234,1,3.456
1.5,1,5.89
-0.123,0,2.345
0.789,1,4.123
-0.89,0,1.89
1.234,1,5.678
-0.456,0,2.678
0.678,1,4.567
-1.456,0,1.678
0.123,1,3.789
1.5,1,5.89
-0.234,0,2.123
0.345,1,4.456
-0.678,0,1.234
1.456,1,5.678
-0.89,0,2.678
0.789,1,4.89
-1.123,0,1.567
0.456,1,3.678
1.234,1,5.123
-0.567,0,2.456
0.678,1,4.567
-1.345,0,1.234
0.234,1,3.456
1.5,1,5.89
-0.123,0,2.345
0.789,1,4.123
-0.89,0,1.89
1.234,1,5.678
-0.456,0,2.678
0.678,1,4.567
-1.456,0,1.678
0.123,1,3.789
1.5,1,5.89
-0.234,0,2.123
0.345,1,4.456
-0.678,0,1.234
1.456,1,5.678
-0.89,0,2.678
0.789,1,4.89
-1.123,0,1.567
0.456,1,3.678
1.234,1,5.123
-0.567,0,2.456
0.678,1,4.567
-1.345,0,1.234
0.234,1,3.456
1.5,1,5.89
-0.123,0,2.345
0.789,1,4.123
-0.89,0,1.89
1.234,1,5.678
-0.456,0,2.678
0.678,1,4.567
-1.456,0,1.678
0.123,1,3.789
1.5,1,5.89
-0.234,0,2.123
0.345,1,4.456
-0.678,0,1.234
1.456,1,5.678
-0.89,0,2.678
0.789,1,4.89
-1.123,0,1.567
0.456,1,3.678
1.234,1,5.123
-0.567,0,2.456
0.678,1,4.567
-1.345,0,1.234
0.234,1,3.456
1.5,1,5.89
-0.123,0,2.345
0.789,1,4.123
-0.89,0,1.89
1.234,1,5.678
-0.456,0,2.678
0.678,1,4.567
-1.456,0,1.678
0.123,1,3.789
1.5,1,5.89
-0.234,0,2.123
0.345,1,4.456
-0.678,0,1.234
1.456,1,5.678
-0.89,0,2.678
0.789,1,4.89
-1.123,0,1.567
0.456,1,3.678
1.234,1,5.123
-0.567,0,2.456
0.678,1,4.567
-1.345,0,1.234
0.234,1,3.456
1.5,1,5.89
-0.123,0,2.345
0.789,1,4.123
-0.89,0,1.89
1.234,1,5.678
-0.456,0,2.678
0.678,1,4.567
-1.456,0,1.678
0.123,1,3.789
1.5,1,5.89
-0.234,0,2.123
0.345,1,4.456
-0.678,0,1.234
1.456,1,5.678
-0.89,0,2.678
0.789,1,4.89
-1.123,0,1.567
0.456,1,3.678
1.234,1,5.123
-0.567,0,2.456
0.678,1,4.567
-1.345,0,1.234
0.234,1,3.456
1.5,1,5.89
-0.123,0,2.345
0.789,1,4.123
-0.89,0,1.89
1.234,1,5.678
-0.456,0,2.678
0.678,1,4.567
-1.456,0,1.678
0.123,1,3.789
1.5,1,5.89
-0.234,0,2.123
0.345,1,4.456
-0.678,0,1.234
1.456,1,5.678
-0.89,0,2.678
0.789,1,4.89
-1.123,0,1.567
0.456,1,3.678
1.234,1,5.123
-0.567,0,2.456
0.678,1,4.567
-1.345,0,1.234
0.234,1,3.456
1.5,1,5.89
-0.123,0,2.345
0.789,1,4.123
-0.89,0,1.89
1.234,1,5.678
-0.456,0,2.678
0.678,1,4.567
-1.456,0,1.678
0.123,1,3.789
1.5,1,5.89
-0.234,0,2.123
0.345,1,4.456
-0.678,0,1.234
1.456,1,5.678
-0.89,0,2.678
0.789,1,4.89
-1.123,0,1.567
0.456,1,3.678
1.234,1,5.123
-0.567,0,2.456
0.678,1,4.567
-1.345,0,1.234
0.234,1,3.456
1.5,1,5.89
-0.123,0,2.345
0.789,1,4.123
-0.89,0,1.89
1.234,1,5.678
-0.456,0,2.678
0.678,1,4.567
-1.456,0,1.678
0.123,1,3.789
1.5,1,5.89
-0.234,0,2.123
0.345,1,4.456
-0.678,0,1.234
1.456,1,5.678
-0.89,0,2.678
0.789,1,4.89
-1.123,0,1.567
0.456,1,3.678
1.234,1,5.123
-0.567,0,2.456
0.678,1,4.567
-1.345,0,1.234
0.234,1,3.456
1.5,1,5.89
-0.123,0,2.345
0.789,1,4.123
-0.89,0,1.89
1.234,1,5.678
-0.456,0,2.678
0.678,1,4.567
-1.456,0,1.678
0.123,1,3.789
1.5,1,5.89
-0.234,0,2.123
0.345,1,4.456
-0.678,0,1.234
1.456,1,5.678
-0.89,0,2.678
0.789,1,4.89
-1.123,0,1.567
0.456,1,3.678
1.234,1,5.123
-0.567,0,2.456
0.678,1,4.567
-1.345,0,1.234
0.234,1,3.456
1.5,1,5.89
-0.123,0,2.345
0.789,1,4.123
-0.89,0,1.89
1.234,1,5.678
-0.456,0,2.678
0.678,1,4.567
-1.456,0,1.678
0.123,1,3.789
1.5,1,5.89
-0.234,0,2.123
0.345,1,4.456
-0.678,0,1.234
1.456,1,5.678
-0.89,0,2.678
0.789,1,4.89
-1.123,0,1.567
0.456,1,3.678
1.234,1,5.123
-0.567,0,2.456
0.678,1,4.567
-1.345,0,1.234
0.234,1,3.456
1.5,1,5.89
-0.123,0,2.345
0.789,1,4.123
-0.89,0,1.89
1.234,1,5.678
-0.456,0,2.678
0.678,1,4.567
-1.456,0,1.678
0.123,1,3.789
1.5,1,5.89
-0.234,0,2.123
0.345,1,4.456
-0.678,0,1.234
1.456,1,5.678
-0.89,0,2.678
0.789,1,4.89
-1.123,0,1.567
0.456,1,3.678
1.234,1,5.123
-0.567,0,2.456
-0.123,1,3.456
0.789,0,2.345
-1.234,1,4.567
0.456,0,1.234
1.345,1,5.678
-0.567,0,2.456
0.234,1,3.678
-0.89,0,1.567
1.234,1,6.789
-1.456,0,2.678
0.678,1,4.89
-0.345,0,1.345
1.5,1,5.678
-0.678,0,2.345
0.123,1,3.456
-1.345,0,1.234
0.89,1,5.678
-0.234,0,2.456
1.456,1,6.789
-0.789,0,1.678
0.345,1,4.567
-1.5,0,2.345
0.678,1,3.89
-0.123,0,1.234
1.234,1,5.678
-0.456,0,2.678
0.789,1,4.89
-1.234,0,1.345
0.456,1,3.567
-0.678,0,2.456
1.345,1,6.789
-0.89,0,1.678
0.234,1,4.567
-1.456,0,2.345
0.678,1,5.678
-0.345,0,1.234
1.5,1,6.89
-0.123,0,2.456
0.89,1,4.678
-1.345,0,1.567
0.456,1,5.678
-0.678,0,2.345
1.234,1,6.789
-0.789,0,1.89
0.345,1,4.567
-1.5,0,2.678
0.678,1,3.89
-0.123,0,1.234
1.234,1,5.678
-0.456,0,2.456
0.789,1,4.89
-1.234,0,1.345
0.456,1,3.567
-0.678,0,2.345
1.345,1,6.789
-0.89,0,1.678
0.234,1,4.567
-1.456,0,2.345
0.678,1,5.678
-0.345,0,1.234
1.5,1,6.89
-0.123,0,2.456
0.89,1,4.678
-1.345,0,1.567
0.456,1,5.678
-0.678,0,2.345
1.234,1,6.789
-0.789,0,1.89
0.345,1,4.567
-1.5,0,2.678
0.678,1,3.89
-0.123,0,1.234
1.234,1,5.678
-0.456,0,2.456
0.789,1,4.89
-1.234,0,1.345
0.456,1,3.567
-0.678,0,2.345
1.345,1,6.789
-0.89,0,1.678
0.234,1,4.567
-1.456,0,2.345
0.678,1,5.678
-0.345,0,1.234
1.5,1,6.89
-0.123,0,2.456
0.89,1,4.678
-1.345,0,1.567
0.456,1,5.678
-0.678,0,2.345
1.234,1,6.789
-0.789,0,1.89
0.345,1,4.567
-1.5,0,2.678
0.678,1,3.89
-0.123,0,1.234
1.234,1,5.678
-0.456,0,2.456
0.789,1,4.89
-1.234,0,1.345
0.456,1,3.567
-0.678,0,2.345
1.345,1,6.789
-0.89,0,1.678
0.234,1,4.567
-1.456,0,2.345
0.678,1,5.678
-0.345,0,1.234
1.5,1,6.89
-0.123,0,2.456
0.89,1,4.678
-1.345,0,1.567
0.456,1,5.678
-0.678,0,2.345
1.234,1,6.789
-0.789,0,1.89
0.345,1,4.567
-1.5,0,2.678
0.678,1,3.89
-0.123,0,1.234
1.234,1,5.678
-0.456,0,2.456
0.789,1,4.89
-1.234,0,1.345
0.456,1,3.567
-0.678,0,2.345
1.345,1,6.789
-0.89,0,1.678
0.234,1,4.567
-1.456,0,2.345
0.678,1,5.678
-0.345,0,1.234
1.5,1,6.89
-0.123,0,2.456
0.89,1,4.678
-1.345,0,1.567
0.456,1,5.678
-0.678,0,2.345
1.234,1,6.789
-0.789,0,1.89
0.345,1,4.567
-1.5,0,2.678
0.678,1,3.89
-0.123,0,1.234
1.234,1,5.678
-0.456,0,2.456
0.789,1,4.89
-1.234,0,1.345
0.456,1,3.567
-0.678,0,2.345
1.345,1,6.789
-0.89,0,1.678
0.234,1,4.567
-1.456,0,2.345
0.678,1,5.678
-0.345,0,1.234
1.5,1,6.89
-0.123,0,2.456
0.89,1,4.678
-1.345,0,1.567
0.456,1,5.678
-0.678,0,2.345
1.234,1,6.789
-0.789,0,1.89
0.345,1,4.567
-1.5,0,2.678
0.678,1,3.89
-0.123,0,1.234
1.234,1,5.678
-0.456,0,2.456
0.789,1,4.89
-1.234,0,1.345
0.456,1,3.567
-0.678,0,2.345
1.345,1,6.789
-0.89,0,1.678
0.234,1,4.567
-1.456,0,2.345
0.678,1,5.678
-0.345,0,1.234
1.5,1,6.89
-0.123,0,2.456
0.89,1,4.678
-1.345,0,1.567
0.456,1,5.678
-0.678,0,2.345
1.234,1,6.789
-0.789,0,1.89
0.345,1,4.567
-1.5,0,2.678
0.678,1,3.89
-0.123,0,1.234
1.234,1,5.678
-0.456,0,2.456
0.789,1,4.89
-1.234,0,1.345
0.456,1,3.567
-0.678,0,2.345
1.345,1,6.789
-0.89,0,1.678
0.234,1,4.567
-1.456,0,2.345
0.678,1,5.678
-0.345,0,1.234
1.5,1,6.89
-0.123,0,2.456
0.89,1,4.678
-1.345,0,1.567
0.456,1,5.678
-0.678,0,2.345
1.234,1,6.789
-0.789,0,1.89
0.345,1,4.567
-1.5,0,2.678
0.678,1,3.89
-0.123,0,1.234
1.234,1,5.678
-0.456,0,2.456
0.789,1,4.89
-1.234,0,1.345
0.456,1,3.567
-0.678,0,2.345
1.345,1,6.789
-0.89,0,1.678
0.234,1,4.567
-1.456,0,2.345
0.678,1,5.678
-0.345,0,1.234
1.5,1,6.89
-0.123,0,2.456
0.89,1,4.678
-1.345,0,1.567
0.456,1,5.678
-0.678,0,2.345
1.234,1,6.789
-0.789,0,1.89
0.345,1,4.567
-1.5,0,2.678
0.678,1,3.89
-0.123,0,1.234
1.234,1,5.678
-0.456,0,2.456
0.789,1,4.89
-1.234,0,1.345
0.456,1,3.567
-0.678,0,2.345
1.345,1,6.789
-0.89,0,1.678
0.234,1,4.567
-1.456,0,2.345
0.678,1,5.678
-0.345,0,1.234
1.5,1,6.89
-0.123,0,2.456
0.89,1,4.678
-1.345,0,1.567
0.456,1,5.678
-0.678,0,2.345
1.234,1,6.789
-0.789,0,1.89
0.345,1,4.567
-1.5,0,2.678
0.678,1,3.89
-0.123,0,1.234
1.234,1,5.678
-0.456,0,2.456
0.789,1,4.89
-1.234,0,1.345
0.456,1,3.567
-0.678,0,2.345
1.345,1,6.789
-0.89,0,1.678
0.234,1,4.567
-1.456,0,2.345
0.678,1,5.678
-0.345,0,1.234
1.5,1,6.89
-0.123,0,2.456
0.89,1,4.678
-1.345,0,1.567
0.456,1,5.678
-0.678,0,2.345
1.234,1,6.789
-0.789,0,1.89
0.345,1,4.567
-1.5,0,2.678
0.678,1,3.89
-0.123,0,1.234
1.234,1,5.678
-0.456,0,2.456
0.789,1,4.89
-1.234,0,1.345
0.456,1,3.567
-0.678,0,2.345
1.345,1,6.789
-0.89,0,1.678
0.234,1,4.567
-1.456,0,2.345
0.678,1,5.678
-0.345,0,1.234
-0.123,1,5.678
0.456,0,2.345
1.234,1,8.901
-1.234,0,1.234
0.789,1,7.456
-0.567,0,3.678
1.456,1,9.012
-0.345,0,2.456
0.678,1,6.789
-1.456,0,1.567
0.123,1,5.89
-0.789,0,2.678
1.345,1,8.234
-0.678,0,3.89
0.234,1,6.123
-1.123,0,1.89
0.567,1,7.345
-0.456,0,2.789
1.5,1,9.123
-0.234,0,2.345
0.345,1,6.456
-1.345,0,1.678
0.789,1,7.89
-0.678,0,3.456
1.234,1,8.567
-0.123,0,2.678
0.456,1,6.89
-1.456,0,1.234
0.678,1,7.123
-0.789,0,3.789
1.345,1,8.901
-0.567,0,2.456
0.123,1,5.678
-1.234,0,1.89
0.789,1,7.456
-0.345,0,3.678
1.456,1,9.012
-0.678,0,2.345
0.234,1,6.789
-1.123,0,1.567
0.567,1,7.89
-0.456,0,2.678
1.5,1,9.123
-0.234,0,2.456
0.345,1,6.456
-1.345,0,1.678
0.789,1,7.89
-0.678,0,3.456
1.234,1,8.567
-0.123,0,2.678
0.456,1,6.89
-1.456,0,1.234
0.678,1,7.123
-0.789,0,3.789
1.345,1,8.901
-0.567,0,2.456
0.123,1,5.678
-1.234,0,1.89
0.789,1,7.456
-0.345,0,3.678
1.456,1,9.012
-0.678,0,2.345
0.234,1,6.789
-1.123,0,1.567
0.567,1,7.89
-0.456,0,2.678
1.5,1,9.123
-0.234,0,2.456
0.345,1,6.456
-1.345,0,1.678
0.789,1,7.89
-0.678,0,3.456
1.234,1,8.567
-0.123,0,2.678
0.456,1,6.89
-1.456,0,1.234
0.678,1,7.123
-0.789,0,3.789
1.345,1,8.901
-0.567,0,2.456
0.123,1,5.678
-1.234,0,1.89
0.789,1,7.456
-0.345,0,3.678
1.456,1,9.012
-0.678,0,2.345
0.234,1,6.789
-1.123,0,1.567
0.567,1,7.89
-0.456,0,2.678
1.5,1,9.123
-0.234,0,2.456
0.345,1,6.456
-1.345,0,1.678
0.789,1,7.89
-0.678,0,3.456
1.234,1,8.567
-0.123,0,2.678
0.456,1,6.89
-1.456,0,1.234
0.678,1,7.123
-0.789,0,3.789
1.345,1,8.901
-0.567,0,2.456
0.123,1,5.678
-1.234,0,1.89
0.789,1,7.456
-0.345,0,3.678
1.456,1,9.012
-0.678,0,2.345
0.234,1,6.789
-1.123,0,1.567
0.567,1,7.89
-0.456,0,2.678
1.5,1,9.123
-0.234,0,2.456
0.345,1,6.456
-1.345,0,1.678
0.789,1,7.89
-0.678,0,3.456
1.234,1,8.567
-0.123,0,2.678
0.456,1,6.89
-1.456,0,1.234
0.678,1,7.123
-0.789,0,3.789
1.345,1,8.901
-0.567,0,2.456
0.123,1,5.678
-1.234,0,1.89
0.789,1,7.456
-0.345,0,3.678
1.456,1,9.012
-0.678,0,2.345
0.234,1,6.789
-1.123,0,1.567
0.567,1,7.89
-0.456,0,2.678
1.5,1,9.123
-0.234,0,2.456
0.345,1,6.456
-1.345,0,1.678
0.789,1,7.89
-0.678,0,3.456
1.234,1,8.567
-0.123,0,2.678
0.456,1,6.89
-1.456,0,1.234
0.678,1,7.123
-0.789,0,3.789
1.345,1,8.901
-0.567,0,2.456
0.123,1,5.678
-1.234,0,1.89
0.789,1,7.456
-0.345,0,3.678
1.456,1,9.012
-0.678,0,2.345
0.234,1,6.789
-1.123,0,1.567
0.567,1,7.89
-0.456,0,2.678
1.5,1,9.123
-0.234,0,2.456
0.345,1,6.456
-1.345,0,1.678
0.789,1,7.89
-0.678,0,3.456
1.234,1,8.567
-0.123,0,2.678
0.456,1,6.89
-1.456,0,1.234
0.678,1,7.123
-0.789,0,3.789
1.345,1,8.901
-0.567,0,2.456
0.123,1,5.678
-1.234,0,1.89
0.789,1,7.456
-0.345,0,3.678
1.456,1,9.012
-0.678,0,2.345
0.234,1,6.789
-1.123,0,1.567
0.567,1,7.89
-0.456,0,2.678
1.5,1,9.123
-0.234,0,2.456
0.345,1,6.456
-1.345,0,1.678
0.789,1,7.89
-0.678,0,3.456
1.234,1,8.567
-0.123,0,2.678
0.456,1,6.89
-1.456,0,1.234
0.678,1,7.123
-0.789,0,3.789
1.345,1,8.901
-0.567,0,2.456
0.123,1,5.678
-1.234,0,1.89
0.789,1,7.456
-0.345,0,3.678
1.456,1,9.012
-0.678,0,2.345
0.234,1,6.789
-1.123,0,1.567
0.567,1,7.89
-0.456,0,2.678
1.5,1,9.123
-0.234,0,2.456
0.345,1,6.456
-1.345,0,1.678
0.789,1,7.89
-0.678,0,3.456
1.234,1,8.567
-0.123,0,2.678
0.456,1,6.89
-1.456,0,1.234
0.678,1,7.123
-0.789,0,3.789
1.345,1,8.901
-0.567,0,2.456
0.123,1,5.678
-1.234,0,1.89
0.789,1,7.456
-0.345,0,3.678
1.456,1,9.012
-0.678,0,2.345
0.234,1,6.789
-1.123,0,1.567
0.567,1,7.89
-0.456,0,2.678
1.5,1,9.123
-0.234,0,2.456
0.345,1,6.456
-1.345,0,1.678
0.789,1,7.89
-0.678,0,3.456
1.234,1,8.567
-0.123,0,2.678
0.456,1,6.89
-1.456,0,1.234
0.678,1,7.123
-0.789,0,3.789
1.345,1,8.901
-0.567,0,2.456
0.123,1,5.678
-1.234,0,1.89
0.789,1,7.456
-0.345,0,3.678
1.456,1,9.012
-0.678,0,2.345
0.234,1,6.789
-1.123,0,1.567
0.567,1,7.89
-0.456,0,2.678
1.5,1,9.123
-0.234,0,2.456
0.345,1,6.456
-1.345,0,1.678
0.789,1,7.89
-0.678,0,3.456
1.234,1,8.567
-0.123,0,2.678
0.456,1,6.89
-1.456,0,1.234
0.678,1,7.123
-0.789,0,3.789
1.345,1,8.901
-0.567,0,2.456
0.123,1,5.678
-1.234,0,1.89
0.789,1,7.456
-0.345,0,3.678
1.456,1,9.012
-0.678,0,2.345
0.234,1,6.789
-1.123,0,1.567
0.567,1,7.89
-0.456,0,2.678
1.5,1,9.123
-0.234,0,2.456
0.345,1,6.456
-1.345,0,1.678
0.789,1,7.89
-0.678,0,3.456
1.234,1,8.567
-0.123,0,2.678
0.456,1,6.89
-1.456,0,1.234
0.678,1,7.123
-0.789,0,3.789
1.345,1,8.901
-0.567,0,2.456
0.123,1,5.678
-1.234,0,1.89
0.789,1,7.456
-0.345,0,3.678
-1.234,1,3.456
0.456,0,2.345
1.234,1,5.678
-0.789,0,1.234
0.123,1,4.567
-1.345,0,2.456
0.678,1,6.789
1.456,1,7.89
-0.567,0,1.678
0.345,1,5.123
-1.123,0,2.789
0.789,1,6.456
1.345,1,8.123
-0.234,0,1.89
0.567,1,5.678
-1.456,0,2.345
0.234,1,4.89
1.123,1,7.456
-0.678,0,1.234
0.89,1,6.789
-0.123,0,2.678
1.5,1,8.345
-0.89,0,1.456
0.456,1,5.123
-1.5,0,2.89
0.678,1,6.234
1.234,1,7.89
-0.345,0,1.678
0.123,1,4.567
-1.234,0,2.456
0.789,1,6.789
1.456,1,8.123
-0.567,0,1.89
0.345,1,5.678
-1.123,0,2.789
0.678,1,6.456
1.345,1,7.89
-0.234,0,1.234
0.567,1,5.123
-1.456,0,2.345
0.234,1,4.89
1.123,1,7.456
-0.678,0,1.89
0.89,1,6.789
-0.123,0,2.678
1.5,1,8.345
-0.89,0,1.456
0.456,1,5.123
-1.5,0,2.89
0.678,1,6.234
1.234,1,7.89
-0.345,0,1.678
0.123,1,4.567
-1.234,0,2.456
0.789,1,6.789
1.456,1,8.123
-0.567,0,1.89
0.345,1,5.678
-1.123,0,2.789
0.678,1,6.456
1.345,1,7.89
-0.234,0,1.234
0.567,1,5.123
-1.456,0,2.345
0.234,1,4.89
1.123,1,7.456
-0.678,0,1.89
0.89,1,6.789
-0.123,0,2.678
1.5,1,8.345
-0.89,0,1.456
0.456,1,5.123
-1.5,0,2.89
0.678,1,6.234
1.234,1,7.89
-0.345,0,1.678
0.123,1,4.567
-1.234,0,2.456
0.789,1,6.789
1.456,1,8.123
-0.567,0,1.89
0.345,1,5.678
-1.123,0,2.789
0.678,1,6.456
1.345,1,7.89
-0.234,0,1.234
0.567,1,5.123
-1.456,0,2.345
0.234,1,4.89
1.123,1,7.456
-0.678,0,1.89
0.89,1,6.789
-0.123,0,2.678
1.5,1,8.345
-0.89,0,1.456
0.456,1,5.123
-1.5,0,2.89
0.678,1,6.234
1.234,1,7.89
-0.345,0,1.678
0.123,1,4.567
-1.234,0,2.456
0.789,1,6.789
1.456,1,8.123
-0.567,0,1.89
0.345,1,5.678
-1.123,0,2.789
0.678,1,6.456
1.345,1,7.89
-0.234,0,1.234
0.567,1,5.123
-1.456,0,2.345
0.234,1,4.89
1.123,1,7.456
-0.678,0,1.89
0.89,1,6.789
-0.123,0,2.678
1.5,1,8.345
-0.89,0,1.456
0.456,1,5.123
-1.5,0,2.89
0.678,1,6.234
1.234,1,7.89
-0.345,0,1.678
0.123,1,4.567
-1.234,0,2.456
0.789,1,6.789
1.456,1,8.123
-0.567,0,1.89
0.345,1,5.678
-1.123,0,2.789
0.678,1,6.456
1.345,1,7.89
-0.234,0,1.234
0.567,1,5.123
-1.456,0,2.345
0.234,1,4.89
1.123,1,7.456
-0.678,0,1.89
0.89,1,6.789
-0.123,0,2.678
1.5,1,8.345
-0.89,0,1.456
0.456,1,5.123
-1.5,0,2.89
0.678,1,6.234
1.234,1,7.89
-0.345,0,1.678
0.123,1,4.567
-1.234,0,2.456
0.789,1,6.789
1.456,1,8.123
-0.567,0,1.89
0.345,1,5.678
-1.123,0,2.789
0.678,1,6.456
1.345,1,7.89
-0.234,0,1.234
0.567,1,5.123
-1.456,0,2.345
0.234,1,4.89
1.123,1,7.456
-0.678,0,1.89
0.89,1,6.789
-0.123,0,2.678
1.5,1,8.345
-0.89,0,1.456
0.456,1,5.123
-1.5,0,2.89
0.678,1,6.234
1.234,1,7.89
-0.345,0,1.678
0.123,1,4.567
-1.234,0,2.456
0.789,1,6.789
1.456,1,8.123
-0.567,0,1.89
0.345,1,5.678
-1.123,0,2.789
0.678,1,6.456
1.345,1,7.89
-0.234,0,1.234
0.567,1,5.123
-1.456,0,2.345
0.234,1,4.89
1.123,1,7.456
-0.678,0,1.89
0.89,1,6.789
-0.123,0,2.678
1.5,1,8.345
-0.89,0,1.456
0.456,1,5.123
-1.5,0,2.89
0.678,1,6.234
1.234,1,7.89
-0.345,0,1.678
0.123,1,4.567
-1.234,0,2.456
0.789,1,6.789
1.456,1,8.123
-0.567,0,1.89
0.345,1,5.678
-1.123,0,2.789
0.678,1,6.456
1.345,1,7.89
-0.234,0,1.234
0.567,1,5.123
-1.456,0,2.345
0.234,1,4.89
1.123,1,7.456
-0.678,0,1.89
0.89,1,6.789
-0.123,0,2.678
1.5,1,8.345
-0.89,0,1.456
0.456,1,5.123
-1.5,0,2.89
0.678,1,6.234
1.234,1,7.89
-0.345,0,1.678
0.123,1,4.567
-1.234,0,2.456
0.789,1,6.789
1.456,1,8.123
-0.567,0,1.89
0.345,1,5.678
-1.123,0,2.789
0.678,1,6.456
1.345,1,7.89
-0.234,0,1.234
0.567,1,5.123
-1.456,0,2.345
0.234,1,4.89
1.123,1,7.456
-0.678,0,1.89
0.89,1,6.789
-0.123,0,2.678
1.5,1,8.345
-0.89,0,1.456
0.456,1,5.123
-1.5,0,2.89
0.678,1,6.234
1.234,1,7.89
-0.345,0,1.678
0.123,1,4.567
-1.234,0,2.456
0.789,1,6.789
1.456,1,8.123
-0.567,0,1.89
0.345,1,5.678
-1.123,0,2.789
0.678,1,6.456
1.345,1,7.89
-0.234,0,1.234
0.567,1,5.123
-1.456,0,2.345
0.234,1,4.89
1.123,1,7.456
-0.678,0,1.89
0.89,1,6.789
-0.123,0,2.678
1.5,1,8.345
-0.89,0,1.456
0.456,1,5.123
-1.5,0,2.89
0.678,1,6.234
1.234,1,7.89
-0.345,0,1.678
0.123,1,4.567
-1.234,0,2.456
0.789,1,6.789
1.456,1,8.123
-0.567,0,1.89
0.345,1,5.678
-1.123,0,2.789
0.678,1,6.456
1.345,1,7.89
-0.234,0,1.234
0.567,1,5.123
-1.456,0,2.345
0.234,1,4.89
1.123,1,7.456
-0.678,0,1.89
0.89,1,6.789
-0.123,0,2.678
1.5,1,8.345
-0.89,0,1.456
0.456,1,5.123
-1.5,0,2.89
0.678,1,6.234
1.234,1,7.89
-0.345,0,1.678
0.123,1,4.567
-1.234,0,2.456
0.789,1,6.789
1.456,1,8.123
-0.567,0,1.89
0.345,1,5.678
-1.123,0,2.789
0.678,1,6.456
-0.123,1,12.456
0.456,0,8.123
-1.234,1,14.789
0.789,0,9.456
1.234,1,16.321
-0.567,0,7.89
0.345,1,13.456
-0.789,0,8.234
1.123,1,15.678
-1.456,0,6.789
0.678,1,14.123
-0.345,0,8.567
0.234,1,12.89
-0.678,0,7.123
1.456,1,17.89
-0.234,0,8.456
0.123,1,13.789
-1.123,0,6.456
0.567,1,15.123
-0.456,0,7.89
1.345,1,16.456
-0.89,0,6.789
0.89,1,14.678
-1.345,0,5.678
0.012,1,12.345
-0.012,0,8.901
1.012,1,15.789
-0.678,0,7.234
0.234,1,13.456
-1.012,0,6.123
0.456,1,14.567
-0.89,0,7.89
1.234,1,16.789
-0.123,0,8.012
0.678,1,15.123
-1.234,0,5.678
0.789,1,14.456
-0.567,0,7.89
1.456,1,17.123
-0.345,0,6.789
0.345,1,13.678
-0.789,0,8.234
1.123,1,15.89
-0.678,0,7.456
0.89,1,14.321
-1.456,0,5.89
0.012,1,12.678
-0.012,0,8.123
1.012,1,16.456
-0.678,0,6.789
0.234,1,13.789
-1.012,0,5.456
0.456,1,14.89
-0.89,0,7.123
1.234,1,15.678
-0.123,0,8.456
0.678,1,14.123
-1.234,0,6.89
0.789,1,16.321
-0.567,0,7.89
1.456,1,17.456
-0.345,0,5.678
0.345,1,13.456
-0.789,0,8.234
1.123,1,15.89
-0.678,0,6.123
0.89,1,14.567
-1.456,0,5.789
0.012,1,12.345
-0.012,0,8.901
1.012,1,16.789
-0.678,0,7.234
0.234,1,13.678
-1.012,0,6.456
0.456,1,14.89
-0.89,0,7.89
1.234,1,15.123
-0.123,0,8.012
0.678,1,14.456
-1.234,0,5.678
0.789,1,16.789
-0.567,0,7.89
1.456,1,17.123
-0.345,0,6.789
0.345,1,13.678
-0.789,0,8.234
1.123,1,15.89
-0.678,0,7.456
0.89,1,14.321
-1.456,0,5.89
0.012,1,12.678
-0.012,0,8.123
1.012,1,16.456
-0.678,0,6.789
0.234,1,13.789
-1.012,0,5.456
0.456,1,14.89
-0.89,0,7.123
1.234,1,15.678
-0.123,0,8.456
0.678,1,14.123
-1.234,0,6.89
0.789,1,16.321
-0.567,0,7.89
1.456,1,17.456
-0.345,0,5.678
0.345,1,13.456
-0.789,0,8.234
1.123,1,15.89
-0.678,0,6.123
0.89,1,14.567
-1.456,0,5.789
0.012,1,12.345
-0.012,0,8.901
1.012,1,16.789
-0.678,0,7.234
0.234,1,13.678
-1.012,0,6.456
0.456,1,14.89
-0.89,0,7.89
1.234,1,15.123
-0.123,0,8.012
0.678,1,14.456
-1.234,0,5.678
0.789,1,16.789
-0.567,0,7.89
1.456,1,17.123
-0.345,0,6.789
0.345,1,13.678
-0.789,0,8.234
1.123,1,15.89
-0.678,0,7.456
0.89,1,14.321
-1.456,0,5.89
0.012,1,12.678
-0.012,0,8.123
1.012,1,16.456
-0.678,0,6.789
0.234,1,13.789
-1.012,0,5.456
0.456,1,14.89
-0.89,0,7.123
1.234,1,15.678
-0.123,0,8.456
0.678,1,14.123
-1.234,0,6.89
0.789,1,16.321
-0.567,0,7.89
1.456,1,17.456
-0.345,0,5.678
0.345,1,13.456
-0.789,0,8.234
1.123,1,15.89
-0.678,0,6.123
0.89,1,14.567
-1.456,0,5.789
0.012,1,12.345
-0.012,0,8.901
1.012,1,16.789
-0.678,0,7.234
0.234,1,13.678
-1.012,0,6.456
0.456,1,14.89
-0.89,0,7.89
1.234,1,15.123
-0.123,0,8.012
0.678,1,14.456
-1.234,0,5.678
0.789,1,16.789
-0.567,0,7.89
1.456,1,17.123
-0.345,0,6.789
0.345,1,13.678
-0.789,0,8.234
1.123,1,15.89
-0.678,0,7.456
0.89,1,14.321
-1.456,0,5.89
0.012,1,12.678
-0.012,0,8.123
1.012,1,16.456
-0.678,0,6.789
0.234,1,13.789
-1.012,0,5.456
0.456,1,14.89
-0.89,0,7.123
1.234,1,15.678
-0.123,0,8.456
0.678,1,14.123
-1.234,0,6.89
0.789,1,16.321
-0.567,0,7.89
1.456,1,17.456
-0.345,0,5.678
0.345,1,13.456
-0.789,0,8.234
1.123,1,15.89
-0.678,0,6.123
0.89,1,14.567
-1.456,0,5.789
0.012,1,12.345
-0.012,0,8.901
1.012,1,16.789
-0.678,0,7.234
0.234,1,13.678
-1.012,0,6.456
0.456,1,14.89
-0.89,0,7.89
1.234,1,15.123
-0.123,0,8.012
0.678,1,14.456
-1.234,0,5.678
0.789,1,16.789
-0.567,0,7.89
1.456,1,17.123
-0.345,0,6.789
0.345,1,13.678
-0.789,0,8.234
1.123,1,15.89
-0.678,0,7.456
0.89,1,14.321
-1.456,0,5.89
0.012,1,12.678
-0.012,0,8.123
1.012,1,16.456
-0.678,0,6.789
0.234,1,13.789
-1.012,0,5.456
0.456,1,14.89
-0.89,0,7.123
1.234,1,15.678
-0.123,0,8.456
0.678,1,14.123
-1.234,0,6.89
0.789,1,16.321
-0.567,0,7.89
1.456,1,17.456
-0.345,0,5.678
0.345,1,13.456
-0.789,0,8.234
1.123,1,15.89
-0.678,0,6.123
0.89,1,14.567
-1.456,0,5.789
0.012,1,12.345
-0.012,0,8.901
1.012,1,16.789
-0.678,0,7.234
0.234,1,13.678
-1.012,0,6.456
0.456,1,14.89
-0.89,0,7.89
1.234,1,15.123
-0.123,0,8.012
0.678,1,14.456
-1.234,0,5.678
0.789,1,16.789
-0.567,0,7.89
1.456,1,17.123
-0.345,0,6.789
0.345,1,13.678
-0.789,0,8.234
1.123,1,15.89
-0.678,0,7.456
0.89,1,14.321
-1.456,0,5.89
0.012,1,12.678
-0.012,0,8.123
1.012,1,16.456
-0.678,0,6.789
0.234,1,13.789
-1.012,0,5.456
0.456,1,14.89
-0.89,0,7.123
1.234,1,15.678
-0.123,0,8.456
0.678,1,14.123
-1.234,0,6.89
0.789,1,16.321
-0.567,0,7.89
1.456,1,17.456
-0.345,0,5.678
0.345,1,13.456
-0.789,0,8.234
1.123,1,15.89
-0.678,0,6.123
0.89,1,14.567
-1.456,0,5.789
0.012,1,12.345
-0.012,0,8.901
1.012,1,16.789
-0.678,0,7.234
0.234,1,13.678
-1.012,0,6.456
0.456,1,14.89
-0.89,0,7.89
1.234,1,15.123
-0.123,0,8.012
0.678,1,14.456
-1.234,0,5.678
-1.203,0,0.123
0.456,1,1.234
-0.789,1,2.345
1.234,0,0.456
0.123,1,3.567
-1.456,0,-0.234
0.789,1,4.678
-0.345,0,0.567
1.345,1,5.789
-0.567,0,-0.123
0.678,1,3.456
-1.234,0,-0.345
0.234,1,2.678
1.456,0,0.789
-0.123,1,4.567
0.345,0,0.234
-0.678,1,3.789
1.123,0,1.234
-1.345,1,5.678
0.456,0,0.567
-0.456,1,2.345
1.234,0,0.123
-0.789,1,3.456
0.123,0,-0.567
-1.456,1,4.678
0.789,0,0.456
-0.345,1,2.789
1.345,0,1.567
-0.567,1,3.678
0.678,0,0.234
-1.234,1,5.789
0.234,0,-0.123
1.456,1,4.567
-0.123,0,0.678
0.345,1,2.456
-0.678,0,-0.345
1.123,1,5.678
-1.345,0,0.789
0.456,1,3.456
-0.456,0,-0.567
1.234,1,4.789
-0.789,0,0.123
0.123,1,2.678
-1.456,0,-0.234
0.789,1,3.567
-0.345,0,0.456
1.345,1,5.678
-0.567,0,-0.123
0.678,1,4.567
-1.234,0,0.789
0.234,1,2.345
1.456,0,0.567
-0.123,1,3.456
0.345,0,-0.678
-0.678,1,5.789
1.123,0,1.234
-1.345,1,4.678
0.456,0,0.123
-0.456,1,2.789
1.234,0,0.567
-0.789,1,3.456
0.123,0,-0.345
-1.456,1,5.678
0.789,0,0.678
-0.345,1,2.456
1.345,0,1.567
-0.567,1,3.678
0.678,0,0.234
-1.234,1,5.789
0.234,0,-0.123
1.456,1,4.567
-0.123,0,0.678
0.345,1,2.456
-0.678,0,-0.345
1.123,1,5.678
-1.345,0,0.789
0.456,1,3.456
-0.456,0,-0.567
1.234,1,4.789
-0.789,0,0.123
0.123,1,2.678
-1.456,0,-0.234
0.789,1,3.567
-0.345,0,0.456
1.345,1,5.678
-0.567,0,-0.123
0.678,1,4.567
-1.234,0,0.789
0.234,1,2.345
1.456,0,0.567
-0.123,1,3.456
0.345,0,-0.678
-0.678,1,5.789
1.123,0,1.234
-1.345,1,4.678
0.456,0,0.123
-0.456,1,2.789
1.234,0,0.567
-0.789,1,3.456
0.123,0,-0.345
-1.456,1,5.678
0.789,0,0.678
-0.345,1,2.456
1.345,0,1.567
-0.567,1,3.678
0.678,0,0.234
-1.234,1,5.789
0.234,0,-0.123
1.456,1,4.567
-0.123,0,0.678
0.345,1,2.456
-0.678,0,-0.345
1.123,1,5.678
-1.345,0,0.789
0.456,1,3.456
-0.456,0,-0.567
1.234,1,4.789
-0.789,0,0.123
0.123,1,2.678
-1.456,0,-0.234
0.789,1,3.567
-0.345,0,0.456
1.345,1,5.678
-0.567,0,-0.123
0.678,1,4.567
-1.234,0,0.789
0.234,1,2.345
1.456,0,0.567
-0.123,1,3.456
0.345,0,-0.678
-0.678,1,5.789
1.123,0,1.234
-1.345,1,4.678
0.456,0,0.123
-0.456,1,2.789
1.234,0,0.567
-0.789,1,3.456
0.123,0,-0.345
-1.456,1,5.678
0.789,0,0.678
-0.345,1,2.456
1.345,0,1.567
-0.567,1,3.678
0.678,0,0.234
-1.234,1,5.789
0.234,0,-0.123
1.456,1,4.567
-0.123,0,0.678
0.345,1,2.456
-0.678,0,-0.345
1.123,1,5.678
-1.345,0,0.789
0.456,1,3.456
-0.456,0,-0.567
1.234,1,4.789
-0.789,0,0.123
0.123,1,2.678
-1.456,0,-0.234
0.789,1,3.567
-0.345,0,0.456
1.345,1,5.678
-0.567,0,-0.123
0.678,1,4.567
-1.234,0,0.789
0.234,1,2.345
1.456,0,0.567
-0.123,1,3.456
0.345,0,-0.678
-0.678,1,5.789
1.123,0,1.234
-1.345,1,4.678
0.456,0,0.123
-0.456,1,2.789
1.234,0,0.567
-0.789,1,3.456
0.123,0,-0.345
-1.456,1,5.678
0.789,0,0.678
-0.345,1,2.456
1.345,0,1.567
-0.567,1,3.678
0.678,0,0.234
-1.234,1,5.789
0.234,0,-0.123
1.456,1,4.567
-0.123,0,0.678
0.345,1,2.456
-0.678,0,-0.345
1.123,1,5.678
-1.345,0,0.789
0.456,1,3.456
-0.456,0,-0.567
1.234,1,4.789
-0.789,0,0.123
0.123,1,2.678
-1.456,0,-0.234
0.789,1,3.567
-0.345,0,0.456
1.345,1,5.678
-0.567,0,-0.123
0.678,1,4.567
-1.234,0,0.789
0.234,1,2.345
1.456,0,0.567
-0.123,1,3.456
0.345,0,-0.678
-0.678,1,5.789
1.123,0,1.234
-1.345,1,4.678
0.456,0,0.123
-0.456,1,2.789
1.234,0,0.567
-0.789,1,3.456
0.123,0,-0.345
-1.456,1,5.678
0.789,0,0.678
-0.345,1,2.456
1.345,0,1.567
-0.567,1,3.678
0.678,0,0.234
-1.234,1,5.789
0.234,0,-0.123
1.456,1,4.567
-0.123,0,0.678
0.345,1,2.456
-0.678,0,-0.345
1.123,1,5.678
-1.345,0,0.789
0.456,1,3.456
-0.456,0,-0.567
1.234,1,4.789
-0.789,0,0.123
0.123,1,2.678
-1.456,0,-0.234
0.789,1,3.567
-0.345,0,0.456
1.345,1,5.678
-0.567,0,-0.123
0.678,1,4.567
-1.234,0,0.789
0.234,1,2.345
1.456,0,0.567
-0.123,1,3.456
0.345,0,-0.678
-0.678,1,5.789
1.123,0,1.234
-1.345,1,4.678
0.456,0,0.123
-0.456,1,2.789
1.234,0,0.567
-0.789,1,3.456
0.123,0,-0.345
-1.456,1,5.678
0.789,0,0.678
-0.345,1,2.456
1.345,0,1.567
-0.567,1,3.678
0.678,0,0.234
-1.234,1,5.789
0.234,0,-0.123
1.456,1,4.567
-0.123,0,0.678
0.345,1,2.456
-0.678,0,-0.345
1.123,1,5.678
-1.345,0,0.789
0.456,1,3.456
-0.456,0,-0.567
1.234,1,4.789
-0.789,0,0.123
0.123,1,2.678
-1.456,0,-0.234
0.789,1,3.567
-0.345,0,0.456
1.345,1,5.678
-0.567,0,-0.123
0.678,1,4.567
-1.234,0,0.789
0.234,1,2.345
1.456,0,0.567
-0.123,1,3.456
0.345,0,-0.678
-0.678,1,5.789
1.123,0,1.234
-1.345,1,4.678
0.456,0,0.123
-0.456,1,2.789
1.234,0,0.567
-0.789,1,3.456
0.123,0,-0.345
-1.456,1,5.678
0.789,0,0.678
-0.345,1,2.456
1.345,0,1.567
-0.567,1,3.678
0.678,0,0.234
-1.234,1,5.789
0.234,0,-0.123
1.456,1,4.567
-0.123,0,0.678
-0.123,1,12.456
0.456,0,8.123
-1.234,1,14.789
0.789,1,16.345
-0.567,0,9.876
1.345,1,18.234
-0.89,0,7.654
0.234,1,15.678
1.123,1,19.012
-1.456,0,6.543
0.678,1,17.89
-0.345,0,8.765
1.456,1,20.123
-0.789,0,7.89
0.345,1,15.234
-1.123,0,6.789
0.567,1,16.456
-0.234,0,8.012
1.234,1,19.456
-0.678,0,7.321
0.89,1,18.678
-1.345,0,5.678
0.123,1,14.89
-0.456,0,8.234
1.5,1,20.456
-0.89,0,6.123
0.456,1,17.345
-1.234,0,5.89
0.789,1,16.789
-0.567,0,7.456
1.345,1,19.89
-0.123,0,8.678
0.678,1,15.123
-1.456,0,6.234
0.234,1,17.456
-0.89,0,7.89
1.123,1,18.234
-0.345,0,5.678
0.567,1,16.89
-1.123,0,6.789
0.89,1,19.012
-0.678,0,7.321
1.234,1,20.678
-0.456,0,8.012
0.123,1,15.678
-1.345,0,5.89
0.789,1,17.234
-0.89,0,6.543
1.5,1,19.456
-0.234,0,8.678
0.456,1,16.345
-1.234,0,5.678
0.678,1,18.012
-0.567,0,7.89
1.345,1,20.123
-0.123,0,6.789
0.89,1,15.678
-1.456,0,5.89
0.234,1,17.89
-0.678,0,8.234
1.123,1,19.678
-0.345,0,6.543
0.567,1,16.789
-1.123,0,5.678
0.89,1,18.234
-0.89,0,7.012
1.234,1,20.456
-0.456,0,8.678
0.123,1,15.345
-1.345,0,6.89
0.789,1,17.456
-0.89,0,5.678
1.5,1,19.89
-0.234,0,8.012
0.456,1,16.678
-1.234,0,5.89
0.678,1,18.123
-0.567,0,7.321
1.345,1,20.789
-0.123,0,6.234
0.89,1,15.89
-1.456,0,5.678
0.234,1,17.012
-0.678,0,8.456
1.123,1,19.456
-0.345,0,6.789
0.567,1,16.89
-1.123,0,5.678
0.89,1,18.678
-0.89,0,7.89
1.234,1,20.123
-0.456,0,8.234
0.123,1,15.678
-1.345,0,6.89
0.789,1,17.234
-0.89,0,5.678
1.5,1,19.456
-0.234,0,8.678
0.456,1,16.345
-1.234,0,5.678
0.678,1,18.012
-0.567,0,7.89
1.345,1,20.789
-0.123,0,6.543
0.89,1,15.678
-1.456,0,5.89
0.234,1,17.89
-0.678,0,8.234
1.123,1,19.678
-0.345,0,6.543
0.567,1,16.789
-1.123,0,5.678
0.89,1,18.234
-0.89,0,7.012
1.234,1,20.456
-0.456,0,8.678
0.123,1,15.345
-1.345,0,6.89
0.789,1,17.456
-0.89,0,5.678
1.5,1,19.89
-0.234,0,8.012
0.456,1,16.678
-1.234,0,5.89
0.678,1,18.123
-0.567,0,7.321
1.345,1,20.789
-0.123,0,6.234
0.89,1,15.89
-1.456,0,5.678
0.234,1,17.012
-0.678,0,8.456
1.123,1,19.456
-0.345,0,6.789
0.567,1,16.89
-1.123,0,5.678
0.89,1,18.234
-0.89,0,7.89
1.234,1,20.123
-0.456,0,8.234
0.123,1,15.678
-1.345,0,6.89
0.789,1,17.234
-0.89,0,5.678
1.5,1,19.456
-0.234,0,8.678
0.456,1,16.345
-1.234,0,5.678
0.678,1,18.012
-0.567,0,7.89
1.345,1,20.789
-0.123,0,6.543
0.89,1,15.678
-1.456,0,5.89
0.234,1,17.89
-0.678,0,8.234
1.123,1,19.678
-0.345,0,6.543
0.567,1,16.789
-1.123,0,5.678
0.89,1,18.234
-0.89,0,7.012
1.234,1,20.456
-0.456,0,8.678
0.123,1,15.345
-1.345,0,6.89
0.789,1,17.456
-0.89,0,5.678
1.5,1,19.89
-0.234,0,8.012
0.456,1,16.678
-1.234,0,5.89
0.678,1,18.123
-0.567,0,7.321
1.345,1,20.789
-0.123,0,6.234
0.89,1,15.89
-1.456,0,5.678
0.234,1,17.012
-0.678,0,8.456
1.123,1,19.456
-0.345,0,6.789
0.567,1,16.89
-1.123,0,5.678
0.89,1,18.234
-0.89,0,7.89
1.234,1,20.123
-0.456,0,8.234
0.123,1,15.678
-1.345,0,6.89
0.789,1,17.234
-0.89,0,5.678
1.5,1,19.456
-0.234,0,8.678
0.456,1,16.345
-1.234,0,5.678
0.678,1,18.012
-0.567,0,7.89
1.345,1,20.789
-0.123,0,6.543
0.89,1,15.678
-1.456,0,5.89
0.234,1,17.89
-0.678,0,8.234
1.123,1,19.678
-0.345,0,6.543
0.567,1,16.789
-1.123,0,5.678
0.89,1,18.234
-0.89,0,7.012
1.234,1,20.456
-0.456,0,8.678
0.123,1,15.345
-1.345,0,6.89
0.789,1,17.456
-0.89,0,5.678
1.5,1,19.89
-0.234,0,8.012
0.456,1,16.678
-1.234,0,5.89
0.678,1,18.123
-0.567,0,7.321
1.345,1,20.789
-0.123,0,6.234
0.89,1,15.89
-1.456,0,5.678
0.234,1,17.012
-0.678,0,8.456
1.123,1,19.456
-0.345,0,6.789
0.567,1,16.89
-1.123,0,5.678
0.89,1,18.234
-0.89,0,7.89
1.234,1,20.123
-0.456,0,8.234
0.123,1,15.678
-1.345,0,6.89
0.789,1,17.234
-0.89,0,5.678
1.5,1,19.456
-0.234,0,8.678
0.456,1,16.345
-1.234,0,5.678
0.678,1,18.012
-0.567,0,7.89
1.345,1,20.789
-0.123,0,6.543
0.89,1,15.678
-1.456,0,5.89
0.234,1,17.89
-0.678,0,8.234
1.123,1,19.678
-0.345,0,6.543
0.567,1,16.789
-1.123,0,5.678
0.89,1,18.234
-0.89,0,7.012
1.234,1,20.456
-0.456,0,8.678
0.123,1,15.345
-1.345,0,6.89
0.789,1,17.456
-0.89,0,5.678
1.5,1,19.89
-0.234,0,8.012
0.456,1,16.678
-1.234,0,5.89
0.678,1,18.123
-0.567,0,7.321
1.345,1,20.789
-0.123,0,6.234
0.89,1,15.89
-1.456,0,5.678
0.234,1,17.012
-0.678,0,8.456
1.123,1,19.456
-0.345,0,6.789
0.567,1,16.89
-1.123,0,5.678
0.89,1,18.234
-0.89,0,7.89
1.234,1,20.123
-0.456,0,8.234
0.123,1,15.678
-1.345,0,6.89
0.789,1,17.234
-0.89,0,5.678
1.5,1,19.456
-0.234,0,8.678
0.456,1,16.345
-1.234,0,5.678
0.678,1,18.012
-0.567,0,7.89
1.345,1,20.789
-0.123,0,6.543
0.89,1,15.678
-1.456,0,5.89
0.234,1,17.89
-0.678,0,8.234
-1.234,1,3.456
0.456,0,2.123
1.123,1,5.678
-0.789,0,1.234
0.234,1,4.567
1.456,1,6.789
-1.345,0,1.567
0.678,1,5.123
-0.567,0,2.345
1.234,1,7.89
-0.123,0,1.89
0.89,1,5.678
-1.456,0,1.234
0.345,1,4.89
1.345,1,6.123
-0.678,0,2.456
0.123,1,4.567
-1.123,0,1.678
0.789,1,5.89
-0.234,0,2.123
1.5,1,7.456
-0.89,0,1.345
0.456,1,5.678
-1.5,0,1.234
0.678,1,4.89
1.234,1,6.789
-0.345,0,2.456
0.89,1,5.123
-1.234,0,1.678
0.123,1,4.567
1.456,1,7.89
-0.678,0,2.345
0.234,1,5.678
-1.345,0,1.234
0.789,1,6.123
-0.567,0,2.456
1.123,1,5.89
-0.123,0,1.89
0.89,1,4.567
-1.456,0,1.678
0.345,1,5.123
1.345,1,7.456
-0.678,0,2.89
0.123,1,4.89
-1.123,0,1.234
0.456,1,5.678
-0.89,0,2.345
1.5,1,6.789
-0.234,0,1.567
0.678,1,5.89
-1.5,0,1.234
0.89,1,4.567
1.234,1,7.89
-0.345,0,2.456
0.123,1,5.678
-1.234,0,1.678
0.789,1,6.123
-0.567,0,2.89
1.123,1,5.89
-0.123,0,1.234
0.456,1,4.567
-1.456,0,1.678
0.345,1,5.123
1.345,1,7.456
-0.678,0,2.345
0.234,1,5.678
-1.345,0,1.234
0.89,1,6.789
-0.89,0,1.567
1.5,1,5.89
-0.234,0,2.456
0.678,1,4.89
-1.5,0,1.234
0.123,1,5.678
-1.234,0,1.678
0.789,1,6.123
-0.567,0,2.89
1.123,1,5.89
-0.123,0,1.234
0.456,1,4.567
-1.456,0,1.678
0.345,1,5.123
1.345,1,7.456
-0.678,0,2.345
0.234,1,5.678
-1.345,0,1.234
0.89,1,6.789
-0.89,0,1.567
1.5,1,5.89
-0.234,0,2.456
0.678,1,4.89
-1.5,0,1.234
0.123,1,5.678
-1.234,0,1.678
0.789,1,6.123
-0.567,0,2.89
1.123,1,5.89
-0.123,0,1.234
0.456,1,4.567
-1.456,0,1.678
0.345,1,5.123
1.345,1,7.456
-0.678,0,2.345
0.234,1,5.678
-1.345,0,1.234
0.89,1,6.789
-0.89,0,1.567
1.5,1,5.89
-0.234,0,2.456
0.678,1,4.89
-1.5,0,1.234
0.123,1,5.678
-1.234,0,1.678
0.789,1,6.123
-0.567,0,2.89
1.123,1,5.89
-0.123,0,1.234
0.456,1,4.567
-1.456,0,1.678
0.345,1,5.123
1.345,1,7.456
-0.678,0,2.345
0.234,1,5.678
-1.345,0,1.234
0.89,1,6.789
-0.89,0,1.567
1.5,1,5.89
-0.234,0,2.456
0.678,1,4.89
-1.5,0,1.234
0.123,1,5.678
-1.234,0,1.678
0.789,1,6.123
-0.567,0,2.89
1.123,1,5.89
-0.123,0,1.234
0.456,1,4.567
-1.456,0,1.678
0.345,1,5.123
1.345,1,7.456
-0.678,0,2.345
0.234,1,5.678
-1.345,0,1.234
0.89,1,6.789
-0.89,0,1.567
1.5,1,5.89
-0.234,0,2.456
0.678,1,4.89
-1.5,0,1.234
0.123,1,5.678
-1.234,0,1.678
0.789,1,6.123
-0.567,0,2.89
1.123,1,5.89
-0.123,0,1.234
0.456,1,4.567
-1.456,0,1.678
0.345,1,5.123
1.345,1,7.456
-0.678,0,2.345
0.234,1,5.678
-1.345,0,1.234
0.89,1,6.789
-0.89,0,1.567
1.5,1,5.89
-0.234,0,2.456
0.678,1,4.89
-1.5,0,1.234
0.123,1,5.678
-1.234,0,1.678
0.789,1,6.123
-0.567,0,2.89
1.123,1,5.89
-0.123,0,1.234
0.456,1,4.567
-1.456,0,1.678
0.345,1,5.123
1.345,1,7.456
-0.678,0,2.345
0.234,1,5.678
-1.345,0,1.234
0.89,1,6.789
-0.89,0,1.567
1.5,1,5.89
-0.234,0,2.456
0.678,1,4.89
-1.5,0,1.234
0.123,1,5.678
-1.234,0,1.678
0.789,1,6.123
-0.567,0,2.89
1.123,1,5.89
-0.123,0,1.234
0.456,1,4.567
-1.456,0,1.678
0.345,1,5.123
1.345,1,7.456
-0.678,0,2.345
0.234,1,5.678
-1.345,0,1.234
0.89,1,6.789
-0.89,0,1.567
1.5,1,5.89
-0.234,0,2.456
0.678,1,4.89
-1.5,0,1.234
0.123,1,5.678
-1.234,0,1.678
0.789,1,6.123
-0.567,0,2.89
1.123,1,5.89
-0.123,0,1.234
0.456,1,4.567
-1.456,0,1.678
0.345,1,5.123
1.345,1,7.456
-0.678,0,2.345
0.234,1,5.678
-1.345,0,1.234
0.89,1,6.789
-0.89,0,1.567
1.5,1,5.89
-0.234,0,2.456
0.678,1,4.89
-1.5,0,1.234
0.123,1,5.678
-1.234,0,1.678
0.789,1,6.123
-0.567,0,2.89
1.123,1,5.89
-0.123,0,1.234
0.456,1,4.567
-1.456,0,1.678
0.345,1,5.123
1.345,1,7.456
-0.678,0,2.345
0.234,1,5.678
-1.345,0,1.234
0.89,1,6.789
-0.89,0,1.567
1.5,1,5.89
-0.234,0,2.456
0.678,1,4.89
-1.5,0,1.234
0.123,1,5.678
-1.234,0,1.678
0.789,1,6.123
-0.567,0,2.89
1.123,1,5.89
-0.123,0,1.234
0.456,1,4.567
-1.456,0,1.678
0.345,1,5.123
1.345,1,7.456
-0.678,0,2.345
0.234,1,5.678
-1.345,0,1.234
0.89,1,6.789
-0.89,0,1.567
1.5,1,5.89
-0.234,0,2.456
0.678,1,4.89
-1.5,0,1.234
0.123,1,5.678
-1.234,0,1.678
0.789,1,6.123
-0.567,0,2.89
1.123,1,5.89
-0.123,0,1.234
0.456,1,4.567
-1.456,0,1.678
0.345,1,5.123
1.345,1,7.456
-0.678,0,2.345
0.234,1,5.678
-1.345,0,1.234
0.89,1,6.789
-0.89,0,1.567
1.5,1,5.89
-0.234,0,2.456
0.678,1,4.89
-1.5,0,1.234
0.123,1,5.678
-1.234,0,1.678
0.789,1,6.123
-0.567,0,2.89
1.123,1,5.89
-0.123,0,1.234
0.456,1,4.567
-1.456,0,1.678
0.345,1,5.123
1.345,1,7.456
-0.678,0,2.345
0.234,1,5.678
-1.345,0,1.234
0.89,1,6.789
-0.89,0,1.567
1.5,1,5.89
-0.234,0,2.456
0.678,1,4.89
-1.234,1,5.672
0.456,0,3.214
1.123,1,8.456
-0.789,0,2.987
0.345,1,6.123
-1.456,0,1.789
0.678,1,7.345
1.234,1,9.876
-0.567,0,2.345
0.89,1,7.89
-1.012,0,1.234
0.234,1,6.789
1.345,1,8.123
-0.678,0,2.456
0.456,1,6.456
-1.345,0,1.678
0.789,1,7.567
1.456,1,9.012
-0.89,0,2.678
0.123,1,5.89
-1.5,0,1.89
0.567,1,6.345
