X,A,y
-0.234,1,5.182
0.874,1,7.198
-1.128,0,1.674
0.456,1,6.048
-0.678,0,2.134
1.234,1,8.456
-0.987,0,1.982
0.345,1,5.678
1.456,1,9.123
-1.345,0,0.876
0.678,1,6.789
-0.456,0,2.345
1.123,1,7.456
-0.789,0,1.543
0.234,1,5.123
1.345,1,8.789
-1.234,0,1.234
0.567,1,6.456
-0.123,0,2.456
1.5,1,9.456
-0.678,0,1.678
0.789,1,7.123
-1.456,0,0.567
0.123,1,5.456
1.5,1,8.123
-0.345,0,1.234
0.456,1,6.789
-1.5,0,0.789
0.678,1,7.456
1.234,1,8.789
-0.789,0,1.456
0.345,1,5.678
1.456,1,9.012
-1.234,0,1.345
0.567,1,6.123
-0.123,0,2.789
1.5,1,8.456
-0.678,0,1.234
0.789,1,7.789
-1.345,0,0.678
0.234,1,5.789
1.345,1,9.123
-0.456,0,1.567
0.678,1,6.456
-1.5,0,0.789
0.123,1,5.456
1.234,1,8.789
-0.789,0,1.234
0.456,1,6.789
-1.234,0,1.345
0.567,1,6.123
1.5,1,9.456
-0.678,0,1.678
0.789,1,7.123
-1.456,0,0.567
0.345,1,5.678
1.5,1,8.123
-0.123,0,2.456
0.678,1,6.789
-1.345,0,1.234
0.456,1,6.456
1.234,1,8.789
-0.789,0,1.456
0.567,1,6.123
-1.5,0,0.789
0.123,1,5.456
1.5,1,9.012
-0.678,0,1.234
0.789,1,7.456
-1.234,0,1.345
0.456,1,6.789
1.345,1,8.456
-0.345,0,1.678
0.678,1,6.123
-1.5,0,0.789
0.234,1,5.789
1.234,1,8.789
-0.789,0,1.234
0.456,1,6.456
-1.234,0,1.345
0.567,1,6.123
1.5,1,9.456
-0.678,0,1.678
0.789,1,7.123
-1.456,0,0.567
0.345,1,5.678
1.5,1,8.123
-0.123,0,2.456
0.678,1,6.789
-1.345,0,1.234
0.456,1,6.456
1.234,1,8.789
-0.789,0,1.456
0.567,1,6.123
-1.5,0,0.789
0.123,1,5.456
1.5,1,9.012
-0.678,0,1.234
0.789,1,7.456
-1.234,0,1.345
0.456,1,6.789
1.345,1,8.456
-0.345,0,1.678
0.678,1,6.123
-1.5,0,0.789
0.234,1,5.789
1.234,1,8.789
-0.789,0,1.234
0.456,1,6.456
-1.234,0,1.345
0.567,1,6.123
1.5,1,9.456
-0.678,0,1.678
0.789,1,7.123
-1.456,0,0.567
0.345,1,5.678
1.5,1,8.123
-0.123,0,2.456
0.678,1,6.789
-1.345,0,1.234
0.456,1,6.456
1.234,1,8.789
-0.789,0,1.456
0.567,1,6.123
-1.5,0,0.789
0.123,1,5.456
1.5,1,9.012
-0.678,0,1.234
0.789,1,7.456
-1.234,0,1.345
0.456,1,6.789
1.345,1,8.456
-0.345,0,1.678
0.678,1,6.123
-1.5,0,0.789
0.234,1,5.789
1.234,1,8.789
-0.789,0,1.234
0.456,1,6.456
-1.234,0,1.345
0.567,1,6.123
1.5,1,9.456
-0.678,0,1.678
0.789,1,7.123
-1.456,0,0.567
0.345,1,5.678
1.5,1,8.123
-0.123,0,2.456
0.678,1,6.789
-1.345,0,1.234
0.456,1,6.456
1.234,1,8.789
-0.789,0,1.456
0.567,1,6.123
-1.5,0,0.789
0.123,1,5.456
1.5,1,9.012
-0.678,0,1.234
0.789,1,7.456
-1.234,0,1.345
0.456,1,6.789
1.345,1,8.456
-0.345,0,1.678
0.678,1,6.123
-1.5,0,0.789
0.234,1,5.789
1.234,1,8.789
-0.789,0,1.234
0.456,1,6.456
-1.234,0,1.345
0.567,1,6.123
1.5,1,9.456
-0.678,0,1.678
0.789,1,7.123
-1.456,0,0.567
0.345,1,5.678
1.5,1,8.123
-0.123,0,2.456
0.678,1,6.789
-1.345,0,1.234
0.456,1,6.456
1.234,1,8.789
-0.789,0,1.456
0.567,1,6.123
-1.5,0,0.789
0.123,1,5.456
1.5,1,9.012
-0.678,0,1.234
0.789,1,7.456
-1.234,0,1.345
0.456,1,6.789
1.345,1,8.456
-0.345,0,1.678
0.678,1,6.123
-1.5,0,0.789
0.234,1,5.789
1.234,1,8.789
-0.789,0,1.234
0.456,1,6.456
-1.234,0,1.345
0.567,1,6.123
1.5,1,9.456
-0.678,0,1.678
0.789,1,7.123
-1.456,0,0.567
0.345,1,5.678
1.5,1,8.123
-0.123,0,2.456
0.678,1,6.789
-1.345,0,1.234
0.456,1,6.456
1.234,1,8.789
-0.789,0,1.456
0.567,1,6.123
-1.5,0,0.789
0.123,1,5.456
1.5,1,9.012
-0.678,0,1.234
0.789,1,7.456
-1.234,0,1.345
0.456,1,6.789
1.345,1,8.456
-0.345,0,1.678
0.678,1,6.123
-1.5,0,0.789
0.234,1,5.789
1.234,1,8.789
-0.789,0,1.234
0.456,1,6.456
-1.234,0,1.345
0.567,1,6.123
1.5,1,9.456
-0.678,0,1.678
0.789,1,7.123
-1.456,0,0.567
0.345,1,5.678
1.5,1,8.123
-0.123,0,2.456
0.678,1,6.789
-1.345,0,1.234
0.456,1,6.456
1.234,1,8.789
-0.789,0,1.456
0.567,1,6.123
-1.5,0,0.789
0.123,1,5.456
1.5,1,9.012
-0.678,0,1.234
0.789,1,7.456
-1.234,0,1.345
0.456,1,6.789
1.345,1,8.456
-0.345,0,1.678
0.678,1,6.123
-1.5,0,0.789
0.234,1,5.789
1.234,1,8.789
-0.789,0,1.234
0.456,1,6.456
-1.234,0,1.345
0.567,1,6.123
1.5,1,9.456
-0.678,0,1.678
0.789,1,7.123
-1.456,0,0.567
0.345,1,5.678
1.5,1,8.123
-0.123,0,2.456
0.678,1,6.789
-1.345,0,1.234
0.456,1,6.456
1.234,1,8.789
-0.789,0,1.456
0.567,1,6.123
-1.5,0,0.789
0.123,1,5.456
1.5,1,9.012
-0.678,0,1.234
0.789,1,7.456
-1.234,0,1.345
0.456,1,6.789
1.345,1,8.456
-0.345,0,1.678
0.678,1,6.123
-1.5,0,0.789
0.234,1,5.789
1.234,1,8.789
-0.789,0,1.234
0.456,1,6.456
-1.234,0,1.345
0.567,1,6.123
1.5,1,9.456
-0.678,0,1.678
0.789,1,7.123
-1.456,0,0.567
0.345,1,5.678
1.5,1,8.123
-0.123,0,2.456
0.678,1,6.789
-1.345,0,1.234
0.456,1,6.456
1.234,1,8.789
-0.789,0,1.456
0.567,1,6.123
-1.5,0,0.789
0.123,1,5.456
1.5,1,9.012
-0.678,0,1.234
0.789,1,7.456
-1.234,0,1.345
0.456,1,6.789
1.345,1,8.456
-0.345,0,1.678
0.678,1,6.123
-1.5,0,0.789
0.234,1,5.789
1.234,1,8.789
-0.789,0,1.234
0.456,1,6.456
-1.234,0,1.345
0.567,1,6.123
1.5,1,9.456
-0.678,0,1.678
0.789,1,7.123
-1.456,0,0.567
0.345,1,5.678
1.5,1,8.123
-0.123,0,2.456
0.678,1,6.789
-1.345,0,1.234
0.456,1,6.456
1.234,1,8.789
-0.789,0,1.456
0.567,1,6.123
-1.5,0,0.789
0.123,1,5.456
1.5,1,9.012
-0.678,0,1.234
0.789,1,7.456
-1.234,0,1.345
0.456,1,6.789
1.345,1,8.456
-0.345,0,1.678
0.678,1,6.123
-1.5,0,0.789
0.234,1,5.789
1.234,1,8.789
-0.789,0,1.234
0.456,1,6.456
-1.234,0,1.345
0.567,1,6.123
1.5,1,9.456
-0.678,0,1.678
0.789,1,7.123
-1.456,0,0.567
0.345,1,5.678
1.5,1,8.123
-0.123,0,2.456
0.678,1,6.789
-1.345,0,1.234
0.456,1,6.456
1.234,1,8.789
-0.789,0,1.456
0.567,1,6.123
-1.5,0,0.789
0.123,1,5.456
1.5,1,9.012
-0.678,0,1.234
0.789,1,7.456
-1.234,0,1.345
0.456,1,6.789
1.345,1,8.456
-0.345,0,1.678
0.678,1,6.123
-1.5,0,0.789
0.234,1,5.789
1.234,1,8.789
-0.789,0,1.234
0.456,1,6.456
-1.234,0,1.345
0.567,1,6.123
1.5,1,9.456
-0.678,0,1.678
0.789,1,7.123
-0.123456,0,3.456789
0.234567,1,5.678901
-1.234567,0,2.345678
1.345678,1,6.789012
0.456789,1,4.56789
-0.56789,0,3.123456
1.234567,1,7.890123
-0.678901,0,2.456789
0.789012,1,5.123456
-1.345678,0,2.678901
0.123456,1,4.890123
-0.234567,0,3.56789
1.456789,1,6.123456
-0.345678,0,2.789012
0.56789,1,5.678901
-1.456789,0,2.345678
1.5,1,7.012345
-0.456789,0,3.890123
0.678901,1,5.456789
-1.5,0,2.678901
1.5,1,7.123456
-0.56789,0,3.234567
0.789012,1,5.890123
-1.5,0,2.456789
1.5,1,7.678901
-0.678901,0,3.56789
0.890123,1,5.123456
-1.5,0,2.789012
1.5,1,7.890123
-0.789012,0,3.456789
0.901234,1,5.678901
-1.5,0,2.345678
1.5,1,7.012345
-0.890123,0,3.890123
0.012345,1,4.56789
-1.5,0,2.678901
1.012345,1,6.123456
-0.123456,0,3.234567
0.234567,1,5.890123
-1.012345,0,2.456789
1.234567,1,7.678901
-0.234567,0,3.56789
0.345678,1,5.123456
-1.234567,0,2.789012
1.345678,1,6.890123
-0.345678,0,3.456789
0.456789,1,5.678901
-1.345678,0,2.345678
1.456789,1,7.012345
-0.456789,0,3.890123
0.56789,1,5.890123
-1.456789,0,2.678901
1.5,1,6.123456
-0.56789,0,3.234567
0.678901,1,5.678901
-1.5,0,2.789012
1.5,1,7.890123
-0.678901,0,3.456789
0.789012,1,5.123456
-1.5,0,2.456789
1.5,1,6.789012
-0.789012,0,3.56789
0.890123,1,5.678901
-1.5,0,2.345678
1.5,1,7.012345
-0.890123,0,3.890123
0.901234,1,5.890123
-1.5,0,2.678901
1.5,1,6.123456
-0.901234,0,3.234567
0.012345,1,4.56789
-1.5,0,2.456789
1.012345,1,6.890123
-0.123456,0,3.56789
0.234567,1,5.123456
-1.012345,0,2.789012
1.234567,1,7.678901
-0.234567,0,3.456789
0.345678,1,5.678901
-1.234567,0,2.345678
1.345678,1,6.123456
-0.345678,0,3.890123
0.456789,1,5.890123
-1.345678,0,2.678901
1.456789,1,7.012345
-0.456789,0,3.234567
0.56789,1,5.678901
-1.456789,0,2.789012
1.5,1,6.890123
-0.56789,0,3.456789
0.678901,1,5.123456
-1.5,0,2.456789
1.5,1,7.678901
-0.678901,0,3.56789
0.789012,1,5.890123
-1.5,0,2.345678
1.5,1,6.123456
-0.789012,0,3.890123
0.890123,1,5.678901
-1.5,0,2.678901
1.5,1,7.012345
-0.890123,0,3.234567
0.901234,1,5.890123
-1.5,0,2.456789
1.5,1,6.890123
-0.901234,0,3.56789
0.012345,1,4.56789
-1.5,0,2.789012
1.012345,1,6.123456
-0.123456,0,3.890123
0.234567,1,5.678901
-1.012345,0,2.345678
1.234567,1,7.678901
-0.234567,0,3.56789
0.345678,1,5.123456
-1.234567,0,2.678901
1.345678,1,6.890123
-0.345678,0,3.456789
0.456789,1,5.678901
-1.345678,0,2.789012
1.456789,1,7.012345
-0.456789,0,3.234567
0.56789,1,5.890123
-1.456789,0,2.456789
1.5,1,6.123456
-0.56789,0,3.56789
0.678901,1,5.678901
-1.5,0,2.345678
1.5,1,7.890123
-0.678901,0,3.890123
0.789012,1,5.123456
-1.5,0,2.678901
1.5,1,6.789012
-0.789012,0,3.456789
0.890123,1,5.678901
-1.5,0,2.345678
1.5,1,7.012345
-0.890123,0,3.890123
0.901234,1,5.890123
-1.5,0,2.678901
1.5,1,6.123456
-0.901234,0,3.234567
0.012345,1,4.56789
-1.5,0,2.456789
1.012345,1,6.890123
-0.123456,0,3.56789
0.234567,1,5.123456
-1.012345,0,2.789012
1.234567,1,7.678901
-0.234567,0,3.456789
0.345678,1,5.678901
-1.234567,0,2.345678
1.345678,1,6.123456
-0.345678,0,3.890123
0.456789,1,5.890123
-1.345678,0,2.678901
1.456789,1,7.012345
-0.456789,0,3.234567
0.56789,1,5.678901
-1.456789,0,2.789012
1.5,1,6.890123
-0.56789,0,3.456789
0.678901,1,5.123456
-1.5,0,2.456789
1.5,1,7.678901
-0.678901,0,3.56789
0.789012,1,5.890123
-1.5,0,2.345678
1.5,1,6.123456
-0.789012,0,3.890123
0.890123,1,5.678901
-1.5,0,2.678901
1.5,1,7.012345
-0.890123,0,3.234567
0.901234,1,5.890123
-1.5,0,2.456789
1.5,1,6.890123
-0.901234,0,3.56789
0.012345,1,4.56789
-1.5,0,2.789012
1.012345,1,6.123456
-0.123456,0,3.890123
0.234567,1,5.678901
-1.012345,0,2.345678
1.234567,1,7.678901
-0.234567,0,3.56789
0.345678,1,5.123456
-1.234567,0,2.678901
1.345678,1,6.890123
-0.345678,0,3.456789
0.456789,1,5.678901
-1.345678,0,2.789012
1.456789,1,7.012345
-0.456789,0,3.234567
0.56789,1,5.890123
-1.456789,0,2.456789
1.5,1,6.123456
-0.56789,0,3.56789
0.678901,1,5.678901
-1.5,0,2.345678
1.5,1,7.890123
-0.678901,0,3.890123
0.789012,1,5.123456
-1.5,0,2.678901
1.5,1,6.789012
-0.789012,0,3.456789
0.890123,1,5.678901
-1.5,0,2.345678
1.5,1,7.012345
-0.890123,0,3.890123
0.901234,1,5.890123
-1.5,0,2.678901
1.5,1,6.123456
-0.901234,0,3.234567
0.012345,1,4.56789
-1.5,0,2.456789
1.012345,1,6.890123
-0.123456,0,3.56789
0.234567,1,5.123456
-1.012345,0,2.789012
1.234567,1,7.678901
-0.234567,0,3.456789
0.345678,1,5.678901
-1.234567,0,2.345678
1.345678,1,6.123456
-0.345678,0,3.890123
0.456789,1,5.890123
-1.345678,0,2.678901
1.456789,1,7.012345
-0.456789,0,3.234567
0.56789,1,5.678901
-1.456789,0,2.789012
1.5,1,6.890123
-0.56789,0,3.456789
0.678901,1,5.123456
-1.5,0,2.456789
1.5,1,7.678901
-0.678901,0,3.56789
0.789012,1,5.890123
-1.5,0,2.345678
1.5,1,6.123456
-0.789012,0,3.890123
0.890123,1,5.678901
-1.5,0,2.678901
1.5,1,7.012345
-0.890123,0,3.234567
0.901234,1,5.890123
-1.5,0,2.456789
1.5,1,6.890123
-0.901234,0,3.56789
0.012345,1,4.56789
-1.5,0,2.789012
1.012345,1,6.123456
-0.123456,0,3.890123
0.234567,1,5.678901
-1.012345,0,2.345678
1.234567,1,7.678901
-0.234567,0,3.56789
0.345678,1,5.123456
-1.234567,0,2.678901
1.345678,1,6.890123
-0.345678,0,3.456789
0.456789,1,5.678901
-1.345678,0,2.789012
1.456789,1,7.012345
-0.456789,0,3.234567
0.56789,1,5.890123
-1.456789,0,2.456789
1.5,1,6.123456
-0.56789,0,3.56789
0.678901,1,5.678901
-1.5,0,2.345678
1.5,1,7.890123
-0.678901,0,3.890123
0.789012,1,5.123456
-1.5,0,2.678901
1.5,1,6.789012
-0.789012,0,3.456789
0.890123,1,5.678901
-1.5,0,2.345678
1.5,1,7.012345
-0.890123,0,3.890123
0.901234,1,5.890123
-1.5,0,2.678901
1.5,1,6.123456
-0.901234,0,3.234567
0.012345,1,4.56789
-1.5,0,2.456789
1.012345,1,6.890123
-0.123456,0,3.56789
0.234567,1,5.123456
-1.012345,0,2.789012
1.234567,1,7.678901
-0.234567,0,3.456789
0.345678,1,5.678901
-1.234567,0,2.345678
1.345678,1,6.123456
-0.345678,0,3.890123
0.456789,1,5.890123
-1.345678,0,2.678901
1.456789,1,7.012345
-0.456789,0,3.234567
0.56789,1,5.678901
-1.456789,0,2.789012
1.5,1,6.890123
-0.56789,0,3.456789
0.678901,1,5.123456
-1.5,0,2.456789
1.5,1,7.678901
-0.678901,0,3.56789
0.789012,1,5.890123
-1.5,0,2.345678
1.5,1,6.123456
-0.789012,0,3.890123
0.890123,1,5.678901
-1.5,0,2.678901
1.5,1,7.012345
-0.890123,0,3.234567
0.901234,1,5.890123
-1.5,0,2.0
-1.231,0,-0.197
-0.456,1,5.123
0.789,1,6.345
1.234,1,8.456
-0.987,0,1.234
0.567,1,4.678
-1.345,0,-1.234
0.123,1,3.456
1.456,1,7.89
-0.678,0,0.567
0.345,1,4.123
-1.123,0,-0.456
1.012,1,6.789
-0.234,0,1.678
0.89,1,5.456
-1.456,0,-1.678
0.678,1,4.89
1.345,1,7.123
-0.567,0,0.678
0.456,1,4.567
-1.012,0,-0.789
1.5,1,8.123
-0.789,0,0.123
0.234,1,3.789
-1.5,0,-1.234
0.89,1,5.678
1.123,1,7.456
-0.345,0,0.456
0.567,1,4.89
-1.234,0,-0.678
1.456,1,8.456
-0.678,0,0.789
0.123,1,3.456
1.5,1,9.012
-0.456,0,1.234
0.345,1,4.123
-1.345,0,-1.456
1.012,1,6.789
-0.234,0,0.678
0.89,1,5.456
-1.456,0,-0.789
0.678,1,4.89
1.345,1,7.123
-0.567,0,0.123
0.456,1,4.567
-1.012,0,-1.234
1.5,1,8.123
-0.789,0,0.456
0.234,1,3.789
-1.5,0,-0.678
0.89,1,5.678
1.123,1,7.456
-0.345,0,0.789
0.567,1,4.89
-1.234,0,-1.456
1.456,1,8.456
-0.678,0,1.234
0.123,1,3.456
1.5,1,9.012
-0.456,0,0.678
0.345,1,4.123
-1.345,0,-0.789
1.012,1,6.789
-0.234,0,1.678
0.89,1,5.456
-1.456,0,-1.234
0.678,1,4.89
1.345,1,7.123
-0.567,0,0.456
0.456,1,4.567
-1.012,0,-0.678
1.5,1,8.123
-0.789,0,0.123
0.234,1,3.789
-1.5,0,-1.456
0.89,1,5.678
1.123,1,7.456
-0.345,0,0.789
0.567,1,4.89
-1.234,0,-0.789
1.456,1,8.456
-0.678,0,1.234
0.123,1,3.456
1.5,1,9.012
-0.456,0,0.678
0.345,1,4.123
-1.345,0,-1.234
1.012,1,6.789
-0.234,0,0.678
0.89,1,5.456
-1.456,0,-0.789
0.678,1,4.89
1.345,1,7.123
-0.567,0,0.123
0.456,1,4.567
-1.012,0,-1.456
1.5,1,8.123
-0.789,0,0.456
0.234,1,3.789
-1.5,0,-0.678
0.89,1,5.678
1.123,1,7.456
-0.345,0,0.789
0.567,1,4.89
-1.234,0,-1.234
1.456,1,8.456
-0.678,0,1.234
0.123,1,3.456
1.5,1,9.012
-0.456,0,0.678
0.345,1,4.123
-1.345,0,-0.789
1.012,1,6.789
-0.234,0,1.678
0.89,1,5.456
-1.456,0,-1.234
0.678,1,4.89
1.345,1,7.123
-0.567,0,0.456
0.456,1,4.567
-1.012,0,-0.678
1.5,1,8.123
-0.789,0,0.123
0.234,1,3.789
-1.5,0,-1.456
0.89,1,5.678
1.123,1,7.456
-0.345,0,0.789
0.567,1,4.89
-1.234,0,-0.789
1.456,1,8.456
-0.678,0,1.234
0.123,1,3.456
1.5,1,9.012
-0.456,0,0.678
0.345,1,4.123
-1.345,0,-1.234
1.012,1,6.789
-0.234,0,0.678
0.89,1,5.456
-1.456,0,-0.789
0.678,1,4.89
1.345,1,7.123
-0.567,0,0.123
0.456,1,4.567
-1.012,0,-1.456
1.5,1,8.123
-0.789,0,0.456
0.234,1,3.789
-1.5,0,-0.678
0.89,1,5.678
1.123,1,7.456
-0.345,0,0.789
0.567,1,4.89
-1.234,0,-1.234
1.456,1,8.456
-0.678,0,1.234
0.123,1,3.456
1.5,1,9.012
-0.456,0,0.678
0.345,1,4.123
-1.345,0,-0.789
1.012,1,6.789
-0.234,0,1.678
0.89,1,5.456
-1.456,0,-1.234
0.678,1,4.89
1.345,1,7.123
-0.567,0,0.456
0.456,1,4.567
-1.012,0,-0.678
1.5,1,8.123
-0.789,0,0.123
0.234,1,3.789
-1.5,0,-1.456
0.89,1,5.678
1.123,1,7.456
-0.345,0,0.789
0.567,1,4.89
-1.234,0,-0.789
1.456,1,8.456
-0.678,0,1.234
0.123,1,3.456
1.5,1,9.012
-0.456,0,0.678
0.345,1,4.123
-1.345,0,-1.234
1.012,1,6.789
-0.234,0,1.678
0.89,1,5.456
-1.456,0,-1.234
0.678,1,4.89
1.345,1,7.123
-0.567,0,0.456
0.456,1,4.567
-1.012,0,-0.678
1.5,1,8.123
-0.789,0,0.123
0.234,1,3.789
-1.5,0,-1.456
0.89,1,5.678
1.123,1,7.456
-0.345,0,0.789
0.567,1,4.89
-1.234,0,-1.234
1.456,1,8.456
-0.678,0,1.234
0.123,1,3.456
1.5,1,9.012
-0.456,0,0.678
0.345,1,4.123
-1.345,0,-0.789
1.012,1,6.789
-0.234,0,1.678
0.89,1,5.456
-1.456,0,-1.234
0.678,1,4.89
1.345,1,7.123
-0.567,0,0.456
0.456,1,4.567
-1.012,0,-0.678
1.5,1,8.123
-0.789,0,0.123
0.234,1,3.789
-1.5,0,-1.456
0.89,1,5.678
1.123,1,7.456
-0.345,0,0.789
0.567,1,4.89
-1.234,0,-1.234
1.456,1,8.456
-0.678,0,1.234
0.123,1,3.456
1.5,1,9.012
-0.456,0,0.678
0.345,1,4.123
-1.345,0,-0.789
1.012,1,6.789
-0.234,0,1.678
0.89,1,5.456
-1.456,0,-1.234
0.678,1,4.89
1.345,1,7.123
-0.567,0,0.456
0.456,1,4.567
-1.012,0,-0.678
1.5,1,8.123
-0.789,0,0.123
0.234,1,3.789
-1.5,0,-1.456
0.89,1,5.678
1.123,1,7.456
-0.345,0,0.789
0.567,1,4.89
-1.234,0,-1.234
1.456,1,8.456
-0.678,0,1.234
0.123,1,3.456
1.5,1,9.012
-0.456,0,0.678
0.345,1,4.123
-1.345,0,-0.789
1.012,1,6.789
-0.234,0,1.678
0.89,1,5.456
-1.456,0,-1.234
0.678,1,4.89
1.345,1,7.123
-0.567,0,0.456
0.456,1,4.567
-1.012,0,-0.678
1.5,1,8.123
-0.789,0,0.123
0.234,1,3.789
-1.5,0,-1.456
0.89,1,5.678
1.123,1,7.456
-0.345,0,0.789
0.567,1,4.89
-1.234,0,-1.234
1.456,1,8.456
-0.678,0,1.234
0.123,1,3.456
1.5,1,9.012
-0.456,0,0.678
0.345,1,4.123
-1.345,0,-0.789
1.012,1,6.789
-0.234,0,1.678
0.89,1,5.456
-1.456,0,-1.234
0.678,1,4.89
1.345,1,7.123
-0.567,0,0.456
0.456,1,4.567
-1.012,0,-0.678
1.5,1,8.123
-0.789,0,0.123
0.234,1,3.789
-1.5,0,-1.456
0.89,1,5.678
1.123,1,7.456
-0.345,0,0.789
0.567,1,4.89
-1.234,0,-1.234
1.456,1,8.456
-0.678,0,1.234
0.123,1,3.456
1.5,1,9.012
-0.456,0,0.678
0.345,1,4.123
-1.345,0,-0.789
1.012,1,6.789
-0.234,0,1.678
0.89,1,5.456
-1.456,0,-1.234
0.678,1,4.89
1.345,1,7.123
-0.567,0,0.456
0.456,1,4.567
-1.012,0,-0.678
1.5,1,8.123
-0.789,0,0.123
0.234,1,3.789
-1.5,0,-1.456
0.89,1,5.678
1.123,1,7.456
-0.345,0,0.789
0.567,1,4.89
-1.234,0,-1.234
1.456,1,8.456
-0.678,0,1.234
0.123,1,3.456
1.5,1,9.012
-0.456,0,0.678
0.345,1,4.123
-1.345,0,-0.789
1.012,1,6.789
-0.234,0,1.678
0.89,1,5.456
-1.456,0,-1.234
0.678,1,4.89
1.345,1,7.123
-0.567,0,0.456
0.456,1,4.567
-1.012,0,-0.678
1.5,1,8.123
-0.789,0,0.123
0.234,1,3.789
-1.5,0,-1.456
0.89,1,5.678
1.123,1,7.456
-0.345,0,0.789
0.567,1,4.89
-1.234,0,-1.234
1.456,1,8.456
-0.678,0,1.234
0.123,1,3.456
1.5,1,9.012
-0.456,0,0.678
0.345,1,4.123
-1.345,0,-0.789
1.012,1,6.789
-0.234,0,1.678
0.89,1,5.456
-1.456,0,-1.234
0.678,1,4.89
1.345,1,7.123
-0.567,0,0.456
0.456,1,4.567
-1.012,0,-0.678
1.5,1,8.123
-0.789,0,0.123
0.234,1,3.789
-1.5,0,-1.456
0.89,1,5.678
1.123,1,7.456
-0.345,0,0.789
0.567,1,4.89
-1.234,0,-1.234
1.456,1,8.456
-0.678,0,1.234
0.123,1,3.0
-0.123456,0,2.345678
0.987654,1,5.678901
-1.234567,0,1.234567
0.456789,1,4.56789
1.345678,1,6.789012
-0.987654,0,2.456789
0.234567,1,3.456789
-1.345678,0,1.678901
0.678901,1,5.123456
-0.56789,0,2.345678
1.234567,1,6.123456
-0.345678,0,1.789012
0.123456,1,3.678901
-1.456789,0,1.234567
0.789012,1,5.678901
-0.678901,0,2.456789
1.456789,1,6.789012
-0.234567,0,1.345678
0.345678,1,4.56789
-1.5,0,1.678901
0.56789,1,5.123456
-0.789012,0,2.345678
1.5,1,6.123456
-0.123456,0,1.789012
0.987654,1,5.678901
-1.234567,0,1.234567
0.456789,1,4.56789
1.345678,1,6.789012
-0.987654,0,2.456789
0.234567,1,3.456789
-1.345678,0,1.678901
0.678901,1,5.123456
-0.56789,0,2.345678
1.234567,1,6.123456
-0.345678,0,1.789012
0.123456,1,3.678901
-1.456789,0,1.234567
0.789012,1,5.678901
-0.678901,0,2.456789
1.456789,1,6.789012
-0.234567,0,1.345678
0.345678,1,4.56789
-1.5,0,1.678901
0.56789,1,5.123456
-0.789012,0,2.345678
1.5,1,6.123456
-0.123456,0,1.789012
0.987654,1,5.678901
-1.234567,0,1.234567
0.456789,1,4.56789
1.345678,1,6.789012
-0.987654,0,2.456789
0.234567,1,3.456789
-1.345678,0,1.678901
0.678901,1,5.123456
-0.56789,0,2.345678
1.234567,1,6.123456
-0.345678,0,1.789012
0.123456,1,3.678901
-1.456789,0,1.234567
0.789012,1,5.678901
-0.678901,0,2.456789
1.456789,1,6.789012
-0.234567,0,1.345678
0.345678,1,4.56789
-1.5,0,1.678901
0.56789,1,5.123456
-0.789012,0,2.345678
1.5,1,6.123456
-0.123456,0,1.789012
0.987654,1,5.678901
-1.234567,0,1.234567
0.456789,1,4.56789
1.345678,1,6.789012
-0.987654,0,2.456789
0.234567,1,3.456789
-1.345678,0,1.678901
0.678901,1,5.123456
-0.56789,0,2.345678
1.234567,1,6.123456
-0.345678,0,1.789012
0.123456,1,3.678901
-1.456789,0,1.234567
0.789012,1,5.678901
-0.678901,0,2.456789
1.456789,1,6.789012
-0.234567,0,1.345678
0.345678,1,4.56789
-1.5,0,1.678901
0.56789,1,5.123456
-0.789012,0,2.345678
1.5,1,6.123456
-0.123456,0,1.789012
0.987654,1,5.678901
-1.234567,0,1.234567
0.456789,1,4.56789
1.345678,1,6.789012
-0.987654,0,2.456789
0.234567,1,3.456789
-1.345678,0,1.678901
0.678901,1,5.123456
-0.56789,0,2.345678
1.234567,1,6.123456
-0.345678,0,1.789012
0.123456,1,3.678901
-1.456789,0,1.234567
0.789012,1,5.678901
-0.678901,0,2.456789
1.456789,1,6.789012
-0.234567,0,1.345678
0.345678,1,4.56789
-1.5,0,1.678901
0.56789,1,5.123456
-0.789012,0,2.345678
1.5,1,6.123456
-0.123456,0,1.789012
0.987654,1,5.678901
-1.234567,0,1.234567
0.456789,1,4.56789
1.345678,1,6.789012
-0.987654,0,2.456789
0.234567,1,3.456789
-1.345678,0,1.678901
0.678901,1,5.123456
-0.56789,0,2.345678
1.234567,1,6.123456
-0.345678,0,1.789012
0.123456,1,3.678901
-1.456789,0,1.234567
0.789012,1,5.678901
-0.678901,0,2.456789
1.456789,1,6.789012
-0.234567,0,1.345678
0.345678,1,4.56789
-1.5,0,1.678901
0.56789,1,5.123456
-0.789012,0,2.345678
1.5,1,6.123456
-0.123456,0,1.789012
0.987654,1,5.678901
-1.234567,0,1.234567
0.456789,1,4.56789
1.345678,1,6.789012
-0.987654,0,2.456789
0.234567,1,3.456789
-1.345678,0,1.678901
0.678901,1,5.123456
-0.56789,0,2.345678
1.234567,1,6.123456
-0.345678,0,1.789012
0.123456,1,3.678901
-1.456789,0,1.234567
0.789012,1,5.678901
-0.678901,0,2.456789
1.456789,1,6.789012
-0.234567,0,1.345678
0.345678,1,4.56789
-1.5,0,1.678901
0.56789,1,5.123456
-0.789012,0,2.345678
1.5,1,6.123456
-0.123456,0,1.789012
0.987654,1,5.678901
-1.234567,0,1.234567
0.456789,1,4.56789
1.345678,1,6.789012
-0.987654,0,2.456789
0.234567,1,3.456789
-1.345678,0,1.678901
0.678901,1,5.123456
-0.56789,0,2.345678
1.234567,1,6.123456
-0.345678,0,1.789012
0.123456,1,3.678901
-1.456789,0,1.234567
0.789012,1,5.678901
-0.678901,0,2.456789
1.456789,1,6.789012
-0.234567,0,1.345678
0.345678,1,4.56789
-1.5,0,1.678901
0.56789,1,5.123456
-0.789012,0,2.345678
1.5,1,6.123456
-0.123456,0,1.789012
0.987654,1,5.678901
-1.234567,0,1.234567
0.456789,1,4.56789
1.345678,1,6.789012
-0.987654,0,2.456789
0.234567,1,3.456789
-1.345678,0,1.678901
0.678901,1,5.123456
-0.56789,0,2.345678
1.234567,1,6.123456
-0.345678,0,1.789012
0.123456,1,3.678901
-1.456789,0,1.234567
0.789012,1,5.678901
-0.678901,0,2.456789
1.456789,1,6.789012
-0.234567,0,1.345678
0.345678,1,4.56789
-1.5,0,1.678901
0.56789,1,5.123456
-0.789012,0,2.345678
1.5,1,6.123456
-0.123456,0,1.789012
0.987654,1,5.678901
-1.234567,0,1.234567
0.456789,1,4.56789
1.345678,1,6.789012
-0.987654,0,2.456789
0.234567,1,3.456789
-1.345678,0,1.678901
0.678901,1,5.123456
-0.56789,0,2.345678
1.234567,1,6.123456
-0.345678,0,1.789012
0.123456,1,3.678901
-1.456789,0,1.234567
0.789012,1,5.678901
-0.678901,0,2.456789
1.456789,1,6.789012
-0.234567,0,1.345678
0.345678,1,4.56789
-1.5,0,1.678901
0.56789,1,5.123456
-0.789012,0,2.345678
1.5,1,6.123456
-0.123456,0,1.789012
0.987654,1,5.678901
-1.234567,0,1.234567
0.456789,1,4.56789
1.345678,1,6.789012
-0.987654,0,2.456789
0.234567,1,3.456789
-1.345678,0,1.678901
0.678901,1,5.123456
-0.56789,0,2.345678
1.234567,1,6.123456
-0.345678,0,1.789012
0.123456,1,3.678901
-1.456789,0,1.234567
0.789012,1,5.678901
-0.678901,0,2.456789
1.456789,1,6.789012
-0.234567,0,1.345678
0.345678,1,4.56789
-1.5,0,1.678901
0.56789,1,5.123456
-0.789012,0,2.345678
1.5,1,6.123456
-0.123456,0,1.789012
0.987654,1,5.678901
-1.234567,0,1.234567
0.456789,1,4.56789
1.345678,1,6.789012
-0.987654,0,2.456789
0.234567,1,3.456789
-1.345678,0,1.678901
0.678901,1,5.123456
-0.56789,0,2.345678
1.234567,1,6.123456
-0.345678,0,1.789012
0.123456,1,3.678901
-1.456789,0,1.234567
0.789012,1,5.678901
-0.678901,0,2.456789
1.456789,1,6.789012
-0.234567,0,1.345678
0.345678,1,4.56789
-1.5,0,1.678901
0.56789,1,5.123456
-0.789012,0,2.345678
1.5,1,6.123456
-0.123456,0,1.789012
0.987654,1,5.678901
-1.234567,0,1.234567
0.456789,1,4.56789
1.345678,1,6.789012
-0.987654,0,2.456789
0.234567,1,3.456789
-1.345678,0,1.678901
0.678901,1,5.123456
-0.56789,0,2.345678
1.234567,1,6.123456
-0.345678,0,1.789012
0.123456,1,3.678901
-1.456789,0,1.234567
0.789012,1,5.678901
-0.678901,0,2.456789
1.456789,1,6.789012
-0.234567,0,1.345678
0.345678,1,4.56789
-1.5,0,1.678901
0.56789,1,5.123456
-0.789012,0,2.345678
1.5,1,6.123456
-0.123456,0,1.789012
0.987654,1,5.678901
-1.234567,0,1.234567
0.456789,1,4.56789
1.345678,1,6.789012
-0.987654,0,2.456789
0.234567,1,3.456789
-1.345678,0,1.678901
0.678901,1,5.123456
-0.56789,0,2.345678
1.234567,1,6.123456
-0.345678,0,1.789012
0.123456,1,3.678901
-1.456789,0,1.234567
0.789012,1,5.678901
-0.678901,0,2.456789
1.456789,1,6.789012
-0.234567,0,1.345678
0.345678,1,4.56789
-1.5,0,1.678901
0.56789,1,5.123456
-0.123456,0,3.245678
0.987654,1,6.123456
-1.234567,0,2.678901
0.456789,1,5.345678
1.234567,1,7.456789
-0.987654,0,2.123456
0.123456,1,4.987654
-0.654321,0,3.456789
1.345678,1,7.678901
-1.345678,0,1.987654
0.234567,1,5.678901
-0.456789,0,3.123456
0.876543,1,6.234567
-0.789012,0,2.345678
1.5,1,8.123456
-1.5,0,1.678901
0.345678,1,5.456789
-0.234567,0,3.789012
1.5,1,8.456789
-0.345678,0,2.56789
0.56789,1,5.789012
-1.5,0,1.234567
0.789012,1,6.345678
-0.56789,0,2.678901
1.5,1,8.678901
-0.678901,0,1.987654
0.678901,1,6.789012
-1.5,0,1.345678
0.890123,1,6.123456
-0.890123,0,2.456789
1.5,1,9.123456
-0.890123,0,2.345678
0.901234,1,6.456789
-1.5,0,1.678901
0.123456,1,5.678901
-0.234567,0,3.456789
1.234567,1,7.345678
-0.345678,0,2.678901
0.456789,1,5.789012
-1.234567,0,2.123456
0.56789,1,6.678901
-0.456789,0,3.789012
1.345678,1,7.456789
-0.56789,0,2.345678
0.678901,1,6.789012
-1.345678,0,1.987654
0.789012,1,6.123456
-0.678901,0,2.456789
1.456789,1,8.345678
-0.789012,0,1.678901
0.890123,1,6.456789
-1.456789,0,1.234567
0.901234,1,6.789012
-0.901234,0,2.678901
1.5,1,8.678901
-0.123456,0,3.456789
0.234567,1,5.678901
-0.345678,0,2.123456
1.5,1,8.123456
-0.456789,0,1.987654
0.345678,1,5.789012
-1.5,0,1.345678
0.456789,1,6.678901
-0.56789,0,2.456789
1.5,1,9.123456
-0.678901,0,1.678901
0.56789,1,6.789012
-1.5,0,1.234567
0.678901,1,6.123456
-0.789012,0,2.345678
1.5,1,9.456789
-0.890123,0,1.987654
0.901234,1,6.456789
-1.5,0,1.678901
0.123456,1,5.678901
-0.234567,0,3.456789
1.234567,1,7.345678
-0.345678,0,2.678901
0.456789,1,5.789012
-1.234567,0,2.123456
0.56789,1,6.678901
-0.456789,0,3.789012
1.345678,1,7.456789
-0.56789,0,2.345678
0.678901,1,6.789012
-1.345678,0,1.987654
0.789012,1,6.123456
-0.678901,0,2.456789
1.456789,1,8.345678
-0.789012,0,1.678901
0.890123,1,6.456789
-1.456789,0,1.234567
0.901234,1,6.789012
-0.901234,0,2.678901
1.5,1,8.678901
-0.123456,0,3.456789
0.234567,1,5.678901
-0.345678,0,2.123456
1.5,1,8.123456
-0.456789,0,1.987654
0.345678,1,5.789012
-1.5,0,1.345678
0.456789,1,6.678901
-0.56789,0,2.456789
1.5,1,9.123456
-0.678901,0,1.678901
0.56789,1,6.789012
-1.5,0,1.234567
0.678901,1,6.123456
-0.789012,0,2.345678
1.5,1,9.456789
-0.890123,0,1.987654
0.901234,1,6.456789
-1.5,0,1.678901
0.123456,1,5.678901
-0.234567,0,3.456789
1.234567,1,7.345678
-0.345678,0,2.678901
0.456789,1,5.789012
-1.234567,0,2.123456
0.56789,1,6.678901
-0.456789,0,3.789012
1.345678,1,7.456789
-0.56789,0,2.345678
0.678901,1,6.789012
-1.345678,0,1.987654
0.789012,1,6.123456
-0.678901,0,2.456789
1.456789,1,8.345678
-0.789012,0,1.678901
0.890123,1,6.456789
-1.456789,0,1.234567
0.901234,1,6.789012
-0.901234,0,2.678901
1.5,1,8.678901
-0.123456,0,3.456789
0.234567,1,5.678901
-0.345678,0,2.123456
1.5,1,8.123456
-0.456789,0,1.987654
0.345678,1,5.789012
-1.5,0,1.345678
0.456789,1,6.678901
-0.56789,0,2.456789
1.5,1,9.123456
-0.678901,0,1.678901
0.56789,1,6.789012
-1.5,0,1.234567
0.678901,1,6.123456
-0.789012,0,2.345678
1.5,1,9.456789
-0.890123,0,1.987654
0.901234,1,6.456789
-1.5,0,1.678901
0.123456,1,5.678901
-0.234567,0,3.456789
1.234567,1,7.345678
-0.345678,0,2.678901
0.456789,1,5.789012
-1.234567,0,2.123456
0.56789,1,6.678901
-0.456789,0,3.789012
1.345678,1,7.456789
-0.56789,0,2.345678
0.678901,1,6.789012
-1.345678,0,1.987654
0.789012,1,6.123456
-0.678901,0,2.456789
1.456789,1,8.345678
-0.789012,0,1.678901
0.890123,1,6.456789
-1.456789,0,1.234567
0.901234,1,6.789012
-0.901234,0,2.678901
1.5,1,8.678901
-0.123456,0,3.456789
0.234567,1,5.678901
-0.345678,0,2.123456
1.5,1,8.123456
-0.456789,0,1.987654
0.345678,1,5.789012
-1.5,0,1.345678
0.456789,1,6.678901
-0.56789,0,2.456789
1.5,1,9.123456
-0.678901,0,1.678901
0.56789,1,6.789012
-1.5,0,1.234567
0.678901,1,6.123456
-0.789012,0,2.345678
1.5,1,9.456789
-0.890123,0,1.987654
0.901234,1,6.456789
-1.5,0,1.678901
0.123456,1,5.678901
-0.234567,0,3.456789
1.234567,1,7.345678
-0.345678,0,2.678901
0.456789,1,5.789012
-1.234567,0,2.123456
0.56789,1,6.678901
-0.456789,0,3.789012
1.345678,1,7.456789
-0.56789,0,2.345678
0.678901,1,6.789012
-1.345678,0,1.987654
0.789012,1,6.123456
-0.678901,0,2.456789
1.456789,1,8.345678
-0.789012,0,1.678901
0.890123,1,6.456789
-1.456789,0,1.234567
0.901234,1,6.789012
-0.901234,0,2.678901
1.5,1,8.678901
-0.123456,0,3.456789
0.234567,1,5.678901
-0.345678,0,2.123456
1.5,1,8.123456
-0.456789,0,1.987654
0.345678,1,5.789012
-1.5,0,1.345678
0.456789,1,6.678901
-0.56789,0,2.456789
1.5,1,9.123456
-0.678901,0,1.678901
0.56789,1,6.789012
-1.5,0,1.234567
0.678901,1,6.123456
-0.789012,0,2.345678
1.5,1,9.456789
-0.890123,0,1.987654
0.901234,1,6.456789
-1.5,0,1.678901
0.123456,1,5.678901
-0.234567,0,3.456789
1.234567,1,7.345678
-0.345678,0,2.678901
0.456789,1,5.789012
-1.234567,0,2.123456
0.56789,1,6.678901
-0.456789,0,3.789012
1.345678,1,7.456789
-0.56789,0,2.345678
0.678901,1,6.789012
-1.345678,0,1.987654
0.789012,1,6.123456
-0.678901,0,2.456789
1.456789,1,8.345678
-0.789012,0,1.678901
0.890123,1,6.456789
-1.456789,0,1.234567
0.901234,1,6.789012
-0.901234,0,2.678901
1.5,1,8.678901
-0.123456,0,3.456789
0.234567,1,5.678901
-0.345678,0,2.123456
1.5,1,8.123456
-0.456789,0,1.987654
0.345678,1,5.789012
-1.5,0,1.345678
0.456789,1,6.678901
-0.56789,0,2.456789
1.5,1,9.123456
-0.678901,0,1.678901
0.56789,1,6.789012
-1.5,0,1.234567
0.678901,1,6.123456
-0.789012,0,2.345678
1.5,1,9.456789
-0.890123,0,1.987654
0.901234,1,6.456789
-1.5,0,1.678901
0.123456,1,5.678901
-0.234567,0,3.456789
1.234567,1,7.345678
-0.345678,0,2.678901
0.456789,1,5.789012
-1.234567,0,2.123456
0.56789,1,6.678901
-0.456789,0,3.789012
1.345678,1,7.456789
-0.56789,0,2.345678
0.678901,1,6.789012
-1.345678,0,1.987654
0.789012,1,6.123456
-0.678901,0,2.456789
1.456789,1,8.345678
-0.789012,0,1.678901
0.890123,1,6.456789
-1.456789,0,1.234567
0.901234,1,6.789012
-0.901234,0,2.678901
1.5,1,8.678901
-0.123456,0,3.456789
0.234567,1,5.678901
-0.345678,0,2.123456
1.5,1,8.123456
-0.456789,0,1.987654
0.345678,1,5.789012
-1.5,0,1.345678
0.456789,1,6.678901
-0.56789,0,2.456789
1.5,1,9.123456
-0.678901,0,1.678901
0.56789,1,6.789012
-1.5,0,1.234567
0.678901,1,6.123456
-0.789012,0,2.345678
1.5,1,9.456789
-0.890123,0,1.987654
0.901234,1,6.456789
-1.5,0,1.678901
0.123456,1,5.678901
-0.234567,0,3.456789
1.234567,1,7.345678
-0.345678,0,2.678901
0.456789,1,5.789012
-1.234567,0,2.0
-0.123456,0,3.512345
0.987654,1,8.123456
-1.234567,0,2.987654
0.54321,1,7.654321
1.345678,1,9.876543
-0.987654,0,3.456789
0.234567,1,6.54321
-0.654321,0,2.345678
1.234567,1,8.765432
-1.345678,0,2.123456
0.456789,1,7.890123
-0.789012,0,3.678901
0.678901,1,7.012345
-0.345678,0,3.890123
1.456789,1,9.54321
-0.56789,0,2.678901
0.123456,1,6.890123
-1.123456,0,2.456789
0.789012,1,7.234567
-0.234567,0,3.012345
1.5,1,9.876543
-0.456789,0,2.890123
0.345678,1,6.54321
-1.456789,0,2.345678
0.678901,1,7.890123
-0.678901,0,3.456789
1.234567,1,8.123456
-0.789012,0,2.987654
0.987654,1,9.765432
-1.234567,0,2.123456
0.54321,1,7.654321
-0.123456,0,3.512345
1.345678,1,8.876543
-0.987654,0,2.678901
0.234567,1,6.54321
-0.654321,0,3.890123
1.456789,1,9.54321
-0.56789,0,2.345678
0.123456,1,6.890123
-1.123456,0,2.456789
0.789012,1,7.234567
-0.234567,0,3.012345
1.5,1,9.876543
-0.456789,0,2.890123
0.345678,1,6.54321
-1.456789,0,2.345678
0.678901,1,7.890123
-0.678901,0,3.456789
1.234567,1,8.123456
-0.789012,0,2.987654
0.987654,1,9.765432
-1.234567,0,2.123456
0.54321,1,7.654321
-0.123456,0,3.512345
1.345678,1,8.876543
-0.987654,0,2.678901
0.234567,1,6.54321
-0.654321,0,3.890123
1.456789,1,9.54321
-0.56789,0,2.345678
0.123456,1,6.890123
-1.123456,0,2.456789
0.789012,1,7.234567
-0.234567,0,3.012345
1.5,1,9.876543
-0.456789,0,2.890123
0.345678,1,6.54321
-1.456789,0,2.345678
0.678901,1,7.890123
-0.678901,0,3.456789
1.234567,1,8.123456
-0.789012,0,2.987654
0.987654,1,9.765432
-1.234567,0,2.123456
0.54321,1,7.654321
-0.123456,0,3.512345
1.345678,1,8.876543
-0.987654,0,2.678901
0.234567,1,6.54321
-0.654321,0,3.890123
1.456789,1,9.54321
-0.56789,0,2.345678
0.123456,1,6.890123
-1.123456,0,2.456789
0.789012,1,7.234567
-0.234567,0,3.012345
1.5,1,9.876543
-0.456789,0,2.890123
0.345678,1,6.54321
-1.456789,0,2.345678
0.678901,1,7.890123
-0.678901,0,3.456789
1.234567,1,8.123456
-0.789012,0,2.987654
0.987654,1,9.765432
-1.234567,0,2.123456
0.54321,1,7.654321
-0.123456,0,3.512345
1.345678,1,8.876543
-0.987654,0,2.678901
0.234567,1,6.54321
-0.654321,0,3.890123
1.456789,1,9.54321
-0.56789,0,2.345678
0.123456,1,6.890123
-1.123456,0,2.456789
0.789012,1,7.234567
-0.234567,0,3.012345
1.5,1,9.876543
-0.456789,0,2.890123
0.345678,1,6.54321
-1.456789,0,2.345678
0.678901,1,7.890123
-0.678901,0,3.456789
1.234567,1,8.123456
-0.789012,0,2.987654
0.987654,1,9.765432
-1.234567,0,2.123456
0.54321,1,7.654321
-0.123456,0,3.512345
1.345678,1,8.876543
-0.987654,0,2.678901
0.234567,1,6.54321
-0.654321,0,3.890123
1.456789,1,9.54321
-0.56789,0,2.345678
0.123456,1,6.890123
-1.123456,0,2.456789
0.789012,1,7.234567
-0.234567,0,3.012345
1.5,1,9.876543
-0.456789,0,2.890123
0.345678,1,6.54321
-1.456789,0,2.345678
0.678901,1,7.890123
-0.678901,0,3.456789
1.234567,1,8.123456
-0.789012,0,2.987654
0.987654,1,9.765432
-1.234567,0,2.123456
0.54321,1,7.654321
-0.123456,0,3.512345
1.345678,1,8.876543
-0.987654,0,2.678901
0.234567,1,6.54321
-0.654321,0,3.890123
1.456789,1,9.54321
-0.56789,0,2.345678
0.123456,1,6.890123
-1.123456,0,2.456789
0.789012,1,7.234567
-0.234567,0,3.012345
1.5,1,9.876543
-0.456789,0,2.890123
0.345678,1,6.54321
-1.456789,0,2.345678
0.678901,1,7.890123
-0.678901,0,3.456789
1.234567,1,8.123456
-0.789012,0,2.987654
0.987654,1,9.765432
-1.234567,0,2.123456
0.54321,1,7.654321
-0.123456,0,3.512345
1.345678,1,8.876543
-0.987654,0,2.678901
0.234567,1,6.54321
-0.654321,0,3.890123
1.456789,1,9.54321
-0.56789,0,2.345678
0.123456,1,6.890123
-1.123456,0,2.456789
0.789012,1,7.234567
-0.234567,0,3.012345
1.5,1,9.876543
-0.456789,0,2.890123
0.345678,1,6.54321
-1.456789,0,2.345678
0.678901,1,7.890123
-0.678901,0,3.456789
1.234567,1,8.123456
-0.789012,0,2.987654
0.987654,1,9.765432
-1.234567,0,2.123456
0.54321,1,7.654321
-0.123456,0,3.512345
1.345678,1,8.876543
-0.987654,0,2.678901
0.234567,1,6.54321
-0.654321,0,3.890123
1.456789,1,9.54321
-0.56789,0,2.345678
0.123456,1,6.890123
-1.123456,0,2.456789
0.789012,1,7.234567
-0.234567,0,3.012345
1.5,1,9.876543
-0.456789,0,2.890123
0.345678,1,6.54321
-1.456789,0,2.345678
0.678901,1,7.890123
-0.678901,0,3.456789
1.234567,1,8.123456
-0.789012,0,2.987654
0.987654,1,9.765432
-1.234567,0,2.123456
0.54321,1,7.654321
-0.123456,0,3.512345
1.345678,1,8.876543
-0.987654,0,2.678901
0.234567,1,6.54321
-0.654321,0,3.890123
1.456789,1,9.54321
-0.56789,0,2.345678
0.123456,1,6.890123
-1.123456,0,2.456789
0.789012,1,7.234567
-0.234567,0,3.012345
1.5,1,9.876543
-0.456789,0,2.890123
0.345678,1,6.54321
-1.456789,0,2.345678
0.678901,1,7.890123
-0.678901,0,3.456789
1.234567,1,8.123456
-0.789012,0,2.987654
0.987654,1,9.765432
-1.234567,0,2.123456
0.54321,1,7.654321
-0.123456,0,3.512345
1.345678,1,8.876543
-0.987654,0,2.678901
0.234567,1,6.54321
-0.654321,0,3.890123
1.456789,1,9.54321
-0.56789,0,2.345678
0.123456,1,6.890123
-1.123456,0,2.456789
0.789012,1,7.234567
-0.234567,0,3.012345
1.5,1,9.876543
-0.456789,0,2.890123
0.345678,1,6.54321
-1.456789,0,2.345678
0.678901,1,7.890123
-0.678901,0,3.456789
1.234567,1,8.123456
-0.789012,0,2.987654
0.987654,1,9.765432
-1.234567,0,2.123456
0.54321,1,7.654321
-0.123456,0,3.512345
1.345678,1,8.876543
-0.987654,0,2.678901
0.234567,1,6.54321
-0.654321,0,3.890123
1.456789,1,9.54321
-0.56789,0,2.345678
0.123456,1,6.890123
-1.123456,0,2.456789
0.789012,1,7.234567
-0.234567,0,3.012345
1.5,1,9.876543
-0.456789,0,2.890123
0.345678,1,6.54321
-1.456789,0,2.345678
0.678901,1,7.890123
-0.678901,0,3.456789
1.234567,1,8.123456
-0.789012,0,2.987654
0.987654,1,9.765432
-1.234567,0,2.123456
0.54321,1,7.654321
-0.123456,0,3.512345
1.345678,1,8.876543
-0.987654,0,2.678901
0.234567,1,6.54321
-0.654321,0,3.890123
1.456789,1,9.54321
-0.56789,0,2.345678
0.123456,1,6.890123
-1.123456,0,2.456789
0.789012,1,7.234567
-0.234567,0,3.012345
1.5,1,9.876543
-0.456789,0,2.890123
0.345678,1,6.54321
-1.456789,0,2.345678
0.678901,1,7.890123
-0.678901,0,3.456789
1.234567,1,8.123456
-0.789012,0,2.987654
0.987654,1,9.765432
-1.234567,0,2.123456
0.54321,1,7.654321
-0.123456,0,3.512345
1.345678,1,8.876543
-0.987654,0,2.678901
0.234567,1,6.54321
-0.654321,0,3.890123
1.456789,1,9.54321
-0.56789,0,2.345678
0.123456,1,6.890123
-1.123456,0,2.456789
0.789012,1,7.234567
-0.234567,0,3.012345
1.5,1,9.876543
-0.456789,0,2.890123
0.345678,1,6.54321
-1.456789,0,2.345678
0.678901,1,7.890123
-0.678901,0,3.456789
1.234567,1,8.123456
-0.789012,0,2.987654
0.987654,1,9.765432
-1.234567,0,2.123456
0.54321,1,7.654321
-0.123456,0,3.512345
1.345678,1,8.876543
-0.987654,0,2.0
-0.123456,0,3.456789
0.987654,1,8.123456
-1.234567,0,2.987654
0.54321,1,7.456789
1.345678,1,9.876543
-0.987654,0,3.123456
0.234567,1,6.789012
-1.456789,0,2.345678
0.876543,1,8.56789
-0.345678,0,3.678901
1.234567,1,9.012345
-0.678901,0,2.456789
0.456789,1,7.890123
-1.123456,0,3.789012
0.678901,1,8.234567
1.5,1,10.123456
-0.234567,0,2.678901
0.345678,1,6.123456
-1.345678,0,3.456789
0.123456,1,7.56789
-0.56789,0,2.789012
1.234567,1,9.345678
-0.890123,0,3.012345
0.678901,1,8.456789
-1.5,0,2.123456
0.456789,1,7.890123
1.345678,1,9.678901
-0.123456,0,3.56789
0.987654,1,8.123456
-1.234567,0,2.987654
0.54321,1,7.456789
1.345678,1,9.876543
-0.987654,0,3.123456
0.234567,1,6.789012
-1.456789,0,2.345678
0.876543,1,8.56789
-0.345678,0,3.678901
1.234567,1,9.012345
-0.678901,0,2.456789
0.456789,1,7.890123
-1.123456,0,3.789012
0.678901,1,8.234567
1.5,1,10.123456
-0.234567,0,2.678901
0.345678,1,6.123456
-1.345678,0,3.456789
0.123456,1,7.56789
-0.56789,0,2.789012
1.234567,1,9.345678
-0.890123,0,3.012345
0.678901,1,8.456789
-1.5,0,2.123456
0.456789,1,7.890123
1.345678,1,9.678901
-0.123456,0,3.56789
0.987654,1,8.123456
-1.234567,0,2.987654
0.54321,1,7.456789
1.345678,1,9.876543
-0.987654,0,3.123456
0.234567,1,6.789012
-1.456789,0,2.345678
0.876543,1,8.56789
-0.345678,0,3.678901
1.234567,1,9.012345
-0.678901,0,2.456789
0.456789,1,7.890123
-1.123456,0,3.789012
0.678901,1,8.234567
1.5,1,10.123456
-0.234567,0,2.678901
0.345678,1,6.123456
-1.345678,0,3.456789
0.123456,1,7.56789
-0.56789,0,2.789012
1.234567,1,9.345678
-0.890123,0,3.012345
0.678901,1,8.456789
-1.5,0,2.123456
0.456789,1,7.890123
1.345678,1,9.678901
-0.123456,0,3.56789
0.987654,1,8.123456
-1.234567,0,2.987654
0.54321,1,7.456789
1.345678,1,9.876543
-0.987654,0,3.123456
0.234567,1,6.789012
-1.456789,0,2.345678
0.876543,1,8.56789
-0.345678,0,3.678901
1.234567,1,9.012345
-0.678901,0,2.456789
0.456789,1,7.890123
-1.123456,0,3.789012
0.678901,1,8.234567
1.5,1,10.123456
-0.234567,0,2.678901
0.345678,1,6.123456
-1.345678,0,3.456789
0.123456,1,7.56789
-0.56789,0,2.789012
1.234567,1,9.345678
-0.890123,0,3.012345
0.678901,1,8.456789
-1.5,0,2.123456
0.456789,1,7.890123
1.345678,1,9.678901
-0.123456,0,3.56789
0.987654,1,8.123456
-1.234567,0,2.987654
0.54321,1,7.456789
1.345678,1,9.876543
-0.987654,0,3.123456
0.234567,1,6.789012
-1.456789,0,2.345678
0.876543,1,8.56789
-0.345678,0,3.678901
1.234567,1,9.012345
-0.678901,0,2.456789
0.456789,1,7.890123
-1.123456,0,3.789012
0.678901,1,8.234567
1.5,1,10.123456
-0.234567,0,2.678901
0.345678,1,6.123456
-1.345678,0,3.456789
0.123456,1,7.56789
-0.56789,0,2.789012
1.234567,1,9.345678
-0.890123,0,3.012345
0.678901,1,8.456789
-1.5,0,2.123456
0.456789,1,7.890123
1.345678,1,9.678901
-0.123456,0,3.56789
0.987654,1,8.123456
-1.234567,0,2.987654
0.54321,1,7.456789
1.345678,1,9.876543
-0.987654,0,3.123456
0.234567,1,6.789012
-1.456789,0,2.345678
0.876543,1,8.56789
-0.345678,0,3.678901
1.234567,1,9.012345
-0.678901,0,2.456789
0.456789,1,7.890123
-1.123456,0,3.789012
0.678901,1,8.234567
1.5,1,10.123456
-0.234567,0,2.678901
0.345678,1,6.123456
-1.345678,0,3.456789
0.123456,1,7.56789
-0.56789,0,2.789012
1.234567,1,9.345678
-0.890123,0,3.012345
0.678901,1,8.456789
-1.5,0,2.123456
0.456789,1,7.890123
1.345678,1,9.678901
-0.123456,0,3.56789
0.987654,1,8.123456
-1.234567,0,2.987654
0.54321,1,7.456789
1.345678,1,9.876543
-0.987654,0,3.123456
0.234567,1,6.789012
-1.456789,0,2.345678
0.876543,1,8.56789
-0.345678,0,3.678901
1.234567,1,9.012345
-0.678901,0,2.456789
0.456789,1,7.890123
-1.123456,0,3.789012
0.678901,1,8.234567
1.5,1,10.123456
-0.234567,0,2.678901
0.345678,1,6.123456
-1.345678,0,3.456789
0.123456,1,7.56789
-0.56789,0,2.789012
1.234567,1,9.345678
-0.890123,0,3.012345
0.678901,1,8.456789
-1.5,0,2.123456
0.456789,1,7.890123
1.345678,1,9.678901
-0.123456,0,3.56789
0.987654,1,8.123456
-1.234567,0,2.987654
0.54321,1,7.456789
1.345678,1,9.876543
-0.987654,0,3.123456
0.234567,1,6.789012
-1.456789,0,2.345678
0.876543,1,8.56789
-0.345678,0,3.678901
1.234567,1,9.012345
-0.678901,0,2.456789
0.456789,1,7.890123
-1.123456,0,3.789012
0.678901,1,8.234567
1.5,1,10.123456
-0.234567,0,2.678901
0.345678,1,6.123456
-1.345678,0,3.456789
0.123456,1,7.56789
-0.56789,0,2.789012
1.234567,1,9.345678
-0.890123,0,3.012345
0.678901,1,8.456789
-1.5,0,2.123456
0.456789,1,7.890123
1.345678,1,9.678901
-0.123456,0,3.56789
0.987654,1,8.123456
-1.234567,0,2.987654
0.54321,1,7.456789
1.345678,1,9.876543
-0.987654,0,3.123456
0.234567,1,6.789012
-1.456789,0,2.345678
0.876543,1,8.56789
-0.345678,0,3.678901
1.234567,1,9.012345
-0.678901,0,2.456789
0.456789,1,7.890123
-1.123456,0,3.789012
0.678901,1,8.234567
1.5,1,10.123456
-0.234567,0,2.678901
0.345678,1,6.123456
-1.345678,0,3.456789
0.123456,1,7.56789
-0.56789,0,2.789012
1.234567,1,9.345678
-0.890123,0,3.012345
0.678901,1,8.456789
-1.5,0,2.123456
0.456789,1,7.890123
1.345678,1,9.678901
-0.123456,0,3.56789
0.987654,1,8.123456
-1.234567,0,2.987654
0.54321,1,7.456789
1.345678,1,9.876543
-0.987654,0,3.123456
0.234567,1,6.789012
-1.456789,0,2.345678
0.876543,1,8.56789
-0.345678,0,3.678901
1.234567,1,9.012345
-0.678901,0,2.456789
0.456789,1,7.890123
-1.123456,0,3.789012
0.678901,1,8.234567
1.5,1,10.123456
-0.234567,0,2.678901
0.345678,1,6.123456
-1.345678,0,3.456789
0.123456,1,7.56789
-0.56789,0,2.789012
1.234567,1,9.345678
-0.890123,0,3.012345
0.678901,1,8.456789
-1.5,0,2.123456
0.456789,1,7.890123
1.345678,1,9.678901
-0.123456,0,3.56789
0.987654,1,8.123456
-1.234567,0,2.987654
0.54321,1,7.456789
1.345678,1,9.876543
-0.987654,0,3.123456
0.234567,1,6.789012
-1.456789,0,2.345678
0.876543,1,8.56789
-0.345678,0,3.678901
1.234567,1,9.012345
-0.678901,0,2.456789
0.456789,1,7.890123
-1.123456,0,3.789012
0.678901,1,8.234567
1.5,1,10.123456
-0.234567,0,2.678901
0.345678,1,6.123456
-1.345678,0,3.456789
0.123456,1,7.56789
-0.56789,0,2.789012
1.234567,1,9.345678
-0.890123,0,3.012345
0.678901,1,8.456789
-1.5,0,2.123456
0.456789,1,7.890123
1.345678,1,9.678901
-0.123456,0,3.56789
0.987654,1,8.123456
-1.234567,0,2.987654
0.54321,1,7.456789
1.345678,1,9.876543
-0.987654,0,3.123456
0.234567,1,6.789012
-1.456789,0,2.345678
0.876543,1,8.56789
-0.345678,0,3.678901
1.234567,1,9.012345
-0.678901,0,2.456789
0.456789,1,7.890123
-1.123456,0,3.789012
0.678901,1,8.234567
1.5,1,10.123456
-0.234567,0,2.678901
0.345678,1,6.123456
-1.345678,0,3.456789
0.123456,1,7.56789
-0.56789,0,2.789012
1.234567,1,9.345678
-0.890123,0,3.012345
0.678901,1,8.456789
-0.234,1,5.217
0.872,1,7.612
-1.123,0,1.456
0.456,1,6.789
1.234,1,8.345
-0.678,0,2.345
0.345,1,5.678
-1.456,0,0.789
0.123,1,4.567
1.345,1,7.89
-0.567,0,2.456
0.678,1,6.123
-1.234,0,1.234
0.789,1,6.456
1.456,1,8.789
-0.345,0,1.678
0.234,1,5.89
-1.012,0,1.012
0.567,1,6.789
1.012,1,7.123
-0.789,0,2.012
0.89,1,6.345
-1.345,0,0.678
0.456,1,5.234
1.123,1,7.456
-0.678,0,2.345
0.345,1,5.678
-1.456,0,0.789
0.123,1,4.567
1.345,1,8.345
-0.567,0,1.456
0.678,1,6.789
-1.234,0,1.234
0.789,1,6.456
1.456,1,8.789
-0.345,0,1.678
0.234,1,5.89
-1.012,0,1.012
0.567,1,6.789
1.012,1,7.123
-0.789,0,2.012
0.89,1,6.345
-1.345,0,0.678
0.456,1,5.234
1.123,1,7.456
-0.678,0,2.345
0.345,1,5.678
-1.456,0,0.789
0.123,1,4.567
1.345,1,8.345
-0.567,0,1.456
0.678,1,6.789
-1.234,0,1.234
0.789,1,6.456
1.456,1,8.789
-0.345,0,1.678
0.234,1,5.89
-1.012,0,1.012
0.567,1,6.789
1.012,1,7.123
-0.789,0,2.012
0.89,1,6.345
-1.345,0,0.678
0.456,1,5.234
1.123,1,7.456
-0.678,0,2.345
0.345,1,5.678
-1.456,0,0.789
0.123,1,4.567
1.345,1,8.345
-0.567,0,1.456
0.678,1,6.789
-1.234,0,1.234
0.789,1,6.456
1.456,1,8.789
-0.345,0,1.678
0.234,1,5.89
-1.012,0,1.012
0.567,1,6.789
1.012,1,7.123
-0.789,0,2.012
0.89,1,6.345
-1.345,0,0.678
0.456,1,5.234
1.123,1,7.456
-0.678,0,2.345
0.345,1,5.678
-1.456,0,0.789
0.123,1,4.567
1.345,1,8.345
-0.567,0,1.456
0.678,1,6.789
-1.234,0,1.234
0.789,1,6.456
1.456,1,8.789
-0.345,0,1.678
0.234,1,5.89
-1.012,0,1.012
0.567,1,6.789
1.012,1,7.123
-0.789,0,2.012
0.89,1,6.345
-1.345,0,0.678
0.456,1,5.234
1.123,1,7.456
-0.678,0,2.345
0.345,1,5.678
-1.456,0,0.789
0.123,1,4.567
1.345,1,8.345
-0.567,0,1.456
0.678,1,6.789
-1.234,0,1.234
0.789,1,6.456
1.456,1,8.789
-0.345,0,1.678
0.234,1,5.89
-1.012,0,1.012
0.567,1,6.789
1.012,1,7.123
-0.789,0,2.012
0.89,1,6.345
-1.345,0,0.678
0.456,1,5.234
1.123,1,7.456
-0.678,0,2.345
0.345,1,5.678
-1.456,0,0.789
0.123,1,4.567
1.345,1,8.345
-0.567,0,1.456
0.678,1,6.789
-1.234,0,1.234
0.789,1,6.456
1.456,1,8.789
-0.345,0,1.678
0.234,1,5.89
-1.012,0,1.012
0.567,1,6.789
1.012,1,7.123
-0.789,0,2.012
0.89,1,6.345
-1.345,0,0.678
0.456,1,5.234
1.123,1,7.456
-0.678,0,2.345
0.345,1,5.678
-1.456,0,0.789
0.123,1,4.567
1.345,1,8.345
-0.567,0,1.456
0.678,1,6.789
-1.234,0,1.234
0.789,1,6.456
1.456,1,8.789
-0.345,0,1.678
0.234,1,5.89
-1.012,0,1.012
0.567,1,6.789
1.012,1,7.123
-0.789,0,2.012
0.89,1,6.345
-1.345,0,0.678
0.456,1,5.234
1.123,1,7.456
-0.678,0,2.345
0.345,1,5.678
-1.456,0,0.789
0.123,1,4.567
1.345,1,8.345
-0.567,0,1.456
0.678,1,6.789
-1.234,0,1.234
0.789,1,6.456
1.456,1,8.789
-0.345,0,1.678
0.234,1,5.89
-1.012,0,1.012
0.567,1,6.789
1.012,1,7.123
-0.789,0,2.012
0.89,1,6.345
-1.345,0,0.678
0.456,1,5.234
1.123,1,7.456
-0.678,0,2.345
0.345,1,5.678
-1.456,0,0.789
0.123,1,4.567
1.345,1,8.345
-0.567,0,1.456
0.678,1,6.789
-1.234,0,1.234
0.789,1,6.456
1.456,1,8.789
-0.345,0,1.678
0.234,1,5.89
-1.012,0,1.012
0.567,1,6.789
1.012,1,7.123
-0.789,0,2.012
0.89,1,6.345
-1.345,0,0.678
0.456,1,5.234
1.123,1,7.456
-0.678,0,2.345
0.345,1,5.678
-1.456,0,0.789
0.123,1,4.567
1.345,1,8.345
-0.567,0,1.456
0.678,1,6.789
-1.234,0,1.234
0.789,1,6.456
1.456,1,8.789
-0.345,0,1.678
0.234,1,5.89
-1.012,0,1.012
0.567,1,6.789
1.012,1,7.123
-0.789,0,2.012
0.89,1,6.345
-1.345,0,0.678
0.456,1,5.234
1.123,1,7.456
-0.678,0,2.345
0.345,1,5.678
-1.456,0,0.789
0.123,1,4.567
1.345,1,8.345
-0.567,0,1.456
0.678,1,6.789
-1.234,0,1.234
0.789,1,6.456
1.456,1,8.789
-0.345,0,1.678
0.234,1,5.89
-1.012,0,1.012
0.567,1,6.789
1.012,1,7.123
-0.789,0,2.012
0.89,1,6.345
-1.345,0,0.678
0.456,1,5.234
1.123,1,7.456
-0.678,0,2.345
0.345,1,5.678
-1.456,0,0.789
0.123,1,4.567
1.345,1,8.345
-0.567,0,1.456
0.678,1,6.789
-1.234,0,1.234
0.789,1,6.456
1.456,1,8.789
-0.345,0,1.678
0.234,1,5.89
-1.012,0,1.012
0.567,1,6.789
1.012,1,7.123
-0.789,0,2.012
0.89,1,6.345
-1.345,0,0.678
0.456,1,5.234
1.123,1,7.456
-0.678,0,2.345
0.345,1,5.678
-1.456,0,0.789
0.123,1,4.567
1.345,1,8.345
-0.567,0,1.456
0.678,1,6.789
-1.234,0,1.234
0.789,1,6.456
1.456,1,8.789
-0.345,0,1.678
0.234,1,5.89
-1.012,0,1.012
0.567,1,6.789
1.012,1,7.123
-0.789,0,2.012
0.89,1,6.345
-1.345,0,0.678
0.456,1,5.234
1.123,1,7.456
-0.678,0,2.345
0.345,1,5.678
-1.456,0,0.789
0.123,1,4.567
1.345,1,8.345
-0.567,0,1.456
0.678,1,6.789
-1.234,0,1.234
0.789,1,6.456
1.456,1,8.789
-0.345,0,1.678
0.234,1,5.89
-1.012,0,1.012
0.567,1,6.789
1.012,1,7.123
-0.789,0,2.012
0.89,1,6.345
-1.345,0,0.678
0.456,1,5.234
1.123,1,7.456
-0.678,0,2.345
0.345,1,5.678
-1.456,0,0.789
0.123,1,4.567
1.345,1,8.345
-0.567,0,1.456
0.678,1,6.789
-1.234,0,1.234
0.789,1,6.456
1.456,1,8.789
-0.345,0,1.678
0.234,1,5.89
-1.012,0,1.012
0.567,1,6.789
1.012,1,7.123
-0.789,0,2.012
0.89,1,6.345
-1.345,0,0.678
0.456,1,5.234
1.123,1,7.456
-0.678,0,2.345
0.345,1,5.678
-1.456,0,0.789
0.123,1,4.567
1.345,1,8.345
-0.567,0,1.456
0.678,1,6.789
-1.234,0,1.234
0.789,1,6.456
1.456,1,8.789
-0.345,0,1.678
0.234,1,5.89
-1.012,0,1.012
0.567,1,6.789
1.012,1,7.123
-0.789,0,2.012
0.89,1,6.345
-1.345,0,0.678
0.456,1,5.234
1.123,1,7.456
-0.678,0,2.345
0.345,1,5.678
-1.456,0,0.789
0.123,1,4.567
1.345,1,8.345
-0.567,0,1.456
0.678,1,6.789
-1.234,0,1.234
0.789,1,6.456
1.456,1,8.789
-0.345,0,1.678
0.234,1,5.89
-1.012,0,1.012
0.567,1,6.789
1.012,1,7.123
-0.789,0,2.012
0.89,1,6.345
-1.345,0,0.678
0.456,1,5.234
1.123,1,7.456
-0.678,0,2.345
0.345,1,5.678
-1.456,0,0.789
0.123,1,4.567
1.345,1,8.345
-0.567,0,1.456
0.678,1,6.789
-1.234,0,1.234
0.789,1,6.456
1.456,1,8.789
-0.345,0,1.678
0.234,1,5.89
-1.012,0,1.012
0.567,1,6.789
1.012,1,7.123
-0.789,0,2.012
0.89,1,6.345
-1.345,0,0.678
0.456,1,5.234
-0.123456,1,4.56789
0.654321,0,3.456789
1.234567,1,6.789012
-1.345678,0,2.345678
0.987654,1,5.678901
-0.456789,0,3.123456
1.123456,1,6.123456
-0.789012,0,2.678901
0.345678,1,4.890123
-1.234567,0,2.456789
0.56789,1,5.345678
1.456789,1,6.890123
-0.678901,0,3.789012
0.234567,1,4.56789
-1.5,0,2.123456
0.789012,1,5.678901
1.345678,1,6.123456
-0.345678,0,3.456789
0.123456,1,4.890123
-1.123456,0,2.678901
0.456789,1,5.345678
1.5,1,7.012345
-0.234567,0,3.789012
0.678901,1,5.678901
-1.456789,0,2.345678
0.890123,1,6.123456
-0.56789,0,3.456789
1.234567,1,6.789012
-1.5,0,2.123456
0.345678,1,4.56789
-0.789012,0,3.789012
1.456789,1,6.890123
-0.123456,0,2.678901
0.56789,1,5.345678
1.5,1,7.012345
-0.345678,0,3.456789
0.890123,1,6.123456
-1.234567,0,2.345678
0.456789,1,5.678901
1.123456,1,6.789012
-0.678901,0,3.789012
0.234567,1,4.890123
-1.5,0,2.123456
0.789012,1,5.678901
1.345678,1,6.123456
-0.890123,0,3.456789
0.678901,1,5.345678
-1.123456,0,2.678901
0.345678,1,4.56789
1.234567,1,6.789012
-0.456789,0,3.789012
0.56789,1,5.678901
1.5,1,7.012345
-0.234567,0,2.345678
0.890123,1,6.123456
-1.456789,0,3.456789
0.123456,1,4.890123
-0.678901,0,2.678901
1.234567,1,6.789012
-1.5,0,2.123456
0.456789,1,5.345678
1.123456,1,6.123456
-0.890123,0,3.789012
0.678901,1,5.678901
-1.234567,0,2.345678
0.345678,1,4.56789
1.456789,1,6.890123
-0.56789,0,3.456789
0.789012,1,5.678901
1.5,1,7.012345
-0.345678,0,2.678901
0.890123,1,6.123456
-1.123456,0,3.789012
0.234567,1,4.890123
-1.5,0,2.123456
0.678901,1,5.345678
1.234567,1,6.789012
-0.890123,0,3.456789
0.456789,1,5.678901
1.5,1,7.012345
-0.234567,0,2.345678
0.890123,1,6.123456
-1.456789,0,3.456789
0.123456,1,4.890123
-0.678901,0,2.678901
1.234567,1,6.789012
-1.5,0,2.123456
0.456789,1,5.345678
1.123456,1,6.123456
-0.890123,0,3.789012
0.678901,1,5.678901
-1.234567,0,2.345678
0.345678,1,4.56789
1.456789,1,6.890123
-0.56789,0,3.456789
0.789012,1,5.678901
1.5,1,7.012345
-0.345678,0,2.678901
0.890123,1,6.123456
-1.123456,0,3.789012
0.234567,1,4.890123
-1.5,0,2.123456
0.678901,1,5.345678
1.234567,1,6.789012
-0.890123,0,3.456789
0.456789,1,5.678901
1.5,1,7.012345
-0.234567,0,2.345678
0.890123,1,6.123456
-1.456789,0,3.456789
0.123456,1,4.890123
-0.678901,0,2.678901
1.234567,1,6.789012
-1.5,0,2.123456
0.456789,1,5.345678
1.123456,1,6.123456
-0.890123,0,3.789012
0.678901,1,5.678901
-1.234567,0,2.345678
0.345678,1,4.56789
1.456789,1,6.890123
-0.56789,0,3.456789
0.789012,1,5.678901
1.5,1,7.012345
-0.345678,0,2.678901
0.890123,1,6.123456
-1.123456,0,3.789012
0.234567,1,4.890123
-1.5,0,2.123456
0.678901,1,5.345678
1.234567,1,6.789012
-0.890123,0,3.456789
0.456789,1,5.678901
1.5,1,7.012345
-0.234567,0,2.345678
0.890123,1,6.123456
-1.456789,0,3.456789
0.123456,1,4.890123
-0.678901,0,2.678901
1.234567,1,6.789012
-1.5,0,2.123456
0.456789,1,5.345678
1.123456,1,6.123456
-0.890123,0,3.789012
0.678901,1,5.678901
-1.234567,0,2.345678
0.345678,1,4.56789
1.456789,1,6.890123
-0.56789,0,3.456789
0.789012,1,5.678901
1.5,1,7.012345
-0.345678,0,2.678901
0.890123,1,6.123456
-1.123456,0,3.789012
0.234567,1,4.890123
-1.5,0,2.123456
0.678901,1,5.345678
1.234567,1,6.789012
-0.890123,0,3.456789
0.456789,1,5.678901
1.5,1,7.012345
-0.234567,0,2.345678
0.890123,1,6.123456
-1.456789,0,3.456789
0.123456,1,4.890123
-0.678901,0,2.678901
1.234567,1,6.789012
-1.5,0,2.123456
0.456789,1,5.345678
1.123456,1,6.123456
-0.890123,0,3.789012
0.678901,1,5.678901
-1.234567,0,2.345678
0.345678,1,4.56789
1.456789,1,6.890123
-0.56789,0,3.456789
0.789012,1,5.678901
1.5,1,7.012345
-0.345678,0,2.678901
0.890123,1,6.123456
-1.123456,0,3.789012
0.234567,1,4.890123
-1.5,0,2.123456
0.678901,1,5.345678
1.234567,1,6.789012
-0.890123,0,3.456789
0.456789,1,5.678901
1.5,1,7.012345
-0.234567,0,2.345678
0.890123,1,6.123456
-1.456789,0,3.456789
0.123456,1,4.890123
-0.678901,0,2.678901
1.234567,1,6.789012
-1.5,0,2.123456
0.456789,1,5.345678
1.123456,1,6.123456
-0.890123,0,3.789012
0.678901,1,5.678901
-1.234567,0,2.345678
0.345678,1,4.56789
1.456789,1,6.890123
-0.56789,0,3.456789
0.789012,1,5.678901
1.5,1,7.012345
-0.345678,0,2.678901
0.890123,1,6.123456
-1.123456,0,3.789012
0.234567,1,4.890123
-1.5,0,2.123456
0.678901,1,5.345678
1.234567,1,6.789012
-0.890123,0,3.456789
0.456789,1,5.678901
1.5,1,7.012345
-0.234567,0,2.345678
0.890123,1,6.123456
-1.456789,0,3.456789
0.123456,1,4.890123
-0.678901,0,2.678901
1.234567,1,6.789012
-1.5,0,2.123456
0.456789,1,5.345678
1.123456,1,6.123456
-0.890123,0,3.789012
0.678901,1,5.678901
-1.234567,0,2.345678
0.345678,1,4.56789
1.456789,1,6.890123
-0.56789,0,3.456789
0.789012,1,5.678901
1.5,1,7.012345
-0.345678,0,2.678901
0.890123,1,6.123456
-1.123456,0,3.789012
0.234567,1,4.890123
-1.5,0,2.123456
0.678901,1,5.345678
1.234567,1,6.789012
-0.890123,0,3.456789
0.456789,1,5.678901
1.5,1,7.012345
-0.234567,0,2.345678
0.890123,1,6.123456
-1.456789,0,3.456789
0.123456,1,4.890123
-0.678901,0,2.678901
1.234567,1,6.789012
-1.5,0,2.123456
0.456789,1,5.345678
1.123456,1,6.123456
-0.890123,0,3.789012
0.678901,1,5.678901
-1.234567,0,2.345678
0.345678,1,4.56789
1.456789,1,6.890123
-0.56789,0,3.456789
0.789012,1,5.678901
1.5,1,7.012345
-0.345678,0,2.678901
0.890123,1,6.123456
-1.123456,0,3.789012
0.234567,1,4.890123
-1.5,0,2.123456
0.678901,1,5.345678
1.234567,1,6.789012
-0.890123,0,3.456789
0.456789,1,5.678901
1.5,1,7.012345
-0.234567,0,2.345678
0.890123,1,6.123456
-1.456789,0,3.456789
0.123456,1,4.890123
-0.678901,0,2.678901
1.234567,1,6.789012
-1.5,0,2.123456
0.456789,1,5.345678
1.123456,1,6.123456
-0.890123,0,3.789012
0.678901,1,5.678901
-1.234567,0,2.345678
0.345678,1,4.56789
1.456789,1,6.890123
-0.56789,0,3.456789
0.789012,1,5.678901
1.5,1,7.012345
-0.345678,0,2.678901
0.890123,1,6.123456
-1.123456,0,3.789012
0.234567,1,4.890123
-1.5,0,2.123456
0.678901,1,5.345678
1.234567,1,6.789012
-0.890123,0,3.456789
0.456789,1,5.678901
1.5,1,7.012345
-0.234567,0,2.345678
0.890123,1,6.123456
-1.456789,0,3.456789
0.123456,1,4.890123
-0.678901,0,2.678901
1.234567,1,6.789012
-1.5,0,2.123456
0.456789,1,5.345678
1.123456,1,6.123456
-0.890123,0,3.789012
0.678901,1,5.678901
-1.234567,0,2.345678
0.345678,1,4.56789
1.456789,1,6.890123
-0.56789,0,3.456789
0.789012,1,5.678901
1.5,1,7.012345
-0.345678,0,2.678901
0.890123,1,6.123456
-1.123456,0,3.789012
0.234567,1,4.890123
-1.5,0,2.123456
0.678901,1,5.345678
1.234567,1,6.789012
-0.890123,0,3.456789
0.456789,1,5.678901
-0.123456,1,5.678912
0.987654,0,4.321098
-1.234567,1,3.456789
0.54321,0,2.345678
1.345678,1,6.789012
-0.987654,0,3.210987
0.123456,1,5.432109
-0.654321,0,2.109876
1.234567,1,7.890123
-1.456789,0,1.234567
0.876543,1,5.678901
-0.345678,0,2.987654
1.5,1,8.123456
-0.789012,0,3.456789
0.234567,1,5.678912
-1.345678,0,2.345678
0.456789,1,6.789012
-0.56789,0,3.210987
1.234567,1,7.890123
-0.123456,0,1.234567
0.345678,1,5.432109
-1.5,0,2.109876
0.765432,1,6.54321
-0.456789,0,3.987654
1.5,1,8.123456
-0.234567,0,2.345678
0.678901,1,5.678912
-1.234567,0,1.987654
0.123456,1,4.321098
-0.987654,0,2.109876
1.345678,1,7.890123
-0.56789,0,3.456789
0.456789,1,5.678901
-1.5,0,1.234567
0.234567,1,4.56789
-0.345678,0,2.345678
1.234567,1,6.789012
-0.123456,0,3.210987
0.987654,1,5.432109
-1.456789,0,2.109876
0.876543,1,6.54321
-0.789012,0,3.987654
1.5,1,8.123456
-0.678901,0,2.345678
0.345678,1,5.678912
-1.234567,0,1.987654
0.456789,1,4.321098
-0.987654,0,2.109876
1.5,1,7.890123
-0.56789,0,3.456789
0.678901,1,5.678901
-1.5,0,1.234567
0.234567,1,4.56789
-0.345678,0,2.345678
1.234567,1,6.789012
-0.123456,0,3.210987
0.987654,1,5.432109
-1.456789,0,2.109876
0.876543,1,6.54321
-0.789012,0,3.987654
1.5,1,8.123456
-0.678901,0,2.345678
0.345678,1,5.678912
-1.234567,0,1.987654
0.456789,1,4.321098
-0.987654,0,2.109876
1.5,1,7.890123
-0.56789,0,3.456789
0.678901,1,5.678901
-1.5,0,1.234567
0.234567,1,4.56789
-0.345678,0,2.345678
1.234567,1,6.789012
-0.123456,0,3.210987
0.987654,1,5.432109
-1.456789,0,2.109876
0.876543,1,6.54321
-0.789012,0,3.987654
1.5,1,8.123456
-0.678901,0,2.345678
0.345678,1,5.678912
-1.234567,0,1.987654
0.456789,1,4.321098
-0.987654,0,2.109876
1.5,1,7.890123
-0.56789,0,3.456789
0.678901,1,5.678901
-1.5,0,1.234567
0.234567,1,4.56789
-0.345678,0,2.345678
1.234567,1,6.789012
-0.123456,0,3.210987
0.987654,1,5.432109
-1.456789,0,2.109876
0.876543,1,6.54321
-0.789012,0,3.987654
1.5,1,8.123456
-0.678901,0,2.345678
0.345678,1,5.678912
-1.234567,0,1.987654
0.456789,1,4.321098
-0.987654,0,2.109876
1.5,1,7.890123
-0.56789,0,3.456789
0.678901,1,5.678901
-1.5,0,1.234567
0.234567,1,4.56789
-0.345678,0,2.345678
1.234567,1,6.789012
-0.123456,0,3.210987
0.987654,1,5.432109
-1.456789,0,2.109876
0.876543,1,6.54321
-0.789012,0,3.987654
1.5,1,8.123456
-0.678901,0,2.345678
0.345678,1,5.678912
-1.234567,0,1.987654
0.456789,1,4.321098
-0.987654,0,2.109876
1.5,1,7.890123
-0.56789,0,3.456789
0.678901,1,5.678901
-1.5,0,1.234567
0.234567,1,4.56789
-0.345678,0,2.345678
1.234567,1,6.789012
-0.123456,0,3.210987
0.987654,1,5.432109
-1.456789,0,2.109876
0.876543,1,6.54321
-0.789012,0,3.987654
1.5,1,8.123456
-0.678901,0,2.345678
0.345678,1,5.678912
-1.234567,0,1.987654
0.456789,1,4.321098
-0.987654,0,2.109876
1.5,1,7.890123
-0.56789,0,3.456789
0.678901,1,5.678901
-1.5,0,1.234567
0.234567,1,4.56789
-0.345678,0,2.345678
1.234567,1,6.789012
-0.123456,0,3.210987
0.987654,1,5.432109
-1.456789,0,2.109876
0.876543,1,6.54321
-0.789012,0,3.987654
1.5,1,8.123456
-0.678901,0,2.345678
0.345678,1,5.678912
-1.234567,0,1.987654
0.456789,1,4.321098
-0.987654,0,2.109876
1.5,1,7.890123
-0.56789,0,3.456789
0.678901,1,5.678901
-1.5,0,1.234567
0.234567,1,4.56789
-0.345678,0,2.345678
1.234567,1,6.789012
-0.123456,0,3.210987
0.987654,1,5.432109
-1.456789,0,2.109876
0.876543,1,6.54321
-0.789012,0,3.987654
1.5,1,8.123456
-0.678901,0,2.345678
0.345678,1,5.678912
-1.234567,0,1.987654
0.456789,1,4.321098
-0.987654,0,2.109876
1.5,1,7.890123
-0.56789,0,3.456789
0.678901,1,5.678901
-1.5,0,1.234567
0.234567,1,4.56789
-0.345678,0,2.345678
1.234567,1,6.789012
-0.123456,0,3.210987
0.987654,1,5.432109
-1.456789,0,2.109876
0.876543,1,6.54321
-0.789012,0,3.987654
1.5,1,8.123456
-0.678901,0,2.345678
0.345678,1,5.678912
-1.234567,0,1.987654
0.456789,1,4.321098
-0.987654,0,2.109876
1.5,1,7.890123
-0.56789,0,3.456789
0.678901,1,5.678901
-1.5,0,1.234567
0.234567,1,4.56789
-0.345678,0,2.345678
1.234567,1,6.789012
-0.123456,0,3.210987
0.987654,1,5.432109
-1.456789,0,2.109876
0.876543,1,6.54321
-0.789012,0,3.987654
1.5,1,8.123456
-0.678901,0,2.345678
0.345678,1,5.678912
-1.234567,0,1.987654
0.456789,1,4.321098
-0.987654,0,2.109876
1.5,1,7.890123
-0.56789,0,3.456789
0.678901,1,5.678901
-1.5,0,1.234567
0.234567,1,4.56789
-0.345678,0,2.345678
1.234567,1,6.789012
-0.123456,0,3.210987
0.987654,1,5.432109
-1.456789,0,2.109876
0.876543,1,6.54321
-0.789012,0,3.987654
1.5,1,8.123456
-0.678901,0,2.345678
0.345678,1,5.678912
-1.234567,0,1.987654
0.456789,1,4.321098
-0.987654,0,2.109876
1.5,1,7.890123
-0.56789,0,3.456789
0.678901,1,5.678901
-1.5,0,1.234567
0.234567,1,4.56789
-0.345678,0,2.345678
1.234567,1,6.789012
-0.123456,0,3.210987
0.987654,1,5.432109
-1.456789,0,2.109876
0.876543,1,6.54321
-0.789012,0,3.987654
1.5,1,8.123456
-0.678901,0,2.345678
0.345678,1,5.678912
-1.234567,0,1.987654
0.456789,1,4.321098
-0.987654,0,2.109876
1.5,1,7.890123
-0.56789,0,3.456789
0.678901,1,5.678901
-1.5,0,1.234567
0.234567,1,4.56789
-0.345678,0,2.345678
1.234567,1,6.789012
-0.123456,0,3.210987
0.987654,1,5.432109
-1.456789,0,2.109876
0.876543,1,6.54321
-0.789012,0,3.987654
1.5,1,8.123456
-0.678901,0,2.345678
0.345678,1,5.678912
-1.234567,0,1.987654
0.456789,1,4.321098
-0.987654,0,2.109876
1.5,1,7.890123
-0.56789,0,3.456789
0.678901,1,5.678901
-1.5,0,1.234567
0.234567,1,4.56789
-0.345678,0,2.345678
1.234567,1,6.789012
-0.123456,0,3.210987
0.987654,1,5.432109
-1.456789,0,2.109876
0.876543,1,6.54321
-0.789012,0,3.987654
1.5,1,8.123456
-0.678901,0,2.345678
0.345678,1,5.678912
-1.234567,0,1.987654
0.456789,1,4.321098
-0.987654,0,2.109876
1.5,1,7.890123
-0.56789,0,3.456789
0.678901,1,5.678901
-1.5,0,1.234567
0.234567,1,4.56789
-0.345678,0,2.345678
1.234567,1,6.789012
-0.123456,0,3.210987
0.987654,1,5.432109
-1.456789,0,2.109876
0.876543,1,6.54321
-0.789012,0,3.987654
1.5,1,8.123456
-0.678901,0,2.345678
0.345678,1,5.678912
-1.234567,0,1.987654
0.456789,1,4.321098
-0.987654,0,2.109876
1.5,1,7.890123
-0.56789,0,3.456789
0.678901,1,5.678901
-1.5,0,1.234567
0.234567,1,4.56789
-0.345678,0,2.345678
1.234567,1,6.789012
-0.123456,0,3.210987
0.987654,1,5.432109
-1.456789,0,2.109876
0.876543,1,6.54321
-0.789012,0,3.987654
1.5,1,8.123456
-0.678901,0,2.345678
0.345678,1,5.678912
-1.234567,0,1.987654
0.456789,1,4.321098
-0.987654,0,2.109876
1.5,1,7.890123
-0.56789,0,3.0
-1.223,0,-0.255
0.143,1,4.347
0.942,1,5.889
-0.678,0,1.234
1.456,1,7.125
-1.342,0,-0.978
0.321,1,3.876
-0.456,0,0.789
1.234,1,6.543
-0.789,0,0.456
0.567,1,4.123
-1.123,0,-0.678
0.876,1,5.234
-0.345,0,1.012
1.345,1,6.789
-1.456,0,-1.234
0.234,1,3.456
-0.678,0,1.345
1.123,1,5.678
-0.567,0,0.789
0.456,1,4.567
-1.234,0,-0.789
0.678,1,4.789
-0.89,0,0.123
1.012,1,5.123
-1.012,0,-0.456
0.89,1,4.234
-0.234,0,1.678
1.5,1,6.234
-1.5,0,-1.123
0.123,1,3.789
-0.567,0,0.678
1.234,1,5.456
-0.89,0,0.345
0.789,1,4.567
-1.345,0,-0.678
0.456,1,4.123
-0.678,0,1.234
1.456,1,6.789
-1.123,0,-0.456
0.321,1,3.456
-0.89,0,0.123
1.012,1,5.789
-1.5,0,-1.234
0.678,1,4.678
-0.234,0,1.012
1.345,1,6.123
-1.456,0,-0.789
0.89,1,4.234
-0.567,0,0.345
1.5,1,6.789
-1.234,0,-1.123
0.123,1,3.789
-0.89,0,0.678
1.234,1,5.456
-1.012,0,-0.456
0.456,1,4.567
-0.678,0,1.234
1.456,1,6.789
-1.123,0,-0.789
0.321,1,3.456
-0.89,0,0.123
1.012,1,5.789
-1.5,0,-1.234
0.678,1,4.678
-0.234,0,1.012
1.345,1,6.123
-1.456,0,-0.789
0.89,1,4.234
-0.567,0,0.345
1.5,1,6.789
-1.234,0,-1.123
0.123,1,3.789
-0.89,0,0.678
1.234,1,5.456
-1.012,0,-0.456
0.456,1,4.567
-0.678,0,1.234
1.456,1,6.789
-1.123,0,-0.789
0.321,1,3.456
-0.89,0,0.123
1.012,1,5.789
-1.5,0,-1.234
0.678,1,4.678
-0.234,0,1.012
1.345,1,6.123
-1.456,0,-0.789
0.89,1,4.234
-0.567,0,0.345
1.5,1,6.789
-1.234,0,-1.123
0.123,1,3.789
-0.89,0,0.678
1.234,1,5.456
-1.012,0,-0.456
0.456,1,4.567
-0.678,0,1.234
1.456,1,6.789
-1.123,0,-0.789
0.321,1,3.456
-0.89,0,0.123
1.012,1,5.789
-1.5,0,-1.234
0.678,1,4.678
-0.234,0,1.012
1.345,1,6.123
-1.456,0,-0.789
0.89,1,4.234
-0.567,0,0.345
1.5,1,6.789
-1.234,0,-1.123
0.123,1,3.789
-0.89,0,0.678
1.234,1,5.456
-1.012,0,-0.456
0.456,1,4.567
-0.678,0,1.234
1.456,1,6.789
-1.123,0,-0.789
0.321,1,3.456
-0.89,0,0.123
1.012,1,5.789
-1.5,0,-1.234
0.678,1,4.678
-0.234,0,1.012
1.345,1,6.123
-1.456,0,-0.789
0.89,1,4.234
-0.567,0,0.345
1.5,1,6.789
-1.234,0,-1.123
0.123,1,3.789
-0.89,0,0.678
1.234,1,5.456
-1.012,0,-0.456
0.456,1,4.567
-0.678,0,1.234
1.456,1,6.789
-1.123,0,-0.789
0.321,1,3.456
-0.89,0,0.123
1.012,1,5.789
-1.5,0,-1.234
0.678,1,4.678
-0.234,0,1.012
1.345,1,6.123
-1.456,0,-0.789
0.89,1,4.234
-0.567,0,0.345
1.5,1,6.789
-1.234,0,-1.123
0.123,1,3.789
-0.89,0,0.678
1.234,1,5.456
-1.012,0,-0.456
0.456,1,4.567
-0.678,0,1.234
1.456,1,6.789
-1.123,0,-0.789
0.321,1,3.456
-0.89,0,0.123
1.012,1,5.789
-1.5,0,-1.234
0.678,1,4.678
-0.234,0,1.012
1.345,1,6.123
-1.456,0,-0.789
0.89,1,4.234
-0.567,0,0.345
1.5,1,6.789
-1.234,0,-1.123
0.123,1,3.789
-0.89,0,0.678
1.234,1,5.456
-1.012,0,-0.456
0.456,1,4.567
-0.678,0,1.234
1.456,1,6.789
-1.123,0,-0.789
0.321,1,3.456
-0.89,0,0.123
1.012,1,5.789
-1.5,0,-1.234
0.678,1,4.678
-0.234,0,1.012
1.345,1,6.123
-1.456,0,-0.789
0.89,1,4.234
-0.567,0,0.345
1.5,1,6.789
-1.234,0,-1.123
0.123,1,3.789
-0.89,0,0.678
1.234,1,5.456
-1.012,0,-0.456
0.456,1,4.567
-0.678,0,1.234
1.456,1,6.789
-1.123,0,-0.789
0.321,1,3.456
-0.89,0,0.123
1.012,1,5.789
-1.5,0,-1.234
0.678,1,4.678
-0.234,0,1.012
1.345,1,6.123
-1.456,0,-0.789
0.89,1,4.234
-0.567,0,0.345
1.5,1,6.789
-1.234,0,-1.123
0.123,1,3.789
-0.89,0,0.678
1.234,1,5.456
-1.012,0,-0.456
0.456,1,4.567
-0.678,0,1.234
1.456,1,6.789
-1.123,0,-0.789
0.321,1,3.456
-0.89,0,0.123
1.012,1,5.789
-1.5,0,-1.234
0.678,1,4.678
-0.234,0,1.012
1.345,1,6.123
-1.456,0,-0.789
0.89,1,4.234
-0.567,0,0.345
1.5,1,6.789
-1.234,0,-1.123
0.123,1,3.789
-0.89,0,0.678
1.234,1,5.456
-1.012,0,-0.456
0.456,1,4.567
-0.678,0,1.234
1.456,1,6.789
-1.123,0,-0.789
0.321,1,3.456
-0.89,0,0.123
1.012,1,5.789
-1.5,0,-1.234
0.678,1,4.678
-0.234,0,1.012
1.345,1,6.123
-1.456,0,-0.789
0.89,1,4.234
-0.567,0,0.345
1.5,1,6.789
-1.234,0,-1.123
0.123,1,3.789
-0.89,0,0.678
1.234,1,5.456
-1.012,0,-0.456
0.456,1,4.567
-0.678,0,1.234
1.456,1,6.789
-1.123,0,-0.789
0.321,1,3.456
-0.89,0,0.123
1.012,1,5.789
-1.5,0,-1.234
0.678,1,4.678
-0.234,0,1.012
1.345,1,6.123
-1.456,0,-0.789
0.89,1,4.234
-0.567,0,0.345
1.5,1,6.789
-1.234,0,-1.123
0.123,1,3.789
-0.89,0,0.678
1.234,1,5.456
-1.012,0,-0.456
0.456,1,4.567
-0.678,0,1.234
1.456,1,6.789
-1.123,0,-0.789
0.321,1,3.456
-0.89,0,0.123
1.012,1,5.789
-1.5,0,-1.234
0.678,1,4.678
-0.234,0,1.012
1.345,1,6.123
-1.456,0,-0.789
0.89,1,4.234
-0.567,0,0.345
1.5,1,6.789
-1.234,0,-1.123
0.123,1,3.789
-0.89,0,0.678
1.234,1,5.456
-1.012,0,-0.456
0.456,1,4.567
-0.678,0,1.234
1.456,1,6.789
-1.123,0,-0.789
0.321,1,3.456
-0.89,0,0.123
1.012,1,5.789
-1.5,0,-1.234
0.678,1,4.678
-0.234,0,1.012
1.345,1,6.123
-1.456,0,-0.789
0.89,1,4.234
-0.567,0,0.345
1.5,1,6.789
-1.234,0,-1.123
0.123,1,3.789
-0.89,0,0.678
1.234,1,5.456
-1.012,0,-0.456
0.456,1,4.567
-0.678,0,1.234
1.456,1,6.789
-1.123,0,-0.789
0.321,1,3.456
-0.89,0,0.123
1.012,1,5.789
-1.5,0,-1.234
0.678,1,4.678
-0.234,0,1.012
1.345,1,6.123
-1.456,0,-0.789
0.89,1,4.234
-0.567,0,0.345
1.5,1,6.789
-1.234,0,-1.123
0.123,1,3.789
-0.89,0,0.678
1.234,1,5.456
-1.012,0,-0.456
0.456,1,4.567
-0.678,0,1.234
1.456,1,6.789
-1.123,0,-0.789
0.321,1,3.456
-0.89,0,0.123
1.012,1,5.789
-1.5,0,-1.234
0.678,1,4.678
-0.234,0,1.012
1.345,1,6.123
-1.456,0,-0.789
0.89,1,4.234
-0.567,0,0.345
1.5,1,6.789
-1.234,0,-1.123
0.123,1,3.789
-0.89,0,0.678
1.234,1,5.456
-1.012,0,-0.456
0.456,1,4.567
-0.678,0,1.234
1.456,1,6.789
-1.123,0,-0.789
0.321,1,3.456
-0.89,0,0.123
1.012,1,5.789
-1.5,0,-1.234
0.678,1,4.678
-0.234,0,1.012
1.345,1,6.123
-1.456,0,-0.789
0.89,1,4.234
-0.567,0,0.345
1.5,1,6.789
-1.234,0,-1.123
0.123,1,3.789
-0.89,0,0.678
1.234,1,5.456
-1.012,0,-0.456
0.456,1,4.567
-0.678,0,1.234
1.456,1,6.789
-1.123,0,-0.789
-0.123456,1,5.678912
0.456789,0,3.234567
1.234567,1,7.890123
-1.345678,0,2.345678
0.987654,1,6.54321
-0.654321,0,3.456789
1.123456,1,8.123456
-0.987654,0,2.678901
0.234567,1,4.56789
-1.234567,0,2.456789
0.345678,1,5.678901
1.345678,1,7.890234
-0.456789,0,3.234678
0.56789,1,5.678912
-1.5,0,2.345678
0.678901,1,6.54321
1.456789,1,8.123456
-0.789012,0,3.456789
0.789012,1,5.678901
-1.5,0,2.678901
0.890123,1,6.54321
1.5,1,8.234567
-0.890123,0,3.234567
0.123456,1,4.56789
-1.123456,0,2.345678
0.234567,1,5.678912
1.234567,1,7.890123
-0.345678,0,3.456789
0.456789,1,6.54321
-1.234567,0,2.678901
0.56789,1,5.678901
1.345678,1,8.123456
-0.678901,0,3.456789
0.789012,1,6.54321
-1.456789,0,2.345678
0.890123,1,5.678912
1.5,1,7.890234
-0.890123,0,3.234567
0.123456,1,4.56789
-1.123456,0,2.678901
0.234567,1,5.678901
1.234567,1,8.123456
-0.345678,0,3.456789
0.456789,1,6.54321
-1.234567,0,2.345678
0.56789,1,5.678912
1.345678,1,7.890123
-0.678901,0,3.456789
0.789012,1,6.54321
-1.456789,0,2.678901
0.890123,1,5.678901
1.5,1,8.123456
-0.890123,0,3.234567
0.123456,1,4.56789
-1.123456,0,2.345678
0.234567,1,5.678912
1.234567,1,7.890234
-0.345678,0,3.456789
0.456789,1,6.54321
-1.234567,0,2.678901
0.56789,1,5.678901
1.345678,1,8.123456
-0.678901,0,3.456789
0.789012,1,6.54321
-1.456789,0,2.345678
0.890123,1,5.678912
1.5,1,7.890123
-0.890123,0,3.234567
0.123456,1,4.56789
-1.123456,0,2.678901
0.234567,1,5.678901
1.234567,1,8.123456
-0.345678,0,3.456789
0.456789,1,6.54321
-1.234567,0,2.345678
0.56789,1,5.678912
1.345678,1,7.890234
-0.678901,0,3.456789
0.789012,1,6.54321
-1.456789,0,2.678901
0.890123,1,5.678901
1.5,1,8.123456
-0.890123,0,3.234567
0.123456,1,4.56789
-1.123456,0,2.345678
0.234567,1,5.678912
1.234567,1,7.890123
-0.345678,0,3.456789
0.456789,1,6.54321
-1.234567,0,2.678901
0.56789,1,5.678901
1.345678,1,8.123456
-0.678901,0,3.456789
0.789012,1,6.54321
-1.456789,0,2.345678
0.890123,1,5.678912
1.5,1,7.890234
-0.890123,0,3.234567
0.123456,1,4.56789
-1.123456,0,2.678901
0.234567,1,5.678901
1.234567,1,8.123456
-0.345678,0,3.456789
0.456789,1,6.54321
-1.234567,0,2.345678
0.56789,1,5.678912
1.345678,1,7.890123
-0.678901,0,3.456789
0.789012,1,6.54321
-1.456789,0,2.678901
0.890123,1,5.678901
1.5,1,8.123456
-0.890123,0,3.234567
0.123456,1,4.56789
-1.123456,0,2.345678
0.234567,1,5.678912
1.234567,1,7.890234
-0.345678,0,3.456789
0.456789,1,6.54321
-1.234567,0,2.678901
0.56789,1,5.678901
1.345678,1,8.123456
-0.678901,0,3.456789
0.789012,1,6.54321
-1.456789,0,2.345678
0.890123,1,5.678912
1.5,1,7.890123
-0.890123,0,3.234567
0.123456,1,4.56789
-1.123456,0,2.678901
0.234567,1,5.678901
1.234567,1,8.123456
-0.345678,0,3.456789
0.456789,1,6.54321
-1.234567,0,2.345678
0.56789,1,5.678912
1.345678,1,7.890234
-0.678901,0,3.456789
0.789012,1,6.54321
-1.456789,0,2.678901
0.890123,1,5.678901
1.5,1,8.123456
-0.890123,0,3.234567
0.123456,1,4.56789
-1.123456,0,2.678901
0.234567,1,5.678912
1.234567,1,7.890123
-0.345678,0,3.456789
0.456789,1,6.54321
-1.234567,0,2.345678
0.56789,1,5.678901
1.345678,1,8.123456
-0.678901,0,3.456789
0.789012,1,6.54321
-1.456789,0,2.678901
0.890123,1,5.678912
1.5,1,7.890234
-0.890123,0,3.234567
0.123456,1,4.56789
-1.123456,0,2.678901
0.234567,1,5.678901
1.234567,1,8.123456
-0.345678,0,3.456789
0.456789,1,6.54321
-1.234567,0,2.345678
0.56789,1,5.678912
1.345678,1,7.890123
-0.678901,0,3.456789
0.789012,1,6.54321
-1.456789,0,2.678901
0.890123,1,5.678901
1.5,1,8.123456
-0.890123,0,3.234567
0.123456,1,4.56789
-1.123456,0,2.678901
0.234567,1,5.678912
1.234567,1,7.890234
-0.345678,0,3.456789
0.456789,1,6.54321
-1.234567,0,2.345678
0.56789,1,5.678901
1.345678,1,8.123456
-0.678901,0,3.456789
0.789012,1,6.54321
-1.456789,0,2.678901
0.890123,1,5.678912
1.5,1,7.890123
-0.890123,0,3.234567
0.123456,1,4.56789
-1.123456,0,2.678901
0.234567,1,5.678901
1.234567,1,8.123456
-0.345678,0,3.456789
0.456789,1,6.54321
-1.234567,0,2.345678
0.56789,1,5.678912
1.345678,1,7.890234
-0.678901,0,3.456789
0.789012,1,6.54321
-1.456789,0,2.678901
0.890123,1,5.678901
1.5,1,8.123456
-0.890123,0,3.234567
0.123456,1,4.56789
-1.123456,0,2.678901
0.234567,1,5.678912
1.234567,1,7.890123
-0.345678,0,3.456789
0.456789,1,6.54321
-1.234567,0,2.345678
0.56789,1,5.678901
1.345678,1,8.123456
-0.678901,0,3.456789
0.789012,1,6.54321
-1.456789,0,2.678901
0.890123,1,5.678912
1.5,1,7.890234
-0.890123,0,3.234567
0.123456,1,4.56789
-1.123456,0,2.678901
0.234567,1,5.678901
1.234567,1,8.123456
-0.345678,0,3.456789
0.456789,1,6.54321
-1.234567,0,2.345678
0.56789,1,5.678912
1.345678,1,7.890123
-0.678901,0,3.456789
0.789012,1,6.54321
-1.456789,0,2.678901
0.890123,1,5.678901
1.5,1,8.123456
-0.890123,0,3.234567
0.123456,1,4.56789
-1.123456,0,2.678901
0.234567,1,5.678912
1.234567,1,7.890234
-0.345678,0,3.456789
0.456789,1,6.54321
-1.234567,0,2.345678
0.56789,1,5.678901
1.345678,1,8.123456
-0.678901,0,3.456789
0.789012,1,6.54321
-1.456789,0,2.678901
0.890123,1,5.678912
1.5,1,7.890123
-0.890123,0,3.234567
0.123456,1,4.56789
-1.123456,0,2.678901
0.234567,1,5.678901
1.234567,1,8.123456
-0.345678,0,3.456789
0.456789,1,6.54321
-1.234567,0,2.345678
0.56789,1,5.678912
1.345678,1,7.890234
-0.678901,0,3.456789
0.789012,1,6.54321
-1.456789,0,2.678901
0.890123,1,5.678901
1.5,1,8.123456
-0.890123,0,3.234567
0.123456,1,4.56789
-1.123456,0,2.678901
0.234567,1,5.678912
1.234567,1,7.890123
-0.345678,0,3.456789
0.456789,1,6.54321
-1.234567,0,2.345678
0.56789,1,5.678901
1.345678,1,8.123456
-0.678901,0,3.456789
0.789012,1,6.54321
-1.456789,0,2.678901
0.890123,1,5.678912
1.5,1,7.890234
-0.890123,0,3.234567
0.123456,1,4.56789
-1.123456,0,2.678901
0.234567,1,5.678901
1.234567,1,8.123456
-0.345678,0,3.456789
0.456789,1,6.54321
-1.234567,0,2.345678
0.56789,1,5.678912
1.345678,1,7.890123
-0.678901,0,3.456789
0.789012,1,6.54321
-1.456789,0,2.678901
0.890123,1,5.678901
1.5,1,8.123456
-0.890123,0,3.234567
0.123456,1,4.56789
-1.123456,0,2.678901
0.234567,1,5.678912
1.234567,1,7.890234
-0.345678,0,3.456789
0.456789,1,6.54321
-1.234567,0,2.345678
0.56789,1,5.678901
1.345678,1,8.123456
-0.678901,0,3.456789
0.789012,1,6.54321
-1.456789,0,2.678901
0.890123,1,5.678912
1.5,1,7.890123
-0.890123,0,3.234567
0.123456,1,4.56789
-1.123456,0,2.678901
0.234567,1,5.678901
1.234567,1,8.123456
-0.345678,0,3.456789
0.456789,1,6.54321
-1.234567,0,2.345678
0.56789,1,5.678912
1.345678,1,7.890234
-0.678901,0,3.456789
0.789012,1,6.54321
-1.456789,0,2.678901
0.890123,1,5.678901
1.5,1,8.123456
-0.123456,0,3.456789
0.987654,1,7.123456
-1.234567,0,2.987654
1.345678,1,8.456789
0.234567,1,5.678901
-0.987654,0,2.345678
1.456789,1,9.012345
-1.345678,0,2.456789
0.56789,1,6.789012
-0.678901,0,3.123456
1.234567,1,7.890123
-0.456789,0,2.678901
0.345678,1,5.456789
-1.5,0,2.123456
1.5,1,8.345678
-0.234567,0,3.789012
0.678901,1,6.123456
-1.123456,0,2.987654
1.234567,1,7.456789
-0.345678,0,3.456789
0.456789,1,5.678901
-1.456789,0,2.345678
1.345678,1,8.123456
-0.678901,0,3.789012
0.789012,1,6.789012
-1.5,0,2.456789
1.5,1,9.012345
-0.890123,0,3.123456
0.123456,1,5.456789
-1.234567,0,2.678901
1.456789,1,7.890123
-0.56789,0,3.456789
0.345678,1,6.123456
-1.5,0,2.987654
1.234567,1,8.345678
-0.456789,0,3.789012
0.678901,1,5.678901
-1.345678,0,2.345678
1.5,1,9.123456
-0.789012,0,3.456789
0.890123,1,6.789012
-1.5,0,2.678901
1.234567,1,7.456789
-0.123456,0,3.123456
0.56789,1,5.678901
-1.5,0,2.987654
1.345678,1,8.901234
-0.678901,0,3.456789
0.789012,1,6.123456
-1.234567,0,2.345678
1.5,1,9.012345
-0.890123,0,3.789012
0.123456,1,5.456789
-1.456789,0,2.678901
1.5,1,8.345678
-0.56789,0,3.456789
0.345678,1,6.789012
-1.5,0,2.987654
1.234567,1,7.890123
-0.789012,0,3.123456
0.678901,1,5.678901
-1.345678,0,2.456789
1.5,1,9.123456
-0.890123,0,3.456789
0.123456,1,6.123456
-1.234567,0,2.678901
1.5,1,8.901234
-0.56789,0,3.789012
0.345678,1,5.456789
-1.5,0,2.345678
1.234567,1,7.456789
-0.789012,0,3.123456
0.678901,1,6.789012
-1.345678,0,2.987654
1.5,1,9.012345
-0.890123,0,3.456789
0.123456,1,5.678901
-1.234567,0,2.678901
1.5,1,8.345678
-0.56789,0,3.789012
0.345678,1,6.123456
-1.5,0,2.456789
1.234567,1,7.890123
-0.789012,0,3.123456
0.678901,1,5.678901
-1.345678,0,2.987654
1.5,1,9.123456
-0.890123,0,3.456789
0.123456,1,6.789012
-1.234567,0,2.678901
1.5,1,8.901234
-0.56789,0,3.789012
0.345678,1,5.456789
-1.5,0,2.345678
1.234567,1,7.456789
-0.789012,0,3.123456
0.678901,1,6.123456
-1.345678,0,2.987654
1.5,1,9.012345
-0.890123,0,3.456789
0.123456,1,5.678901
-1.234567,0,2.678901
1.5,1,8.345678
-0.56789,0,3.789012
0.345678,1,6.789012
-1.5,0,2.456789
1.234567,1,7.890123
-0.789012,0,3.123456
0.678901,1,5.678901
-1.345678,0,2.987654
1.5,1,9.123456
-0.890123,0,3.456789
0.123456,1,6.123456
-1.234567,0,2.678901
1.5,1,8.901234
-0.56789,0,3.789012
0.345678,1,5.456789
-1.5,0,2.345678
1.234567,1,7.456789
-0.789012,0,3.123456
0.678901,1,6.789012
-1.345678,0,2.987654
1.5,1,9.012345
-0.890123,0,3.456789
0.123456,1,5.678901
-1.234567,0,2.678901
1.5,1,8.345678
-0.56789,0,3.789012
0.345678,1,6.123456
-1.5,0,2.456789
1.234567,1,7.890123
-0.789012,0,3.123456
0.678901,1,5.678901
-1.345678,0,2.987654
1.5,1,9.123456
-0.890123,0,3.456789
0.123456,1,6.789012
-1.234567,0,2.678901
1.5,1,8.901234
-0.56789,0,3.789012
0.345678,1,5.456789
-1.5,0,2.345678
1.234567,1,7.456789
-0.789012,0,3.123456
0.678901,1,6.123456
-1.345678,0,2.987654
1.5,1,9.012345
-0.890123,0,3.456789
0.123456,1,5.678901
-1.234567,0,2.678901
1.5,1,8.345678
-0.56789,0,3.789012
0.345678,1,6.789012
-1.5,0,2.456789
1.234567,1,7.890123
-0.789012,0,3.123456
0.678901,1,5.678901
-1.345678,0,2.987654
1.5,1,9.123456
-0.890123,0,3.456789
0.123456,1,6.123456
-1.234567,0,2.678901
1.5,1,8.901234
-0.56789,0,3.789012
0.345678,1,5.456789
-1.5,0,2.345678
1.234567,1,7.456789
-0.789012,0,3.123456
0.678901,1,6.789012
-1.345678,0,2.987654
1.5,1,9.012345
-0.890123,0,3.456789
0.123456,1,5.678901
-1.234567,0,2.678901
1.5,1,8.345678
-0.56789,0,3.789012
0.345678,1,6.123456
-1.5,0,2.456789
1.234567,1,7.890123
-0.789012,0,3.123456
0.678901,1,5.678901
-1.345678,0,2.987654
1.5,1,9.123456
-0.890123,0,3.456789
0.123456,1,6.789012
-1.234567,0,2.678901
1.5,1,8.901234
-0.56789,0,3.789012
0.345678,1,5.456789
-1.5,0,2.345678
1.234567,1,7.456789
-0.789012,0,3.123456
0.678901,1,6.123456
-1.345678,0,2.987654
1.5,1,9.012345
-0.890123,0,3.456789
0.123456,1,5.678901
-1.234567,0,2.678901
1.5,1,8.345678
-0.56789,0,3.789012
0.345678,1,6.789012
-1.5,0,2.456789
1.234567,1,7.890123
-0.789012,0,3.123456
0.678901,1,5.678901
-1.345678,0,2.987654
1.5,1,9.123456
-0.890123,0,3.456789
0.123456,1,6.123456
-1.234567,0,2.678901
1.5,1,8.901234
-0.56789,0,3.789012
0.345678,1,5.456789
-1.5,0,2.345678
1.234567,1,7.456789
-0.789012,0,3.123456
0.678901,1,6.789012
-1.345678,0,2.987654
1.5,1,9.012345
-0.890123,0,3.456789
0.123456,1,5.678901
-1.234567,0,2.678901
1.5,1,8.345678
-0.56789,0,3.789012
0.345678,1,6.123456
-1.5,0,2.456789
1.234567,1,7.890123
-0.789012,0,3.123456
0.678901,1,5.678901
-1.345678,0,2.987654
1.5,1,9.123456
-0.890123,0,3.456789
0.123456,1,6.789012
-1.234567,0,2.678901
1.5,1,8.901234
-0.56789,0,3.789012
0.345678,1,5.456789
-1.5,0,2.345678
1.234567,1,7.456789
-0.789012,0,3.123456
0.678901,1,6.123456
-1.345678,0,2.987654
1.5,1,9.012345
-0.890123,0,3.456789
0.123456,1,5.678901
-1.234567,0,2.678901
1.5,1,8.345678
-0.56789,0,3.789012
0.345678,1,6.789012
-1.5,0,2.456789
1.234567,1,7.890123
-0.789012,0,3.123456
0.678901,1,5.678901
-1.345678,0,2.987654
1.5,1,9.123456
-0.890123,0,3.456789
0.123456,1,6.123456
-1.234567,0,2.678901
1.5,1,8.901234
-0.56789,0,3.789012
0.345678,1,5.456789
-1.5,0,2.345678
1.234567,1,7.456789
-0.789012,0,3.123456
0.678901,1,6.789012
-1.345678,0,2.987654
1.5,1,9.012345
-0.890123,0,3.456789
0.123456,1,5.678901
-1.234567,0,2.678901
1.5,1,8.345678
-0.56789,0,3.789012
0.345678,1,6.123456
-1.5,0,2.456789
1.234567,1,7.890123
-0.789012,0,3.123456
0.678901,1,5.678901
-1.345678,0,2.987654
1.5,1,9.123456
-0.890123,0,3.456789
0.123456,1,6.789012
-1.234567,0,2.678901
1.5,1,8.901234
-0.56789,0,3.789012
0.345678,1,5.456789
-1.5,0,2.345678
1.234567,1,7.456789
-0.789012,0,3.123456
0.678901,1,6.123456
-1.345678,0,2.987654
1.5,1,9.012345
-0.890123,0,3.456789
0.123456,1,5.678901
-1.234567,0,2.678901
1.5,1,8.345678
-0.56789,0,3.789012
0.345678,1,6.789012
-1.5,0,2.456789
1.234567,1,7.890123
-0.789012,0,3.123456
0.678901,1,5.678901
-1.345678,0,2.987654
1.5,1,9.123456
-0.890123,0,3.456789
0.123456,1,6.123456
-1.234567,0,2.678901
1.5,1,8.901234
-0.56789,0,3.789012
0.345678,1,5.456789
-1.5,0,2.345678
1.234567,1,7.456789
-0.789012,0,3.123456
0.678901,1,6.789012
-1.345678,0,2.987654
1.5,1,9.012345
-0.890123,0,3.456789
0.123456,1,5.678901
-1.234567,0,2.678901
1.5,1,8.345678
-0.56789,0,3.0
-0.123456,0,2.789012
0.456789,1,5.123456
-1.234567,0,1.456789
0.987654,1,6.789012
-0.654321,0,2.345678
1.234567,1,7.890123
0.345678,1,4.56789
-0.987654,0,1.234567
1.123456,1,6.54321
-1.345678,0,1.678901
0.56789,1,5.678901
-0.456789,0,2.123456
1.345678,1,7.123456
-0.789012,0,1.890123
0.678901,1,5.234567
-1.5,0,1.012345
0.234567,1,4.890123
1.5,1,7.456789
-0.234567,0,2.678901
0.123456,1,5.012345
-1.123456,0,1.56789
0.789012,1,5.678901
-0.345678,0,2.345678
1.012345,1,6.789012
-0.678901,0,1.456789
0.456789,1,5.123456
-1.234567,0,1.678901
0.987654,1,6.54321
-0.654321,0,2.345678
1.234567,1,7.890123
0.345678,1,4.56789
-0.987654,0,1.234567
1.123456,1,6.789012
-1.345678,0,1.890123
0.56789,1,5.678901
-0.456789,0,2.123456
1.345678,1,7.123456
-0.789012,0,1.012345
0.678901,1,5.234567
-1.5,0,1.678901
0.234567,1,4.890123
1.5,1,7.456789
-0.234567,0,2.678901
0.123456,1,5.012345
-1.123456,0,1.56789
0.789012,1,5.678901
-0.345678,0,2.345678
1.012345,1,6.789012
-0.678901,0,1.456789
0.456789,1,5.123456
-1.234567,0,1.678901
0.987654,1,6.54321
-0.654321,0,2.345678
1.234567,1,7.890123
0.345678,1,4.56789
-0.987654,0,1.234567
1.123456,1,6.789012
-1.345678,0,1.890123
0.56789,1,5.678901
-0.456789,0,2.123456
1.345678,1,7.123456
-0.789012,0,1.012345
0.678901,1,5.234567
-1.5,0,1.678901
0.234567,1,4.890123
1.5,1,7.456789
-0.234567,0,2.678901
0.123456,1,5.012345
-1.123456,0,1.56789
0.789012,1,5.678901
-0.345678,0,2.345678
1.012345,1,6.789012
-0.678901,0,1.456789
0.456789,1,5.123456
-1.234567,0,1.678901
0.987654,1,6.54321
-0.654321,0,2.345678
1.234567,1,7.890123
0.345678,1,4.56789
-0.987654,0,1.234567
1.123456,1,6.789012
-1.345678,0,1.890123
0.56789,1,5.678901
-0.456789,0,2.123456
1.345678,1,7.123456
-0.789012,0,1.012345
0.678901,1,5.234567
-1.5,0,1.678901
0.234567,1,4.890123
1.5,1,7.456789
-0.234567,0,2.678901
0.123456,1,5.012345
-1.123456,0,1.56789
0.789012,1,5.678901
-0.345678,0,2.345678
1.012345,1,6.789012
-0.678901,0,1.456789
0.456789,1,5.123456
-1.234567,0,1.678901
0.987654,1,6.54321
-0.654321,0,2.345678
1.234567,1,7.890123
0.345678,1,4.56789
-0.987654,0,1.234567
1.123456,1,6.789012
-1.345678,0,1.890123
0.56789,1,5.678901
-0.456789,0,2.123456
1.345678,1,7.123456
-0.789012,0,1.012345
0.678901,1,5.234567
-1.5,0,1.678901
0.234567,1,4.890123
1.5,1,7.456789
-0.234567,0,2.678901
0.123456,1,5.012345
-1.123456,0,1.56789
0.789012,1,5.678901
-0.345678,0,2.345678
1.012345,1,6.789012
-0.678901,0,1.456789
0.456789,1,5.123456
-1.234567,0,1.678901
0.987654,1,6.54321
-0.654321,0,2.345678
1.234567,1,7.890123
0.345678,1,4.56789
-0.987654,0,1.234567
1.123456,1,6.789012
-1.345678,0,1.890123
0.56789,1,5.678901
-0.456789,0,2.123456
1.345678,1,7.123456
-0.789012,0,1.012345
0.678901,1,5.234567
-1.5,0,1.678901
0.234567,1,4.890123
1.5,1,7.456789
-0.234567,0,2.678901
0.123456,1,5.012345
-1.123456,0,1.56789
0.789012,1,5.678901
-0.345678,0,2.345678
1.012345,1,6.789012
-0.678901,0,1.456789
0.456789,1,5.123456
-1.234567,0,1.678901
0.987654,1,6.54321
-0.654321,0,2.345678
1.234567,1,7.890123
0.345678,1,4.56789
-0.987654,0,1.234567
1.123456,1,6.789012
-1.345678,0,1.890123
0.56789,1,5.678901
-0.456789,0,2.123456
1.345678,1,7.123456
-0.789012,0,1.012345
0.678901,1,5.234567
-1.5,0,1.678901
0.234567,1,4.890123
1.5,1,7.456789
-0.234567,0,2.678901
0.123456,1,5.012345
-1.123456,0,1.56789
0.789012,1,5.678901
-0.345678,0,2.345678
1.012345,1,6.789012
-0.678901,0,1.456789
0.456789,1,5.123456
-1.234567,0,1.678901
0.987654,1,6.54321
-0.654321,0,2.345678
1.234567,1,7.890123
0.345678,1,4.56789
-0.987654,0,1.234567
1.123456,1,6.789012
-1.345678,0,1.890123
0.56789,1,5.678901
-0.456789,0,2.123456
1.345678,1,7.123456
-0.789012,0,1.012345
0.678901,1,5.234567
-1.5,0,1.678901
0.234567,1,4.890123
1.5,1,7.456789
-0.234567,0,2.678901
0.123456,1,5.012345
-1.123456,0,1.56789
0.789012,1,5.678901
-0.345678,0,2.345678
1.012345,1,6.789012
-0.678901,0,1.456789
0.456789,1,5.123456
-1.234567,0,1.678901
0.987654,1,6.54321
-0.654321,0,2.345678
1.234567,1,7.890123
0.345678,1,4.56789
-0.987654,0,1.234567
1.123456,1,6.789012
-1.345678,0,1.890123
0.56789,1,5.678901
-0.456789,0,2.123456
1.345678,1,7.123456
-0.789012,0,1.012345
0.678901,1,5.234567
-1.5,0,1.678901
0.234567,1,4.890123
1.5,1,7.456789
-0.234567,0,2.678901
0.123456,1,5.012345
-1.123456,0,1.56789
0.789012,1,5.678901
-0.345678,0,2.345678
1.012345,1,6.789012
-0.678901,0,1.456789
0.456789,1,5.123456
-1.234567,0,1.678901
0.987654,1,6.54321
-0.654321,0,2.345678
1.234567,1,7.890123
0.345678,1,4.56789
-0.987654,0,1.234567
1.123456,1,6.789012
-1.345678,0,1.890123
0.56789,1,5.678901
-0.456789,0,2.123456
1.345678,1,7.123456
-0.789012,0,1.012345
0.678901,1,5.234567
-1.5,0,1.678901
0.234567,1,4.890123
1.5,1,7.456789
-0.234567,0,2.678901
0.123456,1,5.012345
-1.123456,0,1.56789
0.789012,1,5.678901
-0.345678,0,2.345678
1.012345,1,6.789012
-0.678901,0,1.456789
0.456789,1,5.123456
-1.234567,0,1.678901
0.987654,1,6.54321
-0.654321,0,2.345678
1.234567,1,7.890123
0.345678,1,4.56789
-0.987654,0,1.234567
1.123456,1,6.789012
-1.345678,0,1.890123
0.56789,1,5.678901
-0.456789,0,2.123456
1.345678,1,7.123456
-0.789012,0,1.012345
0.678901,1,5.234567
-1.5,0,1.678901
0.234567,1,4.890123
1.5,1,7.456789
-0.234567,0,2.678901
0.123456,1,5.012345
-1.123456,0,1.56789
0.789012,1,5.678901
-0.345678,0,2.345678
1.012345,1,6.789012
-0.678901,0,1.456789
0.456789,1,5.123456
-1.234567,0,1.678901
0.987654,1,6.54321
-0.654321,0,2.345678
1.234567,1,7.890123
0.345678,1,4.56789
-0.987654,0,1.234567
1.123456,1,6.789012
-1.345678,0,1.890123
0.56789,1,5.678901
-0.456789,0,2.123456
1.345678,1,7.123456
-0.789012,0,1.012345
0.678901,1,5.234567
-1.5,0,1.678901
0.234567,1,4.890123
1.5,1,7.456789
-0.234567,0,2.678901
0.123456,1,5.012345
-1.123456,0,1.56789
0.789012,1,5.678901
-0.345678,0,2.345678
1.012345,1,6.789012
-0.678901,0,1.456789
0.456789,1,5.123456
-1.234567,0,1.678901
0.987654,1,6.54321
-0.654321,0,2.345678
1.234567,1,7.890123
0.345678,1,4.56789
-0.987654,0,1.234567
1.123456,1,6.789012
-1.345678,0,1.890123
0.56789,1,5.678901
-0.456789,0,2.123456
1.345678,1,7.123456
-0.789012,0,1.012345
0.678901,1,5.234567
-1.5,0,1.678901
0.234567,1,4.890123
1.5,1,7.456789
-0.234567,0,2.678901
0.123456,1,5.012345
-1.123456,0,1.56789
0.789012,1,5.678901
-0.345678,0,2.345678
1.012345,1,6.789012
-0.678901,0,1.456789
0.456789,1,5.123456
-1.234567,0,1.678901
0.987654,1,6.54321
-0.654321,0,2.345678
1.234567,1,7.890123
0.345678,1,4.56789
-0.987654,0,1.234567
1.123456,1,6.0
-0.123456,1,5.678912
0.987654,0,3.456789
-1.234567,1,4.56789
0.54321,0,2.345678
1.234567,1,6.789012
-0.987654,0,3.123456
0.345678,1,5.234567
-1.345678,0,2.456789
0.123456,1,4.56789
1.5,0,3.678901
-0.678901,1,5.890123
0.789012,0,2.345678
-1.456789,1,4.678901
0.234567,0,3.456789
1.345678,1,6.123456
-0.234567,0,2.789012
0.456789,1,5.678901
-1.5,0,3.234567
0.678901,1,4.890123
1.5,0,2.456789
-0.345678,1,5.123456
0.890123,0,3.678901
-1.5,1,4.56789
0.012345,0,2.345678
1.234567,1,6.789012
-0.456789,0,3.123456
0.56789,1,5.234567
-1.234567,0,2.456789
0.678901,1,4.56789
1.345678,0,3.678901
-0.678901,1,5.890123
0.789012,0,2.345678
-1.5,1,4.678901
0.123456,0,3.456789
1.5,1,6.123456
-0.234567,0,2.789012
0.456789,1,5.678901
-1.5,0,3.234567
0.678901,1,4.890123
1.5,0,2.456789
-0.345678,1,5.123456
0.890123,0,3.678901
-1.5,1,4.56789
0.012345,0,2.345678
1.234567,1,6.789012
-0.456789,0,3.123456
0.56789,1,5.234567
-1.234567,0,2.456789
0.678901,1,4.56789
1.345678,0,3.678901
-0.678901,1,5.890123
0.789012,0,2.345678
-1.5,1,4.678901
0.123456,0,3.456789
1.5,1,6.123456
-0.234567,0,2.789012
0.456789,1,5.678901
-1.5,0,3.234567
0.678901,1,4.890123
1.5,0,2.456789
-0.345678,1,5.123456
0.890123,0,3.678901
-1.5,1,4.56789
0.012345,0,2.345678
1.234567,1,6.789012
-0.456789,0,3.123456
0.56789,1,5.234567
-1.234567,0,2.456789
0.678901,1,4.56789
1.345678,0,3.678901
-0.678901,1,5.890123
0.789012,0,2.345678
-1.5,1,4.678901
0.123456,0,3.456789
1.5,1,6.123456
-0.234567,0,2.789012
0.456789,1,5.678901
-1.5,0,3.234567
0.678901,1,4.890123
1.5,0,2.456789
-0.345678,1,5.123456
0.890123,0,3.678901
-1.5,1,4.56789
0.012345,0,2.345678
1.234567,1,6.789012
-0.456789,0,3.123456
0.56789,1,5.234567
-1.234567,0,2.456789
0.678901,1,4.56789
1.345678,0,3.678901
-0.678901,1,5.890123
0.789012,0,2.345678
-1.5,1,4.678901
0.123456,0,3.456789
1.5,1,6.123456
-0.234567,0,2.789012
0.456789,1,5.678901
-1.5,0,3.234567
0.678901,1,4.890123
1.5,0,2.456789
-0.345678,1,5.123456
0.890123,0,3.678901
-1.5,1,4.56789
0.012345,0,2.345678
1.234567,1,6.789012
-0.456789,0,3.123456
0.56789,1,5.234567
-1.234567,0,2.456789
0.678901,1,4.56789
1.345678,0,3.678901
-0.678901,1,5.890123
0.789012,0,2.345678
-1.5,1,4.678901
0.123456,0,3.456789
1.5,1,6.123456
-0.234567,0,2.789012
0.456789,1,5.678901
-1.5,0,3.234567
0.678901,1,4.890123
1.5,0,2.456789
-0.345678,1,5.123456
0.890123,0,3.678901
-1.5,1,4.56789
0.012345,0,2.345678
1.234567,1,6.789012
-0.456789,0,3.123456
0.56789,1,5.234567
-1.234567,0,2.456789
0.678901,1,4.56789
1.345678,0,3.678901
-0.678901,1,5.890123
0.789012,0,2.345678
-1.5,1,4.678901
0.123456,0,3.456789
1.5,1,6.123456
-0.234567,0,2.789012
0.456789,1,5.678901
-1.5,0,3.234567
0.678901,1,4.890123
1.5,0,2.456789
-0.345678,1,5.123456
0.890123,0,3.678901
-1.5,1,4.56789
0.012345,0,2.345678
1.234567,1,6.789012
-0.456789,0,3.123456
0.56789,1,5.234567
-1.234567,0,2.456789
0.678901,1,4.56789
1.345678,0,3.678901
-0.678901,1,5.890123
0.789012,0,2.345678
-1.5,1,4.678901
0.123456,0,3.456789
1.5,1,6.123456
-0.234567,0,2.789012
0.456789,1,5.678901
-1.5,0,3.234567
0.678901,1,4.890123
1.5,0,2.456789
-0.345678,1,5.123456
0.890123,0,3.678901
-1.5,1,4.56789
0.012345,0,2.345678
1.234567,1,6.789012
-0.456789,0,3.123456
0.56789,1,5.234567
-1.234567,0,2.456789
0.678901,1,4.56789
1.345678,0,3.678901
-0.678901,1,5.890123
0.789012,0,2.345678
-1.5,1,4.678901
0.123456,0,3.456789
1.5,1,6.123456
-0.234567,0,2.789012
0.456789,1,5.678901
-1.5,0,3.234567
0.678901,1,4.890123
1.5,0,2.456789
-0.345678,1,5.123456
0.890123,0,3.678901
-1.5,1,4.56789
0.012345,0,2.345678
1.234567,1,6.789012
-0.456789,0,3.123456
0.56789,1,5.234567
-1.234567,0,2.456789
0.678901,1,4.56789
1.345678,0,3.678901
-0.678901,1,5.890123
0.789012,0,2.345678
-1.5,1,4.678901
0.123456,0,3.456789
1.5,1,6.123456
-0.234567,0,2.789012
0.456789,1,5.678901
-1.5,0,3.234567
0.678901,1,4.890123
1.5,0,2.456789
-0.345678,1,5.123456
0.890123,0,3.678901
-1.5,1,4.56789
0.012345,0,2.345678
1.234567,1,6.789012
-0.456789,0,3.123456
0.56789,1,5.234567
-1.234567,0,2.456789
0.678901,1,4.56789
1.345678,0,3.678901
-0.678901,1,5.890123
0.789012,0,2.345678
-1.5,1,4.678901
0.123456,0,3.456789
1.5,1,6.123456
-0.234567,0,2.789012
0.456789,1,5.678901
-1.5,0,3.234567
0.678901,1,4.890123
1.5,0,2.456789
-0.345678,1,5.123456
0.890123,0,3.678901
-1.5,1,4.56789
0.012345,0,2.345678
1.234567,1,6.789012
-0.456789,0,3.123456
0.56789,1,5.234567
-1.234567,0,2.456789
0.678901,1,4.56789
1.345678,0,3.678901
-0.678901,1,5.890123
0.789012,0,2.345678
-1.5,1,4.678901
0.123456,0,3.456789
1.5,1,6.123456
-0.234567,0,2.789012
0.456789,1,5.678901
-1.5,0,3.234567
0.678901,1,4.890123
1.5,0,2.456789
-0.345678,1,5.123456
0.890123,0,3.678901
-1.5,1,4.56789
0.012345,0,2.345678
1.234567,1,6.789012
-0.456789,0,3.123456
0.56789,1,5.234567
-1.234567,0,2.456789
0.678901,1,4.56789
1.345678,0,3.678901
-0.678901,1,5.890123
0.789012,0,2.345678
-1.5,1,4.678901
0.123456,0,3.456789
1.5,1,6.123456
-0.234567,0,2.789012
0.456789,1,5.678901
-1.5,0,3.234567
0.678901,1,4.890123
1.5,0,2.456789
-0.345678,1,5.123456
0.890123,0,3.678901
-1.5,1,4.56789
0.012345,0,2.345678
1.234567,1,6.789012
-0.456789,0,3.123456
0.56789,1,5.234567
-1.234567,0,2.456789
0.678901,1,4.56789
1.345678,0,3.678901
-0.678901,1,5.890123
0.789012,0,2.345678
-1.5,1,4.678901
0.123456,0,3.456789
1.5,1,6.123456
-0.234567,0,2.789012
0.456789,1,5.678901
-1.5,0,3.234567
0.678901,1,4.890123
1.5,0,2.456789
-0.345678,1,5.123456
0.890123,0,3.678901
-1.5,1,4.56789
0.012345,0,2.345678
1.234567,1,6.789012
-0.456789,0,3.123456
0.56789,1,5.234567
-1.234567,0,2.456789
0.678901,1,4.56789
1.345678,0,3.678901
-0.678901,1,5.890123
0.789012,0,2.345678
-1.5,1,4.678901
0.123456,0,3.456789
1.5,1,6.123456
-0.234567,0,2.789012
0.456789,1,5.678901
-1.5,0,3.234567
0.678901,1,4.890123
1.5,0,2.456789
-0.345678,1,5.123456
0.890123,0,3.678901
-1.5,1,4.56789
0.012345,0,2.345678
1.234567,1,6.789012
-0.456789,0,3.123456
0.56789,1,5.234567
-1.234567,0,2.456789
0.678901,1,4.56789
1.345678,0,3.678901
-0.678901,1,5.890123
0.789012,0,2.345678
-1.5,1,4.678901
0.123456,0,3.456789
1.5,1,6.123456
-0.234567,0,2.789012
0.456789,1,5.678901
-1.5,0,3.234567
0.678901,1,4.890123
1.5,0,2.456789
-0.345678,1,5.123456
0.890123,0,3.678901
-0.123456,0,2.345678
0.987654,1,5.678901
-1.234567,0,1.234567
0.456789,1,4.56789
1.345678,1,6.789012
-0.987654,0,2.456789
0.234567,1,3.456789
-0.56789,0,1.678901
1.234567,1,5.678901
-1.345678,0,2.345678
0.678901,1,4.56789
-0.345678,0,1.234567
1.456789,1,6.789012
-0.789012,0,2.456789
0.123456,1,3.456789
-0.234567,0,1.678901
1.5,1,5.678901
-1.456789,0,2.345678
0.789012,1,4.56789
-0.678901,0,1.234567
1.5,1,6.789012
-0.123456,0,2.456789
0.345678,1,3.456789
-1.5,0,1.678901
0.56789,1,4.56789
-0.456789,0,1.234567
1.5,1,5.678901
-0.678901,0,2.345678
0.456789,1,4.56789
-1.234567,0,1.234567
1.234567,1,6.789012
-0.987654,0,2.456789
0.678901,1,3.456789
-0.345678,0,1.678901
1.456789,1,5.678901
-0.789012,0,2.345678
0.123456,1,4.56789
-0.234567,0,1.234567
1.5,1,6.789012
-1.456789,0,2.456789
0.789012,1,3.456789
-0.678901,0,1.678901
1.5,1,5.678901
-0.123456,0,2.345678
0.345678,1,4.56789
-1.5,0,1.234567
0.56789,1,6.789012
-0.456789,0,2.456789
1.5,1,3.456789
-0.678901,0,1.678901
0.456789,1,5.678901
-1.234567,0,2.345678
1.234567,1,4.56789
-0.987654,0,1.234567
0.678901,1,6.789012
-0.345678,0,2.456789
1.456789,1,3.456789
-0.789012,0,1.678901
0.123456,1,5.678901
-0.234567,0,2.345678
1.5,1,4.56789
-1.456789,0,1.234567
0.789012,1,6.789012
-0.678901,0,2.456789
0.345678,1,3.456789
-1.5,0,1.678901
0.56789,1,5.678901
-0.456789,0,2.345678
1.5,1,4.56789
-0.678901,0,1.234567
0.456789,1,6.789012
-1.234567,0,2.456789
1.234567,1,3.456789
-0.987654,0,1.678901
0.678901,1,5.678901
-0.345678,0,2.345678
1.456789,1,4.56789
-0.789012,0,1.234567
0.123456,1,6.789012
-0.234567,0,2.456789
1.5,1,3.456789
-1.456789,0,1.678901
0.789012,1,5.678901
-0.678901,0,2.345678
0.345678,1,4.56789
-1.5,0,1.234567
0.56789,1,6.789012
-0.456789,0,2.456789
1.5,1,3.456789
-0.678901,0,1.678901
0.456789,1,5.678901
-1.234567,0,2.345678
1.234567,1,4.56789
-0.987654,0,1.234567
0.678901,1,6.789012
-0.345678,0,2.456789
1.456789,1,3.456789
-0.789012,0,1.678901
0.123456,1,5.678901
-0.234567,0,2.345678
1.5,1,4.56789
-1.456789,0,1.234567
0.789012,1,6.789012
-0.678901,0,2.456789
0.345678,1,3.456789
-1.5,0,1.678901
0.56789,1,5.678901
-0.456789,0,2.345678
1.5,1,4.56789
-0.678901,0,1.234567
0.456789,1,6.789012
-1.234567,0,2.456789
1.234567,1,3.456789
-0.987654,0,1.678901
0.678901,1,5.678901
-0.345678,0,2.345678
1.456789,1,4.56789
-0.789012,0,1.234567
0.123456,1,6.789012
-0.234567,0,2.456789
1.5,1,3.456789
-1.456789,0,1.678901
0.789012,1,5.678901
-0.678901,0,2.345678
0.345678,1,4.56789
-1.5,0,1.234567
0.56789,1,6.789012
-0.456789,0,2.456789
1.5,1,3.456789
-0.678901,0,1.678901
0.456789,1,5.678901
-1.234567,0,2.345678
1.234567,1,4.56789
-0.987654,0,1.234567
0.678901,1,6.789012
-0.345678,0,2.456789
1.456789,1,3.456789
-0.789012,0,1.678901
0.123456,1,5.678901
-0.234567,0,2.345678
1.5,1,4.56789
-1.456789,0,1.234567
0.789012,1,6.789012
-0.678901,0,2.456789
0.345678,1,3.456789
-1.5,0,1.678901
0.56789,1,5.678901
-0.456789,0,2.345678
1.5,1,4.56789
-0.678901,0,1.234567
0.456789,1,6.789012
-1.234567,0,2.456789
1.234567,1,3.456789
-0.987654,0,1.678901
0.678901,1,5.678901
-0.345678,0,2.345678
1.456789,1,4.56789
-0.789012,0,1.234567
0.123456,1,6.789012
-0.234567,0,2.456789
1.5,1,3.456789
-1.456789,0,1.678901
0.789012,1,5.678901
-0.678901,0,2.345678
0.345678,1,4.56789
-1.5,0,1.234567
0.56789,1,6.789012
-0.456789,0,2.456789
1.5,1,3.456789
-0.678901,0,1.678901
0.456789,1,5.678901
-1.234567,0,2.345678
1.234567,1,4.56789
-0.987654,0,1.234567
0.678901,1,6.789012
-0.345678,0,2.456789
1.456789,1,3.456789
-0.789012,0,1.678901
0.123456,1,5.678901
-0.234567,0,2.345678
1.5,1,4.56789
-1.456789,0,1.234567
0.789012,1,6.789012
-0.678901,0,2.456789
0.345678,1,3.456789
-1.5,0,1.678901
0.56789,1,5.678901
-0.456789,0,2.345678
1.5,1,4.56789
-0.678901,0,1.234567
0.456789,1,6.789012
-1.234567,0,2.456789
1.234567,1,3.456789
-0.987654,0,1.678901
0.678901,1,5.678901
-0.345678,0,2.345678
1.456789,1,4.56789
-0.789012,0,1.234567
0.123456,1,6.789012
-0.234567,0,2.456789
1.5,1,3.456789
-1.456789,0,1.678901
0.789012,1,5.678901
-0.678901,0,2.345678
0.345678,1,4.56789
-1.5,0,1.234567
0.56789,1,6.789012
-0.456789,0,2.456789
1.5,1,3.456789
-0.678901,0,1.678901
0.456789,1,5.678901
-1.234567,0,2.345678
1.234567,1,4.56789
-0.987654,0,1.234567
0.678901,1,6.789012
-0.345678,0,2.456789
1.456789,1,3.456789
-0.789012,0,1.678901
0.123456,1,5.678901
-0.234567,0,2.456789
1.5,1,4.56789
-1.456789,0,1.234567
0.789012,1,6.789012
-0.678901,0,2.456789
0.345678,1,3.456789
-1.5,0,1.678901
0.56789,1,5.678901
-0.456789,0,2.345678
1.5,1,4.56789
-0.678901,0,1.234567
0.456789,1,6.789012
-1.234567,0,2.456789
1.234567,1,3.456789
-0.987654,0,1.678901
0.678901,1,5.678901
-0.345678,0,2.345678
1.456789,1,4.56789
-0.789012,0,1.234567
0.123456,1,6.789012
-0.234567,0,2.456789
1.5,1,3.456789
-1.456789,0,1.678901
0.789012,1,5.678901
-0.678901,0,2.345678
0.345678,1,4.56789
-1.5,0,1.234567
0.56789,1,6.789012
-0.456789,0,2.456789
1.5,1,3.456789
-0.678901,0,1.678901
0.456789,1,5.678901
-1.234567,0,2.345678
1.234567,1,4.56789
-0.987654,0,1.234567
0.678901,1,6.789012
-0.345678,0,2.456789
1.456789,1,3.456789
-0.789012,0,1.678901
0.123456,1,5.678901
-0.234567,0,2.456789
1.5,1,4.56789
-1.456789,0,1.234567
0.789012,1,6.789012
-0.678901,0,2.456789
0.345678,1,3.456789
-1.5,0,1.678901
0.56789,1,5.678901
-0.456789,0,2.345678
1.5,1,4.56789
-0.678901,0,1.234567
0.456789,1,6.789012
-1.234567,0,2.456789
1.234567,1,3.456789
-0.987654,0,1.678901
0.678901,1,5.678901
-0.345678,0,2.345678
1.456789,1,4.56789
-0.789012,0,1.234567
0.123456,1,6.789012
-0.234567,0,2.456789
1.5,1,3.456789
-1.456789,0,1.678901
0.789012,1,5.678901
-0.678901,0,2.345678
0.345678,1,4.56789
-1.5,0,1.234567
0.56789,1,6.789012
-0.456789,0,2.456789
1.5,1,3.456789
-0.678901,0,1.678901
0.456789,1,5.678901
-1.234567,0,2.345678
1.234567,1,4.56789
-0.987654,0,1.234567
0.678901,1,6.789012
-0.345678,0,2.456789
1.456789,1,3.456789
-0.789012,0,1.678901
0.123456,1,5.678901
-0.234567,0,2.456789
1.5,1,4.56789
-1.456789,0,1.234567
0.789012,1,6.789012
-0.678901,0,2.456789
0.345678,1,3.456789
-1.5,0,1.678901
0.56789,1,5.678901
-0.456789,0,2.345678
1.5,1,4.56789
-0.678901,0,1.234567
0.456789,1,6.789012
-1.234567,0,2.456789
1.234567,1,3.456789
-0.987654,0,1.678901
0.678901,1,5.678901
-0.345678,0,2.456789
1.456789,1,4.56789
-0.789012,0,1.234567
0.123456,1,6.789012
-0.234567,0,2.0
-1.234567,0,2.123456
0.456789,1,5.987654
1.234567,1,7.123456
-0.56789,0,1.987654
0.123456,1,4.56789
-1.345678,0,1.234567
0.678901,1,6.345678
1.456789,1,8.234567
-0.234567,0,2.345678
0.789012,1,6.789012
-1.123456,0,1.678901
0.345678,1,5.456789
1.345678,1,7.890123
-0.456789,0,2.456789
0.56789,1,5.678901
-1.5,0,1.345678
0.678901,1,6.123456
1.5,1,8.56789
-0.678901,0,2.678901
0.789012,1,6.789012
-1.234567,0,1.234567
0.456789,1,5.987654
1.234567,1,7.123456
-0.56789,0,1.987654
0.123456,1,4.56789
-1.345678,0,1.234567
0.678901,1,6.345678
1.456789,1,8.234567
-0.234567,0,2.345678
0.789012,1,6.789012
-1.123456,0,1.678901
0.345678,1,5.456789
1.345678,1,7.890123
-0.456789,0,2.456789
0.56789,1,5.678901
-1.5,0,1.345678
0.678901,1,6.123456
1.5,1,8.56789
-0.678901,0,2.678901
0.789012,1,6.789012
-1.234567,0,1.234567
0.456789,1,5.987654
1.234567,1,7.123456
-0.56789,0,1.987654
0.123456,1,4.56789
-1.345678,0,1.234567
0.678901,1,6.345678
1.456789,1,8.234567
-0.234567,0,2.345678
0.789012,1,6.789012
-1.123456,0,1.678901
0.345678,1,5.456789
1.345678,1,7.890123
-0.456789,0,2.456789
0.56789,1,5.678901
-1.5,0,1.345678
0.678901,1,6.123456
1.5,1,8.56789
-0.678901,0,2.678901
0.789012,1,6.789012
-1.234567,0,1.234567
0.456789,1,5.987654
1.234567,1,7.123456
-0.56789,0,1.987654
0.123456,1,4.56789
-1.345678,0,1.234567
0.678901,1,6.345678
1.456789,1,8.234567
-0.234567,0,2.345678
0.789012,1,6.789012
-1.123456,0,1.678901
0.345678,1,5.456789
1.345678,1,7.890123
-0.456789,0,2.456789
0.56789,1,5.678901
-1.5,0,1.345678
0.678901,1,6.123456
1.5,1,8.56789
-0.678901,0,2.678901
0.789012,1,6.789012
-1.234567,0,1.234567
0.456789,1,5.987654
1.234567,1,7.123456
-0.56789,0,1.987654
0.123456,1,4.56789
-1.345678,0,1.234567
0.678901,1,6.345678
1.456789,1,8.234567
-0.234567,0,2.345678
0.789012,1,6.789012
-1.123456,0,1.678901
0.345678,1,5.456789
1.345678,1,7.890123
-0.456789,0,2.456789
0.56789,1,5.678901
-1.5,0,1.345678
0.678901,1,6.123456
1.5,1,8.56789
-0.678901,0,2.678901
0.789012,1,6.789012
-1.234567,0,1.234567
0.456789,1,5.987654
1.234567,1,7.123456
-0.56789,0,1.987654
0.123456,1,4.56789
-1.345678,0,1.234567
0.678901,1,6.345678
1.456789,1,8.234567
-0.234567,0,2.345678
0.789012,1,6.789012
-1.123456,0,1.678901
0.345678,1,5.456789
1.345678,1,7.890123
-0.456789,0,2.456789
0.56789,1,5.678901
-1.5,0,1.345678
0.678901,1,6.123456
1.5,1,8.56789
-0.678901,0,2.678901
0.789012,1,6.789012
-1.234567,0,1.234567
0.456789,1,5.987654
1.234567,1,7.123456
-0.56789,0,1.987654
0.123456,1,4.56789
-1.345678,0,1.234567
0.678901,1,6.345678
1.456789,1,8.234567
-0.234567,0,2.345678
0.789012,1,6.789012
-1.123456,0,1.678901
0.345678,1,5.456789
1.345678,1,7.890123
-0.456789,0,2.456789
0.56789,1,5.678901
-1.5,0,1.345678
0.678901,1,6.123456
1.5,1,8.56789
-0.678901,0,2.678901
0.789012,1,6.789012
-1.234567,0,1.234567
0.456789,1,5.987654
1.234567,1,7.123456
-0.56789,0,1.987654
0.123456,1,4.56789
-1.345678,0,1.234567
0.678901,1,6.345678
1.456789,1,8.234567
-0.234567,0,2.345678
0.789012,1,6.789012
-1.123456,0,1.678901
0.345678,1,5.456789
1.345678,1,7.890123
-0.456789,0,2.456789
0.56789,1,5.678901
-1.5,0,1.345678
0.678901,1,6.123456
1.5,1,8.56789
-0.678901,0,2.678901
0.789012,1,6.789012
-1.234567,0,1.234567
0.456789,1,5.987654
1.234567,1,7.123456
-0.56789,0,1.987654
0.123456,1,4.56789
-1.345678,0,1.234567
0.678901,1,6.345678
1.456789,1,8.234567
-0.234567,0,2.345678
0.789012,1,6.789012
-1.123456,0,1.678901
0.345678,1,5.456789
1.345678,1,7.890123
-0.456789,0,2.456789
0.56789,1,5.678901
-1.5,0,1.345678
0.678901,1,6.123456
1.5,1,8.56789
-0.678901,0,2.678901
0.789012,1,6.789012
-1.234567,0,1.234567
0.456789,1,5.987654
1.234567,1,7.123456
-0.56789,0,1.987654
0.123456,1,4.56789
-1.345678,0,1.234567
0.678901,1,6.345678
1.456789,1,8.234567
-0.234567,0,2.345678
0.789012,1,6.789012
-1.123456,0,1.678901
0.345678,1,5.456789
1.345678,1,7.890123
-0.456789,0,2.456789
0.56789,1,5.678901
-1.5,0,1.345678
0.678901,1,6.123456
1.5,1,8.56789
-0.678901,0,2.678901
0.789012,1,6.789012
-1.234567,0,1.234567
0.456789,1,5.987654
1.234567,1,7.123456
-0.56789,0,1.987654
0.123456,1,4.56789
-1.345678,0,1.234567
0.678901,1,6.345678
1.456789,1,8.234567
-0.234567,0,2.345678
0.789012,1,6.789012
-1.123456,0,1.678901
0.345678,1,5.456789
1.345678,1,7.890123
-0.456789,0,2.456789
0.56789,1,5.678901
-1.5,0,1.345678
0.678901,1,6.123456
1.5,1,8.56789
-0.678901,0,2.678901
0.789012,1,6.789012
-1.234567,0,1.234567
0.456789,1,5.987654
1.234567,1,7.123456
-0.56789,0,1.987654
0.123456,1,4.56789
-1.345678,0,1.234567
0.678901,1,6.345678
1.456789,1,8.234567
-0.234567,0,2.345678
0.789012,1,6.789012
-1.123456,0,1.678901
0.345678,1,5.456789
1.345678,1,7.890123
-0.456789,0,2.456789
0.56789,1,5.678901
-1.5,0,1.345678
0.678901,1,6.123456
1.5,1,8.56789
-0.678901,0,2.678901
0.789012,1,6.789012
-1.234567,0,1.234567
0.456789,1,5.987654
1.234567,1,7.123456
-0.56789,0,1.987654
0.123456,1,4.56789
-1.345678,0,1.234567
0.678901,1,6.345678
1.456789,1,8.234567
-0.234567,0,2.345678
0.789012,1,6.789012
-1.123456,0,1.678901
0.345678,1,5.456789
1.345678,1,7.890123
-0.456789,0,2.456789
0.56789,1,5.678901
-1.5,0,1.345678
0.678901,1,6.123456
1.5,1,8.56789
-0.678901,0,2.678901
0.789012,1,6.789012
-1.234567,0,1.234567
0.456789,1,5.987654
1.234567,1,7.123456
-0.56789,0,1.987654
0.123456,1,4.56789
-1.345678,0,1.234567
0.678901,1,6.345678
1.456789,1,8.234567
-0.234567,0,2.345678
0.789012,1,6.789012
-1.123456,0,1.678901
0.345678,1,5.456789
1.345678,1,7.890123
-0.456789,0,2.456789
0.56789,1,5.678901
-1.5,0,1.345678
0.678901,1,6.123456
1.5,1,8.56789
-0.678901,0,2.678901
0.789012,1,6.789012
-1.234567,0,1.234567
0.456789,1,5.987654
1.234567,1,7.123456
-0.56789,0,1.987654
0.123456,1,4.56789
-1.345678,0,1.234567
0.678901,1,6.345678
1.456789,1,8.234567
-0.234567,0,2.345678
0.789012,1,6.789012
-1.123456,0,1.678901
0.345678,1,5.456789
1.345678,1,7.890123
-0.456789,0,2.456789
0.56789,1,5.678901
-1.5,0,1.345678
0.678901,1,6.123456
1.5,1,8.56789
-0.678901,0,2.678901
0.789012,1,6.789012
-1.234567,0,1.234567
0.456789,1,5.987654
1.234567,1,7.123456
-0.56789,0,1.987654
0.123456,1,4.56789
-1.345678,0,1.234567
0.678901,1,6.345678
1.456789,1,8.234567
-0.234567,0,2.345678
0.789012,1,6.789012
-1.123456,0,1.678901
0.345678,1,5.456789
1.345678,1,7.890123
-0.456789,0,2.456789
0.56789,1,5.678901
-1.5,0,1.345678
0.678901,1,6.123456
1.5,1,8.56789
-0.678901,0,2.678901
0.789012,1,6.789012
-1.234567,0,1.234567
0.456789,1,5.987654
-0.123456,0,3.456789
0.987654,1,7.123456
-1.234567,0,2.987654
0.345678,1,5.678901
1.234567,1,8.345678
-0.987654,0,3.123456
0.456789,1,6.789012
-0.56789,0,2.345678
1.123456,1,7.890123
-1.345678,0,2.456789
0.678901,1,6.123456
-0.789012,0,3.678901
0.234567,1,5.456789
1.345678,1,8.678901
-0.456789,0,2.678901
0.56789,1,6.345678
-1.123456,0,3.789012
0.789012,1,7.012345
-0.678901,0,2.123456
1.456789,1,8.901234
-0.234567,0,3.456789
0.123456,1,5.678901
-1.5,0,2.987654
0.345678,1,6.789012
1.5,1,9.123456
-0.345678,0,3.123456
0.678901,1,7.456789
-1.5,0,2.345678
0.456789,1,5.678901
1.5,1,8.234567
-0.789012,0,3.789012
0.234567,1,6.123456
-1.234567,0,2.456789
0.56789,1,5.789012
1.234567,1,8.678901
-0.123456,0,3.456789
0.987654,1,7.123456
-1.345678,0,2.987654
0.345678,1,5.678901
1.345678,1,8.901234
-0.456789,0,3.789012
0.678901,1,6.123456
-1.5,0,2.345678
0.789012,1,7.456789
1.5,1,9.123456
-0.678901,0,3.123456
0.123456,1,5.678901
-1.234567,0,2.987654
0.345678,1,6.789012
1.234567,1,8.678901
-0.345678,0,3.456789
0.678901,1,7.012345
-1.5,0,2.456789
0.456789,1,5.678901
1.5,1,9.123456
-0.789012,0,3.789012
0.234567,1,6.123456
-1.123456,0,2.345678
0.56789,1,5.789012
1.123456,1,8.678901
-0.123456,0,3.456789
0.987654,1,7.123456
-1.345678,0,2.987654
0.345678,1,5.678901
1.345678,1,8.901234
-0.456789,0,3.789012
0.678901,1,6.123456
-1.5,0,2.345678
0.789012,1,7.456789
1.5,1,9.123456
-0.678901,0,3.123456
0.123456,1,5.678901
-1.234567,0,2.987654
0.345678,1,6.789012
1.234567,1,8.678901
-0.345678,0,3.456789
0.678901,1,7.012345
-1.5,0,2.456789
0.456789,1,5.678901
1.5,1,9.123456
-0.789012,0,3.789012
0.234567,1,6.123456
-1.123456,0,2.345678
0.56789,1,5.789012
1.123456,1,8.678901
-0.123456,0,3.456789
0.987654,1,7.123456
-1.345678,0,2.987654
0.345678,1,5.678901
1.345678,1,8.901234
-0.456789,0,3.789012
0.678901,1,6.123456
-1.5,0,2.345678
0.789012,1,7.456789
1.5,1,9.123456
-0.678901,0,3.123456
0.123456,1,5.678901
-1.234567,0,2.987654
0.345678,1,6.789012
1.234567,1,8.678901
-0.345678,0,3.456789
0.678901,1,7.012345
-1.5,0,2.456789
0.456789,1,5.678901
1.5,1,9.123456
-0.789012,0,3.789012
0.234567,1,6.123456
-1.123456,0,2.345678
0.56789,1,5.789012
1.123456,1,8.678901
-0.123456,0,3.456789
0.987654,1,7.123456
-1.345678,0,2.987654
0.345678,1,5.678901
1.345678,1,8.901234
-0.456789,0,3.789012
0.678901,1,6.123456
-1.5,0,2.345678
0.789012,1,7.456789
1.5,1,9.123456
-0.678901,0,3.123456
0.123456,1,5.678901
-1.234567,0,2.987654
0.345678,1,6.789012
1.234567,1,8.678901
-0.345678,0,3.456789
0.678901,1,7.012345
-1.5,0,2.456789
0.456789,1,5.678901
1.5,1,9.123456
-0.789012,0,3.789012
0.234567,1,6.123456
-1.123456,0,2.345678
0.56789,1,5.789012
1.123456,1,8.678901
-0.123456,0,3.456789
0.987654,1,7.123456
-1.345678,0,2.987654
0.345678,1,5.678901
1.345678,1,8.901234
-0.456789,0,3.789012
0.678901,1,6.123456
-1.5,0,2.345678
0.789012,1,7.456789
1.5,1,9.123456
-0.678901,0,3.123456
0.123456,1,5.678901
-1.234567,0,2.987654
0.345678,1,6.789012
1.234567,1,8.678901
-0.345678,0,3.456789
0.678901,1,7.012345
-1.5,0,2.456789
0.456789,1,5.678901
1.5,1,9.123456
-0.789012,0,3.789012
0.234567,1,6.123456
-1.123456,0,2.345678
0.56789,1,5.789012
1.123456,1,8.678901
-0.123456,0,3.456789
0.987654,1,7.123456
-1.345678,0,2.987654
0.345678,1,5.678901
1.345678,1,8.901234
-0.456789,0,3.789012
0.678901,1,6.123456
-1.5,0,2.345678
0.789012,1,7.456789
1.5,1,9.123456
-0.678901,0,3.123456
0.123456,1,5.678901
-1.234567,0,2.987654
0.345678,1,6.789012
1.234567,1,8.678901
-0.345678,0,3.456789
0.678901,1,7.012345
-1.5,0,2.456789
0.456789,1,5.678901
1.5,1,9.123456
-0.789012,0,3.789012
0.234567,1,6.123456
-1.123456,0,2.345678
0.56789,1,5.789012
1.123456,1,8.678901
-0.123456,0,3.456789
0.987654,1,7.123456
-1.345678,0,2.987654
0.345678,1,5.678901
1.345678,1,8.901234
-0.456789,0,3.789012
0.678901,1,6.123456
-1.5,0,2.345678
0.789012,1,7.456789
1.5,1,9.123456
-0.678901,0,3.123456
0.123456,1,5.678901
-1.234567,0,2.987654
0.345678,1,6.789012
1.234567,1,8.678901
-0.345678,0,3.456789
0.678901,1,7.012345
-1.5,0,2.456789
0.456789,1,5.678901
1.5,1,9.123456
-0.789012,0,3.789012
0.234567,1,6.123456
-1.123456,0,2.345678
0.56789,1,5.789012
1.123456,1,8.678901
-0.123456,0,3.456789
0.987654,1,7.123456
-1.345678,0,2.987654
0.345678,1,5.678901
1.345678,1,8.901234
-0.456789,0,3.789012
0.678901,1,6.123456
-1.5,0,2.345678
0.789012,1,7.456789
1.5,1,9.123456
-0.678901,0,3.123456
0.123456,1,5.678901
-1.234567,0,2.987654
0.345678,1,6.789012
1.234567,1,8.678901
-0.345678,0,3.456789
0.678901,1,7.012345
-1.5,0,2.456789
0.456789,1,5.678901
1.5,1,9.123456
-0.789012,0,3.789012
0.234567,1,6.123456
-1.123456,0,2.345678
0.56789,1,5.789012
1.123456,1,8.678901
-0.123456,0,3.456789
0.987654,1,7.123456
-1.345678,0,2.987654
0.345678,1,5.678901
1.345678,1,8.901234
-0.456789,0,3.789012
0.678901,1,6.123456
-1.5,0,2.345678
0.789012,1,7.456789
1.5,1,9.123456
-0.678901,0,3.123456
0.123456,1,5.678901
-1.234567,0,2.987654
0.345678,1,6.789012
1.234567,1,8.678901
-0.345678,0,3.456789
0.678901,1,7.012345
-1.5,0,2.456789
0.456789,1,5.678901
1.5,1,9.123456
-0.789012,0,3.789012
0.234567,1,6.123456
-1.123456,0,2.345678
0.56789,1,5.789012
1.123456,1,8.678901
-0.123456,0,3.456789
0.987654,1,7.123456
-1.345678,0,2.987654
0.345678,1,5.678901
1.345678,1,8.901234
-0.456789,0,3.789012
0.678901,1,6.123456
-1.5,0,2.345678
0.789012,1,7.456789
1.5,1,9.123456
-0.678901,0,3.123456
0.123456,1,5.678901
-1.234567,0,2.987654
0.345678,1,6.789012
1.234567,1,8.678901
-0.345678,0,3.456789
0.678901,1,7.012345
-1.5,0,2.456789
0.456789,1,5.678901
1.5,1,9.123456
-0.789012,0,3.789012
0.234567,1,6.123456
-1.123456,0,2.345678
0.56789,1,5.789012
1.123456,1,8.678901
-0.123456,0,3.456789
0.987654,1,7.123456
-1.345678,0,2.987654
0.345678,1,5.678901
1.345678,1,8.901234
-0.456789,0,3.789012
0.678901,1,6.123456
-1.5,0,2.345678
0.789012,1,7.456789
1.5,1,9.123456
-0.678901,0,3.123456
0.123456,1,5.678901
-1.234567,0,2.987654
0.345678,1,6.789012
1.234567,1,8.678901
-0.345678,0,3.456789
0.678901,1,7.012345
-1.5,0,2.456789
0.456789,1,5.678901
1.5,1,9.123456
-0.789012,0,3.789012
0.234567,1,6.123456
-1.123456,0,2.345678
0.56789,1,5.789012
1.123456,1,8.678901
-0.123456,0,3.456789
0.987654,1,7.123456
-1.345678,0,2.987654
0.345678,1,5.678901
1.345678,1,8.901234
-0.456789,0,3.789012
0.678901,1,6.123456
-1.5,0,2.345678
0.789012,1,7.456789
1.5,1,9.123456
-0.678901,0,3.123456
0.123456,1,5.678901
-0.123456,1,5.678912
0.456789,0,3.234567
1.234567,1,7.890123
-1.234567,0,2.345678
0.987654,1,6.54321
-0.654321,0,3.456789
1.345678,1,8.123456
-0.987654,0,2.678912
0.123456,1,5.432109
-1.345678,0,2.123456
0.56789,1,6.789012
-0.789012,0,3.56789
1.5,1,8.456789
-0.234567,0,2.456789
0.345678,1,5.678901
-1.5,0,2.345678
0.678901,1,6.123456
-0.456789,0,3.789012
1.5,1,8.789012
-0.345678,0,2.678901
0.789012,1,6.456789
-1.5,0,2.123456
0.234567,1,5.890123
-0.56789,0,3.234567
1.5,1,7.123456
-0.678901,0,2.345678
0.890123,1,6.789012
-1.5,0,2.456789
0.456789,1,5.678912
-0.123456,0,3.234567
1.234567,1,7.890123
-1.234567,0,2.345678
0.987654,1,6.54321
-0.654321,0,3.456789
1.345678,1,8.123456
-0.987654,0,2.678912
0.123456,1,5.432109
-1.345678,0,2.123456
0.56789,1,6.789012
-0.789012,0,3.56789
1.5,1,8.456789
-0.234567,0,2.456789
0.345678,1,5.678901
-1.5,0,2.345678
0.678901,1,6.123456
-0.456789,0,3.789012
1.5,1,8.789012
-0.345678,0,2.678901
0.789012,1,6.456789
-1.5,0,2.123456
0.234567,1,5.890123
-0.56789,0,3.234567
1.5,1,7.123456
-0.678901,0,2.345678
0.890123,1,6.789012
-1.5,0,2.456789
0.456789,1,5.678912
-0.123456,0,3.234567
1.234567,1,7.890123
-1.234567,0,2.345678
0.987654,1,6.54321
-0.654321,0,3.456789
1.345678,1,8.123456
-0.987654,0,2.678912
0.123456,1,5.432109
-1.345678,0,2.123456
0.56789,1,6.789012
-0.789012,0,3.56789
1.5,1,8.456789
-0.234567,0,2.456789
0.345678,1,5.678901
-1.5,0,2.345678
0.678901,1,6.123456
-0.456789,0,3.789012
1.5,1,8.789012
-0.345678,0,2.678901
0.789012,1,6.456789
-1.5,0,2.123456
0.234567,1,5.890123
-0.56789,0,3.234567
1.5,1,7.123456
-0.678901,0,2.345678
0.890123,1,6.789012
-1.5,0,2.456789
0.456789,1,5.678912
-0.123456,0,3.234567
1.234567,1,7.890123
-1.234567,0,2.345678
0.987654,1,6.54321
-0.654321,0,3.456789
1.345678,1,8.123456
-0.987654,0,2.678912
0.123456,1,5.432109
-1.345678,0,2.123456
0.56789,1,6.789012
-0.789012,0,3.56789
1.5,1,8.456789
-0.234567,0,2.456789
0.345678,1,5.678901
-1.5,0,2.345678
0.678901,1,6.123456
-0.456789,0,3.789012
1.5,1,8.789012
-0.345678,0,2.678901
0.789012,1,6.456789
-1.5,0,2.123456
0.234567,1,5.890123
-0.56789,0,3.234567
1.5,1,7.123456
-0.678901,0,2.345678
0.890123,1,6.789012
-1.5,0,2.456789
0.456789,1,5.678912
-0.123456,0,3.234567
1.234567,1,7.890123
-1.234567,0,2.345678
0.987654,1,6.54321
-0.654321,0,3.456789
1.345678,1,8.123456
-0.987654,0,2.678912
0.123456,1,5.432109
-1.345678,0,2.123456
0.56789,1,6.789012
-0.789012,0,3.56789
1.5,1,8.456789
-0.234567,0,2.456789
0.345678,1,5.678901
-1.5,0,2.345678
0.678901,1,6.123456
-0.456789,0,3.789012
1.5,1,8.789012
-0.345678,0,2.678901
0.789012,1,6.456789
-1.5,0,2.123456
0.234567,1,5.890123
-0.56789,0,3.234567
1.5,1,7.123456
-0.678901,0,2.345678
0.890123,1,6.789012
-1.5,0,2.456789
0.456789,1,5.678912
-0.123456,0,3.234567
1.234567,1,7.890123
-1.234567,0,2.345678
0.987654,1,6.54321
-0.654321,0,3.456789
1.345678,1,8.123456
-0.987654,0,2.678912
0.123456,1,5.432109
-1.345678,0,2.123456
0.56789,1,6.789012
-0.789012,0,3.56789
1.5,1,8.456789
-0.234567,0,2.456789
0.345678,1,5.678901
-1.5,0,2.345678
0.678901,1,6.123456
-0.456789,0,3.789012
1.5,1,8.789012
-0.345678,0,2.678901
0.789012,1,6.456789
-1.5,0,2.123456
0.234567,1,5.890123
-0.56789,0,3.234567
1.5,1,7.123456
-0.678901,0,2.345678
0.890123,1,6.789012
-1.5,0,2.456789
0.456789,1,5.678912
-0.123456,0,3.234567
1.234567,1,7.890123
-1.234567,0,2.345678
0.987654,1,6.54321
-0.654321,0,3.456789
1.345678,1,8.123456
-0.987654,0,2.678912
0.123456,1,5.432109
-1.345678,0,2.123456
0.56789,1,6.789012
-0.789012,0,3.56789
1.5,1,8.456789
-0.234567,0,2.456789
0.345678,1,5.678901
-1.5,0,2.345678
0.678901,1,6.123456
-0.456789,0,3.789012
1.5,1,8.789012
-0.345678,0,2.678901
0.789012,1,6.456789
-1.5,0,2.123456
0.234567,1,5.890123
-0.56789,0,3.234567
1.5,1,7.123456
-0.678901,0,2.345678
0.890123,1,6.789012
-1.5,0,2.456789
0.456789,1,5.678912
-0.123456,0,3.234567
1.234567,1,7.890123
-1.234567,0,2.345678
0.987654,1,6.54321
-0.654321,0,3.456789
1.345678,1,8.123456
-0.987654,0,2.678912
0.123456,1,5.432109
-1.345678,0,2.123456
0.56789,1,6.789012
-0.789012,0,3.56789
1.5,1,8.456789
-0.234567,0,2.456789
0.345678,1,5.678901
-1.5,0,2.345678
0.678901,1,6.123456
-0.456789,0,3.789012
1.5,1,8.789012
-0.345678,0,2.678901
0.789012,1,6.456789
-1.5,0,2.123456
0.234567,1,5.890123
-0.56789,0,3.234567
1.5,1,7.123456
-0.678901,0,2.345678
0.890123,1,6.789012
-1.5,0,2.456789
0.456789,1,5.678912
-0.123456,0,3.234567
1.234567,1,7.890123
-1.234567,0,2.345678
0.987654,1,6.54321
-0.654321,0,3.456789
1.345678,1,8.123456
-0.987654,0,2.678912
0.123456,1,5.432109
-1.345678,0,2.123456
0.56789,1,6.789012
-0.789012,0,3.56789
1.5,1,8.456789
-0.234567,0,2.456789
0.345678,1,5.678901
-1.5,0,2.345678
0.678901,1,6.123456
-0.456789,0,3.789012
1.5,1,8.789012
-0.345678,0,2.678901
0.789012,1,6.456789
-1.5,0,2.123456
0.234567,1,5.890123
-0.56789,0,3.234567
1.5,1,7.123456
-0.678901,0,2.345678
0.890123,1,6.789012
-1.5,0,2.456789
0.456789,1,5.678912
-0.123456,0,3.234567
1.234567,1,7.890123
-1.234567,0,2.345678
0.987654,1,6.54321
-0.654321,0,3.456789
1.345678,1,8.123456
-0.987654,0,2.678912
0.123456,1,5.432109
-1.345678,0,2.123456
0.56789,1,6.789012
-0.789012,0,3.56789
1.5,1,8.456789
-0.234567,0,2.456789
0.345678,1,5.678901
-1.5,0,2.345678
0.678901,1,6.123456
-0.456789,0,3.789012
1.5,1,8.789012
-0.345678,0,2.678901
0.789012,1,6.456789
-1.5,0,2.123456
0.234567,1,5.890123
-0.56789,0,3.234567
1.5,1,7.123456
-0.678901,0,2.345678
0.890123,1,6.789012
-1.5,0,2.456789
0.456789,1,5.678912
-0.123456,0,3.234567
1.234567,1,7.890123
-1.234567,0,2.345678
0.987654,1,6.54321
-0.654321,0,3.456789
1.345678,1,8.123456
-0.987654,0,2.678912
0.123456,1,5.432109
-1.345678,0,2.123456
0.56789,1,6.789012
-0.789012,0,3.56789
1.5,1,8.456789
-0.234567,0,2.456789
0.345678,1,5.678901
-1.5,0,2.345678
0.678901,1,6.123456
-0.456789,0,3.789012
1.5,1,8.789012
-0.345678,0,2.678901
0.789012,1,6.456789
-1.5,0,2.123456
0.234567,1,5.890123
-0.56789,0,3.234567
1.5,1,7.123456
-0.678901,0,2.345678
0.890123,1,6.789012
-1.5,0,2.456789
0.456789,1,5.678912
-0.123456,0,3.234567
1.234567,1,7.890123
-1.234567,0,2.345678
0.987654,1,6.54321
-0.654321,0,3.456789
1.345678,1,8.123456
-0.987654,0,2.678912
0.123456,1,5.432109
-1.345678,0,2.123456
0.56789,1,6.789012
-0.789012,0,3.0
-0.123456,0,3.456789
0.987654,1,6.123456
-1.234567,0,2.987654
0.456789,1,5.678901
1.345678,1,7.890123
-0.987654,0,3.234567
0.234567,1,5.456789
-1.345678,0,2.345678
0.678901,1,6.789012
-0.56789,0,3.678901
1.234567,1,7.123456
-0.345678,0,3.456789
0.123456,1,5.678901
1.456789,1,7.890123
-1.456789,0,2.987654
0.789012,1,6.123456
-0.678901,0,3.234567
1.5,1,7.456789
-0.234567,0,3.678901
0.345678,1,5.789012
-1.5,0,2.345678
0.56789,1,6.890123
1.5,1,8.123456
-0.789012,0,3.456789
0.678901,1,6.234567
-1.5,0,2.987654
0.890123,1,6.789012
-0.890123,0,3.678901
1.5,1,8.456789
-0.123456,0,3.234567
0.456789,1,5.678901
1.5,1,8.789012
-1.5,0,2.345678
0.234567,1,5.456789
-0.456789,0,3.678901
1.234567,1,7.123456
-0.678901,0,3.456789
0.678901,1,6.890123
1.345678,1,7.890123
-1.234567,0,2.987654
0.123456,1,5.678901
-1.345678,0,2.345678
0.789012,1,6.123456
-0.56789,0,3.678901
1.456789,1,7.456789
-0.890123,0,3.234567
0.890123,1,6.789012
-1.456789,0,2.987654
0.345678,1,5.678901
1.5,1,8.123456
-0.234567,0,3.456789
0.56789,1,6.890123
-1.5,0,2.345678
0.678901,1,6.123456
1.5,1,8.456789
-0.123456,0,3.234567
0.456789,1,5.678901
1.5,1,8.789012
-1.5,0,2.987654
0.234567,1,5.456789
-0.456789,0,3.678901
1.234567,1,7.123456
-0.678901,0,3.456789
0.678901,1,6.890123
1.345678,1,7.890123
-1.234567,0,2.987654
0.123456,1,5.678901
-1.345678,0,2.345678
0.789012,1,6.123456
-0.56789,0,3.678901
1.456789,1,7.456789
-0.890123,0,3.234567
0.890123,1,6.789012
-1.456789,0,2.987654
0.345678,1,5.678901
1.5,1,8.123456
-0.234567,0,3.456789
0.56789,1,6.890123
-1.5,0,2.345678
0.678901,1,6.123456
1.5,1,8.456789
-0.123456,0,3.234567
0.456789,1,5.678901
1.5,1,8.789012
-1.5,0,2.987654
0.234567,1,5.456789
-0.456789,0,3.678901
1.234567,1,7.123456
-0.678901,0,3.456789
0.678901,1,6.890123
1.345678,1,7.890123
-1.234567,0,2.987654
0.123456,1,5.678901
-1.345678,0,2.345678
0.789012,1,6.123456
-0.56789,0,3.678901
1.456789,1,7.456789
-0.890123,0,3.234567
0.890123,1,6.789012
-1.456789,0,2.987654
0.345678,1,5.678901
1.5,1,8.123456
-0.234567,0,3.456789
0.56789,1,6.890123
-1.5,0,2.345678
0.678901,1,6.123456
1.5,1,8.456789
-0.123456,0,3.234567
0.456789,1,5.678901
1.5,1,8.789012
-1.5,0,2.987654
0.234567,1,5.456789
-0.456789,0,3.678901
1.234567,1,7.123456
-0.678901,0,3.456789
0.678901,1,6.890123
1.345678,1,7.890123
-1.234567,0,2.987654
0.123456,1,5.678901
-1.345678,0,2.345678
0.789012,1,6.123456
-0.56789,0,3.678901
1.456789,1,7.456789
-0.890123,0,3.234567
0.890123,1,6.789012
-1.456789,0,2.987654
0.345678,1,5.678901
1.5,1,8.123456
-0.234567,0,3.456789
0.56789,1,6.890123
-1.5,0,2.345678
0.678901,1,6.123456
1.5,1,8.456789
-0.123456,0,3.234567
0.456789,1,5.678901
1.5,1,8.789012
-1.5,0,2.987654
0.234567,1,5.456789
-0.456789,0,3.678901
1.234567,1,7.123456
-0.678901,0,3.456789
0.678901,1,6.890123
1.345678,1,7.890123
-1.234567,0,2.987654
0.123456,1,5.678901
-1.345678,0,2.345678
0.789012,1,6.123456
-0.56789,0,3.678901
1.456789,1,7.456789
-0.890123,0,3.234567
0.890123,1,6.789012
-1.456789,0,2.987654
0.345678,1,5.678901
1.5,1,8.123456
-0.234567,0,3.456789
0.56789,1,6.890123
-1.5,0,2.345678
0.678901,1,6.123456
1.5,1,8.456789
-0.123456,0,3.234567
0.456789,1,5.678901
1.5,1,8.789012
-1.5,0,2.987654
0.234567,1,5.456789
-0.456789,0,3.678901
1.234567,1,7.123456
-0.678901,0,3.456789
0.678901,1,6.890123
1.345678,1,7.890123
-1.234567,0,2.987654
0.123456,1,5.678901
-1.345678,0,2.345678
0.789012,1,6.123456
-0.56789,0,3.678901
1.456789,1,7.456789
-0.890123,0,3.234567
0.890123,1,6.789012
-1.456789,0,2.987654
0.345678,1,5.678901
1.5,1,8.123456
-0.234567,0,3.456789
0.56789,1,6.890123
-1.5,0,2.345678
0.678901,1,6.123456
1.5,1,8.456789
-0.123456,0,3.234567
0.456789,1,5.678901
1.5,1,8.789012
-1.5,0,2.987654
0.234567,1,5.456789
-0.456789,0,3.678901
1.234567,1,7.123456
-0.678901,0,3.456789
0.678901,1,6.890123
1.345678,1,7.890123
-1.234567,0,2.987654
0.123456,1,5.678901
-1.345678,0,2.345678
0.789012,1,6.123456
-0.56789,0,3.678901
1.456789,1,7.456789
-0.890123,0,3.234567
0.890123,1,6.789012
-1.456789,0,2.987654
0.345678,1,5.678901
1.5,1,8.123456
-0.234567,0,3.456789
0.56789,1,6.890123
-1.5,0,2.345678
0.678901,1,6.123456
1.5,1,8.456789
-0.123456,0,3.234567
0.456789,1,5.678901
1.5,1,8.789012
-1.5,0,2.987654
0.234567,1,5.456789
-0.456789,0,3.678901
1.234567,1,7.123456
-0.678901,0,3.456789
0.678901,1,6.890123
1.345678,1,7.890123
-1.234567,0,2.987654
0.123456,1,5.678901
-1.345678,0,2.345678
0.789012,1,6.123456
-0.56789,0,3.678901
1.456789,1,7.456789
-0.890123,0,3.234567
0.890123,1,6.789012
-1.456789,0,2.987654
0.345678,1,5.678901
1.5,1,8.123456
-0.234567,0,3.456789
0.56789,1,6.890123
-1.5,0,2.345678
0.678901,1,6.123456
1.5,1,8.456789
-0.123456,0,3.234567
0.456789,1,5.678901
1.5,1,8.789012
-1.5,0,2.987654
0.234567,1,5.456789
-0.456789,0,3.678901
1.234567,1,7.123456
-0.678901,0,3.456789
0.678901,1,6.890123
1.345678,1,7.890123
-1.234567,0,2.987654
0.123456,1,5.678901
-1.345678,0,2.345678
0.789012,1,6.123456
-0.56789,0,3.678901
1.456789,1,7.456789
-0.890123,0,3.234567
0.890123,1,6.789012
-1.456789,0,2.987654
0.345678,1,5.678901
1.5,1,8.123456
-0.234567,0,3.456789
0.56789,1,6.890123
-1.5,0,2.345678
0.678901,1,6.123456
1.5,1,8.456789
-0.123456,0,3.234567
0.456789,1,5.678901
1.5,1,8.789012
-1.5,0,2.987654
0.234567,1,5.456789
-0.456789,0,3.678901
1.234567,1,7.123456
-0.678901,0,3.456789
0.678901,1,6.890123
1.345678,1,7.890123
-1.234567,0,2.987654
0.123456,1,5.678901
-1.345678,0,2.345678
0.789012,1,6.123456
-0.56789,0,3.678901
1.456789,1,7.456789
-0.890123,0,3.234567
0.890123,1,6.789012
-1.456789,0,2.987654
0.345678,1,5.678901
1.5,1,8.123456
-0.234567,0,3.456789
0.56789,1,6.890123
-1.5,0,2.345678
0.678901,1,6.123456
1.5,1,8.456789
-0.123456,0,3.234567
0.456789,1,5.678901
1.5,1,8.789012
-1.5,0,2.987654
0.234567,1,5.456789
-0.456789,0,3.678901
1.234567,1,7.123456
-0.678901,0,3.456789
0.678901,1,6.890123
1.345678,1,7.890123
-1.234567,0,2.987654
0.123456,1,5.678901
-1.345678,0,2.345678
0.789012,1,6.123456
-0.56789,0,3.678901
1.456789,1,7.456789
-0.890123,0,3.234567
0.890123,1,6.789012
-1.456789,0,2.987654
0.345678,1,5.678901
1.5,1,8.123456
-0.234567,0,3.456789
0.56789,1,6.890123
-1.5,0,2.345678
0.678901,1,6.123456
1.5,1,8.456789
-0.123456,0,3.234567
0.456789,1,5.678901
1.5,1,8.789012
-1.5,0,2.987654
0.234567,1,5.456789
-0.456789,0,3.678901
-0.123456,0,2.873456
0.987654,1,6.123456
-1.234567,0,1.456789
0.456789,1,5.678901
1.345678,1,7.890123
-0.987654,0,2.345678
0.234567,1,4.56789
-1.345678,0,1.234567
0.678901,1,5.123456
1.234567,1,6.789012
-0.56789,0,2.456789
0.123456,1,4.678901
-0.345678,0,2.123456
1.456789,1,7.012345
-1.456789,0,1.678901
0.789012,1,5.456789
-0.234567,0,2.678901
0.345678,1,4.789012
1.5,1,7.345678
-1.5,0,1.789012
0.456789,1,5.678901
-0.678901,0,2.345678
0.56789,1,5.123456
1.5,1,7.890123
-1.5,0,1.456789
0.678901,1,5.678901
-0.789012,0,2.456789
0.789012,1,5.123456
1.5,1,8.012345
-1.5,0,1.678901
0.890123,1,5.456789
-0.890123,0,2.678901
0.901234,1,5.789012
1.5,1,8.123456
-1.5,0,1.789012
0.123456,1,4.678901
-0.123456,0,2.345678
0.234567,1,4.56789
1.234567,1,6.789012
-0.234567,0,2.123456
0.345678,1,4.789012
1.345678,1,7.890123
-0.345678,0,1.456789
0.456789,1,5.678901
-1.234567,0,1.789012
0.56789,1,5.123456
1.456789,1,7.012345
-0.456789,0,2.678901
0.678901,1,5.456789
-1.345678,0,1.234567
0.789012,1,5.678901
1.5,1,7.345678
-0.56789,0,2.456789
0.890123,1,5.789012
-1.456789,0,1.678901
0.901234,1,5.123456
1.5,1,8.012345
-0.678901,0,2.345678
0.123456,1,4.678901
-0.123456,0,2.345678
0.234567,1,4.56789
1.234567,1,6.789012
-0.234567,0,2.123456
0.345678,1,4.789012
1.345678,1,7.890123
-0.345678,0,1.456789
0.456789,1,5.678901
-1.234567,0,1.789012
0.56789,1,5.123456
1.456789,1,7.012345
-0.456789,0,2.678901
0.678901,1,5.456789
-1.345678,0,1.234567
0.789012,1,5.678901
1.5,1,7.345678
-0.56789,0,2.456789
0.890123,1,5.789012
-1.456789,0,1.678901
0.901234,1,5.123456
1.5,1,8.012345
-0.678901,0,2.345678
0.123456,1,4.678901
-0.123456,0,2.345678
0.234567,1,4.56789
1.234567,1,6.789012
-0.234567,0,2.123456
0.345678,1,4.789012
1.345678,1,7.890123
-0.345678,0,1.456789
0.456789,1,5.678901
-1.234567,0,1.789012
0.56789,1,5.123456
1.456789,1,7.012345
-0.456789,0,2.678901
0.678901,1,5.456789
-1.345678,0,1.234567
0.789012,1,5.678901
1.5,1,7.345678
-0.56789,0,2.456789
0.890123,1,5.789012
-1.456789,0,1.678901
0.901234,1,5.123456
1.5,1,8.012345
-0.678901,0,2.345678
0.123456,1,4.678901
-0.123456,0,2.345678
0.234567,1,4.56789
1.234567,1,6.789012
-0.234567,0,2.123456
0.345678,1,4.789012
1.345678,1,7.890123
-0.345678,0,1.456789
0.456789,1,5.678901
-1.234567,0,1.789012
0.56789,1,5.123456
1.456789,1,7.012345
-0.456789,0,2.678901
0.678901,1,5.456789
-1.345678,0,1.234567
0.789012,1,5.678901
1.5,1,7.345678
-0.56789,0,2.456789
0.890123,1,5.789012
-1.456789,0,1.678901
0.901234,1,5.123456
1.5,1,8.012345
-0.678901,0,2.345678
0.123456,1,4.678901
-0.123456,0,2.345678
0.234567,1,4.56789
1.234567,1,6.789012
-0.234567,0,2.123456
0.345678,1,4.789012
1.345678,1,7.890123
-0.345678,0,1.456789
0.456789,1,5.678901
-1.234567,0,1.789012
0.56789,1,5.123456
1.456789,1,7.012345
-0.456789,0,2.678901
0.678901,1,5.456789
-1.345678,0,1.234567
0.789012,1,5.678901
1.5,1,7.345678
-0.56789,0,2.456789
0.890123,1,5.789012
-1.456789,0,1.678901
0.901234,1,5.123456
1.5,1,8.012345
-0.678901,0,2.345678
0.123456,1,4.678901
-0.123456,0,2.345678
0.234567,1,4.56789
1.234567,1,6.789012
-0.234567,0,2.123456
0.345678,1,4.789012
1.345678,1,7.890123
-0.345678,0,1.456789
0.456789,1,5.678901
-1.234567,0,1.789012
0.56789,1,5.123456
1.456789,1,7.012345
-0.456789,0,2.678901
0.678901,1,5.456789
-1.345678,0,1.234567
0.789012,1,5.678901
1.5,1,7.345678
-0.56789,0,2.456789
0.890123,1,5.789012
-1.456789,0,1.678901
0.901234,1,5.123456
1.5,1,8.012345
-0.678901,0,2.345678
0.123456,1,4.678901
-0.123456,0,2.345678
0.234567,1,4.56789
1.234567,1,6.789012
-0.234567,0,2.123456
0.345678,1,4.789012
1.345678,1,7.890123
-0.345678,0,1.456789
0.456789,1,5.678901
-1.234567,0,1.789012
0.56789,1,5.123456
1.456789,1,7.012345
-0.456789,0,2.678901
0.678901,1,5.456789
-1.345678,0,1.234567
0.789012,1,5.678901
1.5,1,7.345678
-0.56789,0,2.456789
0.890123,1,5.789012
-1.456789,0,1.678901
0.901234,1,5.123456
1.5,1,8.012345
-0.678901,0,2.345678
0.123456,1,4.678901
-0.123456,0,2.345678
0.234567,1,4.56789
1.234567,1,6.789012
-0.234567,0,2.123456
0.345678,1,4.789012
1.345678,1,7.890123
-0.345678,0,1.456789
0.456789,1,5.678901
-1.234567,0,1.789012
0.56789,1,5.123456
1.456789,1,7.012345
-0.456789,0,2.678901
0.678901,1,5.456789
-1.345678,0,1.234567
0.789012,1,5.678901
1.5,1,7.345678
-0.56789,0,2.456789
0.890123,1,5.789012
-1.456789,0,1.678901
0.901234,1,5.123456
1.5,1,8.012345
-0.678901,0,2.345678
0.123456,1,4.678901
-0.123456,0,2.345678
0.234567,1,4.56789
1.234567,1,6.789012
-0.234567,0,2.123456
0.345678,1,4.789012
1.345678,1,7.890123
-0.345678,0,1.456789
0.456789,1,5.678901
-1.234567,0,1.789012
0.56789,1,5.123456
1.456789,1,7.012345
-0.456789,0,2.678901
0.678901,1,5.456789
-1.345678,0,1.234567
0.789012,1,5.678901
1.5,1,7.345678
-0.56789,0,2.456789
0.890123,1,5.789012
-1.456789,0,1.678901
0.901234,1,5.123456
1.5,1,8.012345
-0.678901,0,2.345678
0.123456,1,4.678901
-0.123456,0,2.345678
0.234567,1,4.56789
1.234567,1,6.789012
-0.234567,0,2.123456
0.345678,1,4.789012
1.345678,1,7.890123
-0.345678,0,1.456789
0.456789,1,5.678901
-1.234567,0,1.789012
0.56789,1,5.123456
1.456789,1,7.012345
-0.456789,0,2.678901
0.678901,1,5.456789
-1.345678,0,1.234567
0.789012,1,5.678901
1.5,1,7.345678
-0.56789,0,2.456789
0.890123,1,5.789012
-1.456789,0,1.678901
0.901234,1,5.123456
1.5,1,8.012345
-0.678901,0,2.345678
0.123456,1,4.678901
-0.123456,0,2.345678
0.234567,1,4.56789
1.234567,1,6.789012
-0.234567,0,2.123456
0.345678,1,4.789012
1.345678,1,7.890123
-0.345678,0,1.456789
0.456789,1,5.678901
-1.234567,0,1.789012
0.56789,1,5.123456
1.456789,1,7.012345
-0.456789,0,2.678901
0.678901,1,5.456789
-1.345678,0,1.234567
0.789012,1,5.678901
1.5,1,7.345678
-0.56789,0,2.456789
0.890123,1,5.789012
-1.456789,0,1.678901
0.901234,1,5.123456
1.5,1,8.012345
-0.678901,0,2.345678
0.123456,1,4.678901
-0.123456,0,2.345678
0.234567,1,4.56789
1.234567,1,6.789012
-0.234567,0,2.123456
0.345678,1,4.789012
1.345678,1,7.890123
-0.345678,0,1.456789
0.456789,1,5.678901
-1.234567,0,1.789012
0.56789,1,5.123456
1.456789,1,7.012345
-0.456789,0,2.678901
0.678901,1,5.456789
-1.345678,0,1.234567
0.789012,1,5.678901
1.5,1,7.345678
-0.56789,0,2.456789
0.890123,1,5.789012
-1.456789,0,1.678901
0.901234,1,5.123456
1.5,1,8.012345
-0.678901,0,2.345678
0.123456,1,4.678901
-0.123456,0,2.345678
0.234567,1,4.56789
1.234567,1,6.789012
-0.234567,0,2.123456
0.345678,1,4.789012
1.345678,1,7.890123
-0.345678,0,1.456789
0.456789,1,5.678901
-1.234567,0,1.789012
0.56789,1,5.123456
-1.203,0,-0.275
0.823,1,4.622
-0.456,0,1.148
1.143,1,5.255
-0.982,0,0.892
0.672,1,4.207
-0.213,0,1.577
1.424,1,6.021
-1.154,0,0.576
0.341,1,3.289
-0.789,0,0.948
1.267,1,5.678
-0.678,0,1.045
0.456,1,3.678
-1.423,0,0.123
0.234,1,3.456
-0.987,0,0.754
1.112,1,5.432
-0.345,0,1.234
0.678,1,4.123
-1.234,0,0.456
1.345,1,5.789
-0.567,0,1.012
0.789,1,4.456
-0.456,0,1.098
1.456,1,6.123
-1.111,0,0.678
0.123,1,3.234
-0.789,0,0.876
1.234,1,5.567
-0.345,0,1.345
0.456,1,3.789
-1.345,0,0.345
1.5,1,6.456
-0.678,0,0.789
0.789,1,4.678
-1.012,0,0.234
1.234,1,5.678
-0.456,0,1.123
0.567,1,4.234
-1.345,0,0.456
1.456,1,5.789
-0.789,0,0.678
0.234,1,3.456
-1.234,0,0.123
1.123,1,5.345
-0.567,0,1.012
0.678,1,4.123
-1.456,0,0.789
1.345,1,5.678
-0.789,0,0.456
0.456,1,3.789
-1.012,0,0.234
1.234,1,5.456
-0.678,0,1.098
0.789,1,4.567
-1.345,0,0.678
1.5,1,6.123
-0.456,0,1.234
0.123,1,3.456
-1.234,0,0.456
1.234,1,5.789
-0.789,0,0.678
0.456,1,4.123
-1.012,0,0.345
1.345,1,5.678
-0.567,0,1.012
0.678,1,4.234
-1.345,0,0.789
1.456,1,6.456
-0.789,0,0.234
0.234,1,3.789
-1.234,0,0.456
1.123,1,5.345
-0.567,0,1.098
0.678,1,4.567
-1.456,0,0.678
1.345,1,5.678
-0.456,0,1.234
0.123,1,3.456
-1.234,0,0.456
1.234,1,5.789
-0.789,0,0.678
0.456,1,4.123
-1.012,0,0.345
1.345,1,5.678
-0.567,0,1.012
0.678,1,4.234
-1.345,0,0.789
1.456,1,6.456
-0.789,0,0.234
0.234,1,3.789
-1.234,0,0.456
1.123,1,5.345
-0.567,0,1.098
0.678,1,4.567
-1.456,0,0.678
1.345,1,5.678
-0.456,0,1.234
0.123,1,3.456
-1.234,0,0.456
1.234,1,5.789
-0.789,0,0.678
0.456,1,4.123
-1.012,0,0.345
1.345,1,5.678
-0.567,0,1.012
0.678,1,4.234
-1.345,0,0.789
1.456,1,6.456
-0.789,0,0.234
0.234,1,3.789
-1.234,0,0.456
1.123,1,5.345
-0.567,0,1.098
0.678,1,4.567
-1.456,0,0.678
1.345,1,5.678
-0.456,0,1.234
0.123,1,3.456
-1.234,0,0.456
1.234,1,5.789
-0.789,0,0.678
0.456,1,4.123
-1.012,0,0.345
1.345,1,5.678
-0.567,0,1.012
0.678,1,4.234
-1.345,0,0.789
1.456,1,6.456
-0.789,0,0.234
0.234,1,3.789
-1.234,0,0.456
1.123,1,5.345
-0.567,0,1.098
0.678,1,4.567
-1.456,0,0.678
1.345,1,5.678
-0.456,0,1.234
0.123,1,3.456
-1.234,0,0.456
1.234,1,5.789
-0.789,0,0.678
0.456,1,4.123
-1.012,0,0.345
1.345,1,5.678
-0.567,0,1.012
0.678,1,4.234
-1.345,0,0.789
1.456,1,6.456
-0.789,0,0.234
0.234,1,3.789
-1.234,0,0.456
1.123,1,5.345
-0.567,0,1.098
0.678,1,4.567
-1.456,0,0.678
1.345,1,5.678
-0.456,0,1.234
0.123,1,3.456
-1.234,0,0.456
1.234,1,5.789
-0.789,0,0.678
0.456,1,4.123
-1.012,0,0.345
1.345,1,5.678
-0.567,0,1.012
0.678,1,4.234
-1.345,0,0.789
1.456,1,6.456
-0.789,0,0.234
0.234,1,3.789
-1.234,0,0.456
1.123,1,5.345
-0.567,0,1.098
0.678,1,4.567
-1.456,0,0.678
1.345,1,5.678
-0.456,0,1.234
0.123,1,3.456
-1.234,0,0.456
1.234,1,5.789
-0.789,0,0.678
0.456,1,4.123
-1.012,0,0.345
1.345,1,5.678
-0.567,0,1.012
0.678,1,4.234
-1.345,0,0.789
1.456,1,6.456
-0.789,0,0.234
0.234,1,3.789
-1.234,0,0.456
1.123,1,5.345
-0.567,0,1.098
0.678,1,4.567
-1.456,0,0.678
1.345,1,5.678
-0.456,0,1.234
0.123,1,3.456
-1.234,0,0.456
1.234,1,5.789
-0.789,0,0.678
0.456,1,4.123
-1.012,0,0.345
1.345,1,5.678
-0.567,0,1.012
0.678,1,4.234
-1.345,0,0.789
1.456,1,6.456
-0.789,0,0.234
0.234,1,3.789
-1.234,0,0.456
1.123,1,5.345
-0.567,0,1.098
0.678,1,4.567
-1.456,0,0.678
1.345,1,5.678
-0.456,0,1.234
0.123,1,3.456
-1.234,0,0.456
1.234,1,5.789
-0.789,0,0.678
0.456,1,4.123
-1.012,0,0.345
1.345,1,5.678
-0.567,0,1.012
0.678,1,4.234
-1.345,0,0.789
1.456,1,6.456
-0.789,0,0.234
0.234,1,3.789
-1.234,0,0.456
1.123,1,5.345
-0.567,0,1.098
0.678,1,4.567
-1.456,0,0.678
1.345,1,5.678
-0.456,0,1.234
0.123,1,3.456
-1.234,0,0.456
1.234,1,5.789
-0.789,0,0.678
0.456,1,4.123
-1.012,0,0.345
1.345,1,5.678
-0.567,0,1.012
0.678,1,4.234
-1.345,0,0.789
1.456,1,6.456
-0.789,0,0.234
0.234,1,3.789
-1.234,0,0.456
1.123,1,5.345
-0.567,0,1.098
0.678,1,4.567
-1.456,0,0.678
1.345,1,5.678
-0.456,0,1.234
0.123,1,3.456
-1.234,0,0.456
1.234,1,5.789
-0.789,0,0.678
0.456,1,4.123
-1.012,0,0.345
1.345,1,5.678
-0.567,0,1.012
0.678,1,4.234
-1.345,0,0.789
1.456,1,6.456
-0.789,0,0.234
0.234,1,3.789
-1.234,0,0.456
1.123,1,5.345
-0.567,0,1.098
0.678,1,4.567
-1.456,0,0.678
1.345,1,5.678
-0.456,0,1.234
0.123,1,3.456
-1.234,0,0.456
1.234,1,5.789
-0.789,0,0.678
0.456,1,4.123
-1.012,0,0.345
1.345,1,5.678
-0.567,0,1.012
0.678,1,4.234
-1.345,0,0.789
1.456,1,6.456
-0.789,0,0.234
0.234,1,3.789
-1.234,0,0.456
1.123,1,5.345
-0.567,0,1.098
0.678,1,4.567
-1.456,0,0.678
1.345,1,5.678
-0.456,0,1.234
0.123,1,3.456
-1.234,0,0.456
1.234,1,5.789
-0.789,0,0.678
0.456,1,4.123
-1.012,0,0.345
1.345,1,5.678
-0.567,0,1.012
0.678,1,4.234
-1.345,0,0.789
1.456,1,6.456
-0.789,0,0.234
0.234,1,3.789
-1.234,0,0.456
1.123,1,5.345
-0.567,0,1.098
0.678,1,4.567
-1.456,0,0.678
1.345,1,5.678
-0.456,0,1.234
0.123,1,3.456
-1.234,0,0.456
1.234,1,5.789
-0.789,0,0.678
0.456,1,4.123
-1.012,0,0.345
1.345,1,5.678
-0.567,0,1.012
0.678,1,4.234
-1.345,0,0.789
1.456,1,6.456
-0.789,0,0.234
0.234,1,3.789
-1.234,0,0.456
1.123,1,5.345
-0.567,0,1.098
0.678,1,4.567
-1.456,0,0.678
1.345,1,5.678
-0.456,0,1.234
0.123,1,3.456
-1.234,0,0.456
1.234,1,5.789
-0.789,0,0.678
0.456,1,4.123
-1.012,0,0.345
1.345,1,5.678
-0.567,0,1.012
0.678,1,4.234
-1.345,0,0.789
1.456,1,6.456
-0.789,0,0.234
0.234,1,3.789
-1.234,0,0.456
1.123,1,5.345
-0.567,0,1.098
0.678,1,4.567
-1.456,0,0.678
1.345,1,5.678
-0.456,0,1.234
0.123,1,3.456
-1.234,0,0.456
1.234,1,5.789
-0.789,0,0.678
0.456,1,4.123
-1.012,0,0.345
1.345,1,5.678
-0.567,0,1.012
0.678,1,4.234
-1.345,0,0.789
1.456,1,6.456
-0.789,0,0.234
0.234,1,3.789
-1.234,0,0.456
1.123,1,5.345
-0.567,0,1.098
0.678,1,4.567
-1.456,0,0.678
1.345,1,5.678
-0.456,0,1.234
0.123,1,3.456
-0.123456,0,2.456789
0.987654,1,5.123456
-1.234567,0,1.987654
0.54321,1,4.56789
1.345678,1,6.234567
-0.987654,0,2.345678
0.234567,1,3.456789
-1.456789,0,1.234567
0.876543,1,5.678901
1.234567,1,6.789012
-0.345678,0,2.56789
0.654321,1,4.345678
1.456789,1,6.123456
-0.56789,0,2.678901
0.123456,1,3.56789
-1.345678,0,1.456789
0.789012,1,5.456789
1.5,1,6.890123
-0.678901,0,2.789012
0.345678,1,4.56789
-1.234567,0,1.678901
0.456789,1,4.678901
1.5,1,7.012345
-0.789012,0,2.890123
0.012345,1,3.678901
-1.5,0,1.789012
0.678901,1,5.56789
1.5,1,7.123456
-0.890123,0,2.901234
0.234567,1,4.789012
-1.5,0,1.890123
0.890123,1,5.678901
1.5,1,7.234567
-0.901234,0,2.012345
0.345678,1,4.890123
-1.5,0,1.901234
0.901234,1,5.789012
1.5,1,7.345678
-0.012345,0,2.123456
0.456789,1,4.901234
-1.5,0,1.012345
0.012345,1,3.789012
-0.123456,0,2.234567
0.56789,1,4.012345
-1.012345,0,1.123456
0.678901,1,5.890123
-0.234567,0,2.345678
0.789012,1,4.123456
-1.123456,0,1.234567
0.890123,1,5.901234
-0.345678,0,2.456789
0.901234,1,4.234567
-1.234567,0,1.345678
0.012345,1,3.890123
-0.456789,0,2.56789
0.123456,1,4.345678
-1.345678,0,1.456789
0.234567,1,5.012345
-0.56789,0,2.678901
0.345678,1,4.456789
-1.456789,0,1.56789
0.456789,1,5.123456
-0.678901,0,2.789012
0.56789,1,4.56789
-1.5,0,1.678901
0.678901,1,5.678901
-0.789012,0,2.890123
0.789012,1,4.678901
-1.5,0,1.789012
0.890123,1,5.789012
-0.890123,0,2.901234
0.901234,1,4.789012
-1.5,0,1.890123
0.012345,1,3.678901
-0.901234,0,2.012345
0.123456,1,4.890123
-1.5,0,1.901234
0.234567,1,5.901234
-0.012345,0,2.123456
0.345678,1,4.012345
-1.012345,0,1.012345
0.456789,1,5.678901
-0.123456,0,2.234567
0.56789,1,4.123456
-1.123456,0,1.123456
0.678901,1,5.890123
-0.234567,0,2.345678
0.789012,1,4.234567
-1.234567,0,1.234567
0.890123,1,5.901234
-0.345678,0,2.456789
0.901234,1,4.345678
-1.345678,0,1.345678
0.012345,1,3.890123
-0.456789,0,2.56789
0.123456,1,4.456789
-1.456789,0,1.456789
0.234567,1,5.012345
-0.56789,0,2.678901
0.345678,1,4.56789
-1.5,0,1.56789
0.456789,1,5.123456
-0.678901,0,2.789012
0.56789,1,4.678901
-1.5,0,1.678901
0.678901,1,5.789012
-0.789012,0,2.890123
0.789012,1,4.789012
-1.5,0,1.789012
0.890123,1,5.890123
-0.890123,0,2.901234
0.901234,1,4.890123
-1.5,0,1.901234
0.012345,1,3.678901
-0.901234,0,2.012345
0.123456,1,4.901234
-1.012345,0,1.012345
0.234567,1,5.012345
-0.123456,0,2.123456
0.345678,1,4.123456
-1.123456,0,1.123456
0.456789,1,5.678901
-0.234567,0,2.234567
0.56789,1,4.234567
-1.234567,0,1.234567
0.678901,1,5.901234
-0.345678,0,2.345678
0.789012,1,4.345678
-1.345678,0,1.345678
0.890123,1,5.012345
-0.456789,0,2.456789
0.901234,1,4.456789
-1.456789,0,1.456789
0.012345,1,3.890123
-0.56789,0,2.56789
0.123456,1,4.56789
-1.5,0,1.56789
0.234567,1,5.123456
-0.678901,0,2.678901
0.345678,1,4.678901
-1.5,0,1.678901
0.456789,1,5.789012
-0.789012,0,2.789012
0.56789,1,4.789012
-1.5,0,1.789012
0.678901,1,5.890123
-0.890123,0,2.890123
0.789012,1,4.890123
-1.5,0,1.901234
0.901234,1,5.012345
-0.012345,0,2.012345
0.123456,1,4.123456
-1.012345,0,1.123456
0.234567,1,5.678901
-0.123456,0,2.234567
0.345678,1,4.234567
-1.123456,0,1.234567
0.456789,1,5.901234
-0.234567,0,2.345678
0.56789,1,4.345678
-1.234567,0,1.345678
0.678901,1,5.012345
-0.345678,0,2.456789
0.789012,1,4.456789
-1.345678,0,1.456789
0.890123,1,5.678901
-0.456789,0,2.56789
0.901234,1,4.56789
-1.456789,0,1.56789
0.012345,1,3.890123
-0.56789,0,2.678901
0.123456,1,4.678901
-1.5,0,1.678901
0.234567,1,5.789012
-0.678901,0,2.789012
0.345678,1,4.789012
-1.5,0,1.789012
0.456789,1,5.890123
-0.789012,0,2.890123
0.56789,1,4.890123
-1.5,0,1.901234
0.678901,1,5.012345
-0.890123,0,2.012345
0.789012,1,4.123456
-1.5,0,1.123456
0.901234,1,5.678901
-0.012345,0,2.234567
0.123456,1,4.234567
-1.012345,0,1.234567
0.234567,1,5.901234
-0.123456,0,2.345678
0.345678,1,4.345678
-1.123456,0,1.345678
0.456789,1,5.012345
-0.234567,0,2.456789
0.56789,1,4.456789
-1.234567,0,1.456789
0.678901,1,5.678901
-0.345678,0,2.56789
0.789012,1,4.678901
-1.345678,0,1.56789
0.890123,1,5.789012
-0.456789,0,2.678901
0.901234,1,4.789012
-1.456789,0,1.678901
0.012345,1,3.890123
-0.56789,0,2.789012
0.123456,1,4.890123
-1.5,0,1.789012
0.234567,1,5.012345
-0.678901,0,2.890123
0.345678,1,4.123456
-1.5,0,1.890123
0.456789,1,5.678901
-0.789012,0,2.901234
0.56789,1,4.234567
-1.5,0,1.901234
0.678901,1,5.789012
-0.890123,0,2.012345
0.789012,1,4.890123
-1.5,0,1.123456
0.901234,1,5.012345
-0.012345,0,2.123456
0.123456,1,4.123456
-1.012345,0,1.234567
0.234567,1,5.678901
-0.123456,0,2.234567
0.345678,1,4.234567
-1.123456,0,1.345678
0.456789,1,5.901234
-0.234567,0,2.345678
0.56789,1,4.345678
-1.234567,0,1.456789
0.678901,1,5.012345
-0.345678,0,2.456789
0.789012,1,4.456789
-1.345678,0,1.56789
0.890123,1,5.678901
-0.456789,0,2.56789
0.901234,1,4.56789
-1.456789,0,1.678901
0.012345,1,3.890123
-0.56789,0,2.678901
0.123456,1,4.678901
-1.5,0,1.789012
0.234567,1,5.789012
-0.678901,0,2.789012
0.345678,1,4.789012
-1.5,0,1.890123
0.456789,1,5.890123
-0.789012,0,2.890123
0.56789,1,4.890123
-1.5,0,1.901234
0.678901,1,5.012345
-0.890123,0,2.012345
0.789012,1,4.123456
-1.5,0,1.123456
0.901234,1,5.678901
-0.012345,0,2.234567
0.123456,1,4.234567
-1.012345,0,1.234567
0.234567,1,5.901234
-0.123456,0,2.345678
0.345678,1,4.345678
-1.123456,0,1.345678
0.456789,1,5.012345
-0.234567,0,2.456789
0.56789,1,4.456789
-1.234567,0,1.456789
0.678901,1,5.678901
-0.345678,0,2.56789
0.789012,1,4.678901
-1.345678,0,1.56789
0.890123,1,5.789012
-0.456789,0,2.678901
0.901234,1,4.789012
-1.456789,0,1.678901
0.012345,1,3.890123
-0.56789,0,2.789012
0.123456,1,4.890123
-1.5,0,1.789012
0.234567,1,5.012345
-0.678901,0,2.890123
0.345678,1,4.123456
-1.5,0,1.890123
0.456789,1,5.678901
-0.789012,0,2.901234
0.56789,1,4.234567
-1.5,0,1.901234
0.678901,1,5.789012
-0.890123,0,2.012345
0.789012,1,4.890123
-1.5,0,1.123456
0.901234,1,5.012345
-0.012345,0,2.123456
0.123456,1,4.123456
-1.012345,0,1.234567
0.234567,1,5.678901
-0.123456,0,2.234567
0.345678,1,4.234567
-1.123456,0,1.345678
0.456789,1,5.901234
-0.234567,0,2.345678
0.56789,1,4.345678
-1.234567,0,1.456789
0.678901,1,5.012345
-0.345678,0,2.456789
0.789012,1,4.456789
-1.345678,0,1.56789
0.890123,1,5.678901
-0.456789,0,2.56789
0.901234,1,4.56789
-1.456789,0,1.678901
0.012345,1,3.890123
-0.56789,0,2.678901
0.123456,1,4.678901
-1.5,0,1.789012
0.234567,1,5.789012
-0.678901,0,2.789012
0.345678,1,4.789012
-0.123456,0,3.128456
0.456789,1,5.678912
-1.234567,0,2.345678
1.345678,1,6.789012
0.987654,1,5.123456
-0.654321,0,3.456789
1.234567,1,7.890123
-0.987654,0,2.678912
0.123456,1,4.56789
-1.345678,0,2.123456
0.56789,1,5.345678
-0.456789,0,3.789012
1.456789,1,6.123456
-0.234567,0,2.456789
0.345678,1,4.890123
-1.5,0,2.789012
0.678901,1,5.678901
-0.789012,0,3.012345
1.5,1,7.123456
-0.345678,0,2.890123
0.789012,1,5.456789
-1.234567,0,2.345678
1.234567,1,6.789012
0.456789,1,5.678912
-0.123456,0,3.128456
1.345678,1,6.789012
-0.987654,0,2.678912
0.123456,1,4.56789
-1.345678,0,2.123456
0.56789,1,5.345678
-0.456789,0,3.789012
1.456789,1,6.123456
-0.234567,0,2.456789
0.345678,1,4.890123
-1.5,0,2.789012
0.678901,1,5.678901
-0.789012,0,3.012345
1.5,1,7.123456
-0.345678,0,2.890123
0.789012,1,5.456789
-1.234567,0,2.345678
1.234567,1,6.789012
0.456789,1,5.678912
-0.123456,0,3.128456
1.345678,1,6.789012
-0.987654,0,2.678912
0.123456,1,4.56789
-1.345678,0,2.123456
0.56789,1,5.345678
-0.456789,0,3.789012
1.456789,1,6.123456
-0.234567,0,2.456789
0.345678,1,4.890123
-1.5,0,2.789012
0.678901,1,5.678901
-0.789012,0,3.012345
1.5,1,7.123456
-0.345678,0,2.890123
0.789012,1,5.456789
-1.234567,0,2.345678
1.234567,1,6.789012
0.456789,1,5.678912
-0.123456,0,3.128456
1.345678,1,6.789012
-0.987654,0,2.678912
0.123456,1,4.56789
-1.345678,0,2.123456
0.56789,1,5.345678
-0.456789,0,3.789012
1.456789,1,6.123456
-0.234567,0,2.456789
0.345678,1,4.890123
-1.5,0,2.789012
0.678901,1,5.678901
-0.789012,0,3.012345
1.5,1,7.123456
-0.345678,0,2.890123
0.789012,1,5.456789
-1.234567,0,2.345678
1.234567,1,6.789012
0.456789,1,5.678912
-0.123456,0,3.128456
1.345678,1,6.789012
-0.987654,0,2.678912
0.123456,1,4.56789
-1.345678,0,2.123456
0.56789,1,5.345678
-0.456789,0,3.789012
1.456789,1,6.123456
-0.234567,0,2.456789
0.345678,1,4.890123
-1.5,0,2.789012
0.678901,1,5.678901
-0.789012,0,3.012345
1.5,1,7.123456
-0.345678,0,2.890123
0.789012,1,5.456789
-1.234567,0,2.345678
1.234567,1,6.789012
0.456789,1,5.678912
-0.123456,0,3.128456
1.345678,1,6.789012
-0.987654,0,2.678912
0.123456,1,4.56789
-1.345678,0,2.123456
0.56789,1,5.345678
-0.456789,0,3.789012
1.456789,1,6.123456
-0.234567,0,2.456789
0.345678,1,4.890123
-1.5,0,2.789012
0.678901,1,5.678901
-0.789012,0,3.012345
1.5,1,7.123456
-0.345678,0,2.890123
0.789012,1,5.456789
-1.234567,0,2.345678
1.234567,1,6.789012
0.456789,1,5.678912
-0.123456,0,3.128456
1.345678,1,6.789012
-0.987654,0,2.678912
0.123456,1,4.56789
-1.345678,0,2.123456
0.56789,1,5.345678
-0.456789,0,3.789012
1.456789,1,6.123456
-0.234567,0,2.456789
0.345678,1,4.890123
-1.5,0,2.789012
0.678901,1,5.678901
-0.789012,0,3.012345
1.5,1,7.123456
-0.345678,0,2.890123
0.789012,1,5.456789
-1.234567,0,2.345678
1.234567,1,6.789012
0.456789,1,5.678912
-0.123456,0,3.128456
1.345678,1,6.789012
-0.987654,0,2.678912
0.123456,1,4.56789
-1.345678,0,2.123456
0.56789,1,5.345678
-0.456789,0,3.789012
1.456789,1,6.123456
-0.234567,0,2.456789
0.345678,1,4.890123
-1.5,0,2.789012
0.678901,1,5.678901
-0.789012,0,3.012345
1.5,1,7.123456
-0.345678,0,2.890123
0.789012,1,5.456789
-1.234567,0,2.345678
1.234567,1,6.789012
0.456789,1,5.678912
-0.123456,0,3.128456
1.345678,1,6.789012
-0.987654,0,2.678912
0.123456,1,4.56789
-1.345678,0,2.123456
0.56789,1,5.345678
-0.456789,0,3.789012
1.456789,1,6.123456
-0.234567,0,2.456789
0.345678,1,4.890123
-1.5,0,2.789012
0.678901,1,5.678901
-0.789012,0,3.012345
1.5,1,7.123456
-0.345678,0,2.890123
0.789012,1,5.456789
-1.234567,0,2.345678
1.234567,1,6.789012
0.456789,1,5.678912
-0.123456,0,3.128456
1.345678,1,6.789012
-0.987654,0,2.678912
0.123456,1,4.56789
-1.345678,0,2.123456
0.56789,1,5.345678
-0.456789,0,3.789012
1.456789,1,6.123456
-0.234567,0,2.456789
0.345678,1,4.890123
-1.5,0,2.789012
0.678901,1,5.678901
-0.789012,0,3.012345
1.5,1,7.123456
-0.345678,0,2.890123
0.789012,1,5.456789
-1.234567,0,2.345678
1.234567,1,6.789012
0.456789,1,5.678912
-0.123456,0,3.128456
1.345678,1,6.789012
-0.987654,0,2.678912
0.123456,1,4.56789
-1.345678,0,2.123456
0.56789,1,5.345678
-0.456789,0,3.789012
1.456789,1,6.123456
-0.234567,0,2.456789
0.345678,1,4.890123
-1.5,0,2.789012
0.678901,1,5.678901
-0.789012,0,3.012345
1.5,1,7.123456
-0.345678,0,2.890123
0.789012,1,5.456789
-1.234567,0,2.345678
1.234567,1,6.789012
0.456789,1,5.678912
-0.123456,0,3.128456
1.345678,1,6.789012
-0.987654,0,2.678912
0.123456,1,4.56789
-1.345678,0,2.123456
0.56789,1,5.345678
-0.456789,0,3.789012
1.456789,1,6.123456
-0.234567,0,2.456789
0.345678,1,4.890123
-1.5,0,2.789012
0.678901,1,5.678901
-0.789012,0,3.012345
1.5,1,7.123456
-0.345678,0,2.890123
0.789012,1,5.456789
-1.234567,0,2.345678
1.234567,1,6.789012
0.456789,1,5.678912
-0.123456,0,3.128456
1.345678,1,6.789012
-0.987654,0,2.678912
0.123456,1,4.56789
-1.345678,0,2.123456
0.56789,1,5.345678
-0.456789,0,3.789012
1.456789,1,6.123456
-0.234567,0,2.456789
0.345678,1,4.890123
-1.5,0,2.789012
0.678901,1,5.678901
-0.789012,0,3.012345
1.5,1,7.123456
-0.345678,0,2.890123
0.789012,1,5.456789
-1.234567,0,2.345678
1.234567,1,6.789012
0.456789,1,5.678912
-0.123456,0,3.128456
1.345678,1,6.789012
-0.987654,0,2.678912
0.123456,1,4.56789
-1.345678,0,2.123456
0.56789,1,5.345678
-0.456789,0,3.789012
1.456789,1,6.123456
-0.234567,0,2.456789
0.345678,1,4.890123
-1.5,0,2.789012
0.678901,1,5.678901
-0.789012,0,3.012345
1.5,1,7.123456
-0.345678,0,2.890123
0.789012,1,5.456789
-1.234567,0,2.345678
1.234567,1,6.789012
0.456789,1,5.678912
-0.123456,0,3.128456
1.345678,1,6.789012
-0.987654,0,2.678912
0.123456,1,4.56789
-1.345678,0,2.123456
0.56789,1,5.345678
-0.456789,0,3.789012
1.456789,1,6.123456
-0.234567,0,2.456789
0.345678,1,4.890123
-1.5,0,2.789012
0.678901,1,5.678901
-0.789012,0,3.012345
1.5,1,7.123456
-0.345678,0,2.890123
0.789012,1,5.456789
-1.234567,0,2.345678
1.234567,1,6.789012
0.456789,1,5.678912
-0.123456,0,3.128456
1.345678,1,6.789012
-0.987654,0,2.678912
0.123456,1,4.56789
-1.345678,0,2.123456
0.56789,1,5.345678
-0.456789,0,3.789012
1.456789,1,6.123456
-0.234567,0,2.456789
0.345678,1,4.890123
-1.5,0,2.789012
0.678901,1,5.678901
-0.789012,0,3.012345
1.5,1,7.123456
-0.345678,0,2.890123
0.789012,1,5.456789
-1.234567,0,2.345678
1.234567,1,6.789012
0.456789,1,5.678912
-0.123456,0,3.128456
1.345678,1,6.789012
-0.987654,0,2.678912
0.123456,1,4.56789
-1.345678,0,2.123456
0.56789,1,5.345678
-0.456789,0,3.789012
1.456789,1,6.123456
-0.234567,0,2.456789
0.345678,1,4.890123
-1.5,0,2.789012
-0.123456,1,5.678901
0.987654,0,3.456789
-1.234567,1,4.56789
0.54321,0,2.345678
1.234567,1,6.789012
-0.987654,0,3.123456
0.123456,1,5.456789
-0.654321,0,2.678901
1.345678,1,7.890123
-1.345678,0,2.456789
0.876543,1,5.678901
-0.456789,0,3.234567
1.456789,1,8.901234
-0.234567,0,2.345678
0.765432,1,5.123456
-1.5,0,3.678901
0.345678,1,4.56789
-0.876543,0,2.789012
1.5,1,7.123456
-0.345678,0,3.456789
0.456789,1,5.789012
-1.5,0,2.678901
0.678901,1,6.345678
-0.56789,0,3.123456
1.5,1,8.234567
-0.789012,0,2.456789
0.789012,1,5.678901
-1.5,0,3.789012
0.890123,1,6.901234
-0.890123,0,2.345678
1.5,1,8.456789
-0.123456,0,3.56789
0.234567,1,5.123456
-1.5,0,2.678901
0.345678,1,4.789012
-1.012345,0,3.456789
0.456789,1,5.678901
-0.234567,0,2.789012
1.5,1,7.890123
-0.345678,0,3.123456
0.56789,1,5.456789
-1.234567,0,2.678901
0.678901,1,6.789012
-0.456789,0,3.345678
1.234567,1,8.901234
-0.56789,0,2.456789
0.789012,1,5.678901
-1.345678,0,3.789012
0.890123,1,6.901234
-0.678901,0,2.345678
1.345678,1,7.123456
-0.789012,0,3.456789
0.901234,1,5.789012
-1.456789,0,2.678901
0.012345,1,4.56789
-1.5,0,3.123456
0.123456,1,5.678901
-0.234567,0,2.789012
1.456789,1,8.901234
-0.345678,0,3.456789
0.234567,1,5.123456
-1.5,0,2.678901
0.345678,1,4.789012
-0.456789,0,3.345678
1.5,1,7.890123
-0.56789,0,2.456789
0.456789,1,5.678901
-1.5,0,3.789012
0.56789,1,6.901234
-0.678901,0,2.345678
1.5,1,8.234567
-0.789012,0,3.456789
0.678901,1,5.789012
-1.5,0,2.678901
0.789012,1,6.901234
-0.890123,0,3.123456
1.5,1,7.123456
-0.901234,0,2.456789
0.901234,1,5.678901
-1.012345,0,3.789012
0.012345,1,4.56789
-1.123456,0,2.678901
0.123456,1,5.678901
-0.234567,0,3.456789
1.234567,1,8.901234
-0.345678,0,2.789012
0.345678,1,4.789012
-1.234567,0,3.123456
0.456789,1,5.678901
-0.456789,0,2.678901
1.345678,1,7.890123
-0.56789,0,3.456789
0.56789,1,5.123456
-1.456789,0,2.345678
0.678901,1,6.789012
-0.678901,0,3.789012
1.456789,1,8.901234
-0.789012,0,2.678901
0.789012,1,5.678901
-1.5,0,3.456789
0.890123,1,6.901234
-0.890123,0,2.345678
1.5,1,7.123456
-0.901234,0,3.789012
0.901234,1,5.789012
-1.5,0,2.678901
0.012345,1,4.56789
-1.5,0,3.456789
0.123456,1,5.678901
-0.234567,0,2.789012
1.5,1,8.901234
-0.345678,0,3.123456
0.234567,1,4.789012
-1.5,0,2.678901
0.345678,1,5.678901
-0.456789,0,3.456789
1.5,1,7.890123
-0.56789,0,2.456789
0.456789,1,5.123456
-1.012345,0,3.789012
0.56789,1,6.901234
-0.678901,0,2.345678
1.012345,1,8.234567
-0.789012,0,3.456789
0.678901,1,5.789012
-1.123456,0,2.678901
0.789012,1,6.901234
-0.890123,0,3.123456
1.123456,1,7.123456
-0.901234,0,2.456789
0.901234,1,5.678901
-1.234567,0,3.789012
0.012345,1,4.56789
-1.345678,0,2.678901
0.123456,1,5.678901
-0.234567,0,3.456789
1.234567,1,8.901234
-0.345678,0,2.789012
0.345678,1,4.789012
-1.456789,0,3.123456
0.456789,1,5.678901
-0.56789,0,2.678901
1.5,1,7.890123
-0.678901,0,3.456789
0.678901,1,5.123456
-1.5,0,2.345678
0.789012,1,6.789012
-0.789012,0,3.789012
1.5,1,8.901234
-0.890123,0,2.678901
0.890123,1,5.678901
-1.5,0,3.456789
0.901234,1,6.901234
-0.901234,0,2.345678
1.5,1,7.123456
-0.012345,0,3.789012
0.123456,1,5.789012
-1.123456,0,2.678901
0.234567,1,4.56789
-1.234567,0,3.456789
0.345678,1,5.678901
-0.345678,0,2.789012
1.234567,1,8.901234
-0.456789,0,3.123456
0.456789,1,5.678901
-1.345678,0,2.678901
0.56789,1,6.901234
-0.56789,0,3.456789
1.345678,1,7.890123
-0.678901,0,2.456789
0.678901,1,5.123456
-1.456789,0,3.789012
0.789012,1,6.789012
-0.789012,0,2.345678
1.456789,1,8.901234
-0.890123,0,3.456789
0.890123,1,5.678901
-1.5,0,2.678901
0.901234,1,6.901234
-0.901234,0,3.123456
1.5,1,7.123456
-0.012345,0,2.456789
0.123456,1,5.678901
-1.123456,0,3.789012
0.234567,1,4.56789
-1.234567,0,2.678901
0.345678,1,5.678901
-0.345678,0,3.456789
1.234567,1,8.901234
-0.456789,0,2.789012
0.456789,1,4.789012
-1.345678,0,3.123456
0.56789,1,5.678901
-0.56789,0,2.678901
1.345678,1,7.890123
-0.678901,0,3.456789
0.678901,1,5.123456
-1.456789,0,2.345678
0.789012,1,6.789012
-0.789012,0,3.789012
1.456789,1,8.901234
-0.890123,0,2.678901
0.890123,1,5.678901
-1.5,0,3.456789
0.901234,1,6.901234
-0.901234,0,2.345678
1.5,1,7.123456
-0.012345,0,3.789012
0.123456,1,5.789012
-1.123456,0,2.678901
0.234567,1,4.56789
-1.234567,0,3.456789
0.345678,1,5.678901
-0.345678,0,2.789012
1.234567,1,8.901234
-0.456789,0,3.123456
0.456789,1,5.678901
-1.345678,0,2.678901
0.56789,1,6.901234
-0.56789,0,3.456789
1.345678,1,7.890123
-0.678901,0,2.456789
0.678901,1,5.123456
-1.456789,0,3.789012
0.789012,1,6.789012
-0.789012,0,2.345678
1.456789,1,8.901234
-0.890123,0,3.456789
0.890123,1,5.678901
-1.5,0,2.678901
0.901234,1,6.901234
-0.901234,0,3.123456
1.5,1,7.123456
-0.012345,0,2.456789
0.123456,1,5.678901
-1.123456,0,3.789012
0.234567,1,4.56789
-1.234567,0,2.678901
0.345678,1,5.678901
-0.345678,0,3.456789
1.234567,1,8.901234
-0.456789,0,2.789012
0.456789,1,4.789012
-1.345678,0,3.123456
0.56789,1,5.678901
-0.56789,0,2.678901
1.345678,1,7.890123
-0.678901,0,3.456789
0.678901,1,5.123456
-1.456789,0,2.345678
0.789012,1,6.789012
-0.789012,0,3.789012
1.456789,1,8.901234
-0.890123,0,2.678901
0.890123,1,5.678901
-1.5,0,3.456789
0.901234,1,6.901234
-0.901234,0,2.345678
1.5,1,7.123456
-0.012345,0,3.789012
0.123456,1,5.789012
-1.123456,0,2.678901
0.234567,1,4.56789
-1.234567,0,3.456789
0.345678,1,5.678901
-0.345678,0,2.789012
1.234567,1,8.901234
-0.456789,0,3.123456
0.456789,1,5.678901
-1.345678,0,2.678901
0.56789,1,6.901234
-0.56789,0,3.456789
1.345678,1,7.890123
-0.678901,0,2.456789
0.678901,1,5.123456
-1.456789,0,3.789012
0.789012,1,6.789012
-0.789012,0,2.345678
1.456789,1,8.901234
-0.890123,0,3.456789
0.890123,1,5.678901
-1.5,0,2.678901
0.901234,1,6.901234
-0.901234,0,3.123456
1.5,1,7.123456
-0.012345,0,2.456789
0.123456,1,5.678901
-1.123456,0,3.789012
0.234567,1,4.56789
-1.234567,0,2.678901
0.345678,1,5.678901
-0.345678,0,3.456789
1.234567,1,8.901234
-0.456789,0,2.789012
0.456789,1,4.789012
-1.345678,0,3.123456
0.56789,1,5.678901
-0.56789,0,2.678901
1.345678,1,7.890123
-0.678901,0,3.456789
0.678901,1,5.123456
-1.456789,0,2.345678
0.789012,1,6.789012
-0.789012,0,3.789012
1.456789,1,8.901234
-0.890123,0,2.678901
0.890123,1,5.678901
-1.5,0,3.456789
0.901234,1,6.901234
-0.901234,0,2.345678
1.5,1,7.123456
-0.012345,0,3.789012
0.123456,1,5.789012
-1.123456,0,2.678901
0.234567,1,4.56789
-1.234567,0,3.456789
0.345678,1,5.678901
-0.345678,0,2.789012
1.234567,1,8.901234
-0.456789,0,3.0
-0.123456,1,4.56789
0.987654,0,3.456789
-1.234567,1,5.678901
0.54321,0,2.345678
1.345678,1,6.789012
-0.987654,0,3.123456
0.234567,1,4.890123
-0.345678,0,2.456789
1.234567,1,5.678901
-1.456789,0,3.789012
0.678901,1,4.56789
-0.56789,0,2.345678
1.234567,1,6.789012
-0.123456,0,3.456789
0.987654,1,5.678901
-0.234567,0,2.345678
1.456789,1,6.789012
-0.678901,0,3.123456
0.345678,1,4.890123
-1.345678,0,2.456789
0.123456,1,5.678901
-0.987654,0,3.789012
1.234567,1,6.789012
-0.54321,0,2.345678
0.678901,1,4.56789
-1.234567,0,3.456789
0.987654,1,5.678901
-0.345678,0,2.456789
1.345678,1,6.789012
-0.123456,0,3.123456
0.54321,1,4.890123
-1.456789,0,2.345678
0.678901,1,5.678901
-0.56789,0,3.789012
1.234567,1,6.789012
-0.987654,0,2.456789
0.345678,1,4.56789
-1.345678,0,3.456789
0.123456,1,5.678901
-0.234567,0,2.345678
1.456789,1,6.789012
-0.678901,0,3.123456
0.987654,1,4.890123
-1.234567,0,2.456789
0.54321,1,5.678901
-0.345678,0,3.789012
1.345678,1,6.789012
-0.123456,0,2.345678
0.678901,1,4.56789
-1.456789,0,3.456789
0.987654,1,5.678901
-0.56789,0,2.456789
1.234567,1,6.789012
-0.987654,0,3.123456
0.345678,1,4.890123
-1.345678,0,2.345678
0.123456,1,5.678901
-0.234567,0,3.789012
1.456789,1,6.789012
-0.678901,0,2.456789
0.987654,1,4.56789
-1.234567,0,3.456789
0.54321,1,5.678901
-0.345678,0,2.345678
1.345678,1,6.789012
-0.123456,0,3.123456
0.678901,1,4.890123
-1.456789,0,2.456789
0.987654,1,5.678901
-0.56789,0,3.789012
1.234567,1,6.789012
-0.987654,0,2.456789
0.345678,1,4.56789
-1.345678,0,3.456789
0.123456,1,5.678901
-0.234567,0,2.345678
1.456789,1,6.789012
-0.678901,0,3.123456
0.987654,1,4.890123
-1.234567,0,2.456789
0.54321,1,5.678901
-0.345678,0,3.789012
1.345678,1,6.789012
-0.123456,0,2.345678
0.678901,1,4.56789
-1.456789,0,3.456789
0.987654,1,5.678901
-0.56789,0,2.456789
1.234567,1,6.789012
-0.987654,0,3.123456
0.345678,1,4.890123
-1.345678,0,2.345678
0.123456,1,5.678901
-0.234567,0,3.789012
1.456789,1,6.789012
-0.678901,0,2.456789
0.987654,1,4.56789
-1.234567,0,3.456789
0.54321,1,5.678901
-0.345678,0,2.345678
1.345678,1,6.789012
-0.123456,0,3.123456
0.678901,1,4.890123
-1.456789,0,2.456789
0.987654,1,5.678901
-0.56789,0,3.789012
1.234567,1,6.789012
-0.987654,0,2.456789
0.345678,1,4.56789
-1.345678,0,3.456789
0.123456,1,5.678901
-0.234567,0,2.345678
1.456789,1,6.789012
-0.678901,0,3.123456
0.987654,1,4.890123
-1.234567,0,2.345678
0.54321,1,5.678901
-0.345678,0,3.789012
1.345678,1,6.789012
-0.123456,0,2.345678
0.678901,1,4.56789
-1.456789,0,3.456789
0.987654,1,5.678901
-0.56789,0,2.456789
1.234567,1,6.789012
-0.987654,0,3.123456
0.345678,1,4.890123
-1.345678,0,2.345678
0.123456,1,5.678901
-0.234567,0,3.789012
1.456789,1,6.789012
-0.678901,0,2.456789
0.987654,1,4.56789
-1.234567,0,3.456789
0.54321,1,5.678901
-0.345678,0,2.345678
1.345678,1,6.789012
-0.123456,0,3.123456
0.678901,1,4.890123
-1.456789,0,2.456789
0.987654,1,5.678901
-0.56789,0,3.789012
1.234567,1,6.789012
-0.987654,0,2.456789
0.345678,1,4.56789
-1.345678,0,3.456789
0.123456,1,5.678901
-0.234567,0,2.345678
1.456789,1,6.789012
-0.678901,0,3.123456
0.987654,1,4.890123
-1.234567,0,2.345678
0.54321,1,5.678901
-0.345678,0,3.789012
1.345678,1,6.789012
-0.123456,0,2.345678
0.678901,1,4.56789
-1.456789,0,3.456789
0.987654,1,5.678901
-0.56789,0,2.456789
1.234567,1,6.789012
-0.987654,0,3.123456
0.345678,1,4.890123
-1.345678,0,2.345678
0.123456,1,5.678901
-0.234567,0,3.789012
1.456789,1,6.789012
-0.678901,0,2.456789
0.987654,1,4.56789
-1.234567,0,3.456789
0.54321,1,5.678901
-0.345678,0,2.345678
1.345678,1,6.789012
-0.123456,0,3.123456
0.678901,1,4.890123
-1.456789,0,2.456789
0.987654,1,5.678901
-0.56789,0,3.789012
1.234567,1,6.789012
-0.987654,0,2.456789
0.345678,1,4.56789
-1.345678,0,3.456789
0.123456,1,5.678901
-0.234567,0,2.345678
1.456789,1,6.789012
-0.678901,0,3.123456
0.987654,1,4.890123
-1.234567,0,2.345678
0.54321,1,5.678901
-0.345678,0,3.789012
1.345678,1,6.789012
-0.123456,0,2.345678
0.678901,1,4.56789
-1.456789,0,3.456789
0.987654,1,5.678901
-0.56789,0,2.456789
1.234567,1,6.789012
-0.987654,0,3.123456
0.345678,1,4.890123
-1.345678,0,2.345678
0.123456,1,5.678901
-0.234567,0,3.789012
1.456789,1,6.789012
-0.678901,0,2.456789
0.987654,1,4.56789
-1.234567,0,3.456789
0.54321,1,5.678901
-0.345678,0,2.345678
1.345678,1,6.789012
-0.123456,0,3.123456
0.678901,1,4.890123
-1.456789,0,2.456789
0.987654,1,5.678901
-0.56789,0,3.789012
1.234567,1,6.789012
-0.987654,0,2.456789
0.345678,1,4.56789
-1.345678,0,3.456789
0.123456,1,5.678901
-0.234567,0,2.345678
1.456789,1,6.789012
-0.678901,0,3.123456
0.987654,1,4.890123
-1.234567,0,2.345678
0.54321,1,5.678901
-0.345678,0,3.789012
1.345678,1,6.789012
-0.123456,0,2.345678
0.678901,1,4.56789
-1.456789,0,3.456789
0.987654,1,5.678901
-0.56789,0,2.456789
1.234567,1,6.789012
-0.987654,0,3.123456
0.345678,1,4.890123
-1.345678,0,2.345678
0.123456,1,5.678901
-0.234567,0,3.789012
1.456789,1,6.789012
-0.678901,0,2.456789
0.987654,1,4.56789
-1.234567,0,3.456789
0.54321,1,5.678901
-0.345678,0,2.345678
1.345678,1,6.789012
-0.123456,0,3.123456
0.678901,1,4.890123
-1.456789,0,2.456789
0.987654,1,5.678901
-0.56789,0,3.789012
1.234567,1,6.789012
-0.987654,0,2.456789
0.345678,1,4.56789
-1.345678,0,3.456789
0.123456,1,5.678901
-0.234567,0,2.345678
1.456789,1,6.789012
-0.678901,0,3.123456
0.987654,1,4.890123
-1.234567,0,2.345678
0.54321,1,5.678901
-0.345678,0,3.789012
1.345678,1,6.789012
-0.123456,0,2.345678
0.678901,1,4.56789
-1.456789,0,3.456789
0.987654,1,5.678901
-0.56789,0,2.456789
1.234567,1,6.789012
-0.987654,0,3.123456
0.345678,1,4.890123
-1.345678,0,2.345678
0.123456,1,5.678901
-0.234567,0,3.789012
1.456789,1,6.789012
-0.678901,0,2.456789
0.987654,1,4.56789
-1.234567,0,3.456789
0.54321,1,5.678901
-0.345678,0,2.345678
1.345678,1,6.789012
-0.123456,0,3.123456
0.678901,1,4.890123
-1.456789,0,2.456789
0.987654,1,5.678901
-0.56789,0,3.789012
1.234567,1,6.789012
-0.987654,0,2.456789
0.345678,1,4.56789
-1.345678,0,3.456789
0.123456,1,5.678901
-0.234567,0,2.345678
1.456789,1,6.789012
-0.678901,0,3.123456
0.987654,1,4.890123
-1.234567,0,2.345678
0.54321,1,5.678901
-0.345678,0,3.789012
1.345678,1,6.789012
-0.123456,0,2.345678
0.678901,1,4.56789
-1.456789,0,3.456789
0.987654,1,5.678901
-0.56789,0,2.456789
1.234567,1,6.789012
-0.987654,0,3.123456
0.345678,1,4.890123
-1.345678,0,2.345678
0.123456,1,5.678901
-0.234567,0,3.789012
1.456789,1,6.789012
-0.678901,0,2.456789
0.987654,1,4.56789
-1.234567,0,3.456789
0.54321,1,5.678901
-0.345678,0,2.345678
1.345678,1,6.789012
-0.123456,0,3.123456
0.678901,1,4.890123
-1.456789,0,2.0
-0.123456,0,3.456789
0.987654,1,5.123456
-1.234567,0,2.987654
1.345678,1,6.234567
0.456789,1,4.56789
-0.987654,0,3.123456
1.234567,1,5.678901
-0.345678,0,2.456789
0.678901,1,4.890123
-1.456789,0,2.345678
0.234567,1,4.123456
1.5,1,6.789012
-0.56789,0,3.678901
0.123456,1,4.56789
-1.5,0,2.678901
1.5,1,6.123456
-0.789012,0,3.456789
0.345678,1,4.890123
1.234567,1,5.678901
-1.234567,0,2.987654
0.456789,1,4.56789
-0.123456,0,3.456789
1.345678,1,6.234567
-0.987654,0,2.123456
0.678901,1,4.890123
-1.345678,0,2.456789
0.234567,1,4.123456
1.5,1,6.789012
-0.56789,0,3.678901
0.123456,1,4.56789
-1.5,0,2.678901
1.5,1,6.123456
-0.789012,0,3.456789
0.345678,1,4.890123
1.234567,1,5.678901
-1.234567,0,2.987654
0.456789,1,4.56789
-0.123456,0,3.456789
1.345678,1,6.234567
-0.987654,0,2.123456
0.678901,1,4.890123
-1.345678,0,2.456789
0.234567,1,4.123456
1.5,1,6.789012
-0.56789,0,3.678901
0.123456,1,4.56789
-1.5,0,2.678901
1.5,1,6.123456
-0.789012,0,3.456789
0.345678,1,4.890123
1.234567,1,5.678901
-1.234567,0,2.987654
0.456789,1,4.56789
-0.123456,0,3.456789
1.345678,1,6.234567
-0.987654,0,2.123456
0.678901,1,4.890123
-1.345678,0,2.456789
0.234567,1,4.123456
1.5,1,6.789012
-0.56789,0,3.678901
0.123456,1,4.56789
-1.5,0,2.678901
1.5,1,6.123456
-0.789012,0,3.456789
0.345678,1,4.890123
1.234567,1,5.678901
-1.234567,0,2.987654
0.456789,1,4.56789
-0.123456,0,3.456789
1.345678,1,6.234567
-0.987654,0,2.123456
0.678901,1,4.890123
-1.345678,0,2.456789
0.234567,1,4.123456
1.5,1,6.789012
-0.56789,0,3.678901
0.123456,1,4.56789
-1.5,0,2.678901
1.5,1,6.123456
-0.789012,0,3.456789
0.345678,1,4.890123
1.234567,1,5.678901
-1.234567,0,2.987654
0.456789,1,4.56789
-0.123456,0,3.456789
1.345678,1,6.234567
-0.987654,0,2.123456
0.678901,1,4.890123
-1.345678,0,2.456789
0.234567,1,4.123456
1.5,1,6.789012
-0.56789,0,3.678901
0.123456,1,4.56789
-1.5,0,2.678901
1.5,1,6.123456
-0.789012,0,3.456789
0.345678,1,4.890123
1.234567,1,5.678901
-1.234567,0,2.987654
0.456789,1,4.56789
-0.123456,0,3.456789
1.345678,1,6.234567
-0.987654,0,2.123456
0.678901,1,4.890123
-1.345678,0,2.456789
0.234567,1,4.123456
1.5,1,6.789012
-0.56789,0,3.678901
0.123456,1,4.56789
-1.5,0,2.678901
1.5,1,6.123456
-0.789012,0,3.456789
0.345678,1,4.890123
1.234567,1,5.678901
-1.234567,0,2.987654
0.456789,1,4.56789
-0.123456,0,3.456789
1.345678,1,6.234567
-0.987654,0,2.123456
0.678901,1,4.890123
-1.345678,0,2.456789
0.234567,1,4.123456
1.5,1,6.789012
-0.56789,0,3.678901
0.123456,1,4.56789
-1.5,0,2.678901
1.5,1,6.123456
-0.789012,0,3.456789
0.345678,1,4.890123
1.234567,1,5.678901
-1.234567,0,2.987654
0.456789,1,4.56789
-0.123456,0,3.456789
1.345678,1,6.234567
-0.987654,0,2.123456
0.678901,1,4.890123
-1.345678,0,2.456789
0.234567,1,4.123456
1.5,1,6.789012
-0.56789,0,3.678901
0.123456,1,4.56789
-1.5,0,2.678901
1.5,1,6.123456
-0.789012,0,3.456789
0.345678,1,4.890123
1.234567,1,5.678901
-1.234567,0,2.987654
0.456789,1,4.56789
-0.123456,0,3.456789
1.345678,1,6.234567
-0.987654,0,2.123456
0.678901,1,4.890123
-1.345678,0,2.456789
0.234567,1,4.123456
1.5,1,6.789012
-0.56789,0,3.678901
0.123456,1,4.56789
-1.5,0,2.678901
1.5,1,6.123456
-0.789012,0,3.456789
0.345678,1,4.890123
1.234567,1,5.678901
-1.234567,0,2.987654
0.456789,1,4.56789
-0.123456,0,3.456789
1.345678,1,6.234567
-0.987654,0,2.123456
0.678901,1,4.890123
-1.345678,0,2.456789
0.234567,1,4.123456
1.5,1,6.789012
-0.56789,0,3.678901
0.123456,1,4.56789
-1.5,0,2.678901
1.5,1,6.123456
-0.789012,0,3.456789
0.345678,1,4.890123
1.234567,1,5.678901
-1.234567,0,2.987654
0.456789,1,4.56789
-0.123456,0,3.456789
1.345678,1,6.234567
-0.987654,0,2.123456
0.678901,1,4.890123
-1.345678,0,2.456789
0.234567,1,4.123456
1.5,1,6.789012
-0.56789,0,3.678901
0.123456,1,4.56789
-1.5,0,2.678901
1.5,1,6.123456
-0.789012,0,3.456789
0.345678,1,4.890123
1.234567,1,5.678901
-1.234567,0,2.987654
0.456789,1,4.56789
-0.123456,0,3.456789
1.345678,1,6.234567
-0.987654,0,2.123456
0.678901,1,4.890123
-1.345678,0,2.456789
0.234567,1,4.123456
1.5,1,6.789012
-0.56789,0,3.678901
0.123456,1,4.56789
-1.5,0,2.678901
1.5,1,6.123456
-0.789012,0,3.456789
0.345678,1,4.890123
1.234567,1,5.678901
-1.234567,0,2.987654
0.456789,1,4.56789
-0.123456,0,3.456789
1.345678,1,6.234567
-0.987654,0,2.123456
0.678901,1,4.890123
-1.345678,0,2.456789
0.234567,1,4.123456
1.5,1,6.789012
-0.56789,0,3.678901
0.123456,1,4.56789
-1.5,0,2.678901
1.5,1,6.123456
-0.789012,0,3.456789
0.345678,1,4.890123
1.234567,1,5.678901
-1.234567,0,2.987654
0.456789,1,4.56789
-0.123456,0,3.456789
1.345678,1,6.234567
-0.987654,0,2.123456
0.678901,1,4.890123
-1.345678,0,2.456789
0.234567,1,4.123456
1.5,1,6.789012
-0.56789,0,3.678901
0.123456,1,4.56789
-1.5,0,2.678901
1.5,1,6.123456
-0.789012,0,3.456789
0.345678,1,4.890123
1.234567,1,5.678901
-1.234567,0,2.987654
0.456789,1,4.56789
-0.123456,0,3.456789
1.345678,1,6.234567
-0.987654,0,2.123456
0.678901,1,4.890123
-1.345678,0,2.456789
0.234567,1,4.123456
1.5,1,6.789012
-0.56789,0,3.678901
0.123456,1,4.56789
-1.5,0,2.678901
1.5,1,6.123456
-0.789012,0,3.456789
0.345678,1,4.890123
1.234567,1,5.678901
-1.234567,0,2.987654
0.456789,1,4.56789
-0.123456,0,3.456789
1.345678,1,6.234567
-0.987654,0,2.123456
0.678901,1,4.890123
-1.345678,0,2.456789
0.234567,1,4.123456
1.5,1,6.789012
-0.56789,0,3.678901
0.123456,1,4.56789
-1.5,0,2.678901
1.5,1,6.123456
-0.789012,0,3.456789
0.345678,1,4.890123
1.234567,1,5.678901
-1.234567,0,2.987654
0.456789,1,4.56789
-0.123456,0,3.456789
1.345678,1,6.234567
-0.987654,0,2.123456
0.678901,1,4.890123
-1.345678,0,2.456789
0.234567,1,4.123456
1.5,1,6.789012
-0.56789,0,3.678901
0.123456,1,4.56789
-1.5,0,2.678901
1.5,1,6.123456
-0.789012,0,3.456789
0.345678,1,4.890123
1.234567,1,5.678901
-1.234567,0,2.987654
0.456789,1,4.56789
-0.123456,0,3.456789
1.345678,1,6.234567
-0.987654,0,2.123456
0.678901,1,4.890123
-1.345678,0,2.456789
0.234567,1,4.123456
1.5,1,6.789012
-0.56789,0,3.678901
0.123456,1,4.56789
-1.5,0,2.678901
1.5,1,6.123456
-0.789012,0,3.456789
0.345678,1,4.890123
1.234567,1,5.678901
-1.234567,0,2.987654
0.456789,1,4.56789
-0.123456,0,3.456789
1.345678,1,6.234567
-0.987654,0,2.123456
0.678901,1,4.890123
-1.345678,0,2.456789
0.234567,1,4.123456
1.5,1,6.789012
-0.56789,0,3.678901
0.123456,1,4.56789
-1.5,0,2.678901
1.5,1,6.123456
-0.789012,0,3.456789
-0.123456,0,3.456789
0.987654,1,6.123456
-1.234567,0,2.345678
1.345678,1,7.890123
0.456789,1,5.678901
-0.987654,0,3.234567
1.234567,1,6.456789
-0.56789,0,2.678901
0.678901,1,5.123456
-1.345678,0,2.456789
0.123456,1,4.789012
-0.789012,0,3.678901
1.5,1,7.234567
-0.345678,0,2.123456
0.234567,1,5.456789
-1.456789,0,2.789012
1.5,1,7.890123
-0.678901,0,3.456789
0.345678,1,5.678901
-1.5,0,2.345678
1.5,1,8.123456
-0.123456,0,3.789012
0.987654,1,6.456789
-1.234567,0,2.678901
1.345678,1,7.123456
0.456789,1,5.789012
-0.987654,0,3.234567
1.234567,1,6.789012
-0.56789,0,2.456789
0.678901,1,5.123456
-1.345678,0,2.789012
0.123456,1,4.678901
-0.789012,0,3.456789
1.5,1,7.890123
-0.345678,0,2.123456
0.234567,1,5.456789
-1.456789,0,2.678901
1.5,1,8.123456
-0.678901,0,3.789012
0.345678,1,5.678901
-1.5,0,2.345678
1.5,1,7.123456
-0.123456,0,3.456789
0.987654,1,6.456789
-1.234567,0,2.678901
1.345678,1,7.890123
0.456789,1,5.789012
-0.987654,0,3.234567
1.234567,1,6.789012
-0.56789,0,2.456789
0.678901,1,5.123456
-1.345678,0,2.789012
0.123456,1,4.678901
-0.789012,0,3.456789
1.5,1,7.890123
-0.345678,0,2.123456
0.234567,1,5.456789
-1.456789,0,2.678901
1.5,1,8.123456
-0.678901,0,3.789012
0.345678,1,5.678901
-1.5,0,2.345678
1.5,1,7.123456
-0.123456,0,3.456789
0.987654,1,6.456789
-1.234567,0,2.678901
1.345678,1,7.890123
0.456789,1,5.789012
-0.987654,0,3.234567
1.234567,1,6.789012
-0.56789,0,2.456789
0.678901,1,5.123456
-1.345678,0,2.789012
0.123456,1,4.678901
-0.789012,0,3.456789
1.5,1,7.890123
-0.345678,0,2.123456
0.234567,1,5.456789
-1.456789,0,2.678901
1.5,1,8.123456
-0.678901,0,3.789012
0.345678,1,5.678901
-1.5,0,2.345678
1.5,1,7.123456
-0.123456,0,3.456789
0.987654,1,6.456789
-1.234567,0,2.678901
1.345678,1,7.890123
0.456789,1,5.789012
-0.987654,0,3.234567
1.234567,1,6.789012
-0.56789,0,2.456789
0.678901,1,5.123456
-1.345678,0,2.789012
0.123456,1,4.678901
-0.789012,0,3.456789
1.5,1,7.890123
-0.345678,0,2.123456
0.234567,1,5.456789
-1.456789,0,2.678901
1.5,1,8.123456
-0.678901,0,3.789012
0.345678,1,5.678901
-1.5,0,2.345678
1.5,1,7.123456
-0.123456,0,3.456789
0.987654,1,6.456789
-1.234567,0,2.678901
1.345678,1,7.890123
0.456789,1,5.789012
-0.987654,0,3.234567
1.234567,1,6.789012
-0.56789,0,2.456789
0.678901,1,5.123456
-1.345678,0,2.789012
0.123456,1,4.678901
-0.789012,0,3.456789
1.5,1,7.890123
-0.345678,0,2.123456
0.234567,1,5.456789
-1.456789,0,2.678901
1.5,1,8.123456
-0.678901,0,3.789012
0.345678,1,5.678901
-1.5,0,2.345678
1.5,1,7.123456
-0.123456,0,3.456789
0.987654,1,6.456789
-1.234567,0,2.678901
1.345678,1,7.890123
0.456789,1,5.789012
-0.987654,0,3.234567
1.234567,1,6.789012
-0.56789,0,2.456789
0.678901,1,5.123456
-1.345678,0,2.789012
0.123456,1,4.678901
-0.789012,0,3.456789
1.5,1,7.890123
-0.345678,0,2.123456
0.234567,1,5.456789
-1.456789,0,2.678901
1.5,1,8.123456
-0.678901,0,3.789012
0.345678,1,5.678901
-1.5,0,2.345678
1.5,1,7.123456
-0.123456,0,3.456789
0.987654,1,6.456789
-1.234567,0,2.678901
1.345678,1,7.890123
0.456789,1,5.789012
-0.987654,0,3.234567
1.234567,1,6.789012
-0.56789,0,2.456789
0.678901,1,5.123456
-1.345678,0,2.789012
0.123456,1,4.678901
-0.789012,0,3.456789
1.5,1,7.890123
-0.345678,0,2.123456
0.234567,1,5.456789
-1.456789,0,2.678901
1.5,1,8.123456
-0.678901,0,3.789012
0.345678,1,5.678901
-1.5,0,2.345678
1.5,1,7.123456
-0.123456,0,3.456789
0.987654,1,6.456789
-1.234567,0,2.678901
1.345678,1,7.890123
0.456789,1,5.789012
-0.987654,0,3.234567
1.234567,1,6.789012
-0.56789,0,2.456789
0.678901,1,5.123456
-1.345678,0,2.789012
0.123456,1,4.678901
-0.789012,0,3.456789
1.5,1,7.890123
-0.345678,0,2.123456
0.234567,1,5.456789
-1.456789,0,2.678901
1.5,1,8.123456
-0.678901,0,3.789012
0.345678,1,5.678901
-1.5,0,2.345678
1.5,1,7.123456
-0.123456,0,3.456789
0.987654,1,6.456789
-1.234567,0,2.678901
1.345678,1,7.890123
0.456789,1,5.789012
-0.987654,0,3.234567
1.234567,1,6.789012
-0.56789,0,2.456789
0.678901,1,5.123456
-1.345678,0,2.789012
0.123456,1,4.678901
-0.789012,0,3.456789
1.5,1,7.890123
-0.345678,0,2.123456
0.234567,1,5.456789
-1.456789,0,2.678901
1.5,1,8.123456
-0.678901,0,3.789012
0.345678,1,5.678901
-1.5,0,2.345678
1.5,1,7.123456
-0.123456,0,3.456789
0.987654,1,6.456789
-1.234567,0,2.678901
1.345678,1,7.890123
0.456789,1,5.789012
-0.987654,0,3.234567
1.234567,1,6.789012
-0.56789,0,2.456789
0.678901,1,5.123456
-1.345678,0,2.789012
0.123456,1,4.678901
-0.789012,0,3.456789
1.5,1,7.890123
-0.345678,0,2.123456
0.234567,1,5.456789
-1.456789,0,2.678901
1.5,1,8.123456
-0.678901,0,3.789012
0.345678,1,5.678901
-1.5,0,2.345678
1.5,1,7.123456
-0.123456,0,3.456789
0.987654,1,6.456789
-1.234567,0,2.678901
1.345678,1,7.890123
0.456789,1,5.789012
-0.987654,0,3.234567
1.234567,1,6.789012
-0.56789,0,2.456789
0.678901,1,5.123456
-1.345678,0,2.789012
0.123456,1,4.678901
-0.789012,0,3.456789
1.5,1,7.890123
-0.345678,0,2.123456
0.234567,1,5.456789
-1.456789,0,2.678901
1.5,1,8.123456
-0.678901,0,3.789012
0.345678,1,5.678901
-1.5,0,2.345678
1.5,1,7.123456
-0.123456,0,3.456789
0.987654,1,6.456789
-1.234567,0,2.678901
1.345678,1,7.890123
0.456789,1,5.789012
-0.987654,0,3.234567
1.234567,1,6.789012
-0.56789,0,2.456789
0.678901,1,5.123456
-1.345678,0,2.789012
0.123456,1,4.678901
-0.789012,0,3.456789
1.5,1,7.890123
-0.345678,0,2.123456
0.234567,1,5.456789
-1.456789,0,2.678901
1.5,1,8.123456
-0.678901,0,3.789012
0.345678,1,5.678901
-1.5,0,2.345678
1.5,1,7.123456
-0.123456,0,3.456789
0.987654,1,6.456789
-1.234567,0,2.678901
1.345678,1,7.890123
0.456789,1,5.789012
-0.987654,0,3.234567
1.234567,1,6.789012
-0.56789,0,2.456789
0.678901,1,5.123456
-1.345678,0,2.789012
0.123456,1,4.678901
-0.789012,0,3.456789
1.5,1,7.890123
-0.345678,0,2.123456
0.234567,1,5.456789
-1.456789,0,2.678901
1.5,1,8.123456
-0.678901,0,3.789012
0.345678,1,5.678901
-1.5,0,2.345678
1.5,1,7.123456
-0.123456,0,3.456789
0.987654,1,6.456789
-1.234567,0,2.678901
1.345678,1,7.890123
0.456789,1,5.789012
-0.987654,0,3.234567
1.234567,1,6.789012
-0.56789,0,2.456789
0.678901,1,5.123456
-1.345678,0,2.789012
0.123456,1,4.678901
-0.789012,0,3.456789
1.5,1,7.890123
-0.345678,0,2.123456
0.234567,1,5.456789
-1.456789,0,2.678901
1.5,1,8.123456
-0.678901,0,3.789012
0.345678,1,5.678901
-1.5,0,2.345678
1.5,1,7.123456
-0.123456,0,3.456789
0.987654,1,6.456789
-1.234567,0,2.678901
1.345678,1,7.890123
0.456789,1,5.789012
-0.123456,1,5.678912
0.987654,0,2.345678
-1.234567,1,4.56789
0.456789,0,3.456789
1.234567,1,6.789012
-0.987654,0,2.123456
0.123456,1,5.456789
-0.654321,0,3.123456
1.345678,1,7.890123
-1.456789,0,1.234567
0.234567,1,5.678901
-0.345678,0,2.987654
1.456789,1,6.123456
-0.56789,0,3.456789
0.678901,1,5.789012
-1.5,0,1.56789
0.789012,1,6.345678
-0.789012,0,2.345678
1.5,1,7.123456
-0.890123,0,2.678901
0.890123,1,5.901234
-1.345678,0,1.890123
0.345678,1,5.234567
-0.456789,0,3.678901
1.5,1,7.456789
-0.234567,0,2.123456
0.56789,1,5.678901
-1.234567,0,1.456789
0.456789,1,6.789012
-0.678901,0,3.234567
1.234567,1,7.890123
-0.123456,0,2.345678
0.890123,1,5.678901
-1.5,0,1.234567
0.678901,1,6.123456
-0.789012,0,2.987654
1.345678,1,7.890123
-0.890123,0,2.678901
0.123456,1,5.456789
-1.5,0,1.56789
0.789012,1,6.345678
-0.56789,0,3.456789
1.456789,1,7.123456
-0.345678,0,2.345678
0.234567,1,5.678901
-1.234567,0,1.890123
0.890123,1,6.789012
-0.456789,0,3.678901
1.5,1,7.456789
-0.678901,0,2.123456
0.56789,1,5.678901
-1.345678,0,1.234567
0.456789,1,6.789012
-0.123456,0,2.345678
0.890123,1,5.678901
-1.5,0,1.456789
0.678901,1,6.123456
-0.789012,0,3.234567
1.345678,1,7.890123
-0.890123,0,2.678901
0.123456,1,5.456789
-1.5,0,1.56789
0.789012,1,6.345678
-0.56789,0,3.456789
1.456789,1,7.123456
-0.345678,0,2.345678
0.234567,1,5.678901
-1.234567,0,1.890123
0.890123,1,6.789012
-0.456789,0,3.678901
1.5,1,7.456789
-0.678901,0,2.123456
0.56789,1,5.678901
-1.345678,0,1.234567
0.456789,1,6.789012
-0.123456,0,2.345678
0.890123,1,5.678901
-1.5,0,1.456789
0.678901,1,6.123456
-0.789012,0,3.234567
1.345678,1,7.890123
-0.890123,0,2.678901
0.123456,1,5.456789
-1.5,0,1.56789
0.789012,1,6.345678
-0.56789,0,3.456789
1.456789,1,7.123456
-0.345678,0,2.345678
0.234567,1,5.678901
-1.234567,0,1.890123
0.890123,1,6.789012
-0.456789,0,3.678901
1.5,1,7.456789
-0.678901,0,2.123456
0.56789,1,5.678901
-1.345678,0,1.234567
0.456789,1,6.789012
-0.123456,0,2.345678
0.890123,1,5.678901
-1.5,0,1.456789
0.678901,1,6.123456
-0.789012,0,3.234567
1.345678,1,7.890123
-0.890123,0,2.678901
0.123456,1,5.456789
-1.5,0,1.56789
0.789012,1,6.345678
-0.56789,0,3.456789
1.456789,1,7.123456
-0.345678,0,2.345678
0.234567,1,5.678901
-1.234567,0,1.890123
0.890123,1,6.789012
-0.456789,0,3.678901
1.5,1,7.456789
-0.678901,0,2.123456
0.56789,1,5.678901
-1.345678,0,1.234567
0.456789,1,6.789012
-0.123456,0,2.345678
0.890123,1,5.678901
-1.5,0,1.456789
0.678901,1,6.123456
-0.789012,0,3.234567
1.345678,1,7.890123
-0.890123,0,2.678901
0.123456,1,5.456789
-1.5,0,1.56789
0.789012,1,6.345678
-0.56789,0,3.456789
1.456789,1,7.123456
-0.345678,0,2.345678
0.234567,1,5.678901
-1.234567,0,1.890123
0.890123,1,6.789012
-0.456789,0,3.678901
1.5,1,7.456789
-0.678901,0,2.123456
0.56789,1,5.678901
-1.345678,0,1.234567
0.456789,1,6.789012
-0.123456,0,2.345678
0.890123,1,5.678901
-1.5,0,1.456789
0.678901,1,6.123456
-0.789012,0,3.234567
1.345678,1,7.890123
-0.890123,0,2.678901
0.123456,1,5.456789
-1.5,0,1.56789
0.789012,1,6.345678
-0.56789,0,3.456789
1.456789,1,7.123456
-0.345678,0,2.345678
0.234567,1,5.678901
-1.234567,0,1.890123
0.890123,1,6.789012
-0.456789,0,3.678901
1.5,1,7.456789
-0.678901,0,2.123456
0.56789,1,5.678901
-1.345678,0,1.234567
0.456789,1,6.789012
-0.123456,0,2.345678
0.890123,1,5.678901
-1.5,0,1.456789
0.678901,1,6.123456
-0.789012,0,3.234567
1.345678,1,7.890123
-0.890123,0,2.678901
0.123456,1,5.456789
-1.5,0,1.56789
0.789012,1,6.345678
-0.56789,0,3.456789
1.456789,1,7.123456
-0.345678,0,2.345678
0.234567,1,5.678901
-1.234567,0,1.890123
0.890123,1,6.789012
-0.456789,0,3.678901
1.5,1,7.456789
-0.678901,0,2.123456
0.56789,1,5.678901
-1.345678,0,1.234567
0.456789,1,6.789012
-0.123456,0,2.345678
0.890123,1,5.678901
-1.5,0,1.456789
0.678901,1,6.123456
-0.789012,0,3.234567
1.345678,1,7.890123
-0.890123,0,2.678901
0.123456,1,5.456789
-1.5,0,1.56789
0.789012,1,6.345678
-0.56789,0,3.456789
1.456789,1,7.123456
-0.345678,0,2.345678
0.234567,1,5.678901
-1.234567,0,1.890123
0.890123,1,6.789012
-0.456789,0,3.678901
1.5,1,7.456789
-0.678901,0,2.123456
0.56789,1,5.678901
-1.345678,0,1.234567
0.456789,1,6.789012
-0.123456,0,2.345678
0.890123,1,5.678901
-1.5,0,1.456789
0.678901,1,6.123456
-0.789012,0,3.234567
1.345678,1,7.890123
-0.890123,0,2.678901
0.123456,1,5.456789
-1.5,0,1.56789
0.789012,1,6.345678
-0.56789,0,3.456789
1.456789,1,7.123456
-0.345678,0,2.345678
0.234567,1,5.678901
-1.234567,0,1.890123
0.890123,1,6.789012
-0.456789,0,3.678901
1.5,1,7.456789
-0.678901,0,2.123456
0.56789,1,5.678901
-1.345678,0,1.234567
0.456789,1,6.789012
-0.123456,0,2.345678
0.890123,1,5.678901
-1.5,0,1.456789
0.678901,1,6.123456
-0.789012,0,3.234567
1.345678,1,7.890123
-0.890123,0,2.678901
0.123456,1,5.456789
-1.5,0,1.56789
0.789012,1,6.345678
-0.56789,0,3.456789
1.456789,1,7.123456
-0.345678,0,2.345678
0.234567,1,5.678901
-1.234567,0,1.890123
0.890123,1,6.789012
-0.456789,0,3.678901
1.5,1,7.456789
-0.678901,0,2.123456
0.56789,1,5.678901
-1.345678,0,1.234567
0.456789,1,6.789012
-0.123456,0,2.345678
0.890123,1,5.678901
-1.5,0,1.456789
0.678901,1,6.123456
-0.789012,0,3.234567
1.345678,1,7.890123
-0.890123,0,2.678901
0.123456,1,5.456789
-1.5,0,1.56789
0.789012,1,6.345678
-0.56789,0,3.456789
1.456789,1,7.123456
-0.345678,0,2.345678
0.234567,1,5.678901
-1.234567,0,1.890123
0.890123,1,6.789012
-0.456789,0,3.678901
1.5,1,7.456789
-0.678901,0,2.123456
0.56789,1,5.678901
-1.345678,0,1.234567
0.456789,1,6.789012
-0.123456,0,2.345678
0.890123,1,5.678901
-1.5,0,1.456789
0.678901,1,6.123456
-0.789012,0,3.234567
1.345678,1,7.890123
-0.890123,0,2.678901
0.123456,1,5.456789
-1.5,0,1.56789
0.789012,1,6.345678
-0.56789,0,3.456789
1.456789,1,7.123456
-0.345678,0,2.345678
0.234567,1,5.678901
-1.234567,0,1.890123
0.890123,1,6.789012
-0.456789,0,3.678901
1.5,1,7.456789
-0.678901,0,2.123456
0.56789,1,5.678901
-1.345678,0,1.234567
0.456789,1,6.789012
-0.123456,0,2.345678
0.890123,1,5.678901
-1.5,0,1.456789
0.678901,1,6.123456
-0.789012,0,3.234567
1.345678,1,7.890123
-0.890123,0,2.678901
0.123456,1,5.456789
-1.5,0,1.56789
0.789012,1,6.345678
-0.56789,0,3.456789
1.456789,1,7.123456
-0.345678,0,2.345678
0.234567,1,5.678901
-1.234567,0,1.890123
0.890123,1,6.789012
-0.456789,0,3.678901
1.5,1,7.456789
-0.678901,0,2.123456
0.56789,1,5.678901
-1.345678,0,1.234567
0.456789,1,6.789012
-0.123456,0,2.345678
0.890123,1,5.678901
-1.5,0,1.0
-0.123456,0,3.456789
0.987654,1,7.123456
-1.234567,0,2.345678
1.345678,1,8.987654
0.456789,1,6.234567
-0.987654,0,3.56789
1.234567,1,7.890123
-0.345678,0,2.456789
0.678901,1,5.678901
-1.456789,0,2.123456
0.234567,1,5.345678
1.5,1,8.123456
-0.678901,0,3.678901
0.123456,1,5.456789
-1.345678,0,2.678901
1.456789,1,7.56789
-0.234567,0,3.789012
0.789012,1,6.789012
-1.5,0,2.890123
1.5,1,8.456789
-0.456789,0,3.890123
0.345678,1,6.123456
-1.5,0,2.234567
1.5,1,8.678901
-0.789012,0,3.56789
0.456789,1,5.890123
-1.234567,0,2.345678
1.234567,1,7.123456
-0.123456,0,3.456789
0.987654,1,6.234567
-1.345678,0,2.678901
1.456789,1,8.123456
-0.678901,0,3.789012
0.234567,1,5.456789
-1.5,0,2.890123
1.5,1,7.890123
-0.345678,0,3.678901
0.678901,1,6.789012
-1.456789,0,2.123456
1.345678,1,8.987654
-0.789012,0,3.56789
0.123456,1,5.345678
-1.234567,0,2.678901
1.5,1,7.56789
-0.456789,0,3.890123
0.789012,1,6.123456
-1.5,0,2.234567
1.234567,1,8.678901
-0.678901,0,3.789012
0.345678,1,5.890123
-1.345678,0,2.345678
1.456789,1,7.123456
-0.123456,0,3.456789
0.987654,1,6.234567
-1.5,0,2.890123
1.5,1,8.123456
-0.234567,0,3.789012
0.678901,1,5.678901
-1.234567,0,2.678901
1.345678,1,7.890123
-0.789012,0,3.56789
0.456789,1,6.123456
-1.5,0,2.234567
1.5,1,8.678901
-0.456789,0,3.890123
0.345678,1,5.890123
-1.345678,0,2.345678
1.456789,1,7.123456
-0.123456,0,3.456789
0.987654,1,6.234567
-1.5,0,2.890123
1.5,1,8.123456
-0.234567,0,3.789012
0.678901,1,5.678901
-1.234567,0,2.678901
1.345678,1,7.890123
-0.789012,0,3.56789
0.456789,1,6.123456
-1.5,0,2.234567
1.5,1,8.678901
-0.456789,0,3.890123
0.345678,1,5.890123
-1.345678,0,2.345678
1.456789,1,7.123456
-0.123456,0,3.456789
0.987654,1,6.234567
-1.5,0,2.890123
1.5,1,8.123456
-0.234567,0,3.789012
0.678901,1,5.678901
-1.234567,0,2.678901
1.345678,1,7.890123
-0.789012,0,3.56789
0.456789,1,6.123456
-1.5,0,2.234567
1.5,1,8.678901
-0.456789,0,3.890123
0.345678,1,5.890123
-1.345678,0,2.345678
1.456789,1,7.123456
-0.123456,0,3.456789
0.987654,1,6.234567
-1.5,0,2.890123
1.5,1,8.123456
-0.234567,0,3.789012
0.678901,1,5.678901
-1.234567,0,2.678901
1.345678,1,7.890123
-0.789012,0,3.56789
0.456789,1,6.123456
-1.5,0,2.234567
1.5,1,8.678901
-0.456789,0,3.890123
0.345678,1,5.890123
-1.345678,0,2.345678
1.456789,1,7.123456
-0.123456,0,3.456789
0.987654,1,6.234567
-1.5,0,2.890123
1.5,1,8.123456
-0.234567,0,3.789012
0.678901,1,5.678901
-1.234567,0,2.678901
1.345678,1,7.890123
-0.789012,0,3.56789
0.456789,1,6.123456
-1.5,0,2.234567
1.5,1,8.678901
-0.456789,0,3.890123
0.345678,1,5.890123
-1.345678,0,2.345678
1.456789,1,7.123456
-0.123456,0,3.456789
0.987654,1,6.234567
-1.5,0,2.890123
1.5,1,8.123456
-0.234567,0,3.789012
0.678901,1,5.678901
-1.234567,0,2.678901
1.345678,1,7.890123
-0.789012,0,3.56789
0.456789,1,6.123456
-1.5,0,2.234567
1.5,1,8.678901
-0.456789,0,3.890123
0.345678,1,5.890123
-1.345678,0,2.345678
1.456789,1,7.123456
-0.123456,0,3.456789
0.987654,1,6.234567
-1.5,0,2.890123
1.5,1,8.123456
-0.234567,0,3.789012
0.678901,1,5.678901
-1.234567,0,2.678901
1.345678,1,7.890123
-0.789012,0,3.56789
0.456789,1,6.123456
-1.5,0,2.234567
1.5,1,8.678901
-0.456789,0,3.890123
0.345678,1,5.890123
-1.345678,0,2.345678
1.456789,1,7.123456
-0.123456,0,3.456789
0.987654,1,6.234567
-1.5,0,2.890123
1.5,1,8.123456
-0.234567,0,3.789012
0.678901,1,5.678901
-1.234567,0,2.678901
1.345678,1,7.890123
-0.789012,0,3.56789
0.456789,1,6.123456
-1.5,0,2.234567
1.5,1,8.678901
-0.456789,0,3.890123
0.345678,1,5.890123
-1.345678,0,2.345678
1.456789,1,7.123456
-0.123456,0,3.456789
0.987654,1,6.234567
-1.5,0,2.890123
1.5,1,8.123456
-0.234567,0,3.789012
0.678901,1,5.678901
-1.234567,0,2.678901
1.345678,1,7.890123
-0.789012,0,3.56789
0.456789,1,6.123456
-1.5,0,2.234567
1.5,1,8.678901
-0.456789,0,3.890123
0.345678,1,5.890123
-1.345678,0,2.345678
1.456789,1,7.123456
-0.123456,0,3.456789
0.987654,1,6.234567
-1.5,0,2.890123
1.5,1,8.123456
-0.234567,0,3.789012
0.678901,1,5.678901
-1.234567,0,2.678901
1.345678,1,7.890123
-0.789012,0,3.56789
0.456789,1,6.123456
-1.5,0,2.234567
1.5,1,8.678901
-0.456789,0,3.890123
0.345678,1,5.890123
-1.345678,0,2.345678
1.456789,1,7.123456
-0.123456,0,3.456789
0.987654,1,6.234567
-1.5,0,2.890123
1.5,1,8.123456
-0.234567,0,3.789012
0.678901,1,5.678901
-1.234567,0,2.678901
1.345678,1,7.890123
-0.789012,0,3.56789
0.456789,1,6.123456
-1.5,0,2.234567
1.5,1,8.678901
-0.456789,0,3.890123
0.345678,1,5.890123
-1.345678,0,2.345678
1.456789,1,7.123456
-0.123456,0,3.456789
0.987654,1,6.234567
-1.5,0,2.890123
1.5,1,8.123456
-0.234567,0,3.789012
0.678901,1,5.678901
-1.234567,0,2.678901
1.345678,1,7.890123
-0.789012,0,3.56789
0.456789,1,6.123456
-1.5,0,2.234567
1.5,1,8.678901
-0.456789,0,3.890123
0.345678,1,5.890123
-1.345678,0,2.345678
1.456789,1,7.123456
-0.123456,0,3.456789
0.987654,1,6.234567
-1.5,0,2.890123
1.5,1,8.123456
-0.234567,0,3.789012
0.678901,1,5.678901
-1.234567,0,2.678901
1.345678,1,7.890123
-0.789012,0,3.56789
0.456789,1,6.123456
-1.5,0,2.234567
1.5,1,8.678901
-0.456789,0,3.890123
0.345678,1,5.890123
-1.345678,0,2.345678
1.456789,1,7.123456
-0.123456,0,3.456789
0.987654,1,6.234567
-1.5,0,2.890123
1.5,1,8.123456
-0.234567,0,3.789012
0.678901,1,5.678901
-1.234567,0,2.678901
1.345678,1,7.890123
-0.789012,0,3.56789
0.456789,1,6.123456
-1.5,0,2.234567
1.5,1,8.678901
-0.456789,0,3.890123
0.345678,1,5.890123
-1.345678,0,2.345678
1.456789,1,7.123456
-0.123456,0,3.456789
0.987654,1,6.234567
-1.5,0,2.890123
1.5,1,8.123456
-0.234567,0,3.789012
0.678901,1,5.678901
-1.234567,0,2.678901
1.345678,1,7.890123
-0.789012,0,3.56789
0.456789,1,6.123456
-1.5,0,2.234567
1.5,1,8.678901
-0.456789,0,3.890123
0.345678,1,5.890123
-1.345678,0,2.345678
1.456789,1,7.123456
-0.123456,0,3.456789
0.987654,1,6.234567
-1.5,0,2.890123
1.5,1,8.123456
-0.234567,0,3.789012
0.678901,1,5.678901
-1.234567,0,2.678901
1.345678,1,7.890123
-0.789012,0,3.56789
0.456789,1,6.123456
-1.5,0,2.234567
1.5,1,8.678901
-0.456789,0,3.890123
0.345678,1,5.890123
-1.345678,0,2.345678
1.456789,1,7.123456
-0.123456,0,3.456789
0.987654,1,6.234567
-1.5,0,2.890123
1.5,1,8.123456
-0.234567,0,3.789012
0.678901,1,5.678901
-1.234567,0,2.678901
1.345678,1,7.890123
-0.789012,0,3.56789
0.456789,1,6.123456
-1.5,0,2.234567
1.5,1,8.0
-0.123456,1,5.678912
0.987654,0,4.321098
-1.234567,1,3.456789
0.54321,0,2.345678
1.345678,1,6.789012
-0.987654,0,3.210987
0.234567,1,4.56789
-1.456789,0,2.123456
0.876543,1,5.432109
-0.345678,0,3.678901
1.234567,1,6.123456
-0.56789,0,2.987654
0.654321,1,4.876543
-1.5,0,2.456789
0.123456,1,5.678901
-0.789012,0,3.345678
1.456789,1,6.789123
-0.234567,0,2.987654
0.345678,1,4.123456
-1.345678,0,3.456789
0.56789,1,5.678901
-1.234567,0,2.345678
0.987654,1,6.789012
-0.123456,0,3.210987
1.234567,1,5.432109
-0.987654,0,2.123456
0.234567,1,4.56789
-1.456789,0,3.678901
0.876543,1,6.123456
-0.345678,0,2.987654
1.345678,1,5.678912
-0.56789,0,3.456789
0.654321,1,4.876543
-1.5,0,2.345678
0.123456,1,5.678901
-0.789012,0,3.345678
1.456789,1,6.789123
-0.234567,0,2.987654
0.345678,1,4.123456
-1.345678,0,3.456789
0.56789,1,5.678901
-1.234567,0,2.345678
0.987654,1,6.789012
-0.123456,0,3.210987
1.234567,1,5.432109
-0.987654,0,2.123456
0.234567,1,4.56789
-1.456789,0,3.678901
0.876543,1,6.123456
-0.345678,0,2.987654
1.345678,1,5.678912
-0.56789,0,3.456789
0.654321,1,4.876543
-1.5,0,2.345678
0.123456,1,5.678901
-0.789012,0,3.345678
1.456789,1,6.789123
-0.234567,0,2.987654
0.345678,1,4.123456
-1.345678,0,3.456789
0.56789,1,5.678901
-1.234567,0,2.345678
0.987654,1,6.789012
-0.123456,0,3.210987
1.234567,1,5.432109
-0.987654,0,2.123456
0.234567,1,4.56789
-1.456789,0,3.678901
0.876543,1,6.123456
-0.345678,0,2.987654
1.345678,1,5.678912
-0.56789,0,3.456789
0.654321,1,4.876543
-1.5,0,2.345678
0.123456,1,5.678901
-0.789012,0,3.345678
1.456789,1,6.789123
-0.234567,0,2.987654
0.345678,1,4.123456
-1.345678,0,3.456789
0.56789,1,5.678901
-1.234567,0,2.345678
0.987654,1,6.789012
-0.123456,0,3.210987
1.234567,1,5.432109
-0.987654,0,2.123456
0.234567,1,4.56789
-1.456789,0,3.678901
0.876543,1,6.123456
-0.345678,0,2.987654
1.345678,1,5.678912
-0.56789,0,3.456789
0.654321,1,4.876543
-1.5,0,2.345678
0.123456,1,5.678901
-0.789012,0,3.345678
1.456789,1,6.789123
-0.234567,0,2.987654
0.345678,1,4.123456
-1.345678,0,3.456789
0.56789,1,5.678901
-1.234567,0,2.345678
0.987654,1,6.789012
-0.123456,0,3.210987
1.234567,1,5.432109
-0.987654,0,2.123456
0.234567,1,4.56789
-1.456789,0,3.678901
0.876543,1,6.123456
-0.345678,0,2.987654
1.345678,1,5.678912
-0.56789,0,3.456789
0.654321,1,4.876543
-1.5,0,2.345678
0.123456,1,5.678901
-0.789012,0,3.345678
1.456789,1,6.789123
-0.234567,0,2.987654
0.345678,1,4.123456
-1.345678,0,3.456789
0.56789,1,5.678901
-1.234567,0,2.345678
0.987654,1,6.789012
-0.123456,0,3.210987
1.234567,1,5.432109
-0.987654,0,2.123456
0.234567,1,4.56789
-1.456789,0,3.678901
0.876543,1,6.123456
-0.345678,0,2.987654
1.345678,1,5.678912
-0.56789,0,3.456789
0.654321,1,4.876543
-1.5,0,2.345678
0.123456,1,5.678901
-0.789012,0,3.345678
1.456789,1,6.789123
-0.234567,0,2.987654
0.345678,1,4.123456
-1.345678,0,3.456789
0.56789,1,5.678901
-1.234567,0,2.345678
0.987654,1,6.789012
-0.123456,0,3.210987
1.234567,1,5.432109
-0.987654,0,2.123456
0.234567,1,4.56789
-1.456789,0,3.678901
0.876543,1,6.123456
-0.345678,0,2.987654
1.345678,1,5.678912
-0.56789,0,3.456789
0.654321,1,4.876543
-1.5,0,2.345678
0.123456,1,5.678901
-0.789012,0,3.345678
1.456789,1,6.789123
-0.234567,0,2.987654
0.345678,1,4.123456
-1.345678,0,3.456789
0.56789,1,5.678901
-1.234567,0,2.345678
0.987654,1,6.789012
-0.123456,0,3.210987
1.234567,1,5.432109
-0.987654,0,2.123456
0.234567,1,4.56789
-1.456789,0,3.678901
0.876543,1,6.123456
-0.345678,0,2.987654
1.345678,1,5.678912
-0.56789,0,3.456789
0.654321,1,4.876543
-1.5,0,2.345678
0.123456,1,5.678901
-0.789012,0,3.345678
1.456789,1,6.789123
-0.234567,0,2.987654
0.345678,1,4.123456
-1.345678,0,3.456789
0.56789,1,5.678901
-1.234567,0,2.345678
0.987654,1,6.789012
-0.123456,0,3.210987
1.234567,1,5.432109
-0.987654,0,2.123456
0.234567,1,4.56789
-1.456789,0,3.678901
0.876543,1,6.123456
-0.345678,0,2.987654
1.345678,1,5.678912
-0.56789,0,3.456789
0.654321,1,4.876543
-1.5,0,2.345678
0.123456,1,5.678901
-0.789012,0,3.345678
1.456789,1,6.789123
-0.234567,0,2.987654
0.345678,1,4.123456
-1.345678,0,3.456789
0.56789,1,5.678901
-1.234567,0,2.345678
0.987654,1,6.789012
-0.123456,0,3.210987
1.234567,1,5.432109
-0.987654,0,2.123456
0.234567,1,4.56789
-1.456789,0,3.678901
0.876543,1,6.123456
-0.345678,0,2.987654
1.345678,1,5.678912
-0.56789,0,3.456789
0.654321,1,4.876543
-1.5,0,2.345678
0.123456,1,5.678901
-0.789012,0,3.345678
1.456789,1,6.789123
-0.234567,0,2.987654
0.345678,1,4.123456
-1.345678,0,3.456789
0.56789,1,5.678901
-1.234567,0,2.345678
0.987654,1,6.789012
-0.123456,0,3.210987
1.234567,1,5.432109
-0.987654,0,2.123456
0.234567,1,4.56789
-1.456789,0,3.678901
0.876543,1,6.123456
-0.345678,0,2.987654
1.345678,1,5.678912
-0.56789,0,3.456789
0.654321,1,4.876543
-1.5,0,2.345678
0.123456,1,5.678901
-0.789012,0,3.345678
1.456789,1,6.789123
-0.234567,0,2.987654
0.345678,1,4.123456
-1.345678,0,3.456789
0.56789,1,5.678901
-1.234567,0,2.345678
0.987654,1,6.789012
-0.123456,0,3.210987
1.234567,1,5.432109
-0.987654,0,2.123456
0.234567,1,4.56789
-1.456789,0,3.678901
0.876543,1,6.123456
-0.345678,0,2.987654
1.345678,1,5.678912
-0.56789,0,3.456789
0.654321,1,4.876543
-1.5,0,2.345678
0.123456,1,5.678901
-0.789012,0,3.345678
1.456789,1,6.789123
-0.234567,0,2.987654
0.345678,1,4.123456
-1.345678,0,3.456789
0.56789,1,5.678901
-1.234567,0,2.345678
0.987654,1,6.789012
-0.123456,0,3.210987
1.234567,1,5.432109
-0.987654,0,2.123456
0.234567,1,4.56789
-1.456789,0,3.678901
0.876543,1,6.123456
-0.345678,0,2.987654
1.345678,1,5.678912
-0.56789,0,3.456789
0.654321,1,4.876543
-1.5,0,2.345678
0.123456,1,5.678901
-0.789012,0,3.345678
1.456789,1,6.789123
-0.234567,0,2.987654
0.345678,1,4.123456
-1.345678,0,3.456789
0.56789,1,5.678901
-1.234567,0,2.345678
0.987654,1,6.789012
-0.123456,0,3.210987
1.234567,1,5.432109
-0.987654,0,2.123456
0.234567,1,4.56789
-1.456789,0,3.678901
0.876543,1,6.123456
-0.345678,0,2.987654
1.345678,1,5.678912
-0.56789,0,3.456789
0.654321,1,4.876543
-1.5,0,2.345678
0.123456,1,5.678901
-0.789012,0,3.345678
1.456789,1,6.789123
-0.234567,0,2.987654
0.345678,1,4.123456
-1.345678,0,3.456789
0.56789,1,5.678901
-1.234567,0,2.345678
0.987654,1,6.789012
-0.123456,0,3.210987
1.234567,1,5.432109
-0.987654,0,2.123456
0.234567,1,4.56789
-1.456789,0,3.678901
0.876543,1,6.123456
-0.345678,0,2.987654
1.345678,1,5.678912
-0.56789,0,3.456789
0.654321,1,4.876543
-1.5,0,2.345678
0.123456,1,5.678901
-0.789012,0,3.345678
1.456789,1,6.789123
-0.234567,0,2.987654
0.345678,1,4.123456
-1.345678,0,3.0
-0.123456,0,3.456789
0.987654,1,6.123456
-1.234567,0,2.345678
0.456789,1,5.678901
1.234567,1,7.890123
-0.987654,0,3.123456
0.345678,1,5.456789
-0.56789,0,2.678901
1.123456,1,6.789012
-1.345678,0,2.456789
0.678901,1,5.890123
-0.234567,0,3.678901
1.345678,1,7.123456
-0.456789,0,2.789012
0.123456,1,5.345678
-1.456789,0,2.123456
0.789012,1,6.456789
-0.678901,0,3.890123
1.456789,1,7.678901
-0.345678,0,2.56789
0.234567,1,5.678901
-1.5,0,2.345678
0.56789,1,6.123456
-0.789012,0,3.456789
1.5,1,8.012345
-0.123456,0,2.678901
0.890123,1,5.789012
-1.5,0,2.456789
0.456789,1,6.345678
-0.987654,0,3.123456
1.5,1,7.890123
-0.234567,0,2.789012
0.678901,1,5.678901
-1.234567,0,2.345678
0.345678,1,5.456789
-1.345678,0,2.456789
0.123456,1,5.678901
-0.56789,0,3.678901
1.234567,1,6.789012
-0.456789,0,2.789012
0.789012,1,6.456789
-1.456789,0,2.123456
0.890123,1,5.789012
-0.678901,0,3.890123
1.456789,1,7.678901
-0.345678,0,2.56789
0.234567,1,5.678901
-1.5,0,2.345678
0.56789,1,6.123456
-0.123456,0,2.678901
1.5,1,8.012345
-0.789012,0,3.456789
0.890123,1,5.789012
-1.5,0,2.456789
0.456789,1,6.345678
-0.987654,0,3.123456
1.5,1,7.890123
-0.234567,0,2.789012
0.678901,1,5.678901
-1.234567,0,2.345678
0.345678,1,5.456789
-1.345678,0,2.456789
0.123456,1,5.678901
-0.56789,0,3.678901
1.234567,1,6.789012
-0.456789,0,2.789012
0.789012,1,6.456789
-1.456789,0,2.123456
0.890123,1,5.789012
-0.678901,0,3.890123
1.456789,1,7.678901
-0.345678,0,2.56789
0.234567,1,5.678901
-1.5,0,2.345678
0.56789,1,6.123456
-0.123456,0,2.678901
1.5,1,8.012345
-0.789012,0,3.456789
0.890123,1,5.789012
-1.5,0,2.456789
0.456789,1,6.345678
-0.987654,0,3.123456
1.5,1,7.890123
-0.234567,0,2.789012
0.678901,1,5.678901
-1.234567,0,2.345678
0.345678,1,5.456789
-1.345678,0,2.456789
0.123456,1,5.678901
-0.56789,0,3.678901
1.234567,1,6.789012
-0.456789,0,2.789012
0.789012,1,6.456789
-1.456789,0,2.123456
0.890123,1,5.789012
-0.678901,0,3.890123
1.456789,1,7.678901
-0.345678,0,2.56789
0.234567,1,5.678901
-1.5,0,2.345678
0.56789,1,6.123456
-0.123456,0,2.678901
1.5,1,8.012345
-0.789012,0,3.456789
0.890123,1,5.789012
-1.5,0,2.456789
0.456789,1,6.345678
-0.987654,0,3.123456
1.5,1,7.890123
-0.234567,0,2.789012
0.678901,1,5.678901
-1.234567,0,2.345678
0.345678,1,5.456789
-1.345678,0,2.456789
0.123456,1,5.678901
-0.56789,0,3.678901
1.234567,1,6.789012
-0.456789,0,2.789012
0.789012,1,6.456789
-1.456789,0,2.123456
0.890123,1,5.789012
-0.678901,0,3.890123
1.456789,1,7.678901
-0.345678,0,2.56789
0.234567,1,5.678901
-1.5,0,2.345678
0.56789,1,6.123456
-0.123456,0,2.678901
1.5,1,8.012345
-0.789012,0,3.456789
0.890123,1,5.789012
-1.5,0,2.456789
0.456789,1,6.345678
-0.987654,0,3.123456
1.5,1,7.890123
-0.234567,0,2.789012
0.678901,1,5.678901
-1.234567,0,2.345678
0.345678,1,5.456789
-1.345678,0,2.456789
0.123456,1,5.678901
-0.56789,0,3.678901
1.234567,1,6.789012
-0.456789,0,2.789012
0.789012,1,6.456789
-1.456789,0,2.123456
0.890123,1,5.789012
-0.678901,0,3.890123
1.456789,1,7.678901
-0.345678,0,2.56789
0.234567,1,5.678901
-1.5,0,2.345678
0.56789,1,6.123456
-0.123456,0,2.678901
1.5,1,8.012345
-0.789012,0,3.456789
0.890123,1,5.789012
-1.5,0,2.456789
0.456789,1,6.345678
-0.987654,0,3.123456
1.5,1,7.890123
-0.234567,0,2.789012
0.678901,1,5.678901
-1.234567,0,2.345678
0.345678,1,5.456789
-1.345678,0,2.456789
0.123456,1,5.678901
-0.56789,0,3.678901
1.234567,1,6.789012
-0.456789,0,2.789012
0.789012,1,6.456789
-1.456789,0,2.123456
0.890123,1,5.789012
-0.678901,0,3.890123
1.456789,1,7.678901
-0.345678,0,2.56789
0.234567,1,5.678901
-1.5,0,2.345678
0.56789,1,6.123456
-0.123456,0,2.678901
1.5,1,8.012345
-0.789012,0,3.456789
0.890123,1,5.789012
-1.5,0,2.456789
0.456789,1,6.345678
-0.987654,0,3.123456
1.5,1,7.890123
-0.234567,0,2.789012
0.678901,1,5.678901
-1.234567,0,2.345678
0.345678,1,5.456789
-1.345678,0,2.456789
0.123456,1,5.678901
-0.56789,0,3.678901
1.234567,1,6.789012
-0.456789,0,2.789012
0.789012,1,6.456789
-1.456789,0,2.123456
0.890123,1,5.789012
-0.678901,0,3.890123
1.456789,1,7.678901
-0.345678,0,2.56789
0.234567,1,5.678901
-1.5,0,2.345678
0.56789,1,6.123456
-0.123456,0,2.678901
1.5,1,8.012345
-0.789012,0,3.456789
0.890123,1,5.789012
-1.5,0,2.456789
0.456789,1,6.345678
-0.987654,0,3.123456
1.5,1,7.890123
-0.234567,0,2.789012
0.678901,1,5.678901
-1.234567,0,2.345678
0.345678,1,5.456789
-1.345678,0,2.456789
0.123456,1,5.678901
-0.56789,0,3.678901
1.234567,1,6.789012
-0.456789,0,2.789012
0.789012,1,6.456789
-1.456789,0,2.123456
0.890123,1,5.789012
-0.678901,0,3.890123
1.456789,1,7.678901
-0.345678,0,2.56789
0.234567,1,5.678901
-1.5,0,2.345678
0.56789,1,6.123456
-0.123456,0,2.678901
1.5,1,8.012345
-0.789012,0,3.456789
0.890123,1,5.789012
-1.5,0,2.456789
0.456789,1,6.345678
-0.987654,0,3.123456
1.5,1,7.890123
-0.234567,0,2.789012
0.678901,1,5.678901
-1.234567,0,2.345678
0.345678,1,5.456789
-1.345678,0,2.456789
0.123456,1,5.678901
-0.56789,0,3.678901
1.234567,1,6.789012
-0.456789,0,2.789012
0.789012,1,6.456789
-1.456789,0,2.123456
0.890123,1,5.789012
-0.678901,0,3.890123
1.456789,1,7.678901
-0.345678,0,2.56789
0.234567,1,5.678901
-1.5,0,2.345678
0.56789,1,6.123456
-0.123456,0,2.678901
1.5,1,8.012345
-0.789012,0,3.456789
0.890123,1,5.789012
-1.5,0,2.456789
0.456789,1,6.345678
-0.987654,0,3.123456
1.5,1,7.890123
-0.234567,0,2.789012
0.678901,1,5.678901
-1.234567,0,2.345678
0.345678,1,5.456789
-1.345678,0,2.456789
0.123456,1,5.678901
-0.56789,0,3.678901
1.234567,1,6.789012
-0.456789,0,2.789012
0.789012,1,6.456789
-1.456789,0,2.123456
0.890123,1,5.789012
-0.678901,0,3.890123
1.456789,1,7.678901
-0.345678,0,2.56789
0.234567,1,5.678901
-1.5,0,2.345678
0.56789,1,6.123456
-0.123456,0,2.678901
1.5,1,8.012345
-0.789012,0,3.456789
0.890123,1,5.789012
-1.5,0,2.456789
0.456789,1,6.345678
-0.987654,0,3.123456
1.5,1,7.890123
-0.234567,0,2.789012
0.678901,1,5.678901
-1.234567,0,2.345678
0.345678,1,5.456789
-1.345678,0,2.456789
0.123456,1,5.678901
-0.56789,0,3.678901
1.234567,1,6.789012
-0.456789,0,2.789012
0.789012,1,6.456789
-1.456789,0,2.123456
0.890123,1,5.789012
-0.678901,0,3.890123
1.456789,1,7.678901
-0.345678,0,2.56789
0.234567,1,5.678901
-1.5,0,2.345678
0.56789,1,6.123456
-0.123456,0,2.678901
1.5,1,8.012345
-0.789012,0,3.456789
0.890123,1,5.789012
-1.5,0,2.456789
0.456789,1,6.345678
-0.987654,0,3.123456
1.5,1,7.890123
-0.234567,0,2.789012
0.678901,1,5.678901
-1.234567,0,2.0
-0.123456,0,3.234567
0.987654,1,7.345678
-1.234567,0,2.456789
0.456789,1,6.56789
1.345678,1,8.678901
-0.987654,0,3.56789
0.234567,1,5.678901
-0.56789,0,2.345678
1.234567,1,7.456789
-1.345678,0,2.678901
0.678901,1,6.789012
-0.345678,0,3.456789
1.5,1,8.789012
-0.789012,0,2.56789
0.123456,1,5.678901
-0.234567,0,3.678901
1.5,1,9.890123
-1.5,0,2.789012
0.345678,1,6.890123
-0.678901,0,3.789012
1.5,1,8.901234
-0.456789,0,2.890123
0.789012,1,7.012345
-1.123456,0,2.901234
0.56789,1,6.123456
-0.123456,0,3.012345
1.234567,1,8.234567
-0.987654,0,2.012345
0.456789,1,5.123456
-0.345678,0,3.123456
1.345678,1,7.345678
-1.234567,0,2.123456
0.678901,1,6.234567
-0.56789,0,3.234567
1.5,1,8.345678
-1.345678,0,2.234567
0.234567,1,5.345678
-0.789012,0,3.345678
1.5,1,9.456789
-0.456789,0,2.345678
0.123456,1,5.456789
-0.678901,0,3.456789
1.234567,1,7.56789
-1.5,0,2.456789
0.345678,1,6.678901
-0.123456,0,3.56789
1.345678,1,8.789012
-0.987654,0,2.56789
0.678901,1,5.678901
-0.234567,0,3.678901
1.5,1,9.890123
-1.234567,0,2.678901
0.789012,1,6.789012
-0.345678,0,3.789012
1.5,1,8.901234
-0.456789,0,2.789012
0.123456,1,5.890123
-0.678901,0,3.890123
1.234567,1,7.012345
-1.5,0,2.901234
0.345678,1,6.123456
-0.123456,0,3.012345
1.345678,1,8.234567
-0.987654,0,2.123456
0.456789,1,5.345678
-0.789012,0,3.234567
1.5,1,9.456789
-0.56789,0,2.345678
0.678901,1,6.678901
-0.345678,0,3.456789
1.5,1,8.789012
-1.234567,0,2.56789
0.123456,1,5.890123
-0.678901,0,3.890123
1.234567,1,7.012345
-1.5,0,2.901234
0.345678,1,6.123456
-0.123456,0,3.012345
1.345678,1,8.234567
-0.987654,0,2.123456
0.456789,1,5.345678
-0.789012,0,3.234567
1.5,1,9.456789
-0.56789,0,2.345678
0.678901,1,6.678901
-0.345678,0,3.456789
1.5,1,8.789012
-1.234567,0,2.56789
0.123456,1,5.890123
-0.678901,0,3.890123
1.234567,1,7.012345
-1.5,0,2.901234
0.345678,1,6.123456
-0.123456,0,3.012345
1.345678,1,8.234567
-0.987654,0,2.123456
0.456789,1,5.345678
-0.789012,0,3.234567
1.5,1,9.456789
-0.56789,0,2.345678
0.678901,1,6.678901
-0.345678,0,3.456789
1.5,1,8.789012
-1.234567,0,2.56789
0.123456,1,5.890123
-0.678901,0,3.890123
1.234567,1,7.012345
-1.5,0,2.901234
0.345678,1,6.123456
-0.123456,0,3.012345
1.345678,1,8.234567
-0.987654,0,2.123456
0.456789,1,5.345678
-0.789012,0,3.234567
1.5,1,9.456789
-0.56789,0,2.345678
0.678901,1,6.678901
-0.345678,0,3.456789
1.5,1,8.789012
-1.234567,0,2.56789
0.123456,1,5.890123
-0.678901,0,3.890123
1.234567,1,7.012345
-1.5,0,2.901234
0.345678,1,6.123456
-0.123456,0,3.012345
1.345678,1,8.234567
-0.987654,0,2.123456
0.456789,1,5.345678
-0.789012,0,3.234567
1.5,1,9.456789
-0.56789,0,2.345678
0.678901,1,6.678901
-0.345678,0,3.456789
1.5,1,8.789012
-1.234567,0,2.56789
0.123456,1,5.890123
-0.678901,0,3.890123
1.234567,1,7.012345
-1.5,0,2.901234
0.345678,1,6.123456
-0.123456,0,3.012345
1.345678,1,8.234567
-0.987654,0,2.123456
0.456789,1,5.345678
-0.789012,0,3.234567
1.5,1,9.456789
-0.56789,0,2.345678
0.678901,1,6.678901
-0.345678,0,3.456789
1.5,1,8.789012
-1.234567,0,2.56789
0.123456,1,5.890123
-0.678901,0,3.890123
1.234567,1,7.012345
-1.5,0,2.901234
0.345678,1,6.123456
-0.123456,0,3.012345
1.345678,1,8.234567
-0.987654,0,2.123456
0.456789,1,5.345678
-0.789012,0,3.234567
1.5,1,9.456789
-0.56789,0,2.345678
0.678901,1,6.678901
-0.345678,0,3.456789
1.5,1,8.789012
-1.234567,0,2.56789
0.123456,1,5.890123
-0.678901,0,3.890123
1.234567,1,7.012345
-1.5,0,2.901234
0.345678,1,6.123456
-0.123456,0,3.012345
1.345678,1,8.234567
-0.987654,0,2.123456
0.456789,1,5.345678
-0.789012,0,3.234567
1.5,1,9.456789
-0.56789,0,2.345678
0.678901,1,6.678901
-0.345678,0,3.456789
1.5,1,8.789012
-1.234567,0,2.56789
0.123456,1,5.890123
-0.678901,0,3.890123
1.234567,1,7.012345
-1.5,0,2.901234
0.345678,1,6.123456
-0.123456,0,3.012345
1.345678,1,8.234567
-0.987654,0,2.123456
0.456789,1,5.345678
-0.789012,0,3.234567
1.5,1,9.456789
-0.56789,0,2.345678
0.678901,1,6.678901
-0.345678,0,3.456789
1.5,1,8.789012
-1.234567,0,2.56789
0.123456,1,5.890123
-0.678901,0,3.890123
1.234567,1,7.012345
-1.5,0,2.901234
0.345678,1,6.123456
-0.123456,0,3.012345
1.345678,1,8.234567
-0.987654,0,2.123456
0.456789,1,5.345678
-0.789012,0,3.234567
1.5,1,9.456789
-0.56789,0,2.345678
0.678901,1,6.678901
-0.345678,0,3.456789
1.5,1,8.789012
-1.234567,0,2.56789
0.123456,1,5.890123
-0.678901,0,3.890123
1.234567,1,7.012345
-1.5,0,2.901234
0.345678,1,6.123456
-0.123456,0,3.012345
1.345678,1,8.234567
-0.987654,0,2.123456
0.456789,1,5.345678
-0.789012,0,3.234567
1.5,1,9.456789
-0.56789,0,2.345678
0.678901,1,6.678901
-0.345678,0,3.456789
1.5,1,8.789012
-1.234567,0,2.56789
0.123456,1,5.890123
-0.678901,0,3.890123
1.234567,1,7.012345
-1.5,0,2.901234
0.345678,1,6.123456
-0.123456,0,3.012345
1.345678,1,8.234567
-0.987654,0,2.123456
0.456789,1,5.345678
-0.789012,0,3.234567
1.5,1,9.456789
-0.56789,0,2.345678
0.678901,1,6.678901
-0.345678,0,3.456789
1.5,1,8.789012
-1.234567,0,2.56789
0.123456,1,5.890123
-0.678901,0,3.890123
1.234567,1,7.012345
-1.5,0,2.901234
0.345678,1,6.123456
-0.123456,0,3.012345
1.345678,1,8.234567
-0.987654,0,2.123456
0.456789,1,5.345678
-0.789012,0,3.234567
1.5,1,9.456789
-0.56789,0,2.345678
0.678901,1,6.678901
-0.345678,0,3.456789
1.5,1,8.789012
-1.234567,0,2.56789
0.123456,1,5.890123
-0.678901,0,3.890123
1.234567,1,7.012345
-1.5,0,2.901234
0.345678,1,6.123456
-0.123456,0,3.012345
1.345678,1,8.234567
-0.987654,0,2.123456
0.456789,1,5.345678
-0.789012,0,3.234567
1.5,1,9.456789
-0.56789,0,2.345678
0.678901,1,6.678901
-0.345678,0,3.456789
1.5,1,8.789012
-1.234567,0,2.56789
0.123456,1,5.890123
-0.678901,0,3.890123
1.234567,1,7.012345
-1.5,0,2.901234
0.345678,1,6.123456
-0.123456,0,3.012345
1.345678,1,8.234567
-0.987654,0,2.123456
0.456789,1,5.345678
-0.789012,0,3.234567
1.5,1,9.456789
-0.56789,0,2.345678
0.678901,1,6.678901
-0.345678,0,3.456789
1.5,1,8.789012
-1.234567,0,2.56789
0.123456,1,5.890123
-0.678901,0,3.890123
1.234567,1,7.012345
-1.5,0,2.901234
0.345678,1,6.123456
-0.123456,0,3.012345
1.345678,1,8.234567
-0.987654,0,2.123456
0.456789,1,5.345678
-0.789012,0,3.234567
1.5,1,9.456789
-0.56789,0,2.345678
0.678901,1,6.678901
-0.345678,0,3.456789
1.5,1,8.789012
-1.234567,0,2.56789
0.123456,1,5.890123
-0.678901,0,3.890123
1.234567,1,7.012345
-1.5,0,2.901234
0.345678,1,6.123456
-0.123456,0,3.012345
1.345678,1,8.234567
-0.987654,0,2.0
-0.123456,0,3.456789
0.987654,1,7.123456
-1.234567,0,2.987654
1.345678,1,8.456789
0.456789,1,5.678901
-0.987654,0,3.234567
1.234567,1,6.789012
-0.56789,0,2.345678
0.678901,1,5.123456
-1.345678,0,2.456789
0.123456,1,4.678901
-0.234567,0,3.56789
1.456789,1,7.890123
-0.345678,0,2.678901
0.789012,1,5.456789
-1.456789,0,2.123456
1.5,1,8.234567
-0.678901,0,3.890123
0.345678,1,5.789012
-1.5,0,2.678901
1.5,1,7.123456
-0.789012,0,3.456789
0.234567,1,4.890123
-1.5,0,2.345678
1.5,1,8.56789
-0.890123,0,3.678901
0.345678,1,5.123456
-1.5,0,2.456789
1.5,1,7.890123
-0.901234,0,3.234567
0.456789,1,5.678901
-1.5,0,2.987654
1.5,1,8.456789
-0.123456,0,3.56789
0.56789,1,5.789012
-1.5,0,2.678901
1.012345,1,7.123456
-0.234567,0,3.890123
0.678901,1,5.456789
-1.012345,0,2.345678
1.123456,1,6.789012
-0.345678,0,3.234567
0.789012,1,5.678901
-1.123456,0,2.456789
1.234567,1,7.890123
-0.456789,0,3.678901
0.890123,1,5.123456
-1.234567,0,2.678901
1.345678,1,8.456789
-0.56789,0,3.456789
0.901234,1,4.890123
-1.345678,0,2.345678
1.456789,1,7.123456
-0.678901,0,3.890123
0.012345,1,5.678901
-1.456789,0,2.678901
1.5,1,8.234567
-0.789012,0,3.234567
0.123456,1,4.678901
-1.5,0,2.456789
1.5,1,7.890123
-0.890123,0,3.678901
0.234567,1,5.123456
-1.5,0,2.345678
1.5,1,8.56789
-0.901234,0,3.456789
0.345678,1,5.678901
-1.5,0,2.987654
1.5,1,7.123456
-0.123456,0,3.56789
0.456789,1,5.789012
-1.5,0,2.678901
1.5,1,8.456789
-0.234567,0,3.890123
0.56789,1,5.456789
-1.5,0,2.345678
1.012345,1,6.789012
-0.345678,0,3.234567
0.678901,1,5.678901
-1.012345,0,2.456789
1.123456,1,7.890123
-0.456789,0,3.678901
0.789012,1,5.123456
-1.123456,0,2.678901
1.234567,1,8.456789
-0.56789,0,3.456789
0.890123,1,4.890123
-1.234567,0,2.345678
1.345678,1,7.123456
-0.678901,0,3.890123
0.012345,1,5.678901
-1.345678,0,2.678901
1.456789,1,8.234567
-0.789012,0,3.234567
0.123456,1,4.678901
-1.456789,0,2.456789
1.5,1,7.890123
-0.890123,0,3.678901
0.234567,1,5.123456
-1.5,0,2.345678
1.5,1,8.56789
-0.901234,0,3.456789
0.345678,1,5.678901
-1.5,0,2.987654
1.5,1,7.123456
-0.123456,0,3.56789
0.456789,1,5.789012
-1.5,0,2.678901
1.5,1,8.456789
-0.234567,0,3.890123
0.56789,1,5.456789
-1.5,0,2.345678
1.012345,1,6.789012
-0.345678,0,3.234567
0.678901,1,5.678901
-1.012345,0,2.456789
1.123456,1,7.890123
-0.456789,0,3.678901
0.789012,1,5.123456
-1.123456,0,2.678901
1.234567,1,8.456789
-0.56789,0,3.456789
0.890123,1,4.890123
-1.234567,0,2.345678
1.345678,1,7.123456
-0.678901,0,3.890123
0.012345,1,5.678901
-1.345678,0,2.678901
1.456789,1,8.234567
-0.789012,0,3.234567
0.123456,1,4.678901
-1.456789,0,2.456789
1.5,1,7.890123
-0.890123,0,3.678901
0.234567,1,5.123456
-1.5,0,2.345678
1.5,1,8.56789
-0.901234,0,3.456789
0.345678,1,5.678901
-1.5,0,2.987654
1.5,1,7.123456
-0.123456,0,3.56789
0.456789,1,5.789012
-1.5,0,2.678901
1.5,1,8.456789
-0.234567,0,3.890123
0.56789,1,5.456789
-1.5,0,2.345678
1.012345,1,6.789012
-0.345678,0,3.234567
0.678901,1,5.678901
-1.012345,0,2.456789
1.123456,1,7.890123
-0.456789,0,3.678901
0.789012,1,5.123456
-1.123456,0,2.678901
1.234567,1,8.456789
-0.56789,0,3.456789
0.890123,1,4.890123
-1.234567,0,2.345678
1.345678,1,7.123456
-0.678901,0,3.890123
0.012345,1,5.678901
-1.345678,0,2.678901
1.456789,1,8.234567
-0.789012,0,3.234567
0.123456,1,4.678901
-1.456789,0,2.456789
1.5,1,7.890123
-0.890123,0,3.678901
0.234567,1,5.123456
-1.5,0,2.345678
1.5,1,8.56789
-0.901234,0,3.456789
0.345678,1,5.678901
-1.5,0,2.987654
1.5,1,7.123456
-0.123456,0,3.56789
0.456789,1,5.789012
-1.5,0,2.678901
1.5,1,8.456789
-0.234567,0,3.890123
0.56789,1,5.456789
-1.5,0,2.345678
1.012345,1,6.789012
-0.345678,0,3.234567
0.678901,1,5.678901
-1.012345,0,2.456789
1.123456,1,7.890123
-0.456789,0,3.678901
0.789012,1,5.123456
-1.123456,0,2.678901
1.234567,1,8.456789
-0.56789,0,3.456789
0.890123,1,4.890123
-1.234567,0,2.345678
1.345678,1,7.123456
-0.678901,0,3.890123
0.012345,1,5.678901
-1.345678,0,2.678901
1.456789,1,8.234567
-0.789012,0,3.234567
0.123456,1,4.678901
-1.456789,0,2.456789
1.5,1,7.890123
-0.890123,0,3.678901
0.234567,1,5.123456
-1.5,0,2.345678
1.5,1,8.56789
-0.901234,0,3.456789
0.345678,1,5.678901
-1.5,0,2.987654
1.5,1,7.123456
-0.123456,0,3.56789
0.456789,1,5.789012
-1.5,0,2.678901
1.5,1,8.456789
-0.234567,0,3.890123
0.56789,1,5.456789
-1.5,0,2.345678
1.012345,1,6.789012
-0.345678,0,3.234567
0.678901,1,5.678901
-1.012345,0,2.456789
1.123456,1,7.890123
-0.456789,0,3.678901
0.789012,1,5.123456
-1.123456,0,2.678901
1.234567,1,8.456789
-0.56789,0,3.456789
0.890123,1,4.890123
-1.234567,0,2.345678
1.345678,1,7.123456
-0.678901,0,3.890123
0.012345,1,5.678901
-1.345678,0,2.678901
1.456789,1,8.234567
-0.789012,0,3.234567
0.123456,1,4.678901
-1.456789,0,2.456789
1.5,1,7.890123
-0.890123,0,3.678901
0.234567,1,5.123456
-1.5,0,2.345678
1.5,1,8.56789
-0.901234,0,3.456789
0.345678,1,5.678901
-1.5,0,2.987654
1.5,1,7.123456
-0.123456,0,3.56789
0.456789,1,5.789012
-1.5,0,2.678901
1.5,1,8.456789
-0.234567,0,3.890123
0.56789,1,5.456789
-1.5,0,2.345678
1.012345,1,6.789012
-0.345678,0,3.234567
0.678901,1,5.678901
-1.012345,0,2.456789
1.123456,1,7.890123
-0.456789,0,3.678901
0.789012,1,5.123456
-1.123456,0,2.678901
1.234567,1,8.456789
-0.56789,0,3.456789
0.890123,1,4.890123
-1.234567,0,2.345678
1.345678,1,7.123456
-0.678901,0,3.890123
0.012345,1,5.678901
-1.345678,0,2.678901
1.456789,1,8.234567
-0.789012,0,3.234567
0.123456,1,4.678901
-1.456789,0,2.456789
1.5,1,7.890123
-0.890123,0,3.678901
0.234567,1,5.123456
-1.5,0,2.345678
1.5,1,8.56789
-0.901234,0,3.456789
0.345678,1,5.678901
-1.5,0,2.987654
1.5,1,7.123456
-0.123456,0,3.56789
0.456789,1,5.789012
-1.5,0,2.678901
1.5,1,8.456789
-0.234567,0,3.890123
0.56789,1,5.456789
-1.5,0,2.345678
1.012345,1,6.789012
-0.345678,0,3.234567
0.678901,1,5.678901
-1.012345,0,2.456789
1.123456,1,7.890123
-0.456789,0,3.678901
0.789012,1,5.123456
-1.123456,0,2.678901
1.234567,1,8.456789
-0.56789,0,3.456789
0.890123,1,4.890123
-1.234567,0,2.345678
1.345678,1,7.123456
-0.678901,0,3.890123
0.012345,1,5.678901
-1.345678,0,2.678901
1.456789,1,8.234567
-0.789012,0,3.234567
0.123456,1,4.678901
-1.456789,0,2.456789
1.5,1,7.890123
-0.890123,0,3.678901
0.234567,1,5.123456
-1.5,0,2.345678
1.5,1,8.56789
-0.901234,0,3.456789
0.345678,1,5.678901
-1.5,0,2.0
-0.123456,0,3.215678
0.987654,1,7.123456
-1.234567,0,1.987654
0.456789,1,5.678901
1.345678,1,8.234567
-0.987654,0,2.345678
0.234567,1,4.56789
-1.456789,0,0.987654
0.678901,1,6.789012
-0.345678,0,2.123456
1.234567,1,7.890123
-0.56789,0,2.456789
0.123456,1,4.890123
-1.345678,0,1.234567
0.789012,1,6.123456
-0.678901,0,2.789012
1.456789,1,8.56789
-0.234567,0,1.678901
0.345678,1,5.012345
-1.5,0,0.678901
0.56789,1,5.678901
1.234567,1,7.456789
-0.123456,0,2.345678
0.987654,1,6.789012
-0.456789,0,1.234567
0.678901,1,5.890123
-1.234567,0,0.987654
0.456789,1,4.56789
1.345678,1,8.123456
-0.987654,0,2.678901
0.234567,1,5.012345
-1.456789,0,1.345678
0.678901,1,6.234567
-0.345678,0,2.123456
1.234567,1,7.890123
-0.56789,0,1.678901
0.123456,1,4.890123
-1.345678,0,0.678901
0.789012,1,5.678901
-0.678901,0,2.789012
1.456789,1,8.56789
-0.234567,0,1.678901
0.345678,1,5.012345
-1.5,0,0.678901
0.56789,1,5.678901
1.234567,1,7.456789
-0.123456,0,2.345678
0.987654,1,6.789012
-0.456789,0,1.234567
0.678901,1,5.890123
-1.234567,0,0.987654
0.456789,1,4.56789
1.345678,1,8.123456
-0.987654,0,2.678901
0.234567,1,5.012345
-1.456789,0,1.345678
0.678901,1,6.234567
-0.345678,0,2.123456
1.234567,1,7.890123
-0.56789,0,1.678901
0.123456,1,4.890123
-1.345678,0,0.678901
0.789012,1,5.678901
-0.678901,0,2.789012
1.456789,1,8.56789
-0.234567,0,1.678901
0.345678,1,5.012345
-1.5,0,0.678901
0.56789,1,5.678901
1.234567,1,7.456789
-0.123456,0,2.345678
0.987654,1,6.789012
-0.456789,0,1.234567
0.678901,1,5.890123
-1.234567,0,0.987654
0.456789,1,4.56789
1.345678,1,8.123456
-0.987654,0,2.678901
0.234567,1,5.012345
-1.456789,0,1.345678
0.678901,1,6.234567
-0.345678,0,2.123456
1.234567,1,7.890123
-0.56789,0,1.678901
0.123456,1,4.890123
-1.345678,0,0.678901
0.789012,1,5.678901
-0.678901,0,2.789012
1.456789,1,8.56789
-0.234567,0,1.678901
0.345678,1,5.012345
-1.5,0,0.678901
0.56789,1,5.678901
1.234567,1,7.456789
-0.123456,0,2.345678
0.987654,1,6.789012
-0.456789,0,1.234567
0.678901,1,5.890123
-1.234567,0,0.987654
0.456789,1,4.56789
1.345678,1,8.123456
-0.987654,0,2.678901
0.234567,1,5.012345
-1.456789,0,1.345678
0.678901,1,6.234567
-0.345678,0,2.123456
1.234567,1,7.890123
-0.56789,0,1.678901
0.123456,1,4.890123
-1.345678,0,0.678901
0.789012,1,5.678901
-0.678901,0,2.789012
1.456789,1,8.56789
-0.234567,0,1.678901
0.345678,1,5.012345
-1.5,0,0.678901
0.56789,1,5.678901
1.234567,1,7.456789
-0.123456,0,2.345678
0.987654,1,6.789012
-0.456789,0,1.234567
0.678901,1,5.890123
-1.234567,0,0.987654
0.456789,1,4.56789
1.345678,1,8.123456
-0.987654,0,2.678901
0.234567,1,5.012345
-1.456789,0,1.345678
0.678901,1,6.234567
-0.345678,0,2.123456
1.234567,1,7.890123
-0.56789,0,1.678901
0.123456,1,4.890123
-1.345678,0,0.678901
0.789012,1,5.678901
-0.678901,0,2.789012
1.456789,1,8.56789
-0.234567,0,1.678901
0.345678,1,5.012345
-1.5,0,0.678901
0.56789,1,5.678901
1.234567,1,7.456789
-0.123456,0,2.345678
0.987654,1,6.789012
-0.456789,0,1.234567
0.678901,1,5.890123
-1.234567,0,0.987654
0.456789,1,4.56789
1.345678,1,8.123456
-0.987654,0,2.678901
0.234567,1,5.012345
-1.456789,0,1.345678
0.678901,1,6.234567
-0.345678,0,2.123456
1.234567,1,7.890123
-0.56789,0,1.678901
0.123456,1,4.890123
-1.345678,0,0.678901
0.789012,1,5.678901
-0.678901,0,2.789012
1.456789,1,8.56789
-0.234567,0,1.678901
0.345678,1,5.012345
-1.5,0,0.678901
0.56789,1,5.678901
1.234567,1,7.456789
-0.123456,0,2.345678
0.987654,1,6.789012
-0.456789,0,1.234567
0.678901,1,5.890123
-1.234567,0,0.987654
0.456789,1,4.56789
1.345678,1,8.123456
-0.987654,0,2.678901
0.234567,1,5.012345
-1.456789,0,1.345678
0.678901,1,6.234567
-0.345678,0,2.123456
1.234567,1,7.890123
-0.56789,0,1.678901
0.123456,1,4.890123
-1.345678,0,0.678901
0.789012,1,5.678901
-0.678901,0,2.789012
1.456789,1,8.56789
-0.234567,0,1.678901
0.345678,1,5.012345
-1.5,0,0.678901
0.56789,1,5.678901
1.234567,1,7.456789
-0.123456,0,2.345678
0.987654,1,6.789012
-0.456789,0,1.234567
0.678901,1,5.890123
-1.234567,0,0.987654
0.456789,1,4.56789
1.345678,1,8.123456
-0.987654,0,2.678901
0.234567,1,5.012345
-1.456789,0,1.345678
0.678901,1,6.234567
-0.345678,0,2.123456
1.234567,1,7.890123
-0.56789,0,1.678901
0.123456,1,4.890123
-1.345678,0,0.678901
0.789012,1,5.678901
-0.678901,0,2.789012
1.456789,1,8.56789
-0.234567,0,1.678901
0.345678,1,5.012345
-1.5,0,0.678901
0.56789,1,5.678901
1.234567,1,7.456789
-0.123456,0,2.345678
0.987654,1,6.789012
-0.456789,0,1.234567
0.678901,1,5.890123
-1.234567,0,0.987654
0.456789,1,4.56789
1.345678,1,8.123456
-0.987654,0,2.678901
0.234567,1,5.012345
-1.456789,0,1.345678
0.678901,1,6.234567
-0.345678,0,2.123456
1.234567,1,7.890123
-0.56789,0,1.678901
0.123456,1,4.890123
-1.345678,0,0.678901
0.789012,1,5.678901
-0.678901,0,2.789012
1.456789,1,8.56789
-0.234567,0,1.678901
0.345678,1,5.012345
-1.5,0,0.678901
0.56789,1,5.678901
1.234567,1,7.456789
-0.123456,0,2.345678
0.987654,1,6.789012
-0.456789,0,1.234567
0.678901,1,5.890123
-1.234567,0,0.987654
0.456789,1,4.56789
1.345678,1,8.123456
-0.987654,0,2.678901
0.234567,1,5.012345
-1.456789,0,1.345678
0.678901,1,6.234567
-0.345678,0,2.123456
1.234567,1,7.890123
-0.56789,0,1.678901
0.123456,1,4.890123
-1.345678,0,0.678901
0.789012,1,5.678901
-0.678901,0,2.789012
1.456789,1,8.56789
-0.234567,0,1.678901
0.345678,1,5.012345
-1.5,0,0.678901
0.56789,1,5.678901
1.234567,1,7.456789
-0.123456,0,2.345678
0.987654,1,6.789012
-0.456789,0,1.234567
0.678901,1,5.890123
-1.234567,0,0.987654
0.456789,1,4.56789
1.345678,1,8.123456
-0.987654,0,2.678901
0.234567,1,5.012345
-1.456789,0,1.345678
0.678901,1,6.234567
-0.345678,0,2.123456
1.234567,1,7.890123
-0.56789,0,1.678901
0.123456,1,4.890123
-1.345678,0,0.678901
0.789012,1,5.678901
-0.678901,0,2.789012
1.456789,1,8.56789
-0.234567,0,1.678901
0.345678,1,5.012345
-1.5,0,0.678901
0.56789,1,5.678901
1.234567,1,7.456789
-0.123456,0,2.345678
0.987654,1,6.789012
-0.456789,0,1.234567
0.678901,1,5.890123
-1.234567,0,0.987654
0.456789,1,4.56789
1.345678,1,8.123456
-0.987654,0,2.678901
0.234567,1,5.012345
-1.456789,0,1.345678
0.678901,1,6.234567
-0.345678,0,2.123456
1.234567,1,7.890123
-0.56789,0,1.678901
0.123456,1,4.890123
-1.345678,0,0.678901
0.789012,1,5.678901
-0.678901,0,2.789012
1.456789,1,8.56789
-0.234567,0,1.678901
0.345678,1,5.012345
-1.5,0,0.678901
0.56789,1,5.678901
1.234567,1,7.456789
-0.123456,0,2.345678
0.987654,1,6.789012
-0.456789,0,1.234567
0.678901,1,5.890123
-1.234567,0,0.987654
0.456789,1,4.56789
1.345678,1,8.123456
-0.987654,0,2.678901
0.234567,1,5.012345
-1.456789,0,1.345678
0.678901,1,6.0
-0.123456,0,3.456789
0.987654,1,7.123456
-1.234567,0,2.987654
0.54321,1,6.654321
1.345678,1,8.987654
-0.987654,0,3.123456
0.234567,1,5.987654
-0.345678,0,2.456789
1.234567,1,7.890123
-1.456789,0,2.345678
0.678901,1,6.54321
-0.56789,0,3.678901
0.456789,1,5.678901
-0.789012,0,2.56789
1.234567,1,8.123456
-0.234567,0,3.456789
0.345678,1,5.123456
-1.123456,0,2.678901
0.678901,1,6.789012
-0.456789,0,3.789012
1.5,1,9.123456
-0.678901,0,2.345678
0.789012,1,6.123456
-1.345678,0,2.456789
0.123456,1,5.987654
-0.890123,0,3.678901
1.234567,1,7.890123
-0.56789,0,2.345678
0.456789,1,5.678901
-1.234567,0,2.987654
0.678901,1,6.54321
-0.345678,0,3.456789
1.345678,1,8.987654
-0.123456,0,2.678901
0.987654,1,7.123456
-1.456789,0,2.345678
0.54321,1,6.654321
-0.789012,0,3.123456
1.234567,1,8.123456
-0.234567,0,2.678901
0.345678,1,5.123456
-1.123456,0,2.678901
0.678901,1,6.789012
-0.456789,0,3.789012
1.5,1,9.123456
-0.678901,0,2.345678
0.789012,1,6.123456
-1.345678,0,2.456789
0.123456,1,5.987654
-0.890123,0,3.678901
1.234567,1,7.890123
-0.56789,0,2.345678
0.456789,1,5.678901
-1.234567,0,2.987654
0.678901,1,6.54321
-0.345678,0,3.456789
1.345678,1,8.987654
-0.123456,0,2.678901
0.987654,1,7.123456
-1.456789,0,2.345678
0.54321,1,6.654321
-0.789012,0,3.123456
1.234567,1,8.123456
-0.234567,0,2.678901
0.345678,1,5.123456
-1.123456,0,2.678901
0.678901,1,6.789012
-0.456789,0,3.789012
1.5,1,9.123456
-0.678901,0,2.345678
0.789012,1,6.123456
-1.345678,0,2.456789
0.123456,1,5.987654
-0.890123,0,3.678901
1.234567,1,7.890123
-0.56789,0,2.345678
0.456789,1,5.678901
-1.234567,0,2.987654
0.678901,1,6.54321
-0.345678,0,3.456789
1.345678,1,8.987654
-0.123456,0,2.678901
0.987654,1,7.123456
-1.456789,0,2.345678
0.54321,1,6.654321
-0.789012,0,3.123456
1.234567,1,8.123456
-0.234567,0,2.678901
0.345678,1,5.123456
-1.123456,0,2.678901
0.678901,1,6.789012
-0.456789,0,3.789012
1.5,1,9.123456
-0.678901,0,2.345678
0.789012,1,6.123456
-1.345678,0,2.456789
0.123456,1,5.987654
-0.890123,0,3.678901
1.234567,1,7.890123
-0.56789,0,2.345678
0.456789,1,5.678901
-1.234567,0,2.987654
0.678901,1,6.54321
-0.345678,0,3.456789
1.345678,1,8.987654
-0.123456,0,2.678901
0.987654,1,7.123456
-1.456789,0,2.345678
0.54321,1,6.654321
-0.789012,0,3.123456
1.234567,1,8.123456
-0.234567,0,2.678901
0.345678,1,5.123456
-1.123456,0,2.678901
0.678901,1,6.789012
-0.456789,0,3.789012
1.5,1,9.123456
-0.678901,0,2.345678
0.789012,1,6.123456
-1.345678,0,2.456789
0.123456,1,5.987654
-0.890123,0,3.678901
1.234567,1,7.890123
-0.56789,0,2.345678
0.456789,1,5.678901
-1.234567,0,2.987654
0.678901,1,6.54321
-0.345678,0,3.456789
1.345678,1,8.987654
-0.123456,0,2.678901
0.987654,1,7.123456
-1.456789,0,2.345678
0.54321,1,6.654321
-0.789012,0,3.123456
1.234567,1,8.123456
-0.234567,0,2.678901
0.345678,1,5.123456
-1.123456,0,2.678901
0.678901,1,6.789012
-0.456789,0,3.789012
1.5,1,9.123456
-0.678901,0,2.345678
0.789012,1,6.123456
-1.345678,0,2.456789
0.123456,1,5.987654
-0.890123,0,3.678901
1.234567,1,7.890123
-0.56789,0,2.345678
0.456789,1,5.678901
-1.234567,0,2.987654
0.678901,1,6.54321
-0.345678,0,3.456789
1.345678,1,8.987654
-0.123456,0,2.678901
0.987654,1,7.123456
-1.456789,0,2.345678
0.54321,1,6.654321
-0.789012,0,3.123456
1.234567,1,8.123456
-0.234567,0,2.678901
0.345678,1,5.123456
-1.123456,0,2.678901
0.678901,1,6.789012
-0.456789,0,3.789012
1.5,1,9.123456
-0.678901,0,2.345678
0.789012,1,6.123456
-1.345678,0,2.456789
0.123456,1,5.987654
-0.890123,0,3.678901
1.234567,1,7.890123
-0.56789,0,2.345678
0.456789,1,5.678901
-1.234567,0,2.987654
0.678901,1,6.54321
-0.345678,0,3.456789
1.345678,1,8.987654
-0.123456,0,2.678901
0.987654,1,7.123456
-1.456789,0,2.345678
0.54321,1,6.654321
-0.789012,0,3.123456
1.234567,1,8.123456
-0.234567,0,2.678901
0.345678,1,5.123456
-1.123456,0,2.678901
0.678901,1,6.789012
-0.456789,0,3.789012
1.5,1,9.123456
-0.678901,0,2.345678
0.789012,1,6.123456
-1.345678,0,2.456789
0.123456,1,5.987654
-0.890123,0,3.678901
1.234567,1,7.890123
-0.56789,0,2.345678
0.456789,1,5.678901
-1.234567,0,2.987654
0.678901,1,6.54321
-0.345678,0,3.456789
1.345678,1,8.987654
-0.123456,0,2.678901
0.987654,1,7.123456
-1.456789,0,2.345678
0.54321,1,6.654321
-0.789012,0,3.123456
1.234567,1,8.123456
-0.234567,0,2.678901
0.345678,1,5.123456
-1.123456,0,2.678901
0.678901,1,6.789012
-0.456789,0,3.789012
1.5,1,9.123456
-0.678901,0,2.345678
0.789012,1,6.123456
-1.345678,0,2.456789
0.123456,1,5.987654
-0.890123,0,3.678901
1.234567,1,7.890123
-0.56789,0,2.345678
0.456789,1,5.678901
-1.234567,0,2.987654
0.678901,1,6.54321
-0.345678,0,3.456789
1.345678,1,8.987654
-0.123456,0,2.678901
0.987654,1,7.123456
-1.456789,0,2.345678
0.54321,1,6.654321
-0.789012,0,3.123456
1.234567,1,8.123456
-0.234567,0,2.678901
0.345678,1,5.123456
-1.123456,0,2.678901
0.678901,1,6.789012
-0.456789,0,3.789012
1.5,1,9.123456
-0.678901,0,2.345678
0.789012,1,6.123456
-1.345678,0,2.456789
0.123456,1,5.987654
-0.890123,0,3.678901
1.234567,1,7.890123
-0.56789,0,2.345678
0.456789,1,5.678901
-1.234567,0,2.987654
0.678901,1,6.54321
-0.345678,0,3.456789
1.345678,1,8.987654
-0.123456,0,2.678901
0.987654,1,7.123456
-1.456789,0,2.345678
0.54321,1,6.654321
-0.789012,0,3.123456
1.234567,1,8.123456
-0.234567,0,2.678901
0.345678,1,5.123456
-1.123456,0,2.678901
0.678901,1,6.789012
-0.456789,0,3.789012
1.5,1,9.123456
-0.678901,0,2.345678
0.789012,1,6.123456
-1.345678,0,2.456789
0.123456,1,5.987654
-0.890123,0,3.678901
1.234567,1,7.890123
-0.56789,0,2.345678
0.456789,1,5.678901
-1.234567,0,2.987654
0.678901,1,6.54321
-0.345678,0,3.456789
1.345678,1,8.987654
-0.123456,0,2.678901
0.987654,1,7.123456
-1.456789,0,2.345678
0.54321,1,6.654321
-0.789012,0,3.123456
1.234567,1,8.123456
-0.234567,0,2.678901
0.345678,1,5.123456
-1.123456,0,2.678901
0.678901,1,6.789012
-0.456789,0,3.789012
1.5,1,9.123456
-0.678901,0,2.345678
0.789012,1,6.123456
-1.345678,0,2.456789
0.123456,1,5.987654
-0.890123,0,3.678901
1.234567,1,7.890123
-0.56789,0,2.345678
0.456789,1,5.678901
-1.234567,0,2.987654
0.678901,1,6.54321
-0.345678,0,3.456789
1.345678,1,8.987654
-0.123456,0,2.678901
0.987654,1,7.123456
-1.456789,0,2.345678
0.54321,1,6.654321
-0.789012,0,3.123456
1.234567,1,8.123456
-0.234567,0,2.678901
0.345678,1,5.123456
-1.123456,0,2.678901
0.678901,1,6.789012
-0.456789,0,3.789012
1.5,1,9.123456
-0.678901,0,2.345678
0.789012,1,6.123456
-1.345678,0,2.456789
0.123456,1,5.987654
-0.890123,0,3.678901
1.234567,1,7.890123
-0.56789,0,2.345678
0.456789,1,5.678901
-1.234567,0,2.987654
0.678901,1,6.54321
-0.345678,0,3.0
-0.123456,0,3.456789
0.987654,1,5.123456
-1.234567,0,2.987654
1.345678,1,6.234567
0.456789,1,4.56789
-0.987654,0,3.123456
1.234567,1,5.678901
-0.345678,0,2.345678
0.678901,1,4.890123
-1.456789,0,2.678901
0.234567,1,4.123456
1.5,1,6.789012
-0.678901,0,3.456789
0.123456,1,4.56789
-1.345678,0,2.456789
1.234567,1,5.678901
-0.456789,0,3.123456
0.987654,1,5.234567
-1.234567,0,2.987654
1.345678,1,6.123456
0.456789,1,4.56789
-0.987654,0,3.123456
1.234567,1,5.678901
-0.345678,0,2.345678
0.678901,1,4.890123
-1.456789,0,2.678901
0.234567,1,4.123456
1.5,1,6.789012
-0.678901,0,3.456789
0.123456,1,4.56789
-1.345678,0,2.456789
1.234567,1,5.678901
-0.456789,0,3.123456
0.987654,1,5.234567
-1.234567,0,2.987654
1.345678,1,6.123456
0.456789,1,4.56789
-0.987654,0,3.123456
1.234567,1,5.678901
-0.345678,0,2.345678
0.678901,1,4.890123
-1.456789,0,2.678901
0.234567,1,4.123456
1.5,1,6.789012
-0.678901,0,3.456789
0.123456,1,4.56789
-1.345678,0,2.456789
1.234567,1,5.678901
-0.456789,0,3.123456
0.987654,1,5.234567
-1.234567,0,2.987654
1.345678,1,6.123456
0.456789,1,4.56789
-0.987654,0,3.123456
1.234567,1,5.678901
-0.345678,0,2.345678
0.678901,1,4.890123
-1.456789,0,2.678901
0.234567,1,4.123456
1.5,1,6.789012
-0.678901,0,3.456789
0.123456,1,4.56789
-1.345678,0,2.456789
1.234567,1,5.678901
-0.456789,0,3.123456
0.987654,1,5.234567
-1.234567,0,2.987654
1.345678,1,6.123456
0.456789,1,4.56789
-0.987654,0,3.123456
1.234567,1,5.678901
-0.345678,0,2.345678
0.678901,1,4.890123
-1.456789,0,2.678901
0.234567,1,4.123456
1.5,1,6.789012
-0.678901,0,3.456789
0.123456,1,4.56789
-1.345678,0,2.456789
1.234567,1,5.678901
-0.456789,0,3.123456
0.987654,1,5.234567
-1.234567,0,2.987654
1.345678,1,6.123456
0.456789,1,4.56789
-0.987654,0,3.123456
1.234567,1,5.678901
-0.345678,0,2.345678
0.678901,1,4.890123
-1.456789,0,2.678901
0.234567,1,4.123456
1.5,1,6.789012
-0.678901,0,3.456789
0.123456,1,4.56789
-1.345678,0,2.456789
1.234567,1,5.678901
-0.456789,0,3.123456
0.987654,1,5.234567
-1.234567,0,2.987654
1.345678,1,6.123456
0.456789,1,4.56789
-0.987654,0,3.123456
1.234567,1,5.678901
-0.345678,0,2.345678
0.678901,1,4.890123
-1.456789,0,2.678901
0.234567,1,4.123456
1.5,1,6.789012
-0.678901,0,3.456789
0.123456,1,4.56789
-1.345678,0,2.456789
1.234567,1,5.678901
-0.456789,0,3.123456
0.987654,1,5.234567
-1.234567,0,2.987654
1.345678,1,6.123456
0.456789,1,4.56789
-0.987654,0,3.123456
1.234567,1,5.678901
-0.345678,0,2.345678
0.678901,1,4.890123
-1.456789,0,2.678901
0.234567,1,4.123456
1.5,1,6.789012
-0.678901,0,3.456789
0.123456,1,4.56789
-1.345678,0,2.456789
1.234567,1,5.678901
-0.456789,0,3.123456
0.987654,1,5.234567
-1.234567,0,2.987654
1.345678,1,6.123456
0.456789,1,4.56789
-0.987654,0,3.123456
1.234567,1,5.678901
-0.345678,0,2.345678
0.678901,1,4.890123
-1.456789,0,2.678901
0.234567,1,4.123456
1.5,1,6.789012
-0.678901,0,3.456789
0.123456,1,4.56789
-1.345678,0,2.456789
1.234567,1,5.678901
-0.456789,0,3.123456
0.987654,1,5.234567
-1.234567,0,2.987654
1.345678,1,6.123456
0.456789,1,4.56789
-0.987654,0,3.123456
1.234567,1,5.678901
-0.345678,0,2.345678
0.678901,1,4.890123
-1.456789,0,2.678901
0.234567,1,4.123456
1.5,1,6.789012
-0.678901,0,3.456789
0.123456,1,4.56789
-1.345678,0,2.456789
1.234567,1,5.678901
-0.456789,0,3.123456
0.987654,1,5.234567
-1.234567,0,2.987654
1.345678,1,6.123456
0.456789,1,4.56789
-0.987654,0,3.123456
1.234567,1,5.678901
-0.345678,0,2.345678
0.678901,1,4.890123
-1.456789,0,2.678901
0.234567,1,4.123456
1.5,1,6.789012
-0.678901,0,3.456789
0.123456,1,4.56789
-1.345678,0,2.456789
1.234567,1,5.678901
-0.456789,0,3.123456
0.987654,1,5.234567
-1.234567,0,2.987654
1.345678,1,6.123456
0.456789,1,4.56789
-0.987654,0,3.123456
1.234567,1,5.678901
-0.345678,0,2.345678
0.678901,1,4.890123
-1.456789,0,2.678901
0.234567,1,4.123456
1.5,1,6.789012
-0.678901,0,3.456789
0.123456,1,4.56789
-1.345678,0,2.456789
1.234567,1,5.678901
-0.456789,0,3.123456
0.987654,1,5.234567
-1.234567,0,2.987654
1.345678,1,6.123456
0.456789,1,4.56789
-0.987654,0,3.123456
1.234567,1,5.678901
-0.345678,0,2.345678
0.678901,1,4.890123
-1.456789,0,2.678901
0.234567,1,4.123456
1.5,1,6.789012
-0.678901,0,3.456789
0.123456,1,4.56789
-1.345678,0,2.456789
1.234567,1,5.678901
-0.456789,0,3.123456
0.987654,1,5.234567
-1.234567,0,2.987654
1.345678,1,6.123456
0.456789,1,4.56789
-0.987654,0,3.123456
1.234567,1,5.678901
-0.345678,0,2.345678
0.678901,1,4.890123
-1.456789,0,2.678901
0.234567,1,4.123456
1.5,1,6.789012
-0.678901,0,3.456789
0.123456,1,4.56789
-1.345678,0,2.456789
1.234567,1,5.678901
-0.456789,0,3.123456
0.987654,1,5.234567
-1.234567,0,2.987654
1.345678,1,6.123456
0.456789,1,4.56789
-0.987654,0,3.123456
1.234567,1,5.678901
-0.345678,0,2.345678
0.678901,1,4.890123
-1.456789,0,2.678901
0.234567,1,4.123456
1.5,1,6.789012
-0.678901,0,3.456789
0.123456,1,4.56789
-1.345678,0,2.456789
1.234567,1,5.678901
-0.456789,0,3.123456
0.987654,1,5.234567
-1.234567,0,2.987654
1.345678,1,6.123456
0.456789,1,4.56789
-0.987654,0,3.123456
1.234567,1,5.678901
-0.345678,0,2.345678
0.678901,1,4.890123
-1.456789,0,2.678901
0.234567,1,4.123456
1.5,1,6.789012
-0.678901,0,3.456789
0.123456,1,4.56789
-1.345678,0,2.456789
1.234567,1,5.678901
-0.456789,0,3.123456
0.987654,1,5.234567
-1.234567,0,2.987654
1.345678,1,6.123456
0.456789,1,4.56789
-0.987654,0,3.123456
1.234567,1,5.678901
-0.345678,0,2.345678
0.678901,1,4.890123
-1.456789,0,2.678901
0.234567,1,4.123456
1.5,1,6.789012
-0.678901,0,3.456789
0.123456,1,4.56789
-1.345678,0,2.456789
1.234567,1,5.678901
-0.456789,0,3.123456
0.987654,1,5.234567
-1.234567,0,2.987654
1.345678,1,6.123456
0.456789,1,4.56789
-0.987654,0,3.123456
1.234567,1,5.678901
-0.345678,0,2.345678
0.678901,1,4.890123
-1.456789,0,2.678901
0.234567,1,4.123456
1.5,1,6.789012
-0.678901,0,3.456789
0.123456,1,4.56789
-1.345678,0,2.456789
1.234567,1,5.678901
-0.456789,0,3.123456
0.987654,1,5.234567
-1.234567,0,2.987654
1.345678,1,6.123456
0.456789,1,4.56789
-0.987654,0,3.123456
1.234567,1,5.678901
-0.345678,0,2.345678
0.678901,1,4.890123
-1.456789,0,2.678901
0.234567,1,4.123456
1.5,1,6.789012
-0.678901,0,3.456789
0.123456,1,4.56789
-1.345678,0,2.456789
1.234567,1,5.678901
-0.456789,0,3.123456
0.987654,1,5.234567
-1.234567,0,2.987654
1.345678,1,6.123456
0.456789,1,4.56789
-0.987654,0,3.123456
1.234567,1,5.678901
-0.345678,0,2.345678
0.678901,1,4.890123
-1.456789,0,2.678901
0.234567,1,4.123456
1.5,1,6.789012
-0.678901,0,3.456789
0.123456,1,4.56789
-1.345678,0,2.456789
1.234567,1,5.678901
-0.456789,0,3.123456
-0.123456,0,3.456789
0.987654,1,5.123456
-1.234567,0,2.345678
0.456789,1,4.56789
1.345678,1,6.789012
-0.987654,0,3.234567
0.234567,1,4.345678
-0.56789,0,2.456789
1.234567,1,5.678901
-1.345678,0,2.56789
0.678901,1,4.789012
-0.345678,0,3.123456
1.456789,1,6.123456
-0.789012,0,2.678901
0.123456,1,4.56789
-1.456789,0,2.345678
0.345678,1,4.678901
1.5,1,6.789012
-0.234567,0,3.456789
0.56789,1,5.123456
-0.678901,0,2.456789
1.5,1,7.012345
-1.5,0,2.678901
0.789012,1,5.345678
-0.123456,0,3.789012
1.234567,1,6.456789
-0.456789,0,2.345678
0.987654,1,5.678901
-1.234567,0,2.56789
0.456789,1,4.789012
1.345678,1,6.123456
-0.987654,0,3.234567
0.234567,1,4.345678
-0.56789,0,2.456789
1.234567,1,5.678901
-1.345678,0,2.56789
0.678901,1,4.789012
-0.345678,0,3.123456
1.456789,1,6.123456
-0.789012,0,2.678901
0.123456,1,4.56789
-1.456789,0,2.345678
0.345678,1,4.678901
1.5,1,6.789012
-0.234567,0,3.456789
0.56789,1,5.123456
-0.678901,0,2.456789
1.5,1,7.012345
-1.5,0,2.678901
0.789012,1,5.345678
-0.123456,0,3.789012
1.234567,1,6.456789
-0.456789,0,2.345678
0.987654,1,5.678901
-1.234567,0,2.56789
0.456789,1,4.789012
1.345678,1,6.123456
-0.987654,0,3.234567
0.234567,1,4.345678
-0.56789,0,2.456789
1.234567,1,5.678901
-1.345678,0,2.56789
0.678901,1,4.789012
-0.345678,0,3.123456
1.456789,1,6.123456
-0.789012,0,2.678901
0.123456,1,4.56789
-1.456789,0,2.345678
0.345678,1,4.678901
1.5,1,6.789012
-0.234567,0,3.456789
0.56789,1,5.123456
-0.678901,0,2.456789
1.5,1,7.012345
-1.5,0,2.678901
0.789012,1,5.345678
-0.123456,0,3.789012
1.234567,1,6.456789
-0.456789,0,2.345678
0.987654,1,5.678901
-1.234567,0,2.56789
0.456789,1,4.789012
1.345678,1,6.123456
-0.987654,0,3.234567
0.234567,1,4.345678
-0.56789,0,2.456789
1.234567,1,5.678901
-1.345678,0,2.56789
0.678901,1,4.789012
-0.345678,0,3.123456
1.456789,1,6.123456
-0.789012,0,2.678901
0.123456,1,4.56789
-1.456789,0,2.345678
0.345678,1,4.678901
1.5,1,6.789012
-0.234567,0,3.456789
0.56789,1,5.123456
-0.678901,0,2.456789
1.5,1,7.012345
-1.5,0,2.678901
0.789012,1,5.345678
-0.123456,0,3.789012
1.234567,1,6.456789
-0.456789,0,2.345678
0.987654,1,5.678901
-1.234567,0,2.56789
0.456789,1,4.789012
1.345678,1,6.123456
-0.987654,0,3.234567
0.234567,1,4.345678
-0.56789,0,2.456789
1.234567,1,5.678901
-1.345678,0,2.56789
0.678901,1,4.789012
-0.345678,0,3.123456
1.456789,1,6.123456
-0.789012,0,2.678901
0.123456,1,4.56789
-1.456789,0,2.345678
0.345678,1,4.678901
1.5,1,6.789012
-0.234567,0,3.456789
0.56789,1,5.123456
-0.678901,0,2.456789
1.5,1,7.012345
-1.5,0,2.678901
0.789012,1,5.345678
-0.123456,0,3.789012
1.234567,1,6.456789
-0.456789,0,2.345678
0.987654,1,5.678901
-1.234567,0,2.56789
0.456789,1,4.789012
1.345678,1,6.123456
-0.987654,0,3.234567
0.234567,1,4.345678
-0.56789,0,2.456789
1.234567,1,5.678901
-1.345678,0,2.56789
0.678901,1,4.789012
-0.345678,0,3.123456
1.456789,1,6.123456
-0.789012,0,2.678901
0.123456,1,4.56789
-1.456789,0,2.345678
0.345678,1,4.678901
1.5,1,6.789012
-0.234567,0,3.456789
0.56789,1,5.123456
-0.678901,0,2.456789
1.5,1,7.012345
-1.5,0,2.678901
0.789012,1,5.345678
-0.123456,0,3.789012
1.234567,1,6.456789
-0.456789,0,2.345678
0.987654,1,5.678901
-1.234567,0,2.56789
0.456789,1,4.789012
1.345678,1,6.123456
-0.987654,0,3.234567
0.234567,1,4.345678
-0.56789,0,2.456789
1.234567,1,5.678901
-1.345678,0,2.56789
0.678901,1,4.789012
-0.345678,0,3.123456
1.456789,1,6.123456
-0.789012,0,2.678901
0.123456,1,4.56789
-1.456789,0,2.345678
0.345678,1,4.678901
1.5,1,6.789012
-0.234567,0,3.456789
0.56789,1,5.123456
-0.678901,0,2.456789
1.5,1,7.012345
-1.5,0,2.678901
0.789012,1,5.345678
-0.123456,0,3.789012
1.234567,1,6.456789
-0.456789,0,2.345678
0.987654,1,5.678901
-1.234567,0,2.56789
0.456789,1,4.789012
1.345678,1,6.123456
-0.987654,0,3.234567
0.234567,1,4.345678
-0.56789,0,2.456789
1.234567,1,5.678901
-1.345678,0,2.56789
0.678901,1,4.789012
-0.345678,0,3.123456
1.456789,1,6.123456
-0.789012,0,2.678901
0.123456,1,4.56789
-1.456789,0,2.345678
0.345678,1,4.678901
1.5,1,6.789012
-0.234567,0,3.456789
0.56789,1,5.123456
-0.678901,0,2.456789
1.5,1,7.012345
-1.5,0,2.678901
0.789012,1,5.345678
-0.123456,0,3.789012
1.234567,1,6.456789
-0.456789,0,2.345678
0.987654,1,5.678901
-1.234567,0,2.56789
0.456789,1,4.789012
1.345678,1,6.123456
-0.987654,0,3.234567
0.234567,1,4.345678
-0.56789,0,2.456789
1.234567,1,5.678901
-1.345678,0,2.56789
0.678901,1,4.789012
-0.345678,0,3.123456
1.456789,1,6.123456
-0.789012,0,2.678901
0.123456,1,4.56789
-1.456789,0,2.345678
0.345678,1,4.678901
1.5,1,6.789012
-0.234567,0,3.456789
0.56789,1,5.123456
-0.678901,0,2.456789
1.5,1,7.012345
-1.5,0,2.678901
0.789012,1,5.345678
-0.123456,0,3.789012
1.234567,1,6.456789
-0.456789,0,2.345678
0.987654,1,5.678901
-1.234567,0,2.56789
0.456789,1,4.789012
1.345678,1,6.123456
-0.987654,0,3.234567
0.234567,1,4.345678
-0.56789,0,2.456789
1.234567,1,5.678901
-1.345678,0,2.56789
0.678901,1,4.789012
-0.345678,0,3.123456
1.456789,1,6.123456
-0.789012,0,2.678901
0.123456,1,4.56789
-1.456789,0,2.345678
0.345678,1,4.678901
1.5,1,6.789012
-0.234567,0,3.456789
0.56789,1,5.123456
-0.678901,0,2.456789
1.5,1,7.012345
-1.5,0,2.678901
0.789012,1,5.345678
-0.123456,0,3.789012
1.234567,1,6.456789
-0.456789,0,2.345678
0.987654,1,5.678901
-1.234567,0,2.56789
0.456789,1,4.789012
1.345678,1,6.123456
-0.987654,0,3.234567
0.234567,1,4.345678
-0.56789,0,2.456789
1.234567,1,5.678901
-1.345678,0,2.56789
0.678901,1,4.789012
-0.345678,0,3.123456
1.456789,1,6.123456
-0.789012,0,2.678901
0.123456,1,4.56789
-1.456789,0,2.345678
0.345678,1,4.678901
1.5,1,6.789012
-0.234567,0,3.456789
0.56789,1,5.123456
-0.678901,0,2.456789
1.5,1,7.012345
-1.5,0,2.678901
0.789012,1,5.345678
-0.123456,0,3.789012
1.234567,1,6.456789
-0.456789,0,2.345678
0.987654,1,5.678901
-1.234567,0,2.56789
0.456789,1,4.789012
1.345678,1,6.123456
-0.987654,0,3.234567
0.234567,1,4.345678
-0.56789,0,2.456789
1.234567,1,5.678901
-1.345678,0,2.56789
0.678901,1,4.789012
-0.345678,0,3.123456
1.456789,1,6.123456
-0.789012,0,2.678901
0.123456,1,4.56789
-1.456789,0,2.345678
0.345678,1,4.678901
1.5,1,6.789012
-0.234567,0,3.456789
0.56789,1,5.123456
-0.678901,0,2.456789
1.5,1,7.012345
-1.5,0,2.678901
0.789012,1,5.345678
-0.123456,0,3.789012
1.234567,1,6.456789
-0.456789,0,2.345678
0.987654,1,5.678901
-1.234567,0,2.56789
0.456789,1,4.789012
1.345678,1,6.123456
-0.987654,0,3.234567
0.234567,1,4.345678
-0.56789,0,2.456789
1.234567,1,5.0
-0.123456,0,2.345678
0.987654,1,5.123456
-1.234567,0,1.987654
0.456789,1,4.56789
1.345678,1,6.234567
-0.987654,0,2.456789
0.234567,1,3.987654
-1.345678,0,1.678901
0.678901,1,5.678901
-0.56789,0,2.123456
1.234567,1,6.789012
-0.345678,0,2.345678
0.123456,1,4.123456
-1.456789,0,1.234567
0.789012,1,5.345678
-0.678901,0,2.456789
1.456789,1,6.456789
-0.234567,0,1.678901
0.345678,1,4.56789
-1.5,0,1.890123
0.56789,1,5.678901
-0.789012,0,2.345678
1.5,1,6.789012
-0.123456,0,1.234567
0.987654,1,5.123456
-1.234567,0,2.456789
0.456789,1,4.56789
1.345678,1,6.234567
-0.987654,0,1.678901
0.234567,1,3.987654
-1.345678,0,2.123456
0.678901,1,5.678901
-0.56789,0,1.890123
1.234567,1,6.456789
-0.345678,0,2.345678
0.123456,1,4.123456
-1.456789,0,1.234567
0.789012,1,5.345678
-0.678901,0,2.456789
1.456789,1,6.789012
-0.234567,0,1.678901
0.345678,1,4.56789
-1.5,0,1.890123
0.56789,1,5.678901
-0.789012,0,2.345678
1.5,1,6.789012
-0.123456,0,1.234567
0.987654,1,5.123456
-1.234567,0,2.456789
0.456789,1,4.56789
1.345678,1,6.234567
-0.987654,0,1.678901
0.234567,1,3.987654
-1.345678,0,2.123456
0.678901,1,5.678901
-0.56789,0,1.890123
1.234567,1,6.456789
-0.345678,0,2.345678
0.123456,1,4.123456
-1.456789,0,1.234567
0.789012,1,5.345678
-0.678901,0,2.456789
1.456789,1,6.789012
-0.234567,0,1.678901
0.345678,1,4.56789
-1.5,0,1.890123
0.56789,1,5.678901
-0.789012,0,2.345678
1.5,1,6.789012
-0.123456,0,1.234567
0.987654,1,5.123456
-1.234567,0,2.456789
0.456789,1,4.56789
1.345678,1,6.234567
-0.987654,0,1.678901
0.234567,1,3.987654
-1.345678,0,2.123456
0.678901,1,5.678901
-0.56789,0,1.890123
1.234567,1,6.456789
-0.345678,0,2.345678
0.123456,1,4.123456
-1.456789,0,1.234567
0.789012,1,5.345678
-0.678901,0,2.456789
1.456789,1,6.789012
-0.234567,0,1.678901
0.345678,1,4.56789
-1.5,0,1.890123
0.56789,1,5.678901
-0.789012,0,2.345678
1.5,1,6.789012
-0.123456,0,1.234567
0.987654,1,5.123456
-1.234567,0,2.456789
0.456789,1,4.56789
1.345678,1,6.234567
-0.987654,0,1.678901
0.234567,1,3.987654
-1.345678,0,2.123456
0.678901,1,5.678901
-0.56789,0,1.890123
1.234567,1,6.456789
-0.345678,0,2.345678
0.123456,1,4.123456
-1.456789,0,1.234567
0.789012,1,5.345678
-0.678901,0,2.456789
1.456789,1,6.789012
-0.234567,0,1.678901
0.345678,1,4.56789
-1.5,0,1.890123
0.56789,1,5.678901
-0.789012,0,2.345678
1.5,1,6.789012
-0.123456,0,1.234567
0.987654,1,5.123456
-1.234567,0,2.456789
0.456789,1,4.56789
1.345678,1,6.234567
-0.987654,0,1.678901
0.234567,1,3.987654
-1.345678,0,2.123456
0.678901,1,5.678901
-0.56789,0,1.890123
1.234567,1,6.456789
-0.345678,0,2.345678
0.123456,1,4.123456
-1.456789,0,1.234567
0.789012,1,5.345678
-0.678901,0,2.456789
1.456789,1,6.789012
-0.234567,0,1.678901
0.345678,1,4.56789
-1.5,0,1.890123
0.56789,1,5.678901
-0.789012,0,2.345678
1.5,1,6.789012
-0.123456,0,1.234567
0.987654,1,5.123456
-1.234567,0,2.456789
0.456789,1,4.56789
1.345678,1,6.234567
-0.987654,0,1.678901
0.234567,1,3.987654
-1.345678,0,2.123456
0.678901,1,5.678901
-0.56789,0,1.890123
1.234567,1,6.456789
-0.345678,0,2.345678
0.123456,1,4.123456
-1.456789,0,1.234567
0.789012,1,5.345678
-0.678901,0,2.456789
1.456789,1,6.789012
-0.234567,0,1.678901
0.345678,1,4.56789
-1.5,0,1.890123
0.56789,1,5.678901
-0.789012,0,2.345678
1.5,1,6.789012
-0.123456,0,1.234567
0.987654,1,5.123456
-1.234567,0,2.456789
0.456789,1,4.56789
1.345678,1,6.234567
-0.987654,0,1.678901
0.234567,1,3.987654
-1.345678,0,2.123456
0.678901,1,5.678901
-0.56789,0,1.890123
1.234567,1,6.456789
-0.345678,0,2.345678
0.123456,1,4.123456
-1.456789,0,1.234567
0.789012,1,5.345678
-0.678901,0,2.456789
1.456789,1,6.789012
-0.234567,0,1.678901
0.345678,1,4.56789
-1.5,0,1.890123
0.56789,1,5.678901
-0.789012,0,2.345678
1.5,1,6.789012
-0.123456,0,1.234567
0.987654,1,5.123456
-1.234567,0,2.456789
0.456789,1,4.56789
1.345678,1,6.234567
-0.987654,0,1.678901
0.234567,1,3.987654
-1.345678,0,2.123456
0.678901,1,5.678901
-0.56789,0,1.890123
1.234567,1,6.456789
-0.345678,0,2.345678
0.123456,1,4.123456
-1.456789,0,1.234567
0.789012,1,5.345678
-0.678901,0,2.456789
1.456789,1,6.789012
-0.234567,0,1.678901
0.345678,1,4.56789
-1.5,0,1.890123
0.56789,1,5.678901
-0.789012,0,2.345678
1.5,1,6.789012
-0.123456,0,1.234567
0.987654,1,5.123456
-1.234567,0,2.456789
0.456789,1,4.56789
1.345678,1,6.234567
-0.987654,0,1.678901
0.234567,1,3.987654
-1.345678,0,2.123456
0.678901,1,5.678901
-0.56789,0,1.890123
1.234567,1,6.456789
-0.345678,0,2.345678
0.123456,1,4.123456
-1.456789,0,1.234567
0.789012,1,5.345678
-0.678901,0,2.456789
1.456789,1,6.789012
-0.234567,0,1.678901
0.345678,1,4.56789
-1.5,0,1.890123
0.56789,1,5.678901
-0.789012,0,2.345678
1.5,1,6.789012
-0.123456,0,1.234567
0.987654,1,5.123456
-1.234567,0,2.456789
0.456789,1,4.56789
1.345678,1,6.234567
-0.987654,0,1.678901
0.234567,1,3.987654
-1.345678,0,2.123456
0.678901,1,5.678901
-0.56789,0,1.890123
1.234567,1,6.456789
-0.345678,0,2.345678
0.123456,1,4.123456
-1.456789,0,1.234567
0.789012,1,5.345678
-0.678901,0,2.456789
1.456789,1,6.789012
-0.234567,0,1.678901
0.345678,1,4.56789
-1.5,0,1.890123
0.56789,1,5.678901
-0.789012,0,2.345678
1.5,1,6.789012
-0.123456,0,1.234567
0.987654,1,5.123456
-1.234567,0,2.456789
0.456789,1,4.56789
1.345678,1,6.234567
-0.987654,0,1.678901
0.234567,1,3.987654
-1.345678,0,2.123456
0.678901,1,5.678901
-0.56789,0,1.890123
1.234567,1,6.456789
-0.345678,0,2.345678
0.123456,1,4.123456
-1.456789,0,1.234567
0.789012,1,5.345678
-0.678901,0,2.456789
1.456789,1,6.789012
-0.234567,0,1.678901
0.345678,1,4.56789
-1.5,0,1.890123
0.56789,1,5.678901
-0.789012,0,2.345678
1.5,1,6.789012
-0.123456,0,1.234567
0.987654,1,5.123456
-1.234567,0,2.456789
0.456789,1,4.56789
1.345678,1,6.234567
-0.987654,0,1.678901
0.234567,1,3.987654
-1.345678,0,2.123456
0.678901,1,5.678901
-0.56789,0,1.890123
1.234567,1,6.456789
-0.345678,0,2.345678
0.123456,1,4.123456
-1.456789,0,1.234567
0.789012,1,5.345678
-0.678901,0,2.456789
1.456789,1,6.789012
-0.234567,0,1.678901
0.345678,1,4.56789
-1.5,0,1.890123
0.56789,1,5.678901
-0.789012,0,2.345678
1.5,1,6.789012
-0.123456,0,1.234567
0.987654,1,5.123456
-1.234567,0,2.456789
0.456789,1,4.56789
1.345678,1,6.234567
-0.987654,0,1.678901
0.234567,1,3.987654
-1.345678,0,2.123456
0.678901,1,5.678901
-0.56789,0,1.890123
1.234567,1,6.456789
-0.345678,0,2.345678
0.123456,1,4.123456
-1.456789,0,1.234567
0.789012,1,5.345678
-0.678901,0,2.456789
1.456789,1,6.789012
-0.234567,0,1.678901
0.345678,1,4.56789
-1.5,0,1.890123
0.56789,1,5.678901
-0.123456,0,3.456789
0.987654,1,7.123456
-1.234567,0,2.345678
0.456789,1,5.678901
1.345678,1,8.901234
-0.987654,0,3.56789
0.234567,1,6.789012
-1.345678,0,2.456789
0.678901,1,7.890123
1.234567,1,8.012345
-0.678901,0,3.678901
0.123456,1,5.890123
-0.345678,0,2.56789
0.789012,1,6.901234
1.456789,1,8.123456
-1.456789,0,2.678901
0.345678,1,5.012345
-0.56789,0,3.789012
0.901234,1,7.123456
1.5,1,8.234567
-0.234567,0,2.789012
0.678901,1,6.345678
-1.5,0,2.890123
0.456789,1,5.678901
1.234567,1,8.456789
-0.123456,0,3.890123
0.789012,1,6.789012
-0.901234,0,2.901234
0.345678,1,5.123456
1.345678,1,8.678901
-1.234567,0,2.678901
0.56789,1,6.890123
-0.678901,0,3.456789
0.123456,1,5.234567
1.456789,1,8.789012
-0.345678,0,2.56789
0.901234,1,7.123456
-1.5,0,2.345678
0.234567,1,6.678901
1.5,1,8.901234
-0.789012,0,3.678901
0.456789,1,5.890123
-0.123456,0,2.456789
0.678901,1,6.789012
1.234567,1,8.012345
-1.234567,0,2.678901
0.345678,1,5.678901
-0.56789,0,3.789012
0.901234,1,7.123456
1.456789,1,8.234567
-0.678901,0,2.890123
0.789012,1,6.901234
-1.345678,0,2.56789
0.123456,1,5.012345
1.5,1,8.678901
-0.901234,0,3.890123
0.678901,1,6.345678
-0.234567,0,2.789012
0.456789,1,5.678901
1.234567,1,8.456789
-0.123456,0,3.890123
0.789012,1,6.789012
-0.56789,0,2.901234
0.345678,1,5.123456
1.345678,1,8.678901
-1.234567,0,2.678901
0.56789,1,6.890123
-0.678901,0,3.456789
0.123456,1,5.234567
1.456789,1,8.789012
-0.345678,0,2.56789
0.901234,1,7.123456
-1.5,0,2.345678
0.234567,1,6.678901
1.5,1,8.901234
-0.789012,0,3.678901
0.456789,1,5.890123
-0.123456,0,2.456789
0.678901,1,6.789012
1.234567,1,8.012345
-1.234567,0,2.678901
0.345678,1,5.678901
-0.56789,0,3.789012
0.901234,1,7.123456
1.456789,1,8.234567
-0.678901,0,2.890123
0.789012,1,6.901234
-1.345678,0,2.56789
0.123456,1,5.012345
1.5,1,8.678901
-0.901234,0,3.890123
0.678901,1,6.345678
-0.234567,0,2.789012
0.456789,1,5.678901
1.234567,1,8.456789
-0.123456,0,3.890123
0.789012,1,6.789012
-0.56789,0,2.901234
0.345678,1,5.123456
1.345678,1,8.678901
-1.234567,0,2.678901
0.56789,1,6.890123
-0.678901,0,3.456789
0.123456,1,5.234567
1.456789,1,8.789012
-0.345678,0,2.56789
0.901234,1,7.123456
-1.5,0,2.345678
0.234567,1,6.678901
1.5,1,8.901234
-0.789012,0,3.678901
0.456789,1,5.890123
-0.123456,0,2.456789
0.678901,1,6.789012
1.234567,1,8.012345
-1.234567,0,2.678901
0.345678,1,5.678901
-0.56789,0,3.789012
0.901234,1,7.123456
1.456789,1,8.234567
-0.678901,0,2.890123
0.789012,1,6.901234
-1.345678,0,2.56789
0.123456,1,5.012345
1.5,1,8.678901
-0.901234,0,3.890123
0.678901,1,6.345678
-0.234567,0,2.789012
0.456789,1,5.678901
1.234567,1,8.456789
-0.123456,0,3.890123
0.789012,1,6.789012
-0.56789,0,2.901234
0.345678,1,5.123456
1.345678,1,8.678901
-1.234567,0,2.678901
0.56789,1,6.890123
-0.678901,0,3.456789
0.123456,1,5.234567
1.456789,1,8.789012
-0.345678,0,2.56789
0.901234,1,7.123456
-1.5,0,2.345678
0.234567,1,6.678901
1.5,1,8.901234
-0.789012,0,3.678901
0.456789,1,5.890123
-0.123456,0,2.456789
0.678901,1,6.789012
1.234567,1,8.012345
-1.234567,0,2.678901
0.345678,1,5.678901
-0.56789,0,3.789012
0.901234,1,7.123456
1.456789,1,8.234567
-0.678901,0,2.890123
0.789012,1,6.901234
-1.345678,0,2.56789
0.123456,1,5.012345
1.5,1,8.678901
-0.901234,0,3.890123
0.678901,1,6.345678
-0.234567,0,2.789012
0.456789,1,5.678901
1.234567,1,8.456789
-0.123456,0,3.890123
0.789012,1,6.789012
-0.56789,0,2.901234
0.345678,1,5.123456
1.345678,1,8.678901
-1.234567,0,2.678901
0.56789,1,6.890123
-0.678901,0,3.456789
0.123456,1,5.234567
1.456789,1,8.789012
-0.345678,0,2.56789
0.901234,1,7.123456
-1.5,0,2.345678
0.234567,1,6.678901
1.5,1,8.901234
-0.789012,0,3.678901
0.456789,1,5.890123
-0.123456,0,2.456789
0.678901,1,6.789012
1.234567,1,8.012345
-1.234567,0,2.678901
0.345678,1,5.678901
-0.56789,0,3.789012
0.901234,1,7.123456
1.456789,1,8.234567
-0.678901,0,2.890123
0.789012,1,6.901234
-1.345678,0,2.56789
0.123456,1,5.012345
1.5,1,8.678901
-0.901234,0,3.890123
0.678901,1,6.345678
-0.234567,0,2.789012
0.456789,1,5.678901
1.234567,1,8.456789
-0.123456,0,3.890123
0.789012,1,6.789012
-0.56789,0,2.901234
0.345678,1,5.123456
1.345678,1,8.678901
-1.234567,0,2.678901
0.56789,1,6.890123
-0.678901,0,3.456789
0.123456,1,5.234567
1.456789,1,8.789012
-0.345678,0,2.56789
0.901234,1,7.123456
-1.5,0,2.345678
0.234567,1,6.678901
1.5,1,8.901234
-0.789012,0,3.678901
0.456789,1,5.890123
-0.123456,0,2.456789
0.678901,1,6.789012
1.234567,1,8.012345
-1.234567,0,2.678901
0.345678,1,5.678901
-0.56789,0,3.789012
0.901234,1,7.123456
1.456789,1,8.234567
-0.678901,0,2.890123
0.789012,1,6.901234
-1.345678,0,2.56789
0.123456,1,5.012345
1.5,1,8.678901
-0.901234,0,3.890123
0.678901,1,6.345678
-0.234567,0,2.789012
0.456789,1,5.678901
1.234567,1,8.456789
-0.123456,0,3.890123
0.789012,1,6.789012
-0.56789,0,2.901234
0.345678,1,5.123456
1.345678,1,8.678901
-1.234567,0,2.678901
0.56789,1,6.890123
-0.678901,0,3.456789
0.123456,1,5.234567
1.456789,1,8.789012
-0.345678,0,2.56789
0.901234,1,7.123456
-1.5,0,2.345678
0.234567,1,6.678901
1.5,1,8.901234
-0.789012,0,3.678901
0.456789,1,5.890123
-0.123456,0,2.456789
0.678901,1,6.789012
1.234567,1,8.012345
-1.234567,0,2.678901
0.345678,1,5.678901
-0.56789,0,3.789012
0.901234,1,7.123456
1.456789,1,8.234567
-0.678901,0,2.890123
0.789012,1,6.901234
-1.345678,0,2.56789
0.123456,1,5.012345
1.5,1,8.678901
-0.901234,0,3.890123
0.678901,1,6.345678
-0.234567,0,2.789012
0.456789,1,5.678901
1.234567,1,8.456789
-0.123456,0,3.890123
0.789012,1,6.789012
-0.56789,0,2.901234
0.345678,1,5.123456
1.345678,1,8.678901
-1.234567,0,2.678901
0.56789,1,6.890123
-0.678901,0,3.456789
0.123456,1,5.234567
1.456789,1,8.789012
-0.345678,0,2.56789
0.901234,1,7.123456
-1.5,0,2.345678
0.234567,1,6.678901
1.5,1,8.901234
-0.789012,0,3.678901
0.456789,1,5.890123
-0.123456,0,2.456789
0.678901,1,6.789012
1.234567,1,8.012345
-1.234567,0,2.678901
0.345678,1,5.678901
-0.56789,0,3.789012
0.901234,1,7.123456
1.456789,1,8.234567
-0.678901,0,2.890123
0.789012,1,6.901234
-1.345678,0,2.56789
0.123456,1,5.012345
1.5,1,8.678901
-0.901234,0,3.890123
0.678901,1,6.345678
-0.234567,0,2.789012
0.456789,1,5.678901
1.234567,1,8.456789
-0.123456,0,3.890123
0.789012,1,6.789012
-0.56789,0,2.901234
0.345678,1,5.123456
1.345678,1,8.678901
-1.234567,0,2.678901
0.56789,1,6.890123
-0.678901,0,3.456789
0.123456,1,5.234567
1.456789,1,8.789012
-0.345678,0,2.56789
0.901234,1,7.123456
-1.5,0,2.345678
0.234567,1,6.678901
1.5,1,8.901234
-0.789012,0,3.678901
0.456789,1,5.890123
-0.123456,0,3.456789
0.987654,1,5.123456
-1.234567,0,2.987654
0.345678,1,4.56789
1.234567,1,6.789012
-0.987654,0,3.234567
0.456789,1,5.678901
-1.345678,0,2.345678
0.678901,1,4.890123
1.345678,1,6.456789
-0.56789,0,3.678901
0.234567,1,5.123456
-1.456789,0,2.678901
0.123456,1,4.56789
1.456789,1,6.890123
-0.345678,0,3.456789
0.56789,1,5.789012
-1.5,0,2.123456
0.789012,1,4.890123
1.5,1,7.012345
-0.678901,0,3.789012
0.890123,1,5.678901
-1.5,0,2.456789
0.012345,1,4.56789
1.5,1,6.123456
-0.789012,0,3.234567
0.123456,1,5.890123
-1.5,0,2.678901
0.234567,1,4.345678
1.5,1,6.789012
-0.890123,0,3.456789
0.345678,1,5.678901
-1.5,0,2.123456
0.456789,1,4.56789
1.5,1,7.012345
-0.901234,0,3.789012
0.56789,1,5.789012
-1.5,0,2.456789
0.678901,1,4.890123
1.5,1,6.123456
-0.012345,0,3.234567
0.789012,1,5.678901
-1.012345,0,2.678901
0.890123,1,4.345678
1.012345,1,6.789012
-0.123456,0,3.456789
0.901234,1,5.678901
-1.123456,0,2.123456
0.012345,1,4.56789
1.123456,1,6.890123
-0.234567,0,3.789012
0.123456,1,5.789012
-1.234567,0,2.456789
0.234567,1,4.890123
1.234567,1,6.123456
-0.345678,0,3.234567
0.345678,1,5.678901
-1.345678,0,2.678901
0.456789,1,4.345678
1.345678,1,6.789012
-0.456789,0,3.456789
0.56789,1,5.678901
-1.456789,0,2.123456
0.678901,1,4.56789
1.456789,1,6.890123
-0.56789,0,3.789012
0.789012,1,5.789012
-1.5,0,2.456789
0.890123,1,4.890123
1.5,1,6.123456
-0.678901,0,3.234567
0.901234,1,5.678901
-1.5,0,2.678901
0.012345,1,4.345678
1.5,1,6.789012
-0.789012,0,3.456789
0.123456,1,5.678901
-1.5,0,2.123456
0.234567,1,4.56789
1.5,1,6.890123
-0.890123,0,3.789012
0.345678,1,5.789012
-1.5,0,2.456789
0.456789,1,4.890123
1.5,1,6.123456
-0.901234,0,3.234567
0.56789,1,5.678901
-1.5,0,2.678901
0.678901,1,4.345678
1.5,1,6.789012
-0.012345,0,3.456789
0.789012,1,5.678901
-1.012345,0,2.123456
0.890123,1,4.56789
1.012345,1,6.890123
-0.123456,0,3.789012
0.901234,1,5.789012
-1.123456,0,2.456789
0.012345,1,4.890123
1.123456,1,6.123456
-0.234567,0,3.234567
0.123456,1,5.678901
-1.234567,0,2.678901
0.234567,1,4.345678
1.234567,1,6.789012
-0.345678,0,3.456789
0.345678,1,5.678901
-1.345678,0,2.123456
0.456789,1,4.56789
1.345678,1,6.890123
-0.456789,0,3.789012
0.56789,1,5.789012
-1.456789,0,2.456789
0.678901,1,4.890123
1.456789,1,6.123456
-0.56789,0,3.234567
0.789012,1,5.678901
-1.5,0,2.678901
0.890123,1,4.345678
1.5,1,6.789012
-0.678901,0,3.456789
0.901234,1,5.678901
-1.5,0,2.123456
0.012345,1,4.56789
1.5,1,6.890123
-0.789012,0,3.789012
0.123456,1,5.789012
-1.5,0,2.456789
0.234567,1,4.890123
1.5,1,6.123456
-0.890123,0,3.234567
0.345678,1,5.678901
-1.5,0,2.678901
0.456789,1,4.345678
1.5,1,6.789012
-0.901234,0,3.456789
0.56789,1,5.678901
-1.5,0,2.123456
0.678901,1,4.56789
1.5,1,6.890123
-0.012345,0,3.789012
0.789012,1,5.789012
-1.012345,0,2.456789
0.890123,1,4.890123
1.012345,1,6.123456
-0.123456,0,3.234567
0.901234,1,5.678901
-1.123456,0,2.678901
0.012345,1,4.345678
1.123456,1,6.789012
-0.234567,0,3.456789
0.123456,1,5.678901
-1.234567,0,2.123456
0.234567,1,4.56789
1.234567,1,6.890123
-0.345678,0,3.789012
0.345678,1,5.789012
-1.345678,0,2.456789
0.456789,1,4.890123
1.345678,1,6.123456
-0.456789,0,3.234567
0.56789,1,5.678901
-1.456789,0,2.678901
0.678901,1,4.345678
1.456789,1,6.789012
-0.56789,0,3.456789
0.789012,1,5.678901
-1.5,0,2.123456
0.890123,1,4.56789
1.5,1,6.890123
-0.678901,0,3.789012
0.901234,1,5.789012
-1.5,0,2.456789
0.012345,1,4.890123
1.5,1,6.123456
-0.789012,0,3.234567
0.123456,1,5.678901
-1.5,0,2.678901
0.234567,1,4.345678
1.5,1,6.789012
-0.890123,0,3.456789
0.345678,1,5.678901
-1.5,0,2.123456
0.456789,1,4.56789
1.5,1,6.890123
-0.901234,0,3.789012
0.56789,1,5.789012
-1.5,0,2.456789
0.678901,1,4.890123
1.5,1,6.123456
-0.012345,0,3.234567
0.789012,1,5.678901
-1.012345,0,2.678901
0.890123,1,4.345678
1.012345,1,6.789012
-0.123456,0,3.456789
0.901234,1,5.678901
-1.123456,0,2.123456
0.012345,1,4.56789
1.123456,1,6.890123
-0.234567,0,3.789012
0.123456,1,5.789012
-1.234567,0,2.456789
0.234567,1,4.890123
1.234567,1,6.123456
-0.345678,0,3.234567
0.345678,1,5.678901
-1.345678,0,2.678901
0.456789,1,4.345678
1.345678,1,6.789012
-0.456789,0,3.456789
0.56789,1,5.678901
-1.456789,0,2.123456
0.678901,1,4.56789
1.456789,1,6.890123
-0.56789,0,3.789012
0.789012,1,5.789012
-1.5,0,2.456789
0.890123,1,4.890123
1.5,1,6.123456
-0.678901,0,3.234567
0.901234,1,5.678901
-1.5,0,2.678901
0.012345,1,4.345678
1.5,1,6.789012
-0.789012,0,3.456789
0.123456,1,5.678901
-1.5,0,2.123456
0.234567,1,4.56789
1.5,1,6.890123
-0.890123,0,3.789012
0.345678,1,5.789012
-1.5,0,2.456789
0.456789,1,4.890123
1.5,1,6.123456
-0.901234,0,3.234567
0.56789,1,5.678901
-1.5,0,2.678901
0.678901,1,4.345678
1.5,1,6.789012
-0.012345,0,3.456789
0.789012,1,5.678901
-1.012345,0,2.123456
0.890123,1,4.56789
1.012345,1,6.890123
-0.123456,0,3.789012
0.901234,1,5.789012
-1.123456,0,2.456789
0.012345,1,4.890123
1.123456,1,6.123456
-0.234567,0,3.234567
0.123456,1,5.678901
-1.234567,0,2.678901
0.234567,1,4.345678
1.234567,1,6.789012
-0.345678,0,3.456789
0.345678,1,5.678901
-1.345678,0,2.123456
0.456789,1,4.56789
1.345678,1,6.890123
-0.456789,0,3.789012
0.56789,1,5.789012
-1.456789,0,2.456789
0.678901,1,4.890123
1.456789,1,6.123456
-0.56789,0,3.234567
0.789012,1,5.678901
-1.5,0,2.678901
0.890123,1,4.345678
1.5,1,6.789012
-0.678901,0,3.456789
0.901234,1,5.678901
-1.5,0,2.123456
0.012345,1,4.56789
1.5,1,6.890123
-0.789012,0,3.789012
0.123456,1,5.789012
-1.5,0,2.456789
0.234567,1,4.890123
1.5,1,6.123456
-0.890123,0,3.234567
0.345678,1,5.678901
-1.5,0,2.678901
0.456789,1,4.345678
1.5,1,6.789012
-0.901234,0,3.456789
0.56789,1,5.678901
-1.5,0,2.123456
0.678901,1,4.56789
1.5,1,6.890123
-0.012345,0,3.789012
0.789012,1,5.789012
-1.012345,0,2.456789
0.890123,1,4.890123
1.012345,1,6.123456
-0.123456,0,3.234567
0.901234,1,5.678901
-1.123456,0,2.678901
0.012345,1,4.345678
1.123456,1,6.789012
-0.234567,0,3.456789
0.123456,1,5.678901
-1.234567,0,2.123456
0.234567,1,4.56789
1.234567,1,6.890123
-0.345678,0,3.789012
0.345678,1,5.789012
-1.345678,0,2.456789
0.456789,1,4.890123
1.345678,1,6.123456
-0.456789,0,3.234567
0.56789,1,5.678901
-1.456789,0,2.678901
0.678901,1,4.345678
1.456789,1,6.789012
-0.56789,0,3.456789
0.789012,1,5.678901
-1.5,0,2.123456
0.890123,1,4.56789
1.5,1,6.890123
-0.678901,0,3.789012
0.901234,1,5.789012
-0.123456,1,5.678912
0.987654,0,4.321098
-1.234567,1,3.456789
0.54321,0,2.345678
1.345678,1,6.789012
-0.987654,0,4.56789
0.234567,1,5.123456
-0.345678,0,3.456789
1.234567,1,7.890123
-1.456789,0,2.345678
0.678901,1,5.678901
-0.56789,0,4.123456
1.234567,1,6.789012
-0.123456,0,3.456789
0.987654,1,5.678912
-1.345678,0,2.345678
0.54321,1,6.123456
-0.234567,0,3.456789
1.456789,1,7.890123
-0.678901,0,4.56789
0.345678,1,5.123456
-1.234567,0,2.345678
0.123456,1,5.678912
-0.987654,0,4.321098
1.234567,1,6.789012
-0.54321,0,3.456789
0.678901,1,5.678901
-1.5,0,2.345678
0.987654,1,6.123456
-0.345678,0,4.56789
1.345678,1,7.890123
-0.123456,0,3.456789
0.54321,1,5.678912
-1.234567,0,2.345678
0.678901,1,6.789012
-0.987654,0,4.321098
1.234567,1,5.678901
-0.56789,0,3.456789
0.345678,1,6.123456
-1.456789,0,2.345678
0.123456,1,5.678912
-0.678901,0,4.56789
1.5,1,7.890123
-0.234567,0,3.456789
0.987654,1,6.789012
-1.345678,0,2.345678
0.54321,1,5.678912
-0.123456,0,4.321098
1.234567,1,6.789012
-0.987654,0,3.456789
0.678901,1,5.678901
-1.234567,0,2.345678
0.345678,1,6.123456
-0.56789,0,4.56789
1.456789,1,7.890123
-0.678901,0,3.456789
0.123456,1,5.678912
-1.5,0,2.345678
0.987654,1,6.789012
-0.345678,0,4.321098
1.234567,1,5.678901
-0.54321,0,3.456789
0.678901,1,6.123456
-1.234567,0,2.345678
0.987654,1,5.678912
-0.123456,0,4.56789
1.345678,1,7.890123
-0.678901,0,3.456789
0.54321,1,6.789012
-1.456789,0,2.345678
0.345678,1,5.678901
-0.56789,0,4.321098
1.234567,1,6.123456
-0.987654,0,3.456789
0.678901,1,5.678912
-1.234567,0,2.345678
0.123456,1,6.789012
-0.678901,0,4.56789
1.5,1,7.890123
-0.345678,0,3.456789
0.987654,1,5.678901
-1.345678,0,2.345678
0.54321,1,6.123456
-0.123456,0,4.321098
1.234567,1,5.678912
-0.987654,0,3.456789
0.678901,1,6.789012
-1.234567,0,2.345678
0.345678,1,5.678901
-0.56789,0,4.56789
1.456789,1,7.890123
-0.678901,0,3.456789
0.123456,1,5.678912
-1.5,0,2.345678
0.987654,1,6.789012
-0.345678,0,4.321098
1.234567,1,5.678901
-0.54321,0,3.456789
0.678901,1,6.123456
-1.234567,0,2.345678
0.987654,1,5.678912
-0.123456,0,4.56789
1.345678,1,7.890123
-0.678901,0,3.456789
0.54321,1,6.789012
-1.456789,0,2.345678
0.345678,1,5.678901
-0.56789,0,4.321098
1.234567,1,6.123456
-0.987654,0,3.456789
0.678901,1,5.678912
-1.234567,0,2.345678
0.123456,1,6.789012
-0.678901,0,4.56789
1.5,1,7.890123
-0.345678,0,3.456789
0.987654,1,5.678901
-1.345678,0,2.345678
0.54321,1,6.123456
-0.123456,0,4.321098
1.234567,1,5.678912
-0.987654,0,3.456789
0.678901,1,6.789012
-1.234567,0,2.345678
0.345678,1,5.678901
-0.56789,0,4.56789
1.456789,1,7.890123
-0.678901,0,3.456789
0.123456,1,5.678912
-1.5,0,2.345678
0.987654,1,6.789012
-0.345678,0,4.321098
1.234567,1,5.678901
-0.54321,0,3.456789
0.678901,1,6.123456
-1.234567,0,2.345678
0.987654,1,5.678912
-0.123456,0,4.56789
1.345678,1,7.890123
-0.678901,0,3.456789
0.54321,1,6.789012
-1.456789,0,2.345678
0.345678,1,5.678901
-0.56789,0,4.321098
1.234567,1,6.123456
-0.987654,0,3.456789
0.678901,1,5.678912
-1.234567,0,2.345678
0.123456,1,6.789012
-0.678901,0,4.56789
1.5,1,7.890123
-0.345678,0,3.456789
0.987654,1,5.678901
-1.345678,0,2.345678
0.54321,1,6.123456
-0.123456,0,4.321098
1.234567,1,5.678912
-0.987654,0,3.456789
0.678901,1,6.789012
-1.234567,0,2.345678
0.345678,1,5.678901
-0.56789,0,4.56789
1.456789,1,7.890123
-0.678901,0,3.456789
0.123456,1,5.678912
-1.5,0,2.345678
0.987654,1,6.789012
-0.345678,0,4.321098
1.234567,1,5.678901
-0.54321,0,3.456789
0.678901,1,6.123456
-1.234567,0,2.345678
0.987654,1,5.678912
-0.123456,0,4.56789
1.345678,1,7.890123
-0.678901,0,3.456789
0.54321,1,6.789012
-1.456789,0,2.345678
0.345678,1,5.678901
-0.56789,0,4.321098
1.234567,1,6.123456
-0.987654,0,3.456789
0.678901,1,5.678912
-1.234567,0,2.345678
0.123456,1,6.789012
-0.678901,0,4.56789
1.5,1,7.890123
-0.345678,0,3.456789
0.987654,1,5.678901
-1.345678,0,2.345678
0.54321,1,6.123456
-0.123456,0,4.321098
1.234567,1,5.678912
-0.987654,0,3.456789
0.678901,1,6.789012
-1.234567,0,2.345678
0.345678,1,5.678901
-0.56789,0,4.56789
1.456789,1,7.890123
-0.678901,0,3.456789
0.123456,1,5.678912
-1.5,0,2.345678
0.987654,1,6.789012
-0.345678,0,4.321098
1.234567,1,5.678901
-0.54321,0,3.456789
0.678901,1,6.123456
-1.234567,0,2.345678
0.987654,1,5.678912
-0.123456,0,4.56789
1.345678,1,7.890123
-0.678901,0,3.456789
0.54321,1,6.789012
-1.456789,0,2.345678
0.345678,1,5.678901
-0.56789,0,4.321098
1.234567,1,6.123456
-0.987654,0,3.456789
0.678901,1,5.678912
-1.234567,0,2.345678
0.123456,1,6.789012
-0.678901,0,4.56789
1.5,1,7.890123
-0.345678,0,3.456789
0.987654,1,5.678901
-1.345678,0,2.345678
0.54321,1,6.123456
-0.123456,0,4.321098
1.234567,1,5.678912
-0.987654,0,3.456789
0.678901,1,6.789012
-1.234567,0,2.345678
0.345678,1,5.678901
-0.56789,0,4.56789
1.456789,1,7.890123
-0.678901,0,3.456789
0.123456,1,5.678912
-1.5,0,2.345678
0.987654,1,6.789012
-0.345678,0,4.321098
1.234567,1,5.678901
-0.54321,0,3.456789
0.678901,1,6.123456
-1.234567,0,2.345678
0.987654,1,5.678912
-0.123456,0,4.56789
1.345678,1,7.890123
-0.678901,0,3.456789
0.54321,1,6.789012
-1.456789,0,2.345678
0.345678,1,5.678901
-0.56789,0,4.321098
1.234567,1,6.123456
-0.987654,0,3.456789
0.678901,1,5.678912
-1.234567,0,2.345678
0.123456,1,6.789012
-0.678901,0,4.56789
1.5,1,7.890123
-0.345678,0,3.456789
0.987654,1,5.678901
-1.345678,0,2.345678
0.54321,1,6.123456
-0.123456,0,4.321098
1.234567,1,5.678912
-0.987654,0,3.456789
0.678901,1,6.789012
-1.234567,0,2.345678
0.345678,1,5.678901
-0.56789,0,4.56789
1.456789,1,7.890123
-0.678901,0,3.456789
0.123456,1,5.678912
-1.5,0,2.345678
0.987654,1,6.789012
-0.345678,0,4.321098
1.234567,1,5.678901
-0.54321,0,3.456789
0.678901,1,6.123456
-1.234567,0,2.345678
0.987654,1,5.678912
-0.123456,0,4.56789
1.345678,1,7.890123
-0.678901,0,3.456789
0.54321,1,6.789012
-1.456789,0,2.345678
0.345678,1,5.678901
-0.56789,0,4.321098
1.234567,1,6.123456
-0.987654,0,3.456789
0.678901,1,5.678912
-1.234567,0,2.345678
0.123456,1,6.789012
-0.678901,0,4.56789
1.5,1,7.890123
-0.345678,0,3.456789
0.987654,1,5.678901
-1.345678,0,2.345678
0.54321,1,6.123456
-0.123456,0,4.321098
1.234567,1,5.678912
-0.987654,0,3.456789
0.678901,1,6.789012
-1.234567,0,2.345678
0.345678,1,5.678901
-0.56789,0,4.56789
1.456789,1,7.890123
-0.678901,0,3.456789
0.123456,1,5.678912
-1.5,0,2.345678
0.987654,1,6.789012
-0.345678,0,4.321098
1.234567,1,5.678901
-0.54321,0,3.456789
0.678901,1,6.123456
-1.234567,0,2.345678
0.987654,1,5.678912
-0.123456,0,4.56789
1.345678,1,7.890123
-0.678901,0,3.0
-0.123456,0,3.214567
0.654321,1,6.789012
-1.234567,0,2.345678
0.987654,1,7.890123
-0.456789,0,3.456789
1.234567,1,8.901234
-1.345678,0,2.456789
0.54321,1,6.678901
-0.678901,0,3.56789
1.123456,1,8.012345
-0.987654,0,2.56789
0.234567,1,5.678901
-1.111111,0,2.678901
0.876543,1,7.123456
-0.222222,0,3.678901
1.345678,1,8.234567
-0.333333,0,2.789012
0.456789,1,6.789012
-1.222222,0,2.890123
0.56789,1,6.890123
-0.444444,0,3.789012
1.456789,1,8.345678
-0.555555,0,2.901234
0.678901,1,6.901234
-1.333333,0,2.012345
0.789012,1,7.012345
-0.666666,0,3.890123
1.5,1,8.456789
-0.777777,0,2.123456
0.890123,1,7.123456
-1.444444,0,2.234567
0.901234,1,7.234567
-0.888888,0,3.901234
1.5,1,8.56789
-0.999999,0,2.345678
0.012345,1,5.678901
-1.5,0,2.456789
0.123456,1,5.789012
-1.5,0,2.56789
0.234567,1,5.890123
-1.5,0,2.678901
0.345678,1,5.901234
-1.5,0,2.789012
0.456789,1,6.012345
-1.5,0,2.890123
0.56789,1,6.123456
-0.111111,0,3.012345
1.234567,1,8.678901
-0.222222,0,3.123456
1.345678,1,8.789012
-0.333333,0,3.234567
1.456789,1,8.890123
-0.444444,0,3.345678
1.5,1,8.901234
-0.555555,0,3.456789
1.5,1,9.012345
-0.666666,0,3.56789
1.5,1,9.123456
-0.777777,0,3.678901
1.5,1,9.234567
-0.888888,0,3.789012
1.5,1,9.345678
-0.999999,0,3.890123
1.012345,1,9.456789
-1.111111,0,2.901234
0.123456,1,5.678901
-1.222222,0,2.012345
0.234567,1,5.789012
-1.333333,0,2.123456
0.345678,1,5.890123
-1.444444,0,2.234567
0.456789,1,6.012345
-1.5,0,2.345678
0.56789,1,6.123456
-1.5,0,2.456789
0.678901,1,6.234567
-1.5,0,2.56789
0.789012,1,6.345678
-1.5,0,2.678901
0.890123,1,6.456789
-1.5,0,2.789012
0.901234,1,6.56789
-0.111111,0,3.012345
1.234567,1,8.678901
-0.222222,0,3.123456
1.345678,1,8.789012
-0.333333,0,3.234567
1.456789,1,8.890123
-0.444444,0,3.345678
1.5,1,8.901234
-0.555555,0,3.456789
1.5,1,9.012345
-0.666666,0,3.56789
1.5,1,9.123456
-0.777777,0,3.678901
1.5,1,9.234567
-0.888888,0,3.789012
1.5,1,9.345678
-0.999999,0,3.890123
1.012345,1,9.456789
-1.111111,0,2.901234
0.123456,1,5.678901
-1.222222,0,2.012345
0.234567,1,5.789012
-1.333333,0,2.123456
0.345678,1,5.890123
-1.444444,0,2.234567
0.456789,1,6.012345
-1.5,0,2.345678
0.56789,1,6.123456
-1.5,0,2.456789
0.678901,1,6.234567
-1.5,0,2.56789
0.789012,1,6.345678
-1.5,0,2.678901
0.890123,1,6.456789
-1.5,0,2.789012
0.901234,1,6.56789
-0.111111,0,3.012345
1.234567,1,8.678901
-0.222222,0,3.123456
1.345678,1,8.789012
-0.333333,0,3.234567
1.456789,1,8.890123
-0.444444,0,3.345678
1.5,1,8.901234
-0.555555,0,3.456789
1.5,1,9.012345
-0.666666,0,3.56789
1.5,1,9.123456
-0.777777,0,3.678901
1.5,1,9.234567
-0.888888,0,3.789012
1.5,1,9.345678
-0.999999,0,3.890123
1.012345,1,9.456789
-1.111111,0,2.901234
0.123456,1,5.678901
-1.222222,0,2.012345
0.234567,1,5.789012
-1.333333,0,2.123456
0.345678,1,5.890123
-1.444444,0,2.234567
0.456789,1,6.012345
-1.5,0,2.345678
0.56789,1,6.123456
-1.5,0,2.456789
0.678901,1,6.234567
-1.5,0,2.56789
0.789012,1,6.345678
-1.5,0,2.678901
0.890123,1,6.456789
-1.5,0,2.789012
0.901234,1,6.56789
-0.111111,0,3.012345
1.234567,1,8.678901
-0.222222,0,3.123456
1.345678,1,8.789012
-0.333333,0,3.234567
1.456789,1,8.890123
-0.444444,0,3.345678
1.5,1,8.901234
-0.555555,0,3.456789
1.5,1,9.012345
-0.666666,0,3.56789
1.5,1,9.123456
-0.777777,0,3.678901
1.5,1,9.234567
-0.888888,0,3.789012
1.5,1,9.345678
-0.999999,0,3.890123
1.012345,1,9.456789
-1.111111,0,2.901234
0.123456,1,5.678901
-1.222222,0,2.012345
0.234567,1,5.789012
-1.333333,0,2.123456
0.345678,1,5.890123
-1.444444,0,2.234567
0.456789,1,6.012345
-1.5,0,2.345678
0.56789,1,6.123456
-1.5,0,2.456789
0.678901,1,6.234567
-1.5,0,2.56789
0.789012,1,6.345678
-1.5,0,2.678901
0.890123,1,6.456789
-1.5,0,2.789012
0.901234,1,6.56789
-0.111111,0,3.012345
1.234567,1,8.678901
-0.222222,0,3.123456
1.345678,1,8.789012
-0.333333,0,3.234567
1.456789,1,8.890123
-0.444444,0,3.345678
1.5,1,8.901234
-0.555555,0,3.456789
1.5,1,9.012345
-0.666666,0,3.56789
1.5,1,9.123456
-0.777777,0,3.678901
1.5,1,9.234567
-0.888888,0,3.789012
1.5,1,9.345678
-0.999999,0,3.890123
1.012345,1,9.456789
-1.111111,0,2.901234
0.123456,1,5.678901
-1.222222,0,2.012345
0.234567,1,5.789012
-1.333333,0,2.123456
0.345678,1,5.890123
-1.444444,0,2.234567
0.456789,1,6.012345
-1.5,0,2.345678
0.56789,1,6.123456
-1.5,0,2.456789
0.678901,1,6.234567
-1.5,0,2.56789
0.789012,1,6.345678
-1.5,0,2.678901
0.890123,1,6.456789
-1.5,0,2.789012
0.901234,1,6.56789
-0.111111,0,3.012345
1.234567,1,8.678901
-0.222222,0,3.123456
1.345678,1,8.789012
-0.333333,0,3.234567
1.456789,1,8.890123
-0.444444,0,3.345678
1.5,1,8.901234
-0.555555,0,3.456789
1.5,1,9.012345
-0.666666,0,3.56789
1.5,1,9.123456
-0.777777,0,3.678901
1.5,1,9.234567
-0.888888,0,3.789012
1.5,1,9.345678
-0.999999,0,3.890123
1.012345,1,9.456789
-1.111111,0,2.901234
0.123456,1,5.678901
-1.222222,0,2.012345
0.234567,1,5.789012
-1.333333,0,2.123456
0.345678,1,5.890123
-1.444444,0,2.234567
0.456789,1,6.012345
-1.5,0,2.345678
0.56789,1,6.123456
-1.5,0,2.456789
0.678901,1,6.234567
-1.5,0,2.56789
0.789012,1,6.345678
-1.5,0,2.678901
0.890123,1,6.456789
-1.5,0,2.789012
0.901234,1,6.56789
-0.111111,0,3.012345
1.234567,1,8.678901
-0.222222,0,3.123456
1.345678,1,8.789012
-0.333333,0,3.234567
1.456789,1,8.890123
-0.444444,0,3.345678
1.5,1,8.901234
-0.555555,0,3.456789
1.5,1,9.012345
-0.666666,0,3.56789
1.5,1,9.123456
-0.777777,0,3.678901
1.5,1,9.234567
-0.888888,0,3.789012
1.5,1,9.345678
-0.999999,0,3.890123
1.012345,1,9.456789
-1.111111,0,2.901234
0.123456,1,5.678901
-1.222222,0,2.012345
0.234567,1,5.789012
-1.333333,0,2.123456
0.345678,1,5.890123
-1.444444,0,2.234567
0.456789,1,6.012345
-1.5,0,2.345678
0.56789,1,6.123456
-1.5,0,2.456789
0.678901,1,6.234567
-1.5,0,2.56789
0.789012,1,6.345678
-1.5,0,2.678901
0.890123,1,6.456789
-1.5,0,2.789012
0.901234,1,6.56789
-0.111111,0,3.012345
1.234567,1,8.678901
-0.222222,0,3.123456
1.345678,1,8.789012
-0.333333,0,3.234567
1.456789,1,8.890123
-0.444444,0,3.345678
1.5,1,8.901234
-0.555555,0,3.456789
1.5,1,9.012345
-0.666666,0,3.56789
1.5,1,9.123456
-0.777777,0,3.678901
1.5,1,9.234567
-0.888888,0,3.789012
1.5,1,9.345678
-0.999999,0,3.890123
1.012345,1,9.456789
-1.111111,0,2.901234
0.123456,1,5.678901
-1.222222,0,2.012345
0.234567,1,5.0
-1.203,0,-1.08
0.731,1,5.187
-0.456,0,1.634
0.125,1,3.982
-0.789,0,-0.212
1.2,1,7.182
-0.234,0,1.217
1.465,1,8.042
-1.123,0,-1.87
0.98,1,5.868
-0.678,0,0.874
-0.345,0,1.103
0.564,1,4.213
-1.456,0,-2.345
0.321,1,3.456
-0.89,0,-0.567
1.134,1,6.789
-0.567,0,0.456
0.456,1,4.567
-1.234,0,-1.456
0.789,1,5.678
-0.123,0,1.234
1.345,1,6.456
-0.678,0,0.789
0.89,1,5.234
-1.345,0,-1.89
0.234,1,3.789
-0.456,0,1.456
1.5,1,7.345
-0.89,0,-0.123
0.678,1,4.89
-1.012,0,-1.234
0.456,1,4.567
-0.789,0,-0.456
1.234,1,6.789
-0.567,0,0.123
0.89,1,5.678
-1.345,0,-1.567
0.678,1,4.89
-0.234,0,1.345
1.456,1,7.123
-0.89,0,-0.789
0.345,1,4.456
-1.5,0,-2.123
0.789,1,5.789
-0.123,0,1.567
1.345,1,6.89
-0.678,0,0.456
0.456,1,4.567
-1.234,0,-1.89
0.89,1,5.678
-0.456,0,1.234
1.5,1,7.456
-0.89,0,-0.123
0.678,1,4.89
-1.012,0,-1.234
0.456,1,4.567
-0.789,0,-0.456
1.234,1,6.789
-0.567,0,0.123
0.89,1,5.678
-1.345,0,-1.567
0.678,1,4.89
-0.234,0,1.345
1.456,1,7.123
-0.89,0,-0.789
0.345,1,4.456
-1.5,0,-2.123
0.789,1,5.789
-0.123,0,1.567
1.345,1,6.89
-0.678,0,0.456
0.456,1,4.567
-1.234,0,-1.89
0.89,1,5.678
-0.456,0,1.234
1.5,1,7.456
-0.89,0,-0.123
0.678,1,4.89
-1.012,0,-1.234
0.456,1,4.567
-0.789,0,-0.456
1.234,1,6.789
-0.567,0,0.123
0.89,1,5.678
-1.345,0,-1.567
0.678,1,4.89
-0.234,0,1.345
1.456,1,7.123
-0.89,0,-0.789
0.345,1,4.456
-1.5,0,-2.123
0.789,1,5.789
-0.123,0,1.567
1.345,1,6.89
-0.678,0,0.456
0.456,1,4.567
-1.234,0,-1.89
0.89,1,5.678
-0.456,0,1.234
1.5,1,7.456
-0.89,0,-0.123
0.678,1,4.89
-1.012,0,-1.234
0.456,1,4.567
-0.789,0,-0.456
1.234,1,6.789
-0.567,0,0.123
0.89,1,5.678
-1.345,0,-1.567
0.678,1,4.89
-0.234,0,1.345
1.456,1,7.123
-0.89,0,-0.789
0.345,1,4.456
-1.5,0,-2.123
0.789,1,5.789
-0.123,0,1.567
1.345,1,6.89
-0.678,0,0.456
0.456,1,4.567
-1.234,0,-1.89
0.89,1,5.678
-0.456,0,1.234
1.5,1,7.456
-0.89,0,-0.123
0.678,1,4.89
-1.012,0,-1.234
0.456,1,4.567
-0.789,0,-0.456
1.234,1,6.789
-0.567,0,0.123
0.89,1,5.678
-1.345,0,-1.567
0.678,1,4.89
-0.234,0,1.345
1.456,1,7.123
-0.89,0,-0.789
0.345,1,4.456
-1.5,0,-2.123
0.789,1,5.789
-0.123,0,1.567
1.345,1,6.89
-0.678,0,0.456
0.456,1,4.567
-1.234,0,-1.89
0.89,1,5.678
-0.456,0,1.234
1.5,1,7.456
-0.89,0,-0.123
0.678,1,4.89
-1.012,0,-1.234
0.456,1,4.567
-0.789,0,-0.456
1.234,1,6.789
-0.567,0,0.123
0.89,1,5.678
-1.345,0,-1.567
0.678,1,4.89
-0.234,0,1.345
1.456,1,7.123
-0.89,0,-0.789
0.345,1,4.456
-1.5,0,-2.123
0.789,1,5.789
-0.123,0,1.567
1.345,1,6.89
-0.678,0,0.456
0.456,1,4.567
-1.234,0,-1.89
0.89,1,5.678
-0.456,0,1.234
1.5,1,7.456
-0.89,0,-0.123
0.678,1,4.89
-1.012,0,-1.234
0.456,1,4.567
-0.789,0,-0.456
1.234,1,6.789
-0.567,0,0.123
0.89,1,5.678
-1.345,0,-1.567
0.678,1,4.89
-0.234,0,1.345
1.456,1,7.123
-0.89,0,-0.789
0.345,1,4.456
-1.5,0,-2.123
0.789,1,5.789
-0.123,0,1.567
1.345,1,6.89
-0.678,0,0.456
0.456,1,4.567
-1.234,0,-1.89
0.89,1,5.678
-0.456,0,1.234
1.5,1,7.456
-0.89,0,-0.123
0.678,1,4.89
-1.012,0,-1.234
0.456,1,4.567
-0.789,0,-0.456
1.234,1,6.789
-0.567,0,0.123
0.89,1,5.678
-1.345,0,-1.567
0.678,1,4.89
-0.234,0,1.345
1.456,1,7.123
-0.89,0,-0.789
0.345,1,4.456
-1.5,0,-2.123
0.789,1,5.789
-0.123,0,1.567
1.345,1,6.89
-0.678,0,0.456
0.456,1,4.567
-1.234,0,-1.89
0.89,1,5.678
-0.456,0,1.234
1.5,1,7.456
-0.89,0,-0.123
0.678,1,4.89
-1.012,0,-1.234
0.456,1,4.567
-0.789,0,-0.456
1.234,1,6.789
-0.567,0,0.123
0.89,1,5.678
-1.345,0,-1.567
0.678,1,4.89
-0.234,0,1.345
1.456,1,7.123
-0.89,0,-0.789
0.345,1,4.456
-1.5,0,-2.123
0.789,1,5.789
-0.123,0,1.567
1.345,1,6.89
-0.678,0,0.456
0.456,1,4.567
-1.234,0,-1.89
0.89,1,5.678
-0.456,0,1.234
1.5,1,7.456
-0.89,0,-0.123
0.678,1,4.89
-1.012,0,-1.234
0.456,1,4.567
-0.789,0,-0.456
1.234,1,6.789
-0.567,0,0.123
0.89,1,5.678
-1.345,0,-1.567
0.678,1,4.89
-0.234,0,1.345
1.456,1,7.123
-0.89,0,-0.789
0.345,1,4.456
-1.5,0,-2.123
0.789,1,5.789
-0.123,0,1.567
1.345,1,6.89
-0.678,0,0.456
0.456,1,4.567
-1.234,0,-1.89
0.89,1,5.678
-0.456,0,1.234
1.5,1,7.456
-0.89,0,-0.123
0.678,1,4.89
-1.012,0,-1.234
0.456,1,4.567
-0.789,0,-0.456
1.234,1,6.789
-0.567,0,0.123
0.89,1,5.678
-1.345,0,-1.567
0.678,1,4.89
-0.234,0,1.345
1.456,1,7.123
-0.89,0,-0.789
0.345,1,4.456
-1.5,0,-2.123
0.789,1,5.789
-0.123,0,1.567
1.345,1,6.89
-0.678,0,0.456
0.456,1,4.567
-1.234,0,-1.89
0.89,1,5.678
-0.456,0,1.234
1.5,1,7.456
-0.89,0,-0.123
0.678,1,4.89
-1.012,0,-1.234
0.456,1,4.567
-0.789,0,-0.456
1.234,1,6.789
-0.567,0,0.123
0.89,1,5.678
-1.345,0,-1.567
0.678,1,4.89
-0.234,0,1.345
1.456,1,7.123
-0.89,0,-0.789
0.345,1,4.456
-1.5,0,-2.123
0.789,1,5.789
-0.123,0,1.567
1.345,1,6.89
-0.678,0,0.456
0.456,1,4.567
-1.234,0,-1.89
0.89,1,5.678
-0.456,0,1.234
1.5,1,7.456
-0.89,0,-0.123
0.678,1,4.89
-1.012,0,-1.234
0.456,1,4.567
-0.789,0,-0.456
1.234,1,6.789
-0.567,0,0.123
0.89,1,5.678
-1.345,0,-1.567
0.678,1,4.89
-0.234,0,1.345
1.456,1,7.123
-0.89,0,-0.789
0.345,1,4.456
-1.5,0,-2.123
0.789,1,5.789
-0.123,0,1.567
1.345,1,6.89
-0.678,0,0.456
0.456,1,4.567
-1.234,0,-1.89
0.89,1,5.678
-0.456,0,1.234
1.5,1,7.456
-0.89,0,-0.123
0.678,1,4.89
-1.012,0,-1.234
0.456,1,4.567
-0.789,0,-0.456
1.234,1,6.789
-0.567,0,0.123
0.89,1,5.678
-1.345,0,-1.567
0.678,1,4.89
-0.234,0,1.345
1.456,1,7.123
-0.89,0,-0.789
0.345,1,4.456
-1.5,0,-2.123
0.789,1,5.789
-0.123,0,1.567
1.345,1,6.89
-0.678,0,0.456
0.456,1,4.567
-1.234,0,-1.89
0.89,1,5.678
-0.456,0,1.234
1.5,1,7.456
-0.89,0,-0.123
0.678,1,4.89
-1.012,0,-1.234
0.456,1,4.567
-0.789,0,-0.456
1.234,1,6.789
-0.567,0,0.123
0.89,1,5.678
-1.345,0,-1.567
0.678,1,4.89
-0.234,0,1.345
1.456,1,7.123
-0.89,0,-0.789
0.345,1,4.456
-1.5,0,-2.123
-0.123456,0,3.456789
0.654321,1,5.123456
-1.234567,0,2.987654
1.345678,1,6.789012
0.987654,1,5.678901
-0.987654,0,3.234567
1.234567,1,6.456789
-0.56789,0,3.678901
0.123456,1,4.56789
-1.345678,0,2.345678
0.456789,1,5.789012
1.5,1,7.123456
-0.789012,0,3.456789
0.234567,1,4.678901
-0.345678,0,2.987654
1.5,1,7.456789
-1.456789,0,2.123456
0.678901,1,5.012345
-0.234567,0,3.789012
1.5,1,7.890123
-0.678901,0,3.456789
0.345678,1,4.56789
1.5,1,8.012345
-1.5,0,2.678901
0.789012,1,5.123456
-0.456789,0,3.234567
1.5,1,8.123456
-0.123456,0,3.456789
0.56789,1,5.678901
-1.5,0,2.987654
1.012345,1,6.789012
-0.789012,0,3.234567
0.678901,1,5.456789
-1.234567,0,2.345678
1.123456,1,6.456789
-0.345678,0,3.678901
0.456789,1,5.789012
1.234567,1,7.123456
-0.56789,0,2.987654
0.890123,1,5.678901
-1.5,0,2.123456
1.345678,1,6.789012
-0.678901,0,3.456789
0.234567,1,4.56789
1.456789,1,7.890123
-1.012345,0,2.678901
0.678901,1,5.123456
-0.789012,0,3.234567
1.5,1,7.456789
-0.123456,0,3.456789
0.56789,1,5.678901
-1.345678,0,2.987654
1.5,1,8.012345
-0.678901,0,3.456789
0.345678,1,4.56789
1.234567,1,6.456789
-1.5,0,2.345678
0.789012,1,5.789012
-0.456789,0,3.678901
1.5,1,8.123456
-0.890123,0,2.123456
0.678901,1,5.456789
-1.234567,0,3.234567
1.345678,1,6.789012
-0.56789,0,2.987654
0.123456,1,4.678901
1.5,1,7.890123
-1.5,0,2.678901
0.456789,1,5.123456
-0.789012,0,3.456789
1.234567,1,6.456789
-0.345678,0,2.345678
0.678901,1,5.789012
1.5,1,8.012345
-1.5,0,2.123456
0.789012,1,5.678901
-0.678901,0,3.234567
1.012345,1,6.789012
-0.123456,0,3.456789
0.56789,1,5.678901
-1.345678,0,2.987654
1.5,1,8.123456
-0.678901,0,3.456789
0.345678,1,4.56789
1.234567,1,6.456789
-1.5,0,2.345678
0.789012,1,5.789012
-0.456789,0,3.678901
1.5,1,8.123456
-0.890123,0,2.123456
0.678901,1,5.456789
-1.234567,0,3.234567
1.345678,1,6.789012
-0.56789,0,2.987654
0.123456,1,4.678901
1.5,1,7.890123
-1.5,0,2.678901
0.456789,1,5.123456
-0.789012,0,3.456789
1.234567,1,6.456789
-0.345678,0,2.345678
0.678901,1,5.789012
1.5,1,8.012345
-1.5,0,2.123456
0.789012,1,5.678901
-0.678901,0,3.234567
1.012345,1,6.789012
-0.123456,0,3.456789
0.56789,1,5.678901
-1.345678,0,2.987654
1.5,1,8.123456
-0.678901,0,3.456789
0.345678,1,4.56789
1.234567,1,6.456789
-1.5,0,2.345678
0.789012,1,5.789012
-0.456789,0,3.678901
1.5,1,8.123456
-0.890123,0,2.123456
0.678901,1,5.456789
-1.234567,0,3.234567
1.345678,1,6.789012
-0.56789,0,2.987654
0.123456,1,4.678901
1.5,1,7.890123
-1.5,0,2.678901
0.456789,1,5.123456
-0.789012,0,3.456789
1.234567,1,6.456789
-0.345678,0,2.345678
0.678901,1,5.789012
1.5,1,8.012345
-1.5,0,2.123456
0.789012,1,5.678901
-0.678901,0,3.234567
1.012345,1,6.789012
-0.123456,0,3.456789
0.56789,1,5.678901
-1.345678,0,2.987654
1.5,1,8.123456
-0.678901,0,3.456789
0.345678,1,4.56789
1.234567,1,6.456789
-1.5,0,2.345678
0.789012,1,5.789012
-0.456789,0,3.678901
1.5,1,8.123456
-0.890123,0,2.123456
0.678901,1,5.456789
-1.234567,0,3.234567
1.345678,1,6.789012
-0.56789,0,2.987654
0.123456,1,4.678901
1.5,1,7.890123
-1.5,0,2.678901
0.456789,1,5.123456
-0.789012,0,3.456789
1.234567,1,6.456789
-0.345678,0,2.345678
0.678901,1,5.789012
1.5,1,8.012345
-1.5,0,2.123456
0.789012,1,5.678901
-0.678901,0,3.234567
1.012345,1,6.789012
-0.123456,0,3.456789
0.56789,1,5.678901
-1.345678,0,2.987654
1.5,1,8.123456
-0.678901,0,3.456789
0.345678,1,4.56789
1.234567,1,6.456789
-1.5,0,2.345678
0.789012,1,5.789012
-0.456789,0,3.678901
1.5,1,8.123456
-0.890123,0,2.123456
0.678901,1,5.456789
-1.234567,0,3.234567
1.345678,1,6.789012
-0.56789,0,2.987654
0.123456,1,4.678901
1.5,1,7.890123
-1.5,0,2.678901
0.456789,1,5.123456
-0.789012,0,3.456789
1.234567,1,6.456789
-0.345678,0,2.345678
0.678901,1,5.789012
1.5,1,8.012345
-1.5,0,2.123456
0.789012,1,5.678901
-0.678901,0,3.234567
1.012345,1,6.789012
-0.123456,0,3.456789
0.56789,1,5.678901
-1.345678,0,2.987654
1.5,1,8.123456
-0.678901,0,3.456789
0.345678,1,4.56789
1.234567,1,6.456789
-1.5,0,2.345678
0.789012,1,5.789012
-0.456789,0,3.678901
1.5,1,8.123456
-0.890123,0,2.123456
0.678901,1,5.456789
-1.234567,0,3.234567
1.345678,1,6.789012
-0.56789,0,2.987654
0.123456,1,4.678901
1.5,1,7.890123
-1.5,0,2.678901
0.456789,1,5.123456
-0.789012,0,3.456789
1.234567,1,6.456789
-0.345678,0,2.345678
0.678901,1,5.789012
1.5,1,8.012345
-1.5,0,2.123456
0.789012,1,5.678901
-0.678901,0,3.234567
1.012345,1,6.789012
-0.123456,0,3.456789
0.56789,1,5.678901
-1.345678,0,2.987654
1.5,1,8.123456
-0.678901,0,3.456789
0.345678,1,4.56789
1.234567,1,6.456789
-1.5,0,2.345678
0.789012,1,5.789012
-0.456789,0,3.678901
1.5,1,8.123456
-0.890123,0,2.123456
0.678901,1,5.456789
-1.234567,0,3.234567
1.345678,1,6.789012
-0.56789,0,2.987654
0.123456,1,4.678901
1.5,1,7.890123
-1.5,0,2.678901
0.456789,1,5.123456
-0.789012,0,3.456789
1.234567,1,6.456789
-0.345678,0,2.345678
0.678901,1,5.789012
1.5,1,8.012345
-1.5,0,2.123456
0.789012,1,5.678901
-0.678901,0,3.234567
1.012345,1,6.789012
-0.123456,0,3.456789
0.56789,1,5.678901
-1.345678,0,2.987654
1.5,1,8.123456
-0.678901,0,3.456789
0.345678,1,4.56789
1.234567,1,6.456789
-1.5,0,2.345678
0.789012,1,5.789012
-0.456789,0,3.678901
1.5,1,8.123456
-0.890123,0,2.123456
0.678901,1,5.456789
-1.234567,0,3.234567
1.345678,1,6.789012
-0.56789,0,2.987654
0.123456,1,4.678901
1.5,1,7.890123
-1.5,0,2.678901
0.456789,1,5.123456
-0.789012,0,3.456789
1.234567,1,6.456789
-0.345678,0,2.345678
0.678901,1,5.789012
1.5,1,8.012345
-1.5,0,2.123456
0.789012,1,5.678901
-0.678901,0,3.234567
1.012345,1,6.789012
-0.123456,0,3.456789
0.56789,1,5.678901
-1.345678,0,2.987654
1.5,1,8.123456
-0.678901,0,3.456789
0.345678,1,4.56789
1.234567,1,6.456789
-1.5,0,2.345678
0.789012,1,5.789012
-0.456789,0,3.678901
1.5,1,8.123456
-0.890123,0,2.123456
0.678901,1,5.456789
-1.234567,0,3.234567
1.345678,1,6.789012
-0.56789,0,2.987654
0.123456,1,4.678901
1.5,1,7.890123
-1.5,0,2.678901
0.456789,1,5.123456
-0.789012,0,3.456789
1.234567,1,6.456789
-0.345678,0,2.345678
0.678901,1,5.789012
1.5,1,8.012345
-1.5,0,2.123456
0.789012,1,5.678901
-0.678901,0,3.234567
1.012345,1,6.789012
-0.123456,0,3.456789
0.56789,1,5.678901
-1.345678,0,2.987654
1.5,1,8.123456
-0.678901,0,3.456789
0.345678,1,4.56789
1.234567,1,6.456789
-1.5,0,2.345678
0.789012,1,5.789012
-0.456789,0,3.678901
1.5,1,8.123456
-0.123456,1,5.678912
0.987654,0,4.321098
-1.234567,1,6.789012
0.456789,0,3.210987
1.345678,1,7.890123
-0.987654,0,4.56789
0.234567,1,5.432109
-0.345678,0,3.876543
1.234567,1,6.54321
-1.456789,0,4.098765
0.678901,1,5.678901
-0.56789,0,3.456789
0.123456,1,5.123456
-0.789012,0,4.210987
1.456789,1,7.654321
-0.234567,0,3.987654
0.345678,1,5.876543
-1.345678,0,4.321098
0.56789,1,6.54321
-0.678901,0,3.210987
1.234567,1,7.890123
-0.123456,0,4.56789
0.987654,1,5.432109
-1.234567,0,3.876543
0.456789,1,6.789012
1.345678,0,4.098765
-0.987654,1,5.678912
0.234567,0,3.210987
-0.345678,1,6.54321
1.234567,0,4.321098
-1.456789,1,7.890123
0.678901,0,3.876543
-0.56789,1,5.432109
0.123456,0,4.210987
-0.789012,1,6.789012
1.456789,0,3.987654
-0.234567,1,5.678901
0.345678,0,4.321098
-1.345678,1,7.654321
0.56789,0,3.210987
-0.678901,1,5.876543
1.234567,0,4.098765
-0.123456,1,6.54321
0.987654,0,3.876543
-1.234567,1,5.432109
0.456789,0,4.210987
1.345678,1,7.890123
-0.987654,0,3.456789
0.234567,1,5.678912
-0.345678,0,4.321098
1.234567,1,6.789012
-1.456789,0,3.210987
0.678901,1,5.432109
-0.56789,0,4.098765
0.123456,1,6.54321
-0.789012,0,3.876543
1.456789,1,7.654321
-0.234567,0,4.321098
0.345678,1,5.876543
-1.345678,0,3.210987
0.56789,1,6.789012
-0.678901,0,4.210987
1.234567,1,5.678901
-0.123456,0,3.987654
0.987654,1,7.890123
-1.234567,0,4.56789
0.456789,1,5.432109
1.345678,0,3.876543
-0.987654,1,6.54321
0.234567,0,4.321098
-0.345678,1,7.654321
1.234567,0,3.210987
-1.456789,1,5.876543
0.678901,0,4.098765
-0.56789,1,6.789012
0.123456,0,3.456789
-0.789012,1,5.678912
1.456789,0,4.321098
-0.234567,1,7.890123
0.345678,0,3.210987
-1.345678,1,5.432109
0.56789,0,4.210987
-0.678901,1,6.54321
1.234567,0,3.876543
-0.123456,1,5.678901
0.987654,0,4.098765
-1.234567,1,7.654321
0.456789,0,3.210987
1.345678,1,5.876543
-0.987654,0,4.321098
0.234567,1,6.789012
-0.345678,0,3.456789
1.234567,1,5.432109
-1.456789,0,4.210987
0.678901,1,7.890123
-0.56789,0,3.987654
0.123456,1,5.678912
-0.789012,0,4.321098
1.456789,1,6.54321
-0.234567,0,3.210987
0.345678,1,5.876543
-1.345678,0,4.098765
0.56789,1,6.789012
-0.678901,0,3.456789
1.234567,1,5.432109
-0.123456,0,4.210987
0.987654,1,7.654321
-1.234567,0,3.876543
0.456789,1,5.678901
1.345678,0,4.321098
-0.987654,1,6.54321
0.234567,0,3.210987
-0.345678,1,7.890123
1.234567,0,4.098765
-1.456789,1,5.876543
0.678901,0,3.456789
-0.56789,1,6.789012
0.123456,0,4.321098
-0.789012,1,5.678912
1.456789,0,3.210987
-0.234567,1,7.890123
0.345678,0,4.098765
-1.345678,1,5.432109
0.56789,0,3.876543
-0.678901,1,6.54321
1.234567,0,4.210987
-0.123456,1,5.678901
0.987654,0,3.987654
-1.234567,1,7.654321
0.456789,0,4.321098
1.345678,1,5.876543
-0.987654,0,3.210987
0.234567,1,6.789012
-0.345678,0,4.098765
1.234567,1,5.432109
-1.456789,0,3.876543
0.678901,1,7.890123
-0.56789,0,4.210987
0.123456,1,5.678912
-0.789012,0,3.456789
1.456789,1,6.54321
-0.234567,0,4.321098
0.345678,1,5.876543
-1.345678,0,3.210987
0.56789,1,6.789012
-0.678901,0,4.098765
1.234567,1,5.432109
-0.123456,0,3.876543
0.987654,1,7.654321
-1.234567,0,4.321098
0.456789,1,5.678901
1.345678,0,3.210987
-0.987654,1,6.54321
0.234567,0,4.098765
-0.345678,1,7.890123
1.234567,0,3.876543
-1.456789,1,5.876543
0.678901,0,4.210987
-0.56789,1,6.789012
0.123456,0,3.456789
-0.789012,1,5.678912
1.456789,0,4.321098
-0.234567,1,7.890123
0.345678,0,3.210987
-1.345678,1,5.432109
0.56789,0,4.098765
-0.678901,1,6.54321
1.234567,0,3.876543
-0.123456,1,5.678901
0.987654,0,4.321098
-1.234567,1,7.654321
0.456789,0,3.210987
1.345678,1,5.876543
-0.987654,0,4.098765
0.234567,1,6.789012
-0.345678,0,3.456789
1.234567,1,5.432109
-1.456789,0,4.210987
0.678901,1,7.890123
-0.56789,0,3.987654
0.123456,1,5.678912
-0.789012,0,4.321098
1.456789,1,6.54321
-0.234567,0,3.210987
0.345678,1,5.876543
-1.345678,0,4.098765
0.56789,1,6.789012
-0.678901,0,3.456789
1.234567,1,5.432109
-0.123456,0,4.210987
0.987654,1,7.654321
-1.234567,0,3.876543
0.456789,1,5.678901
1.345678,0,4.321098
-0.987654,1,6.54321
0.234567,0,3.210987
-0.345678,1,7.890123
1.234567,0,4.098765
-1.456789,1,5.876543
0.678901,0,3.456789
-0.56789,1,6.789012
0.123456,0,4.321098
-0.789012,1,5.678912
1.456789,0,3.210987
-0.234567,1,7.890123
0.345678,0,4.098765
-1.345678,1,5.432109
0.56789,0,3.876543
-0.678901,1,6.54321
1.234567,0,4.210987
-0.123456,1,5.678901
0.987654,0,3.987654
-1.234567,1,7.654321
0.456789,0,4.321098
1.345678,1,5.876543
-0.987654,0,3.210987
0.234567,1,6.789012
-0.345678,0,4.098765
1.234567,1,5.432109
-1.456789,0,3.876543
0.678901,1,7.890123
-0.56789,0,4.210987
0.123456,1,5.678912
-0.789012,0,3.456789
1.456789,1,6.54321
-0.234567,0,4.321098
0.345678,1,5.876543
-1.345678,0,3.210987
0.56789,1,6.789012
-0.678901,0,4.098765
1.234567,1,5.432109
-0.123456,0,3.876543
0.987654,1,7.654321
-1.234567,0,4.321098
0.456789,1,5.678901
1.345678,0,3.210987
-0.987654,1,6.54321
0.234567,0,4.098765
-0.345678,1,7.890123
1.234567,0,3.876543
-1.456789,1,5.876543
0.678901,0,4.210987
-0.56789,1,6.789012
0.123456,0,3.456789
-0.789012,1,5.678912
1.456789,0,4.321098
-0.234567,1,7.890123
0.345678,0,3.210987
-1.345678,1,5.432109
0.56789,0,4.098765
-0.678901,1,6.54321
1.234567,0,3.876543
-0.123456,1,5.678901
0.987654,0,4.321098
-1.234567,1,7.654321
0.456789,0,3.210987
1.345678,1,5.876543
-0.987654,0,4.098765
0.234567,1,6.789012
-0.345678,0,3.456789
1.234567,1,5.432109
-1.456789,0,4.210987
0.678901,1,7.890123
-0.56789,0,3.987654
0.123456,1,5.678912
-0.789012,0,4.321098
1.456789,1,6.54321
-0.234567,0,3.210987
0.345678,1,5.876543
-1.345678,0,4.098765
0.56789,1,6.789012
-0.678901,0,3.456789
1.234567,1,5.432109
-0.123456,0,4.210987
0.987654,1,7.654321
-1.234567,0,3.876543
0.456789,1,5.678901
1.345678,0,4.321098
-0.987654,1,6.54321
0.234567,0,3.210987
-0.345678,1,7.890123
1.234567,0,4.098765
-1.456789,1,5.876543
0.678901,0,3.456789
-0.56789,1,6.789012
0.123456,0,4.321098
-0.789012,1,5.678912
1.456789,0,3.210987
-0.234567,1,7.890123
0.345678,0,4.098765
-1.345678,1,5.432109
0.56789,0,3.876543
-0.678901,1,6.54321
1.234567,0,4.210987
-0.123456,1,5.678901
0.987654,0,3.987654
-1.234567,1,7.654321
0.456789,0,4.321098
1.345678,1,5.876543
-0.987654,0,3.210987
0.234567,1,6.789012
-0.345678,0,4.098765
1.234567,1,5.432109
-1.456789,0,3.876543
0.678901,1,7.890123
-0.56789,0,4.210987
0.123456,1,5.678912
-0.789012,0,3.456789
1.456789,1,6.54321
-0.234567,0,4.321098
0.345678,1,5.876543
-1.345678,0,3.210987
0.56789,1,6.789012
-0.678901,0,4.098765
1.234567,1,5.432109
-0.123456,0,3.876543
0.987654,1,7.654321
-1.234567,0,4.321098
0.456789,1,5.678901
1.345678,0,3.210987
-0.123456,0,3.234567
0.456789,1,6.123456
-1.234567,0,1.987654
1.345678,1,7.456789
0.234567,1,5.678901
-0.987654,0,2.345678
1.234567,1,6.789012
-0.56789,0,2.456789
0.678901,1,5.123456
-1.345678,0,1.234567
0.123456,1,4.56789
-0.234567,0,2.678901
1.456789,1,7.890123
-0.678901,0,2.345678
0.789012,1,5.678901
-1.456789,0,1.987654
1.5,1,8.123456
-0.345678,0,2.456789
0.890123,1,5.789012
-1.5,0,1.234567
1.5,1,8.456789
-0.456789,0,2.678901
0.901234,1,5.890123
-1.5,0,1.345678
1.5,1,8.789012
-0.56789,0,2.789012
0.012345,1,4.123456
-1.5,0,1.456789
1.5,1,9.123456
-0.678901,0,2.890123
0.123456,1,4.56789
-1.5,0,1.56789
1.5,1,9.456789
-0.789012,0,2.901234
0.234567,1,4.678901
-1.5,0,1.678901
1.012345,1,9.789012
-0.890123,0,2.012345
0.345678,1,4.789012
-1.012345,0,1.789012
1.123456,1,9.890123
-0.901234,0,2.123456
0.456789,1,4.890123
-1.123456,0,1.890123
1.234567,1,10.123456
-0.012345,0,2.234567
0.56789,1,5.012345
-1.234567,0,1.901234
1.345678,1,10.456789
-0.123456,0,2.345678
0.678901,1,5.123456
-1.345678,0,1.012345
1.456789,1,10.789012
-0.234567,0,2.456789
0.789012,1,5.234567
-1.456789,0,1.123456
1.5,1,11.123456
-0.345678,0,2.56789
0.890123,1,5.345678
-1.5,0,1.234567
1.5,1,11.456789
-0.456789,0,2.678901
0.901234,1,5.456789
-1.5,0,1.345678
1.5,1,11.789012
-0.56789,0,2.789012
0.012345,1,5.56789
-1.5,0,1.456789
1.5,1,12.123456
-0.678901,0,2.890123
0.123456,1,5.678901
-1.5,0,1.56789
1.5,1,12.456789
-0.789012,0,2.901234
0.234567,1,5.789012
-1.5,0,1.678901
1.012345,1,12.789012
-0.890123,0,2.012345
0.345678,1,5.890123
-1.012345,0,1.789012
1.123456,1,13.123456
-0.901234,0,2.123456
0.456789,1,5.901234
-1.123456,0,1.890123
1.234567,1,13.456789
-0.012345,0,2.234567
0.56789,1,6.012345
-1.234567,0,1.901234
1.345678,1,13.789012
-0.123456,0,2.345678
0.678901,1,6.123456
-1.345678,0,1.012345
1.456789,1,14.123456
-0.234567,0,2.456789
0.789012,1,6.234567
-1.456789,0,1.123456
1.5,1,14.456789
-0.345678,0,2.56789
0.890123,1,6.345678
-1.5,0,1.234567
1.5,1,14.789012
-0.456789,0,2.678901
0.901234,1,6.456789
-1.5,0,1.345678
1.5,1,15.123456
-0.56789,0,2.789012
0.012345,1,6.56789
-1.5,0,1.456789
1.5,1,15.456789
-0.678901,0,2.890123
0.123456,1,6.678901
-1.5,0,1.56789
1.5,1,15.789012
-0.789012,0,2.901234
0.234567,1,6.789012
-1.5,0,1.678901
1.012345,1,16.123456
-0.890123,0,2.012345
0.345678,1,6.890123
-1.012345,0,1.789012
1.123456,1,16.456789
-0.901234,0,2.123456
0.456789,1,7.012345
-1.123456,0,1.890123
1.234567,1,16.789012
-0.012345,0,2.234567
0.56789,1,7.123456
-1.234567,0,1.901234
1.345678,1,17.123456
-0.123456,0,2.345678
0.678901,1,7.234567
-1.345678,0,1.012345
1.456789,1,17.456789
-0.234567,0,2.456789
0.789012,1,7.345678
-1.456789,0,1.123456
1.5,1,17.789012
-0.345678,0,2.56789
0.890123,1,7.456789
-1.5,0,1.234567
1.5,1,18.123456
-0.456789,0,2.678901
0.901234,1,7.56789
-1.5,0,1.345678
1.5,1,18.456789
-0.56789,0,2.789012
0.012345,1,7.678901
-1.5,0,1.456789
1.5,1,18.789012
-0.678901,0,2.890123
0.123456,1,7.789012
-1.5,0,1.56789
1.5,1,19.123456
-0.789012,0,2.901234
0.234567,1,7.890123
-1.5,0,1.678901
1.012345,1,19.456789
-0.890123,0,2.012345
0.345678,1,7.901234
-1.012345,0,1.789012
1.123456,1,19.789012
-0.901234,0,2.123456
0.456789,1,8.012345
-1.123456,0,1.890123
1.234567,1,20.123456
-0.012345,0,2.234567
0.56789,1,8.123456
-1.234567,0,1.901234
1.345678,1,20.456789
-0.123456,0,2.345678
0.678901,1,8.234567
-1.345678,0,1.012345
1.456789,1,20.789012
-0.234567,0,2.456789
0.789012,1,8.345678
-1.456789,0,1.123456
1.5,1,21.123456
-0.345678,0,2.56789
0.890123,1,8.456789
-1.5,0,1.234567
1.5,1,21.456789
-0.456789,0,2.678901
0.901234,1,8.56789
-1.5,0,1.345678
1.5,1,21.789012
-0.56789,0,2.789012
0.012345,1,8.678901
-1.5,0,1.456789
1.5,1,22.123456
-0.678901,0,2.890123
0.123456,1,8.789012
-1.5,0,1.56789
1.5,1,22.456789
-0.789012,0,2.901234
0.234567,1,8.890123
-1.5,0,1.678901
1.012345,1,22.789012
-0.890123,0,2.012345
0.345678,1,8.901234
-1.012345,0,1.789012
1.123456,1,23.123456
-0.901234,0,2.123456
0.456789,1,9.012345
-1.123456,0,1.890123
1.234567,1,23.456789
-0.012345,0,2.234567
0.56789,1,9.123456
-1.234567,0,1.901234
1.345678,1,23.789012
-0.123456,0,2.345678
0.678901,1,9.234567
-1.345678,0,1.012345
1.456789,1,24.123456
-0.234567,0,2.456789
0.789012,1,9.345678
-1.456789,0,1.123456
1.5,1,24.456789
-0.345678,0,2.56789
0.890123,1,9.456789
-1.5,0,1.234567
1.5,1,24.789012
-0.456789,0,2.678901
0.901234,1,9.56789
-1.5,0,1.345678
1.5,1,25.123456
-0.56789,0,2.789012
0.012345,1,9.678901
-1.5,0,1.456789
1.5,1,25.456789
-0.678901,0,2.890123
0.123456,1,9.789012
-1.5,0,1.56789
1.5,1,25.789012
-0.789012,0,2.901234
0.234567,1,9.890123
-1.5,0,1.678901
1.012345,1,26.123456
-0.890123,0,2.012345
0.345678,1,9.901234
-1.012345,0,1.789012
1.123456,1,26.456789
-0.901234,0,2.123456
0.456789,1,10.012345
-1.123456,0,1.890123
1.234567,1,26.789012
-0.012345,0,2.234567
0.56789,1,10.123456
-1.234567,0,1.901234
1.345678,1,27.123456
-0.123456,0,2.345678
0.678901,1,10.234567
-1.345678,0,1.012345
1.456789,1,27.456789
-0.234567,0,2.456789
0.789012,1,10.345678
-1.456789,0,1.123456
1.5,1,27.789012
-0.345678,0,2.56789
0.890123,1,10.456789
-1.5,0,1.234567
1.5,1,28.123456
-0.456789,0,2.678901
0.901234,1,10.56789
-1.5,0,1.345678
1.5,1,28.456789
-0.56789,0,2.789012
0.012345,1,10.678901
-1.5,0,1.456789
1.5,1,28.789012
-0.678901,0,2.890123
0.123456,1,10.789012
-1.5,0,1.56789
1.5,1,29.123456
-0.789012,0,2.901234
0.234567,1,10.890123
-1.5,0,1.678901
1.012345,1,29.456789
-0.890123,0,2.012345
0.345678,1,10.901234
-1.012345,0,1.789012
1.123456,1,29.789012
-0.901234,0,2.123456
0.456789,1,11.012345
-1.123456,0,1.890123
1.234567,1,30.123456
-0.012345,0,2.234567
0.56789,1,11.123456
-1.234567,0,1.901234
1.345678,1,30.456789
-0.123456,0,2.345678
0.678901,1,11.234567
-1.345678,0,1.012345
1.456789,1,30.789012
-0.234567,0,2.456789
0.789012,1,11.345678
-1.456789,0,1.123456
1.5,1,31.123456
-0.345678,0,2.56789
0.890123,1,11.456789
-1.5,0,1.234567
1.5,1,31.456789
-0.456789,0,2.678901
0.901234,1,11.56789
-1.5,0,1.345678
1.5,1,31.789012
-0.56789,0,2.789012
0.012345,1,11.678901
-1.5,0,1.456789
1.5,1,32.123456
-0.678901,0,2.890123
0.123456,1,11.789012
-1.5,0,1.56789
1.5,1,32.456789
-0.789012,0,2.901234
0.234567,1,11.890123
-1.5,0,1.678901
1.012345,1,32.789012
-0.890123,0,2.012345
0.345678,1,11.901234
-1.012345,0,1.0
-0.123456,0,3.456789
0.987654,1,5.123456
-1.234567,0,2.345678
0.456789,1,4.56789
1.345678,1,6.789012
-0.987654,0,3.234567
0.234567,1,4.345678
-1.345678,0,2.456789
0.678901,1,5.678901
1.234567,1,6.890123
-0.56789,0,3.678901
0.345678,1,4.789012
-1.456789,0,2.56789
0.789012,1,5.123456
1.456789,1,7.012345
-0.678901,0,3.456789
0.123456,1,4.56789
-1.5,0,2.678901
0.56789,1,5.678901
1.5,1,7.123456
-0.234567,0,3.789012
0.890123,1,5.890123
-1.5,0,2.789012
0.456789,1,4.678901
1.5,1,7.234567
-0.345678,0,3.890123
0.234567,1,4.789012
-1.5,0,2.890123
0.678901,1,5.678901
1.5,1,7.345678
-0.456789,0,3.56789
0.123456,1,4.678901
-1.5,0,2.678901
0.789012,1,5.789012
1.5,1,7.456789
-0.56789,0,3.678901
0.345678,1,4.890123
-1.5,0,2.789012
0.901234,1,5.678901
1.5,1,7.56789
-0.678901,0,3.456789
0.456789,1,4.56789
-1.012345,0,2.678901
0.56789,1,5.678901
1.012345,1,6.890123
-0.789012,0,3.789012
0.678901,1,4.890123
-1.123456,0,2.890123
0.789012,1,5.678901
1.123456,1,6.789012
-0.890123,0,3.456789
0.234567,1,4.56789
-1.234567,0,2.678901
0.345678,1,5.678901
1.234567,1,7.012345
-0.345678,0,3.789012
0.456789,1,4.890123
-1.345678,0,2.890123
0.56789,1,5.678901
1.345678,1,6.890123
-0.456789,0,3.56789
0.678901,1,4.678901
-1.456789,0,2.678901
0.789012,1,5.789012
1.456789,1,7.123456
-0.56789,0,3.678901
0.890123,1,5.890123
-1.5,0,2.789012
0.901234,1,5.678901
1.5,1,7.234567
-0.678901,0,3.456789
0.123456,1,4.56789
-1.5,0,2.678901
0.234567,1,5.678901
1.5,1,7.345678
-0.789012,0,3.789012
0.345678,1,4.890123
-1.5,0,2.890123
0.456789,1,5.678901
1.5,1,7.456789
-0.890123,0,3.56789
0.56789,1,4.678901
-1.5,0,2.678901
0.678901,1,5.789012
1.5,1,7.56789
-0.678901,0,3.456789
0.789012,1,4.56789
-1.012345,0,2.678901
0.890123,1,5.678901
1.012345,1,6.890123
-0.789012,0,3.789012
0.901234,1,4.890123
-1.123456,0,2.890123
0.123456,1,5.678901
1.123456,1,6.789012
-0.234567,0,3.456789
0.234567,1,4.56789
-1.234567,0,2.678901
0.345678,1,5.678901
1.234567,1,7.012345
-0.345678,0,3.789012
0.456789,1,4.890123
-1.345678,0,2.890123
0.56789,1,5.678901
1.345678,1,6.890123
-0.456789,0,3.56789
0.678901,1,4.678901
-1.456789,0,2.678901
0.789012,1,5.789012
1.456789,1,7.123456
-0.56789,0,3.678901
0.890123,1,5.890123
-1.5,0,2.789012
0.901234,1,5.678901
1.5,1,7.234567
-0.678901,0,3.456789
0.123456,1,4.56789
-1.5,0,2.678901
0.234567,1,5.678901
1.5,1,7.345678
-0.789012,0,3.789012
0.345678,1,4.890123
-1.5,0,2.890123
0.456789,1,5.678901
1.5,1,7.456789
-0.890123,0,3.56789
0.56789,1,4.678901
-1.5,0,2.678901
0.678901,1,5.789012
1.5,1,7.56789
-0.678901,0,3.456789
0.789012,1,4.56789
-1.012345,0,2.678901
0.890123,1,5.678901
1.012345,1,6.890123
-0.789012,0,3.789012
0.901234,1,4.890123
-1.123456,0,2.890123
0.123456,1,5.678901
1.123456,1,6.789012
-0.234567,0,3.456789
0.234567,1,4.56789
-1.234567,0,2.678901
0.345678,1,5.678901
1.234567,1,7.012345
-0.345678,0,3.789012
0.456789,1,4.890123
-1.345678,0,2.890123
0.56789,1,5.678901
1.345678,1,6.890123
-0.456789,0,3.56789
0.678901,1,4.678901
-1.456789,0,2.678901
0.789012,1,5.789012
1.456789,1,7.123456
-0.56789,0,3.678901
0.890123,1,5.890123
-1.5,0,2.789012
0.901234,1,5.678901
1.5,1,7.234567
-0.678901,0,3.456789
0.123456,1,4.56789
-1.5,0,2.678901
0.234567,1,5.678901
1.5,1,7.345678
-0.789012,0,3.789012
0.345678,1,4.890123
-1.5,0,2.890123
0.456789,1,5.678901
1.5,1,7.456789
-0.890123,0,3.56789
0.56789,1,4.678901
-1.5,0,2.678901
0.678901,1,5.789012
1.5,1,7.56789
-0.678901,0,3.456789
0.789012,1,4.56789
-1.012345,0,2.678901
0.890123,1,5.678901
1.012345,1,6.890123
-0.789012,0,3.789012
0.901234,1,4.890123
-1.123456,0,2.890123
0.123456,1,5.678901
1.123456,1,6.789012
-0.234567,0,3.456789
0.234567,1,4.56789
-1.234567,0,2.678901
0.345678,1,5.678901
1.234567,1,7.012345
-0.345678,0,3.789012
0.456789,1,4.890123
-1.345678,0,2.890123
0.56789,1,5.678901
1.345678,1,6.890123
-0.456789,0,3.56789
0.678901,1,4.678901
-1.456789,0,2.678901
0.789012,1,5.789012
1.456789,1,7.123456
-0.56789,0,3.678901
0.890123,1,5.890123
-1.5,0,2.789012
0.901234,1,5.678901
1.5,1,7.234567
-0.678901,0,3.456789
0.123456,1,4.56789
-1.5,0,2.678901
0.234567,1,5.678901
1.5,1,7.345678
-0.789012,0,3.789012
0.345678,1,4.890123
-1.5,0,2.890123
0.456789,1,5.678901
1.5,1,7.456789
-0.890123,0,3.56789
0.56789,1,4.678901
-1.5,0,2.678901
0.678901,1,5.789012
1.5,1,7.56789
-0.678901,0,3.456789
0.789012,1,4.56789
-1.012345,0,2.678901
0.890123,1,5.678901
1.012345,1,6.890123
-0.789012,0,3.789012
0.901234,1,4.890123
-1.123456,0,2.890123
0.123456,1,5.678901
1.123456,1,6.789012
-0.234567,0,3.456789
0.234567,1,4.56789
-1.234567,0,2.678901
0.345678,1,5.678901
1.234567,1,7.012345
-0.345678,0,3.789012
0.456789,1,4.890123
-1.345678,0,2.890123
0.56789,1,5.678901
1.345678,1,6.890123
-0.456789,0,3.56789
0.678901,1,4.678901
-1.456789,0,2.678901
0.789012,1,5.789012
1.456789,1,7.123456
-0.56789,0,3.678901
0.890123,1,5.890123
-1.5,0,2.789012
0.901234,1,5.678901
1.5,1,7.234567
-0.678901,0,3.456789
0.123456,1,4.56789
-1.5,0,2.678901
0.234567,1,5.678901
1.5,1,7.345678
-0.789012,0,3.789012
0.345678,1,4.890123
-1.5,0,2.890123
0.456789,1,5.678901
1.5,1,7.456789
-0.890123,0,3.56789
0.56789,1,4.678901
-1.5,0,2.678901
0.678901,1,5.789012
1.5,1,7.56789
-0.678901,0,3.456789
0.789012,1,4.56789
-1.012345,0,2.678901
0.890123,1,5.678901
1.012345,1,6.890123
-0.789012,0,3.789012
0.901234,1,4.890123
-1.123456,0,2.890123
0.123456,1,5.678901
1.123456,1,6.789012
-0.234567,0,3.456789
0.234567,1,4.56789
-1.234567,0,2.678901
0.345678,1,5.678901
1.234567,1,7.012345
-0.345678,0,3.789012
0.456789,1,4.890123
-1.345678,0,2.890123
0.56789,1,5.678901
1.345678,1,6.890123
-0.456789,0,3.56789
0.678901,1,4.678901
-1.456789,0,2.678901
0.789012,1,5.789012
1.456789,1,7.123456
-0.56789,0,3.678901
0.890123,1,5.890123
-1.5,0,2.789012
0.901234,1,5.678901
1.5,1,7.234567
-0.678901,0,3.456789
0.123456,1,4.56789
-1.5,0,2.678901
0.234567,1,5.678901
1.5,1,7.345678
-0.789012,0,3.789012
0.345678,1,4.890123
-1.5,0,2.890123
0.456789,1,5.678901
1.5,1,7.456789
-0.890123,0,3.56789
0.56789,1,4.678901
-1.5,0,2.678901
0.678901,1,5.789012
1.5,1,7.56789
-0.678901,0,3.456789
0.789012,1,4.56789
-1.012345,0,2.678901
0.890123,1,5.678901
1.012345,1,6.890123
-0.789012,0,3.789012
0.901234,1,4.890123
-1.123456,0,2.890123
0.123456,1,5.678901
1.123456,1,6.789012
-0.234567,0,3.456789
0.234567,1,4.56789
-0.123456,1,5.678912
0.456789,0,3.234567
1.234567,1,7.890123
-1.234567,0,2.345678
0.987654,1,6.54321
-0.654321,0,3.456789
0.345678,1,5.123456
-1.345678,0,2.678901
1.123456,1,7.012345
0.56789,0,4.56789
-0.987654,1,5.678901
1.345678,0,6.789012
-0.456789,1,4.123456
0.123456,0,3.789012
-1.5,1,2.456789
0.678901,0,4.890123
1.5,1,7.123456
-0.234567,0,3.456789
0.789012,1,5.678901
-1.5,0,2.345678
0.234567,1,4.56789
1.5,0,6.789012
-0.345678,1,3.890123
0.890123,0,5.123456
-1.5,1,2.678901
0.456789,0,4.012345
1.5,1,7.890123
-0.56789,0,3.456789
0.678901,1,5.678901
-1.5,0,2.345678
0.789012,1,4.56789
1.5,0,6.789012
-0.678901,1,3.890123
0.890123,0,5.123456
-1.5,1,2.678901
0.123456,0,4.012345
1.5,1,7.890123
-0.789012,0,3.456789
0.234567,1,5.678901
-1.012345,0,2.345678
0.345678,1,4.56789
1.012345,0,6.789012
-0.890123,1,3.890123
0.456789,0,5.123456
-1.123456,1,2.678901
0.56789,0,4.012345
1.123456,1,7.890123
-0.234567,0,3.456789
0.678901,1,5.678901
-1.234567,0,2.345678
0.789012,1,4.56789
1.234567,0,6.789012
-0.345678,1,3.890123
0.890123,0,5.123456
-1.345678,1,2.678901
0.123456,0,4.012345
1.345678,1,7.890123
-0.456789,0,3.456789
0.234567,1,5.678901
-1.456789,0,2.345678
0.345678,1,4.56789
1.456789,0,6.789012
-0.56789,1,3.890123
0.456789,0,5.123456
-1.5,1,2.678901
0.678901,0,4.012345
1.5,1,7.890123
-0.678901,0,3.456789
0.789012,1,5.678901
-1.5,0,2.345678
0.890123,1,4.56789
1.5,0,6.789012
-0.789012,1,3.890123
0.901234,0,5.123456
-1.5,1,2.678901
0.123456,0,4.012345
1.5,1,7.890123
-0.234567,0,3.456789
0.345678,1,5.678901
-1.5,0,2.345678
0.456789,1,4.56789
1.5,0,6.789012
-0.56789,1,3.890123
0.678901,0,5.123456
-1.5,1,2.678901
0.789012,0,4.012345
1.5,1,7.890123
-0.890123,0,3.456789
0.123456,1,5.678901
-1.012345,0,2.345678
0.234567,1,4.56789
1.012345,0,6.789012
-0.345678,1,3.890123
0.456789,0,5.123456
-1.123456,1,2.678901
0.56789,0,4.012345
1.123456,1,7.890123
-0.234567,0,3.456789
0.678901,1,5.678901
-1.234567,0,2.345678
0.789012,1,4.56789
1.234567,0,6.789012
-0.345678,1,3.890123
0.890123,0,5.123456
-1.345678,1,2.678901
0.123456,0,4.012345
1.345678,1,7.890123
-0.456789,0,3.456789
0.234567,1,5.678901
-1.456789,0,2.345678
0.345678,1,4.56789
1.456789,0,6.789012
-0.56789,1,3.890123
0.456789,0,5.123456
-1.5,1,2.678901
0.678901,0,4.012345
1.5,1,7.890123
-0.678901,0,3.456789
0.789012,1,5.678901
-1.5,0,2.345678
0.890123,1,4.56789
1.5,0,6.789012
-0.789012,1,3.890123
0.901234,0,5.123456
-1.5,1,2.678901
0.123456,0,4.012345
1.5,1,7.890123
-0.234567,0,3.456789
0.345678,1,5.678901
-1.5,0,2.345678
0.456789,1,4.56789
1.5,0,6.789012
-0.56789,1,3.890123
0.678901,0,5.123456
-1.5,1,2.678901
0.789012,0,4.012345
1.5,1,7.890123
-0.890123,0,3.456789
0.123456,1,5.678901
-1.012345,0,2.345678
0.234567,1,4.56789
1.012345,0,6.789012
-0.345678,1,3.890123
0.456789,0,5.123456
-1.123456,1,2.678901
0.56789,0,4.012345
1.123456,1,7.890123
-0.234567,0,3.456789
0.678901,1,5.678901
-1.234567,0,2.345678
0.789012,1,4.56789
1.234567,0,6.789012
-0.345678,1,3.890123
0.890123,0,5.123456
-1.345678,1,2.678901
0.123456,0,4.012345
1.345678,1,7.890123
-0.456789,0,3.456789
0.234567,1,5.678901
-1.456789,0,2.345678
0.345678,1,4.56789
1.456789,0,6.789012
-0.56789,1,3.890123
0.456789,0,5.123456
-1.5,1,2.678901
0.678901,0,4.012345
1.5,1,7.890123
-0.678901,0,3.456789
0.789012,1,5.678901
-1.5,0,2.345678
0.890123,1,4.56789
1.5,0,6.789012
-0.789012,1,3.890123
0.901234,0,5.123456
-1.5,1,2.678901
0.123456,0,4.012345
1.5,1,7.890123
-0.234567,0,3.456789
0.345678,1,5.678901
-1.5,0,2.345678
0.456789,1,4.56789
1.5,0,6.789012
-0.56789,1,3.890123
0.678901,0,5.123456
-1.5,1,2.678901
0.789012,0,4.012345
1.5,1,7.890123
-0.890123,0,3.456789
0.123456,1,5.678901
-1.012345,0,2.345678
0.234567,1,4.56789
1.012345,0,6.789012
-0.345678,1,3.890123
0.456789,0,5.123456
-1.123456,1,2.678901
0.56789,0,4.012345
1.123456,1,7.890123
-0.234567,0,3.456789
0.678901,1,5.678901
-1.234567,0,2.345678
0.789012,1,4.56789
1.234567,0,6.789012
-0.345678,1,3.890123
0.890123,0,5.123456
-1.345678,1,2.678901
0.123456,0,4.012345
1.345678,1,7.890123
-0.456789,0,3.456789
0.234567,1,5.678901
-1.456789,0,2.345678
0.345678,1,4.56789
1.456789,0,6.789012
-0.56789,1,3.890123
0.456789,0,5.123456
-1.5,1,2.678901
0.678901,0,4.012345
1.5,1,7.890123
-0.678901,0,3.456789
0.789012,1,5.678901
-1.5,0,2.345678
0.890123,1,4.56789
1.5,0,6.789012
-0.789012,1,3.890123
0.901234,0,5.123456
-1.5,1,2.678901
0.123456,0,4.012345
1.5,1,7.890123
-0.234567,0,3.456789
0.345678,1,5.678901
-1.5,0,2.345678
0.456789,1,4.56789
1.5,0,6.789012
-0.56789,1,3.890123
0.678901,0,5.123456
-1.5,1,2.678901
0.789012,0,4.012345
1.5,1,7.890123
-0.890123,0,3.456789
0.123456,1,5.678901
-1.012345,0,2.345678
0.234567,1,4.56789
1.012345,0,6.789012
-0.345678,1,3.890123
0.456789,0,5.123456
-1.123456,1,2.678901
0.56789,0,4.012345
1.123456,1,7.890123
-0.234567,0,3.456789
0.678901,1,5.678901
-1.234567,0,2.345678
0.789012,1,4.56789
1.234567,0,6.789012
-0.345678,1,3.890123
0.890123,0,5.123456
-1.345678,1,2.678901
0.123456,0,4.012345
1.345678,1,7.890123
-0.456789,0,3.456789
0.234567,1,5.678901
-1.456789,0,2.345678
0.345678,1,4.56789
1.456789,0,6.789012
-0.56789,1,3.890123
0.456789,0,5.123456
-1.5,1,2.678901
0.678901,0,4.012345
1.5,1,7.890123
-0.678901,0,3.456789
0.789012,1,5.678901
-1.5,0,2.345678
0.890123,1,4.56789
1.5,0,6.789012
-0.789012,1,3.890123
0.901234,0,5.123456
-1.5,1,2.678901
0.123456,0,4.012345
1.5,1,7.890123
-0.234567,0,3.456789
0.345678,1,5.678901
-1.5,0,2.345678
0.456789,1,4.56789
1.5,0,6.789012
-0.56789,1,3.890123
0.678901,0,5.123456
-1.5,1,2.678901
0.789012,0,4.012345
1.5,1,7.890123
-0.890123,0,3.456789
0.123456,1,5.678901
-1.012345,0,2.345678
0.234567,1,4.56789
1.012345,0,6.789012
-0.345678,1,3.890123
0.456789,0,5.123456
-1.123456,1,2.678901
0.56789,0,4.012345
1.123456,1,7.890123
-0.234567,0,3.456789
0.678901,1,5.678901
-1.234567,0,2.345678
0.789012,1,4.56789
1.234567,0,6.789012
-0.345678,1,3.890123
0.890123,0,5.123456
-1.345678,1,2.678901
0.123456,0,4.012345
1.345678,1,7.890123
-0.456789,0,3.456789
0.234567,1,5.678901
-1.456789,0,2.345678
0.345678,1,4.56789
1.456789,0,6.789012
-0.56789,1,3.890123
0.456789,0,5.123456
-1.5,1,2.678901
0.678901,0,4.012345
1.5,1,7.890123
-0.678901,0,3.456789
0.789012,1,5.678901
-1.5,0,2.345678
0.890123,1,4.56789
1.5,0,6.789012
-0.123456,1,5.678912
0.456789,0,3.123456
1.234567,1,7.890123
-1.234567,0,2.345678
0.987654,1,6.54321
-0.654321,0,4.321098
1.345678,1,8.765432
-0.987654,0,3.456789
0.123456,1,5.432109
-1.456789,0,2.987654
0.234567,1,6.123456
-0.345678,0,3.678901
1.456789,1,9.012345
-0.56789,0,4.56789
0.678901,1,6.789012
-1.5,0,2.123456
0.789012,1,7.890123
-0.789012,0,3.234567
1.5,1,8.901234
-0.890123,0,2.456789
0.890123,1,6.54321
-1.5,0,3.678901
0.901234,1,7.012345
-0.901234,0,2.345678
1.5,1,8.765432
-0.123456,0,4.321098
0.456789,1,5.678912
1.234567,0,3.123456
-1.234567,1,7.890123
0.987654,0,2.345678
-0.654321,1,5.432109
1.345678,0,3.456789
-0.987654,1,6.54321
0.123456,0,4.321098
-1.456789,1,8.765432
0.234567,0,2.987654
-0.345678,1,5.678912
1.456789,0,3.123456
-0.56789,1,6.789012
0.678901,0,4.56789
-1.5,1,8.901234
0.789012,0,2.123456
-0.789012,1,7.890123
1.5,0,3.234567
-0.890123,1,6.54321
0.890123,0,2.456789
-1.5,1,8.765432
0.901234,0,3.678901
-0.123456,1,5.432109
0.456789,0,4.321098
1.234567,1,7.890123
-1.234567,0,2.345678
0.987654,1,6.54321
-0.654321,0,3.456789
1.345678,1,8.765432
-0.987654,0,2.987654
0.123456,1,5.678912
-1.456789,0,3.123456
0.234567,1,6.789012
-0.345678,0,4.56789
1.456789,1,9.012345
-0.56789,0,2.123456
0.678901,1,7.890123
-1.5,0,3.234567
0.789012,1,6.54321
-0.789012,0,2.456789
1.5,1,8.765432
-0.890123,0,3.678901
0.890123,1,5.432109
-1.5,0,4.321098
0.901234,1,7.890123
-0.123456,0,2.345678
0.456789,1,6.54321
1.234567,0,3.456789
-1.234567,1,8.765432
0.987654,0,2.987654
-0.654321,1,5.678912
1.345678,0,4.321098
-0.987654,1,6.789012
0.123456,0,3.123456
-1.456789,1,7.890123
0.234567,0,2.345678
-0.345678,1,5.432109
1.456789,0,3.678901
-0.56789,1,6.54321
0.678901,0,4.56789
-1.5,1,8.901234
0.789012,0,2.123456
-0.789012,1,7.890123
1.5,0,3.234567
-0.890123,1,6.54321
0.890123,0,2.456789
-1.5,1,8.765432
0.901234,0,3.678901
-0.123456,1,5.432109
0.456789,0,4.321098
1.234567,1,7.890123
-1.234567,0,2.345678
0.987654,1,6.54321
-0.654321,0,3.456789
1.345678,1,8.765432
-0.987654,0,2.987654
0.123456,1,5.678912
-1.456789,0,3.123456
0.234567,1,6.789012
-0.345678,0,4.56789
1.456789,1,9.012345
-0.56789,0,2.123456
0.678901,1,7.890123
-1.5,0,3.234567
0.789012,1,6.54321
-0.789012,0,2.456789
1.5,1,8.765432
-0.890123,0,3.678901
0.890123,1,5.432109
-1.5,0,4.321098
0.901234,1,7.890123
-0.123456,0,2.345678
0.456789,1,6.54321
1.234567,0,3.456789
-1.234567,1,8.765432
0.987654,0,2.987654
-0.654321,1,5.678912
1.345678,0,4.321098
-0.987654,1,6.789012
0.123456,0,3.123456
-1.456789,1,7.890123
0.234567,0,2.345678
-0.345678,1,5.432109
1.456789,0,3.678901
-0.56789,1,6.54321
0.678901,0,4.56789
-1.5,1,8.901234
0.789012,0,2.123456
-0.789012,1,7.890123
1.5,0,3.234567
-0.890123,1,6.54321
0.890123,0,2.456789
-1.5,1,8.765432
0.901234,0,3.678901
-0.123456,1,5.432109
0.456789,0,4.321098
1.234567,1,7.890123
-1.234567,0,2.345678
0.987654,1,6.54321
-0.654321,0,3.456789
1.345678,1,8.765432
-0.987654,0,2.987654
0.123456,1,5.678912
-1.456789,0,3.123456
0.234567,1,6.789012
-0.345678,0,4.56789
1.456789,1,9.012345
-0.56789,0,2.123456
0.678901,1,7.890123
-1.5,0,3.234567
0.789012,1,6.54321
-0.789012,0,2.456789
1.5,1,8.765432
-0.890123,0,3.678901
0.890123,1,5.432109
-1.5,0,4.321098
0.901234,1,7.890123
-0.123456,0,2.345678
0.456789,1,6.54321
1.234567,0,3.456789
-1.234567,1,8.765432
0.987654,0,2.987654
-0.654321,1,5.678912
1.345678,0,4.321098
-0.987654,1,6.789012
0.123456,0,3.123456
-1.456789,1,7.890123
0.234567,0,2.345678
-0.345678,1,5.432109
1.456789,0,3.678901
-0.56789,1,6.54321
0.678901,0,4.56789
-1.5,1,8.901234
0.789012,0,2.123456
-0.789012,1,7.890123
1.5,0,3.234567
-0.890123,1,6.54321
0.890123,0,2.456789
-1.5,1,8.765432
0.901234,0,3.678901
-0.123456,1,5.432109
0.456789,0,4.321098
1.234567,1,7.890123
-1.234567,0,2.345678
0.987654,1,6.54321
-0.654321,0,3.456789
1.345678,1,8.765432
-0.987654,0,2.987654
0.123456,1,5.678912
-1.456789,0,3.123456
0.234567,1,6.789012
-0.345678,0,4.56789
1.456789,1,9.012345
-0.56789,0,2.123456
0.678901,1,7.890123
-1.5,0,3.234567
0.789012,1,6.54321
-0.789012,0,2.456789
1.5,1,8.765432
-0.890123,0,3.678901
0.890123,1,5.432109
-1.5,0,4.321098
0.901234,1,7.890123
-0.123456,0,2.345678
0.456789,1,6.54321
1.234567,0,3.456789
-1.234567,1,8.765432
0.987654,0,2.987654
-0.654321,1,5.678912
1.345678,0,4.321098
-0.987654,1,6.789012
0.123456,0,3.123456
-1.456789,1,7.890123
0.234567,0,2.345678
-0.345678,1,5.432109
1.456789,0,3.678901
-0.56789,1,6.54321
0.678901,0,4.56789
-1.5,1,8.901234
0.789012,0,2.123456
-0.789012,1,7.890123
1.5,0,3.234567
-0.890123,1,6.54321
0.890123,0,2.456789
-1.5,1,8.765432
0.901234,0,3.678901
-0.123456,1,5.432109
0.456789,0,4.321098
1.234567,1,7.890123
-1.234567,0,2.345678
0.987654,1,6.54321
-0.654321,0,3.456789
1.345678,1,8.765432
-0.987654,0,2.987654
0.123456,1,5.678912
-1.456789,0,3.123456
0.234567,1,6.789012
-0.345678,0,4.56789
1.456789,1,9.012345
-0.56789,0,2.123456
0.678901,1,7.890123
-1.5,0,3.234567
0.789012,1,6.54321
-0.789012,0,2.456789
1.5,1,8.765432
-0.890123,0,3.678901
0.890123,1,5.432109
-1.5,0,4.321098
0.901234,1,7.890123
-0.123456,0,2.345678
0.456789,1,6.54321
1.234567,0,3.456789
-1.234567,1,8.765432
0.987654,0,2.987654
-0.654321,1,5.678912
1.345678,0,4.321098
-0.987654,1,6.789012
0.123456,0,3.123456
-1.456789,1,7.890123
0.234567,0,2.345678
-0.345678,1,5.432109
1.456789,0,3.678901
-0.56789,1,6.54321
0.678901,0,4.56789
-1.5,1,8.901234
0.789012,0,2.123456
-0.789012,1,7.890123
1.5,0,3.234567
-0.890123,1,6.54321
0.890123,0,2.456789
-1.5,1,8.765432
0.901234,0,3.678901
-0.123456,1,5.432109
0.456789,0,4.321098
1.234567,1,7.890123
-1.234567,0,2.345678
0.987654,1,6.54321
-0.654321,0,3.456789
1.345678,1,8.765432
-0.987654,0,2.987654
0.123456,1,5.678912
-1.456789,0,3.123456
0.234567,1,6.789012
-0.345678,0,4.56789
1.456789,1,9.012345
-0.56789,0,2.123456
0.678901,1,7.890123
-1.5,0,3.234567
0.789012,1,6.54321
-0.789012,0,2.456789
1.5,1,8.765432
-0.890123,0,3.678901
0.890123,1,5.432109
-1.5,0,4.321098
0.901234,1,7.890123
-0.123456,0,2.345678
0.456789,1,6.54321
1.234567,0,3.456789
-1.234567,1,8.765432
0.987654,0,2.987654
-0.654321,1,5.678912
1.345678,0,4.321098
-0.987654,1,6.789012
0.123456,0,3.123456
-1.456789,1,7.890123
0.234567,0,2.345678
-0.345678,1,5.432109
1.456789,0,3.678901
-0.56789,1,6.54321
0.678901,0,4.56789
-1.5,1,8.901234
0.789012,0,2.123456
-0.789012,1,7.890123
1.5,0,3.234567
-0.123456,1,3.456789
0.987654,0,2.345678
-1.234567,1,4.56789
0.54321,0,2.456789
1.345678,1,5.678901
-0.987654,0,1.234567
0.234567,1,3.56789
-0.345678,0,2.678901
1.456789,1,5.789012
-1.123456,0,1.345678
0.678901,1,4.678901
-0.56789,0,2.789012
1.234567,1,5.890123
-0.890123,0,1.456789
0.345678,1,3.678901
-1.456789,0,1.56789
0.456789,1,4.789012
-0.678901,0,2.890123
1.5,1,5.901234
-0.234567,0,1.678901
0.789012,1,4.890123
-1.345678,0,1.789012
0.123456,1,3.789012
-0.456789,0,2.901234
1.5,1,6.012345
-0.789012,0,1.890123
0.890123,1,4.901234
-1.5,0,1.901234
0.012345,1,3.890123
-0.123456,0,2.012345
1.5,1,6.123456
-0.234567,0,1.012345
0.234567,1,3.901234
-1.5,0,1.123456
0.345678,1,4.012345
-0.345678,0,2.123456
1.5,1,6.234567
-0.456789,0,1.234567
0.456789,1,4.123456
-1.5,0,1.345678
0.56789,1,3.012345
-0.56789,0,2.234567
1.5,1,6.345678
-0.678901,0,1.456789
0.678901,1,4.234567
-1.5,0,1.56789
0.789012,1,3.123456
-0.789012,0,2.345678
1.012345,1,6.456789
-0.890123,0,1.678901
0.890123,1,4.345678
-1.012345,0,1.789012
0.901234,1,3.234567
-0.123456,0,2.456789
1.123456,1,6.56789
-0.234567,0,1.890123
0.234567,1,4.456789
-1.234567,0,1.901234
0.345678,1,3.345678
-0.345678,0,2.56789
1.234567,1,6.678901
-0.456789,0,1.012345
0.456789,1,4.56789
-1.345678,0,1.123456
0.56789,1,3.456789
-0.56789,0,2.678901
1.345678,1,6.789012
-0.678901,0,1.234567
0.678901,1,4.678901
-1.456789,0,1.345678
0.789012,1,3.56789
-0.789012,0,2.789012
1.456789,1,6.890123
-0.890123,0,1.456789
0.890123,1,4.789012
-1.5,0,1.56789
0.012345,1,3.678901
-0.123456,0,2.890123
1.5,1,6.901234
-0.234567,0,1.678901
0.234567,1,4.890123
-1.5,0,1.789012
0.345678,1,3.789012
-0.345678,0,2.901234
1.5,1,7.012345
-0.456789,0,1.890123
0.456789,1,4.901234
-1.5,0,1.901234
0.56789,1,3.890123
-0.56789,0,2.012345
1.5,1,7.123456
-0.678901,0,1.123456
0.678901,1,4.012345
-1.5,0,1.234567
0.789012,1,3.901234
-0.789012,0,2.123456
1.5,1,7.234567
-0.890123,0,1.345678
0.890123,1,4.123456
-1.012345,0,1.456789
0.901234,1,3.012345
-0.123456,0,2.234567
1.012345,1,7.345678
-0.234567,0,1.678901
0.234567,1,4.234567
-1.123456,0,1.789012
0.345678,1,3.123456
-0.345678,0,2.345678
1.123456,1,7.456789
-0.456789,0,1.890123
0.456789,1,4.345678
-1.234567,0,1.901234
0.56789,1,3.234567
-0.56789,0,2.456789
1.234567,1,7.56789
-0.678901,0,1.012345
0.678901,1,4.456789
-1.345678,0,1.123456
0.789012,1,3.345678
-0.789012,0,2.678901
1.345678,1,7.678901
-0.890123,0,1.234567
0.890123,1,4.56789
-1.456789,0,1.345678
0.012345,1,3.456789
-0.123456,0,2.789012
1.456789,1,7.789012
-0.234567,0,1.678901
0.234567,1,4.678901
-1.5,0,1.789012
0.345678,1,3.56789
-0.345678,0,2.901234
1.5,1,7.890123
-0.456789,0,1.890123
0.456789,1,4.789012
-1.5,0,1.901234
0.56789,1,3.678901
-0.56789,0,2.012345
1.5,1,8.012345
-0.678901,0,1.123456
0.678901,1,4.890123
-1.5,0,1.234567
0.789012,1,3.789012
-0.789012,0,2.234567
1.5,1,8.123456
-0.890123,0,1.345678
0.890123,1,4.901234
-1.5,0,1.456789
0.901234,1,3.678901
-0.123456,0,2.345678
1.5,1,8.234567
-0.234567,0,1.678901
0.234567,1,4.012345
-1.012345,0,1.789012
0.345678,1,3.456789
-0.345678,0,2.678901
1.012345,1,8.345678
-0.456789,0,1.890123
0.456789,1,4.123456
-1.123456,0,1.901234
0.56789,1,3.56789
-0.56789,0,2.789012
1.123456,1,8.456789
-0.678901,0,1.234567
0.678901,1,4.234567
-1.234567,0,1.345678
0.789012,1,3.678901
-0.789012,0,2.901234
1.234567,1,8.56789
-0.890123,0,1.456789
0.890123,1,4.345678
-1.345678,0,1.56789
0.012345,1,3.789012
-0.123456,0,2.012345
1.345678,1,8.678901
-0.234567,0,1.678901
0.234567,1,4.456789
-1.456789,0,1.789012
0.345678,1,3.890123
-0.345678,0,2.123456
1.456789,1,8.789012
-0.456789,0,1.890123
0.456789,1,4.56789
-1.5,0,1.901234
0.56789,1,3.456789
-0.56789,0,2.345678
1.5,1,8.890123
-0.678901,0,1.234567
0.678901,1,4.678901
-1.5,0,1.345678
0.789012,1,3.56789
-0.789012,0,2.789012
1.5,1,9.012345
-0.890123,0,1.456789
0.890123,1,4.789012
-1.5,0,1.56789
0.012345,1,3.678901
-0.123456,0,2.890123
1.5,1,9.123456
-0.234567,0,1.678901
0.234567,1,4.890123
-1.5,0,1.789012
0.345678,1,3.789012
-0.345678,0,2.901234
1.5,1,9.234567
-0.456789,0,1.890123
0.456789,1,4.901234
-1.012345,0,1.901234
0.56789,1,3.678901
-0.56789,0,2.012345
1.012345,1,9.345678
-0.678901,0,1.123456
0.678901,1,4.012345
-1.123456,0,1.234567
0.789012,1,3.456789
-0.789012,0,2.234567
1.123456,1,9.456789
-0.890123,0,1.345678
0.890123,1,4.123456
-1.234567,0,1.456789
0.012345,1,3.56789
-0.123456,0,2.345678
1.234567,1,9.56789
-0.234567,0,1.678901
0.234567,1,4.234567
-1.345678,0,1.789012
0.345678,1,3.678901
-0.345678,0,2.678901
1.345678,1,9.678901
-0.456789,0,1.890123
0.456789,1,4.345678
-1.456789,0,1.901234
0.56789,1,3.789012
-0.56789,0,2.789012
1.456789,1,9.789012
-0.678901,0,1.234567
0.678901,1,4.456789
-1.5,0,1.345678
0.789012,1,3.890123
-0.789012,0,2.901234
1.5,1,9.890123
-0.890123,0,1.456789
0.890123,1,4.56789
-1.5,0,1.56789
0.012345,1,3.456789
-0.123456,0,2.678901
1.5,1,9.901234
-0.234567,0,1.678901
0.234567,1,4.678901
-1.5,0,1.789012
0.345678,1,3.56789
-0.345678,0,2.789012
1.5,1,10.012345
-0.456789,0,1.890123
0.456789,1,4.789012
-1.5,0,1.901234
0.56789,1,3.678901
-0.56789,0,2.901234
1.5,1,10.123456
-0.678901,0,1.234567
0.678901,1,4.890123
-1.012345,0,1.345678
0.789012,1,3.456789
-0.123456,0,2.234567
1.012345,1,10.234567
-0.234567,0,1.678901
0.234567,1,4.012345
-1.123456,0,1.789012
0.345678,1,3.56789
-0.345678,0,2.678901
1.123456,1,10.345678
-0.456789,0,1.890123
0.456789,1,4.123456
-1.234567,0,1.901234
0.56789,1,3.678901
-0.56789,0,2.789012
1.234567,1,10.456789
-0.678901,0,1.234567
0.678901,1,4.234567
-1.345678,0,1.345678
0.789012,1,3.789012
-0.789012,0,2.901234
1.345678,1,10.56789
-0.890123,0,1.456789
0.890123,1,4.345678
-1.456789,0,1.56789
0.012345,1,3.890123
-0.123456,0,2.012345
1.456789,1,10.678901
-0.234567,0,1.678901
0.234567,1,4.456789
-1.5,0,1.789012
0.345678,1,3.901234
-0.345678,0,2.123456
1.5,1,10.789012
-0.456789,0,1.890123
0.456789,1,4.56789
-1.5,0,1.901234
0.56789,1,3.456789
-0.56789,0,2.345678
1.5,1,10.890123
-0.678901,0,1.234567
0.678901,1,4.678901
-1.5,0,1.345678
0.789012,1,3.56789
-0.789012,0,2.789012
1.5,1,11.012345
-0.890123,0,1.456789
0.890123,1,4.789012
-1.5,0,1.56789
0.012345,1,3.678901
-0.123456,0,2.890123
1.5,1,11.123456
-0.234567,0,1.678901
0.234567,1,4.890123
-1.012345,0,1.789012
0.345678,1,3.789012
-0.345678,0,2.901234
1.012345,1,11.234567
-0.456789,0,1.0
-0.123456,1,5.678912
0.987654,0,2.345678
-1.234567,1,4.56789
0.54321,0,3.456789
1.234567,1,6.789012
-0.987654,0,1.234567
0.345678,1,4.56789
-0.456789,0,2.345678
1.123456,1,5.678901
-1.345678,0,1.234567
0.678901,1,4.56789
-0.234567,0,3.456789
1.345678,1,6.789012
-0.678901,0,2.345678
0.456789,1,5.678901
-1.123456,0,1.234567
0.234567,1,4.56789
-0.56789,0,3.456789
1.456789,1,6.789012
-0.789012,0,2.345678
0.789012,1,5.678901
-1.456789,0,1.234567
0.123456,1,4.56789
-0.345678,0,3.456789
1.5,1,6.789012
-0.890123,0,2.345678
0.890123,1,5.678901
-1.5,0,1.234567
0.678901,1,4.56789
-0.123456,0,3.456789
1.5,1,6.789012
-0.234567,0,2.345678
0.345678,1,5.678901
-1.5,0,1.234567
0.456789,1,4.56789
-0.456789,0,3.456789
1.5,1,6.789012
-0.56789,0,2.345678
0.56789,1,5.678901
-1.5,0,1.234567
0.678901,1,4.56789
-0.678901,0,3.456789
1.5,1,6.789012
-0.789012,0,2.345678
0.789012,1,5.678901
-1.5,0,1.234567
0.890123,1,4.56789
-0.890123,0,3.456789
1.5,1,6.789012
-0.901234,0,2.345678
0.901234,1,5.678901
-1.5,0,1.234567
0.012345,1,4.56789
-0.012345,0,3.456789
1.012345,1,6.789012
-0.123456,0,2.345678
0.123456,1,5.678901
-1.012345,0,1.234567
0.234567,1,4.56789
-0.234567,0,3.456789
1.123456,1,6.789012
-0.345678,0,2.345678
0.345678,1,5.678901
-1.123456,0,1.234567
0.456789,1,4.56789
-0.456789,0,3.456789
1.234567,1,6.789012
-0.56789,0,2.345678
0.56789,1,5.678901
-1.234567,0,1.234567
0.678901,1,4.56789
-0.678901,0,3.456789
1.345678,1,6.789012
-0.789012,0,2.345678
0.789012,1,5.678901
-1.345678,0,1.234567
0.890123,1,4.56789
-0.890123,0,3.456789
1.456789,1,6.789012
-0.901234,0,2.345678
0.901234,1,5.678901
-1.456789,0,1.234567
0.012345,1,4.56789
-0.012345,0,3.456789
1.012345,1,6.789012
-0.123456,0,2.345678
0.123456,1,5.678901
-1.012345,0,1.234567
0.234567,1,4.56789
-0.234567,0,3.456789
1.123456,1,6.789012
-0.345678,0,2.345678
0.345678,1,5.678901
-1.123456,0,1.234567
0.456789,1,4.56789
-0.456789,0,3.456789
1.234567,1,6.789012
-0.56789,0,2.345678
0.56789,1,5.678901
-1.234567,0,1.234567
0.678901,1,4.56789
-0.678901,0,3.456789
1.345678,1,6.789012
-0.789012,0,2.345678
0.789012,1,5.678901
-1.345678,0,1.234567
0.890123,1,4.56789
-0.890123,0,3.456789
1.456789,1,6.789012
-0.901234,0,2.345678
0.901234,1,5.678901
-1.456789,0,1.234567
0.012345,1,4.56789
-0.012345,0,3.456789
1.012345,1,6.789012
-0.123456,0,2.345678
0.123456,1,5.678901
-1.012345,0,1.234567
0.234567,1,4.56789
-0.234567,0,3.456789
1.123456,1,6.789012
-0.345678,0,2.345678
0.345678,1,5.678901
-1.123456,0,1.234567
0.456789,1,4.56789
-0.456789,0,3.456789
1.234567,1,6.789012
-0.56789,0,2.345678
0.56789,1,5.678901
-1.234567,0,1.234567
0.678901,1,4.56789
-0.678901,0,3.456789
1.345678,1,6.789012
-0.789012,0,2.345678
0.789012,1,5.678901
-1.345678,0,1.234567
0.890123,1,4.56789
-0.890123,0,3.456789
1.456789,1,6.789012
-0.901234,0,2.345678
0.901234,1,5.678901
-1.456789,0,1.234567
0.012345,1,4.56789
-0.012345,0,3.456789
1.012345,1,6.789012
-0.123456,0,2.345678
0.123456,1,5.678901
-1.012345,0,1.234567
0.234567,1,4.56789
-0.234567,0,3.456789
1.123456,1,6.789012
-0.345678,0,2.345678
0.345678,1,5.678901
-1.123456,0,1.234567
0.456789,1,4.56789
-0.456789,0,3.456789
1.234567,1,6.789012
-0.56789,0,2.345678
0.56789,1,5.678901
-1.234567,0,1.234567
0.678901,1,4.56789
-0.678901,0,3.456789
1.345678,1,6.789012
-0.789012,0,2.345678
0.789012,1,5.678901
-1.345678,0,1.234567
0.890123,1,4.56789
-0.890123,0,3.456789
1.456789,1,6.789012
-0.901234,0,2.345678
0.901234,1,5.678901
-1.456789,0,1.234567
0.012345,1,4.56789
-0.012345,0,3.456789
1.012345,1,6.789012
-0.123456,0,2.345678
0.123456,1,5.678901
-1.012345,0,1.234567
0.234567,1,4.56789
-0.234567,0,3.456789
1.123456,1,6.789012
-0.345678,0,2.345678
0.345678,1,5.678901
-1.123456,0,1.234567
0.456789,1,4.56789
-0.456789,0,3.456789
1.234567,1,6.789012
-0.56789,0,2.345678
0.56789,1,5.678901
-1.234567,0,1.234567
0.678901,1,4.56789
-0.678901,0,3.456789
1.345678,1,6.789012
-0.789012,0,2.345678
0.789012,1,5.678901
-1.345678,0,1.234567
0.890123,1,4.56789
-0.890123,0,3.456789
1.456789,1,6.789012
-0.901234,0,2.345678
0.901234,1,5.678901
-1.456789,0,1.234567
0.012345,1,4.56789
-0.012345,0,3.456789
1.012345,1,6.789012
-0.123456,0,2.345678
0.123456,1,5.678901
-1.012345,0,1.234567
0.234567,1,4.56789
-0.234567,0,3.456789
1.123456,1,6.789012
-0.345678,0,2.345678
0.345678,1,5.678901
-1.123456,0,1.234567
0.456789,1,4.56789
-0.456789,0,3.456789
1.234567,1,6.789012
-0.56789,0,2.345678
0.56789,1,5.678901
-1.234567,0,1.234567
0.678901,1,4.56789
-0.678901,0,3.456789
1.345678,1,6.789012
-0.789012,0,2.345678
0.789012,1,5.678901
-1.345678,0,1.234567
0.890123,1,4.56789
-0.890123,0,3.456789
1.456789,1,6.789012
-0.901234,0,2.345678
0.901234,1,5.678901
-1.456789,0,1.234567
0.012345,1,4.56789
-0.012345,0,3.456789
1.012345,1,6.789012
-0.123456,0,2.345678
0.123456,1,5.678901
-1.012345,0,1.234567
0.234567,1,4.56789
-0.234567,0,3.456789
1.123456,1,6.789012
-0.345678,0,2.345678
0.345678,1,5.678901
-1.123456,0,1.234567
0.456789,1,4.56789
-0.456789,0,3.456789
1.234567,1,6.789012
-0.56789,0,2.345678
0.56789,1,5.678901
-1.234567,0,1.234567
0.678901,1,4.56789
-0.678901,0,3.456789
1.345678,1,6.789012
-0.789012,0,2.345678
0.789012,1,5.678901
-1.345678,0,1.234567
0.890123,1,4.56789
-0.890123,0,3.456789
1.456789,1,6.789012
-0.901234,0,2.345678
0.901234,1,5.678901
-1.456789,0,1.234567
0.012345,1,4.56789
-0.012345,0,3.456789
1.012345,1,6.789012
-0.123456,0,2.345678
0.123456,1,5.678901
-1.012345,0,1.234567
0.234567,1,4.56789
-0.234567,0,3.456789
1.123456,1,6.789012
-0.345678,0,2.345678
0.345678,1,5.678901
-1.123456,0,1.234567
0.456789,1,4.56789
-0.456789,0,3.456789
1.234567,1,6.789012
-0.56789,0,2.345678
0.56789,1,5.678901
-1.234567,0,1.234567
0.678901,1,4.56789
-0.678901,0,3.456789
1.345678,1,6.789012
-0.789012,0,2.345678
0.789012,1,5.678901
-1.345678,0,1.234567
0.890123,1,4.56789
-0.890123,0,3.456789
1.456789,1,6.789012
-0.901234,0,2.345678
0.901234,1,5.678901
-1.456789,0,1.234567
0.012345,1,4.56789
-0.012345,0,3.456789
1.012345,1,6.789012
-0.123456,0,2.345678
0.123456,1,5.678901
-1.012345,0,1.234567
0.234567,1,4.56789
-0.234567,0,3.456789
1.123456,1,6.789012
-0.345678,0,2.345678
0.345678,1,5.678901
-1.123456,0,1.234567
0.456789,1,4.56789
-0.456789,0,3.456789
1.234567,1,6.789012
-0.56789,0,2.345678
0.56789,1,5.678901
-1.234567,0,1.234567
0.678901,1,4.56789
-0.678901,0,3.456789
1.345678,1,6.789012
-0.789012,0,2.345678
0.789012,1,5.678901
-1.345678,0,1.234567
0.890123,1,4.56789
-0.890123,0,3.456789
1.456789,1,6.789012
-0.901234,0,2.0
-0.123456,0,3.456789
0.987654,1,7.123456
-1.234567,0,2.987654
0.456789,1,5.678901
1.345678,1,8.234567
-0.987654,0,3.123456
0.234567,1,4.987654
-1.345678,0,2.456789
0.678901,1,6.345678
-0.56789,0,3.789012
1.234567,1,7.456789
-0.345678,0,3.012345
0.123456,1,5.123456
-1.456789,0,2.345678
0.789012,1,6.789012
-0.678901,0,3.456789
1.456789,1,8.678901
-0.234567,0,2.678901
0.345678,1,5.456789
-1.5,0,2.123456
0.56789,1,6.123456
-0.789012,0,3.678901
1.5,1,8.123456
-0.123456,0,2.987654
0.987654,1,7.345678
-1.234567,0,3.456789
0.456789,1,5.678901
1.345678,1,8.234567
-0.987654,0,2.123456
0.234567,1,4.987654
-1.345678,0,3.789012
0.678901,1,6.345678
-0.56789,0,2.456789
1.234567,1,7.456789
-0.345678,0,3.012345
0.123456,1,5.123456
-1.456789,0,2.345678
0.789012,1,6.789012
-0.678901,0,3.456789
1.456789,1,8.678901
-0.234567,0,2.678901
0.345678,1,5.456789
-1.5,0,2.123456
0.56789,1,6.123456
-0.789012,0,3.678901
1.5,1,8.123456
-0.123456,0,2.987654
0.987654,1,7.345678
-1.234567,0,3.456789
0.456789,1,5.678901
1.345678,1,8.234567
-0.987654,0,2.123456
0.234567,1,4.987654
-1.345678,0,3.789012
0.678901,1,6.345678
-0.56789,0,2.456789
1.234567,1,7.456789
-0.345678,0,3.012345
0.123456,1,5.123456
-1.456789,0,2.345678
0.789012,1,6.789012
-0.678901,0,3.456789
1.456789,1,8.678901
-0.234567,0,2.678901
0.345678,1,5.456789
-1.5,0,2.123456
0.56789,1,6.123456
-0.789012,0,3.678901
1.5,1,8.123456
-0.123456,0,2.987654
0.987654,1,7.345678
-1.234567,0,3.456789
0.456789,1,5.678901
1.345678,1,8.234567
-0.987654,0,2.123456
0.234567,1,4.987654
-1.345678,0,3.789012
0.678901,1,6.345678
-0.56789,0,2.456789
1.234567,1,7.456789
-0.345678,0,3.012345
0.123456,1,5.123456
-1.456789,0,2.345678
0.789012,1,6.789012
-0.678901,0,3.456789
1.456789,1,8.678901
-0.234567,0,2.678901
0.345678,1,5.456789
-1.5,0,2.123456
0.56789,1,6.123456
-0.789012,0,3.678901
1.5,1,8.123456
-0.123456,0,2.987654
0.987654,1,7.345678
-1.234567,0,3.456789
0.456789,1,5.678901
1.345678,1,8.234567
-0.987654,0,2.123456
0.234567,1,4.987654
-1.345678,0,3.789012
0.678901,1,6.345678
-0.56789,0,2.456789
1.234567,1,7.456789
-0.345678,0,3.012345
0.123456,1,5.123456
-1.456789,0,2.345678
0.789012,1,6.789012
-0.678901,0,3.456789
1.456789,1,8.678901
-0.234567,0,2.678901
0.345678,1,5.456789
-1.5,0,2.123456
0.56789,1,6.123456
-0.789012,0,3.678901
1.5,1,8.123456
-0.123456,0,2.987654
0.987654,1,7.345678
-1.234567,0,3.456789
0.456789,1,5.678901
1.345678,1,8.234567
-0.987654,0,2.123456
0.234567,1,4.987654
-1.345678,0,3.789012
0.678901,1,6.345678
-0.56789,0,2.456789
1.234567,1,7.456789
-0.345678,0,3.012345
0.123456,1,5.123456
-1.456789,0,2.345678
0.789012,1,6.789012
-0.678901,0,3.456789
1.456789,1,8.678901
-0.234567,0,2.678901
0.345678,1,5.456789
-1.5,0,2.123456
0.56789,1,6.123456
-0.789012,0,3.678901
1.5,1,8.123456
-0.123456,0,2.987654
0.987654,1,7.345678
-1.234567,0,3.456789
0.456789,1,5.678901
1.345678,1,8.234567
-0.987654,0,2.123456
0.234567,1,4.987654
-1.345678,0,3.789012
0.678901,1,6.345678
-0.56789,0,2.456789
1.234567,1,7.456789
-0.345678,0,3.012345
0.123456,1,5.123456
-1.456789,0,2.345678
0.789012,1,6.789012
-0.678901,0,3.456789
1.456789,1,8.678901
-0.234567,0,2.678901
0.345678,1,5.456789
-1.5,0,2.123456
0.56789,1,6.123456
-0.789012,0,3.678901
1.5,1,8.123456
-0.123456,0,2.987654
0.987654,1,7.345678
-1.234567,0,3.456789
0.456789,1,5.678901
1.345678,1,8.234567
-0.987654,0,2.123456
0.234567,1,4.987654
-1.345678,0,3.789012
0.678901,1,6.345678
-0.56789,0,2.456789
1.234567,1,7.456789
-0.345678,0,3.012345
0.123456,1,5.123456
-1.456789,0,2.345678
0.789012,1,6.789012
-0.678901,0,3.456789
1.456789,1,8.678901
-0.234567,0,2.678901
0.345678,1,5.456789
-1.5,0,2.123456
0.56789,1,6.123456
-0.789012,0,3.678901
1.5,1,8.123456
-0.123456,0,2.987654
0.987654,1,7.345678
-1.234567,0,3.456789
0.456789,1,5.678901
1.345678,1,8.234567
-0.987654,0,2.123456
0.234567,1,4.987654
-1.345678,0,3.789012
0.678901,1,6.345678
-0.56789,0,2.456789
1.234567,1,7.456789
-0.345678,0,3.012345
0.123456,1,5.123456
-1.456789,0,2.345678
0.789012,1,6.789012
-0.678901,0,3.456789
1.456789,1,8.678901
-0.234567,0,2.678901
0.345678,1,5.456789
-1.5,0,2.123456
0.56789,1,6.123456
-0.789012,0,3.678901
1.5,1,8.123456
-0.123456,0,2.987654
0.987654,1,7.345678
-1.234567,0,3.456789
0.456789,1,5.678901
1.345678,1,8.234567
-0.987654,0,2.123456
0.234567,1,4.987654
-1.345678,0,3.789012
0.678901,1,6.345678
-0.56789,0,2.456789
1.234567,1,7.456789
-0.345678,0,3.012345
0.123456,1,5.123456
-1.456789,0,2.345678
0.789012,1,6.789012
-0.678901,0,3.456789
1.456789,1,8.678901
-0.234567,0,2.678901
0.345678,1,5.456789
-1.5,0,2.123456
0.56789,1,6.123456
-0.789012,0,3.678901
1.5,1,8.123456
-0.123456,0,2.987654
0.987654,1,7.345678
-1.234567,0,3.456789
0.456789,1,5.678901
1.345678,1,8.234567
-0.987654,0,2.123456
0.234567,1,4.987654
-1.345678,0,3.789012
0.678901,1,6.345678
-0.56789,0,2.456789
1.234567,1,7.456789
-0.345678,0,3.012345
0.123456,1,5.123456
-1.456789,0,2.345678
0.789012,1,6.789012
-0.678901,0,3.456789
1.456789,1,8.678901
-0.234567,0,2.678901
0.345678,1,5.456789
-1.5,0,2.123456
0.56789,1,6.123456
-0.789012,0,3.678901
1.5,1,8.123456
-0.123456,0,2.987654
0.987654,1,7.345678
-1.234567,0,3.456789
0.456789,1,5.678901
1.345678,1,8.234567
-0.987654,0,2.123456
0.234567,1,4.987654
-1.345678,0,3.789012
0.678901,1,6.345678
-0.56789,0,2.456789
1.234567,1,7.456789
-0.345678,0,3.012345
0.123456,1,5.123456
-1.456789,0,2.345678
0.789012,1,6.789012
-0.678901,0,3.456789
1.456789,1,8.678901
-0.234567,0,2.678901
0.345678,1,5.456789
-1.5,0,2.123456
0.56789,1,6.123456
-0.789012,0,3.678901
1.5,1,8.123456
-0.123456,0,2.987654
0.987654,1,7.345678
-1.234567,0,3.456789
0.456789,1,5.678901
1.345678,1,8.234567
-0.987654,0,2.123456
0.234567,1,4.987654
-1.345678,0,3.789012
0.678901,1,6.345678
-0.56789,0,2.456789
1.234567,1,7.456789
-0.345678,0,3.012345
0.123456,1,5.123456
-1.456789,0,2.345678
0.789012,1,6.789012
-0.678901,0,3.456789
1.456789,1,8.678901
-0.234567,0,2.678901
0.345678,1,5.456789
-1.5,0,2.123456
0.56789,1,6.123456
-0.789012,0,3.678901
1.5,1,8.123456
-0.123456,0,2.987654
0.987654,1,7.345678
-1.234567,0,3.456789
0.456789,1,5.678901
1.345678,1,8.234567
-0.987654,0,2.123456
0.234567,1,4.987654
-1.345678,0,3.789012
0.678901,1,6.345678
-0.56789,0,2.456789
1.234567,1,7.456789
-0.345678,0,3.012345
0.123456,1,5.123456
-1.456789,0,2.345678
0.789012,1,6.789012
-0.678901,0,3.456789
1.456789,1,8.678901
-0.234567,0,2.678901
0.345678,1,5.456789
-1.5,0,2.123456
0.56789,1,6.123456
-0.123456,0,3.456789
0.987654,1,7.123456
-1.234567,0,2.987654
1.345678,1,8.456789
0.456789,1,5.678901
-0.987654,0,3.123456
1.234567,1,6.789012
-0.345678,0,2.456789
0.678901,1,5.123456
-1.456789,0,2.789012
1.5,1,7.890123
0.234567,1,4.56789
-0.678901,0,3.345678
1.098765,1,6.234567
-0.56789,0,2.123456
0.345678,1,5.678901
-1.345678,0,2.987654
1.234567,1,7.123456
0.456789,1,4.890123
-0.123456,0,3.456789
1.5,1,8.234567
-0.789012,0,2.345678
0.890123,1,5.678901
-1.234567,0,3.123456
1.345678,1,6.789012
0.56789,1,5.123456
-0.678901,0,2.456789
1.456789,1,7.890123
-0.345678,0,3.678901
0.234567,1,4.56789
-1.5,0,2.789012
1.234567,1,6.123456
0.678901,1,5.890123
-0.123456,0,3.456789
1.098765,1,7.234567
-0.987654,0,2.345678
0.456789,1,5.678901
-1.345678,0,3.123456
1.5,1,8.456789
0.234567,1,4.890123
-0.678901,0,2.456789
1.234567,1,6.789012
-0.789012,0,3.678901
0.890123,1,5.123456
-1.234567,0,2.987654
1.345678,1,7.890123
0.56789,1,5.678901
-0.123456,0,3.456789
1.5,1,8.234567
-0.345678,0,2.345678
0.890123,1,5.678901
-1.5,0,2.789012
1.234567,1,6.123456
0.678901,1,5.890123
-0.987654,0,3.123456
1.098765,1,7.234567
-0.678901,0,2.456789
0.456789,1,5.678901
-1.345678,0,3.678901
1.5,1,8.456789
0.234567,1,4.890123
-0.123456,0,3.456789
1.234567,1,6.789012
-0.789012,0,2.345678
0.890123,1,5.678901
-1.234567,0,2.987654
1.345678,1,7.890123
0.56789,1,5.678901
-0.345678,0,3.123456
1.5,1,8.234567
-0.987654,0,2.456789
0.456789,1,5.678901
-1.5,0,2.789012
1.234567,1,6.123456
0.678901,1,5.890123
-0.123456,0,3.456789
1.098765,1,7.234567
-0.678901,0,2.345678
0.890123,1,5.678901
-1.345678,0,3.678901
1.5,1,8.456789
0.234567,1,4.890123
-0.789012,0,2.456789
1.234567,1,6.789012
-0.345678,0,3.123456
0.678901,1,5.678901
-1.234567,0,2.987654
1.345678,1,7.890123
0.56789,1,5.678901
-0.123456,0,3.456789
1.5,1,8.234567
-0.987654,0,2.345678
0.890123,1,5.678901
-1.5,0,2.789012
1.234567,1,6.123456
0.678901,1,5.890123
-0.345678,0,3.678901
1.098765,1,7.234567
-0.678901,0,2.456789
0.456789,1,5.678901
-1.345678,0,3.123456
1.5,1,8.456789
0.234567,1,4.890123
-0.123456,0,3.456789
1.234567,1,6.789012
-0.789012,0,2.345678
0.890123,1,5.678901
-1.234567,0,2.987654
1.345678,1,7.890123
0.56789,1,5.678901
-0.345678,0,3.123456
1.5,1,8.234567
-0.987654,0,2.456789
0.456789,1,5.678901
-1.5,0,2.789012
1.234567,1,6.123456
0.678901,1,5.890123
-0.123456,0,3.456789
1.098765,1,7.234567
-0.678901,0,2.345678
0.890123,1,5.678901
-1.345678,0,3.678901
1.5,1,8.456789
0.234567,1,4.890123
-0.789012,0,2.456789
1.234567,1,6.789012
-0.345678,0,3.123456
0.678901,1,5.678901
-1.234567,0,2.987654
1.345678,1,7.890123
0.56789,1,5.678901
-0.123456,0,3.456789
1.5,1,8.234567
-0.987654,0,2.345678
0.890123,1,5.678901
-1.5,0,2.789012
1.234567,1,6.123456
0.678901,1,5.890123
-0.345678,0,3.678901
1.098765,1,7.234567
-0.678901,0,2.456789
0.456789,1,5.678901
-1.345678,0,3.123456
1.5,1,8.456789
0.234567,1,4.890123
-0.123456,0,3.456789
1.234567,1,6.789012
-0.789012,0,2.345678
0.890123,1,5.678901
-1.234567,0,2.987654
1.345678,1,7.890123
0.56789,1,5.678901
-0.345678,0,3.123456
1.5,1,8.234567
-0.987654,0,2.456789
0.456789,1,5.678901
-1.5,0,2.789012
1.234567,1,6.123456
0.678901,1,5.890123
-0.123456,0,3.456789
1.098765,1,7.234567
-0.678901,0,2.345678
0.890123,1,5.678901
-1.345678,0,3.678901
1.5,1,8.456789
0.234567,1,4.890123
-0.789012,0,2.456789
1.234567,1,6.789012
-0.345678,0,3.123456
0.678901,1,5.678901
-1.234567,0,2.987654
1.345678,1,7.890123
0.56789,1,5.678901
-0.123456,0,3.456789
1.5,1,8.234567
-0.987654,0,2.345678
0.890123,1,5.678901
-1.5,0,2.789012
1.234567,1,6.123456
0.678901,1,5.890123
-0.345678,0,3.678901
1.098765,1,7.234567
-0.678901,0,2.456789
0.456789,1,5.678901
-1.345678,0,3.123456
1.5,1,8.456789
0.234567,1,4.890123
-0.123456,0,3.456789
1.234567,1,6.789012
-0.789012,0,2.345678
0.890123,1,5.678901
-1.234567,0,2.987654
1.345678,1,7.890123
0.56789,1,5.678901
-0.345678,0,3.123456
1.5,1,8.234567
-0.987654,0,2.456789
0.456789,1,5.678901
-1.5,0,2.789012
1.234567,1,6.123456
0.678901,1,5.890123
-0.123456,0,3.456789
1.098765,1,7.234567
-0.678901,0,2.345678
0.890123,1,5.678901
-1.345678,0,3.678901
1.5,1,8.456789
0.234567,1,4.890123
-0.789012,0,2.456789
1.234567,1,6.789012
-0.345678,0,3.123456
0.678901,1,5.678901
-1.234567,0,2.987654
1.345678,1,7.890123
0.56789,1,5.678901
-0.123456,0,3.456789
1.5,1,8.234567
-0.987654,0,2.345678
0.890123,1,5.678901
-1.5,0,2.789012
1.234567,1,6.123456
0.678901,1,5.890123
-0.345678,0,3.678901
1.098765,1,7.234567
-0.678901,0,2.456789
0.456789,1,5.678901
-1.345678,0,3.123456
1.5,1,8.456789
0.234567,1,4.890123
-0.123456,0,3.456789
1.234567,1,6.789012
-0.789012,0,2.345678
0.890123,1,5.678901
-1.234567,0,2.987654
1.345678,1,7.890123
0.56789,1,5.678901
-0.345678,0,3.123456
1.5,1,8.234567
-0.987654,0,2.456789
0.456789,1,5.678901
-1.5,0,2.789012
1.234567,1,6.123456
0.678901,1,5.890123
-0.123456,0,3.456789
1.098765,1,7.234567
-0.678901,0,2.345678
0.890123,1,5.678901
-1.345678,0,3.678901
1.5,1,8.456789
0.234567,1,4.890123
-0.789012,0,2.456789
1.234567,1,6.789012
-0.345678,0,3.123456
0.678901,1,5.678901
-1.234567,0,2.987654
1.345678,1,7.890123
0.56789,1,5.678901
-0.123456,0,3.456789
1.5,1,8.234567
-0.987654,0,2.345678
0.890123,1,5.678901
-1.5,0,2.789012
1.234567,1,6.123456
0.678901,1,5.890123
-0.345678,0,3.678901
1.098765,1,7.234567
-0.678901,0,2.456789
0.456789,1,5.678901
-1.345678,0,3.123456
1.5,1,8.456789
0.234567,1,4.890123
-0.123456,0,3.456789
1.234567,1,6.789012
-0.789012,0,2.345678
0.890123,1,5.678901
-1.234567,0,2.987654
1.345678,1,7.890123
0.56789,1,5.678901
-0.345678,0,3.123456
1.5,1,8.234567
-0.987654,0,2.456789
0.456789,1,5.678901
-1.5,0,2.789012
1.234567,1,6.123456
0.678901,1,5.890123
-0.123456,0,3.456789
1.098765,1,7.234567
-0.678901,0,2.345678
0.890123,1,5.678901
-1.345678,0,3.678901
1.5,1,8.456789
0.234567,1,4.890123
-0.789012,0,2.456789
1.234567,1,6.789012
-0.345678,0,3.123456
0.678901,1,5.678901
-1.234567,0,2.987654
1.345678,1,7.890123
0.56789,1,5.678901
-0.123456,0,3.456789
1.5,1,8.234567
-0.987654,0,2.345678
0.890123,1,5.678901
-1.5,0,2.789012
1.234567,1,6.123456
0.678901,1,5.890123
-0.345678,0,3.678901
1.098765,1,7.234567
-0.678901,0,2.456789
0.456789,1,5.678901
-1.345678,0,3.123456
1.5,1,8.456789
0.234567,1,4.890123
-0.123456,0,3.456789
1.234567,1,6.789012
-0.789012,0,2.345678
0.890123,1,5.678901
-1.234567,0,2.987654
1.345678,1,7.890123
0.56789,1,5.678901
-0.345678,0,3.123456
-0.123456,0,3.512345
0.987654,1,8.123456
-1.234567,0,2.345678
0.456789,1,7.987654
1.345678,1,9.876543
-0.987654,0,3.456789
0.234567,1,6.54321
-0.56789,0,2.678901
1.234567,1,8.765432
-1.345678,0,1.234567
0.678901,1,7.654321
-0.345678,0,2.789012
1.456789,1,9.123456
-0.789012,0,3.678901
0.123456,1,6.987654
-1.456789,0,1.56789
0.345678,1,7.345678
-0.678901,0,2.456789
1.5,1,9.432109
-0.234567,0,3.890123
0.789012,1,8.210987
-1.5,0,1.890123
0.456789,1,7.56789
-0.123456,0,2.345678
1.5,1,9.876543
-0.987654,0,3.456789
0.234567,1,6.54321
-0.56789,0,2.678901
1.234567,1,8.765432
-1.345678,0,1.234567
0.678901,1,7.654321
-0.345678,0,2.789012
1.456789,1,9.123456
-0.789012,0,3.678901
0.123456,1,6.987654
-1.456789,0,1.56789
0.345678,1,7.345678
-0.678901,0,2.456789
1.5,1,9.432109
-0.234567,0,3.890123
0.789012,1,8.210987
-1.5,0,1.890123
0.456789,1,7.56789
-0.123456,0,2.345678
1.5,1,9.876543
-0.987654,0,3.456789
0.234567,1,6.54321
-0.56789,0,2.678901
1.234567,1,8.765432
-1.345678,0,1.234567
0.678901,1,7.654321
-0.345678,0,2.789012
1.456789,1,9.123456
-0.789012,0,3.678901
0.123456,1,6.987654
-1.456789,0,1.56789
0.345678,1,7.345678
-0.678901,0,2.456789
1.5,1,9.432109
-0.234567,0,3.890123
0.789012,1,8.210987
-1.5,0,1.890123
0.456789,1,7.56789
-0.123456,0,2.345678
1.5,1,9.876543
-0.987654,0,3.456789
0.234567,1,6.54321
-0.56789,0,2.678901
1.234567,1,8.765432
-1.345678,0,1.234567
0.678901,1,7.654321
-0.345678,0,2.789012
1.456789,1,9.123456
-0.789012,0,3.678901
0.123456,1,6.987654
-1.456789,0,1.56789
0.345678,1,7.345678
-0.678901,0,2.456789
1.5,1,9.432109
-0.234567,0,3.890123
0.789012,1,8.210987
-1.5,0,1.890123
0.456789,1,7.56789
-0.123456,0,2.345678
1.5,1,9.876543
-0.987654,0,3.456789
0.234567,1,6.54321
-0.56789,0,2.678901
1.234567,1,8.765432
-1.345678,0,1.234567
0.678901,1,7.654321
-0.345678,0,2.789012
1.456789,1,9.123456
-0.789012,0,3.678901
0.123456,1,6.987654
-1.456789,0,1.56789
0.345678,1,7.345678
-0.678901,0,2.456789
1.5,1,9.432109
-0.234567,0,3.890123
0.789012,1,8.210987
-1.5,0,1.890123
0.456789,1,7.56789
-0.123456,0,2.345678
1.5,1,9.876543
-0.987654,0,3.456789
0.234567,1,6.54321
-0.56789,0,2.678901
1.234567,1,8.765432
-1.345678,0,1.234567
0.678901,1,7.654321
-0.345678,0,2.789012
1.456789,1,9.123456
-0.789012,0,3.678901
0.123456,1,6.987654
-1.456789,0,1.56789
0.345678,1,7.345678
-0.678901,0,2.456789
1.5,1,9.432109
-0.234567,0,3.890123
0.789012,1,8.210987
-1.5,0,1.890123
0.456789,1,7.56789
-0.123456,0,2.345678
1.5,1,9.876543
-0.987654,0,3.456789
0.234567,1,6.54321
-0.56789,0,2.678901
1.234567,1,8.765432
-1.345678,0,1.234567
0.678901,1,7.654321
-0.345678,0,2.789012
1.456789,1,9.123456
-0.789012,0,3.678901
0.123456,1,6.987654
-1.456789,0,1.56789
0.345678,1,7.345678
-0.678901,0,2.456789
1.5,1,9.432109
-0.234567,0,3.890123
0.789012,1,8.210987
-1.5,0,1.890123
0.456789,1,7.56789
-0.123456,0,2.345678
1.5,1,9.876543
-0.987654,0,3.456789
0.234567,1,6.54321
-0.56789,0,2.678901
1.234567,1,8.765432
-1.345678,0,1.234567
0.678901,1,7.654321
-0.345678,0,2.789012
1.456789,1,9.123456
-0.789012,0,3.678901
0.123456,1,6.987654
-1.456789,0,1.56789
0.345678,1,7.345678
-0.678901,0,2.456789
1.5,1,9.432109
-0.234567,0,3.890123
0.789012,1,8.210987
-1.5,0,1.890123
0.456789,1,7.56789
-0.123456,0,2.345678
1.5,1,9.876543
-0.987654,0,3.456789
0.234567,1,6.54321
-0.56789,0,2.678901
1.234567,1,8.765432
-1.345678,0,1.234567
0.678901,1,7.654321
-0.345678,0,2.789012
1.456789,1,9.123456
-0.789012,0,3.678901
0.123456,1,6.987654
-1.456789,0,1.56789
0.345678,1,7.345678
-0.678901,0,2.456789
1.5,1,9.432109
-0.234567,0,3.890123
0.789012,1,8.210987
-1.5,0,1.890123
0.456789,1,7.56789
-0.123456,0,2.345678
1.5,1,9.876543
-0.987654,0,3.456789
0.234567,1,6.54321
-0.56789,0,2.678901
1.234567,1,8.765432
-1.345678,0,1.234567
0.678901,1,7.654321
-0.345678,0,2.789012
1.456789,1,9.123456
-0.789012,0,3.678901
0.123456,1,6.987654
-1.456789,0,1.56789
0.345678,1,7.345678
-0.678901,0,2.456789
1.5,1,9.432109
-0.234567,0,3.890123
0.789012,1,8.210987
-1.5,0,1.890123
0.456789,1,7.56789
-0.123456,0,2.345678
1.5,1,9.876543
-0.987654,0,3.456789
0.234567,1,6.54321
-0.56789,0,2.678901
1.234567,1,8.765432
-1.345678,0,1.234567
0.678901,1,7.654321
-0.345678,0,2.789012
1.456789,1,9.123456
-0.789012,0,3.678901
0.123456,1,6.987654
-1.456789,0,1.56789
0.345678,1,7.345678
-0.678901,0,2.456789
1.5,1,9.432109
-0.234567,0,3.890123
0.789012,1,8.210987
-1.5,0,1.890123
0.456789,1,7.56789
-0.123456,0,2.345678
1.5,1,9.876543
-0.987654,0,3.456789
0.234567,1,6.54321
-0.56789,0,2.678901
1.234567,1,8.765432
-1.345678,0,1.234567
0.678901,1,7.654321
-0.345678,0,2.789012
1.456789,1,9.123456
-0.789012,0,3.678901
0.123456,1,6.987654
-1.456789,0,1.56789
0.345678,1,7.345678
-0.678901,0,2.456789
1.5,1,9.432109
-0.234567,0,3.890123
0.789012,1,8.210987
-1.5,0,1.890123
0.456789,1,7.56789
-0.123456,0,2.345678
1.5,1,9.876543
-0.987654,0,3.456789
0.234567,1,6.54321
-0.56789,0,2.678901
1.234567,1,8.765432
-1.345678,0,1.234567
0.678901,1,7.654321
-0.345678,0,2.789012
1.456789,1,9.123456
-0.789012,0,3.678901
0.123456,1,6.987654
-1.456789,0,1.56789
0.345678,1,7.345678
-0.678901,0,2.456789
1.5,1,9.432109
-0.234567,0,3.890123
0.789012,1,8.210987
-1.5,0,1.890123
0.456789,1,7.56789
-0.123456,0,2.345678
1.5,1,9.876543
-0.987654,0,3.456789
0.234567,1,6.54321
-0.56789,0,2.678901
1.234567,1,8.765432
-1.345678,0,1.234567
0.678901,1,7.654321
-0.345678,0,2.789012
1.456789,1,9.123456
-0.789012,0,3.678901
0.123456,1,6.987654
-1.456789,0,1.56789
0.345678,1,7.345678
-0.678901,0,2.456789
1.5,1,9.432109
-0.234567,0,3.890123
0.789012,1,8.210987
-1.5,0,1.890123
0.456789,1,7.56789
-0.123456,0,2.345678
1.5,1,9.876543
-0.987654,0,3.456789
0.234567,1,6.54321
-0.56789,0,2.678901
1.234567,1,8.765432
-1.345678,0,1.234567
0.678901,1,7.654321
-0.345678,0,2.789012
1.456789,1,9.123456
-0.789012,0,3.678901
0.123456,1,6.987654
-1.456789,0,1.56789
0.345678,1,7.345678
-0.678901,0,2.456789
1.5,1,9.432109
-0.234567,0,3.890123
0.789012,1,8.210987
-1.5,0,1.890123
0.456789,1,7.56789
-0.123456,0,2.345678
1.5,1,9.876543
-0.987654,0,3.456789
0.234567,1,6.54321
-0.56789,0,2.678901
1.234567,1,8.765432
-1.345678,0,1.234567
0.678901,1,7.654321
-0.345678,0,2.789012
1.456789,1,9.123456
-0.789012,0,3.678901
0.123456,1,6.987654
-1.456789,0,1.56789
0.345678,1,7.345678
-0.678901,0,2.456789
1.5,1,9.432109
-0.234567,0,3.0
-1.223,0,-1.097
0.432,1,3.832
0.125,1,2.936
-0.678,0,-1.209
1.049,1,5.128
-1.045,0,-1.55
0.982,1,4.217
-0.456,0,-0.982
0.754,1,3.931
-1.245,0,-1.334
1.374,1,5.817
-0.123,1,2.203
0.678,1,3.561
-0.899,0,-1.415
0.345,1,3.104
-1.378,0,-1.682
1.201,1,4.982
-0.234,0,-0.748
0.567,1,3.423
-1.112,0,-1.275
0.89,1,4.067
-0.789,0,-1.202
1.456,1,5.612
-0.345,0,-0.873
0.234,1,2.743
-1.012,0,-1.321
0.678,1,3.542
-0.456,0,-1.045
1.234,1,4.876
-0.678,0,-1.198
0.456,1,3.213
-1.345,0,-1.487
0.789,1,4.104
-0.567,0,-1.034
1.345,1,5.234
-0.234,0,-0.912
0.89,1,4.321
-1.456,0,-1.678
0.123,1,2.876
-0.789,0,-1.145
1.012,1,4.512
-0.678,0,-1.098
0.345,1,3.145
-1.234,0,-1.321
0.678,1,3.789
-0.456,0,-1.056
1.123,1,4.789
-0.345,0,-0.876
0.89,1,4.234
-1.012,0,-1.234
0.567,1,3.512
-0.789,0,-1.145
1.456,1,5.456
-0.234,0,-0.789
0.678,1,3.678
-1.345,0,-1.432
0.89,1,4.321
-0.567,0,-1.098
1.234,1,5.012
-0.456,0,-1.045
0.345,1,3.213
-1.012,0,-1.321
0.678,1,3.542
-0.789,0,-1.145
1.345,1,5.234
-0.234,0,-0.912
0.89,1,4.321
-1.456,0,-1.678
0.123,1,2.876
-0.678,0,-1.098
1.012,1,4.512
-0.567,0,-1.034
0.345,1,3.145
-1.234,0,-1.321
0.678,1,3.789
-0.456,0,-1.056
1.123,1,4.789
-0.345,0,-0.876
0.89,1,4.234
-1.012,0,-1.234
0.567,1,3.512
-0.789,0,-1.145
1.456,1,5.456
-0.234,0,-0.789
0.678,1,3.678
-1.345,0,-1.432
0.89,1,4.321
-0.567,0,-1.098
1.234,1,5.012
-0.456,0,-1.045
0.345,1,3.213
-1.012,0,-1.321
0.678,1,3.542
-0.789,0,-1.145
1.345,1,5.234
-0.234,0,-0.912
0.89,1,4.321
-1.456,0,-1.678
0.123,1,2.876
-0.678,0,-1.098
1.012,1,4.512
-0.567,0,-1.034
0.345,1,3.145
-1.234,0,-1.321
0.678,1,3.789
-0.456,0,-1.056
1.123,1,4.789
-0.345,0,-0.876
0.89,1,4.234
-1.012,0,-1.234
0.567,1,3.512
-0.789,0,-1.145
1.456,1,5.456
-0.234,0,-0.789
0.678,1,3.678
-1.345,0,-1.432
0.89,1,4.321
-0.567,0,-1.098
1.234,1,5.012
-0.456,0,-1.045
0.345,1,3.213
-1.012,0,-1.321
0.678,1,3.542
-0.789,0,-1.145
1.345,1,5.234
-0.234,0,-0.912
0.89,1,4.321
-1.456,0,-1.678
0.123,1,2.876
-0.678,0,-1.098
1.012,1,4.512
-0.567,0,-1.034
0.345,1,3.145
-1.234,0,-1.321
0.678,1,3.789
-0.456,0,-1.056
1.123,1,4.789
-0.345,0,-0.876
0.89,1,4.234
-1.012,0,-1.234
0.567,1,3.512
-0.789,0,-1.145
1.456,1,5.456
-0.234,0,-0.789
0.678,1,3.678
-1.345,0,-1.432
0.89,1,4.321
-0.567,0,-1.098
1.234,1,5.012
-0.456,0,-1.045
0.345,1,3.213
-1.012,0,-1.321
0.678,1,3.542
-0.789,0,-1.145
1.345,1,5.234
-0.234,0,-0.912
0.89,1,4.321
-1.456,0,-1.678
0.123,1,2.876
-0.678,0,-1.098
1.012,1,4.512
-0.567,0,-1.034
0.345,1,3.145
-1.234,0,-1.321
0.678,1,3.789
-0.456,0,-1.056
1.123,1,4.789
-0.345,0,-0.876
0.89,1,4.234
-1.012,0,-1.234
0.567,1,3.512
-0.789,0,-1.145
1.456,1,5.456
-0.234,0,-0.789
0.678,1,3.678
-1.345,0,-1.432
0.89,1,4.321
-0.567,0,-1.098
1.234,1,5.012
-0.456,0,-1.045
0.345,1,3.213
-1.012,0,-1.321
0.678,1,3.542
-0.789,0,-1.145
1.345,1,5.234
-0.234,0,-0.912
0.89,1,4.321
-1.456,0,-1.678
0.123,1,2.876
-0.678,0,-1.098
1.012,1,4.512
-0.567,0,-1.034
0.345,1,3.145
-1.234,0,-1.321
0.678,1,3.789
-0.456,0,-1.056
1.123,1,4.789
-0.345,0,-0.876
0.89,1,4.234
-1.012,0,-1.234
0.567,1,3.512
-0.789,0,-1.145
1.456,1,5.456
-0.234,0,-0.789
0.678,1,3.678
-1.345,0,-1.432
0.89,1,4.321
-0.567,0,-1.098
1.234,1,5.012
-0.456,0,-1.045
0.345,1,3.213
-1.012,0,-1.321
0.678,1,3.542
-0.789,0,-1.145
1.345,1,5.234
-0.234,0,-0.912
0.89,1,4.321
-1.456,0,-1.678
0.123,1,2.876
-0.678,0,-1.098
1.012,1,4.512
-0.567,0,-1.034
0.345,1,3.145
-1.234,0,-1.321
0.678,1,3.789
-0.456,0,-1.056
1.123,1,4.789
-0.345,0,-0.876
0.89,1,4.234
-1.012,0,-1.234
0.567,1,3.512
-0.789,0,-1.145
1.456,1,5.456
-0.234,0,-0.789
0.678,1,3.678
-1.345,0,-1.432
0.89,1,4.321
-0.567,0,-1.098
1.234,1,5.012
-0.456,0,-1.045
0.345,1,3.213
-1.012,0,-1.321
0.678,1,3.542
-0.789,0,-1.145
1.345,1,5.234
-0.234,0,-0.912
0.89,1,4.321
-1.456,0,-1.678
0.123,1,2.876
-0.678,0,-1.098
1.012,1,4.512
-0.567,0,-1.034
0.345,1,3.145
-1.234,0,-1.321
0.678,1,3.789
-0.456,0,-1.056
1.123,1,4.789
-0.345,0,-0.876
0.89,1,4.234
-1.012,0,-1.234
0.567,1,3.512
-0.789,0,-1.145
1.456,1,5.456
-0.234,0,-0.789
0.678,1,3.678
-1.345,0,-1.432
0.89,1,4.321
-0.567,0,-1.098
1.234,1,5.012
-0.456,0,-1.045
0.345,1,3.213
-1.012,0,-1.321
0.678,1,3.542
-0.789,0,-1.145
1.345,1,5.234
-0.234,0,-0.912
0.89,1,4.321
-1.456,0,-1.678
0.123,1,2.876
-0.678,0,-1.098
1.012,1,4.512
-0.567,0,-1.034
0.345,1,3.145
-1.234,0,-1.321
0.678,1,3.789
-0.456,0,-1.056
1.123,1,4.789
-0.345,0,-0.876
0.89,1,4.234
-1.012,0,-1.234
0.567,1,3.512
-0.789,0,-1.145
1.456,1,5.456
-0.234,0,-0.789
0.678,1,3.678
-1.345,0,-1.432
0.89,1,4.321
-0.567,0,-1.098
1.234,1,5.012
-0.456,0,-1.045
0.345,1,3.213
-1.012,0,-1.321
0.678,1,3.542
-0.789,0,-1.145
1.345,1,5.234
-0.234,0,-0.912
0.89,1,4.321
-1.456,0,-1.678
0.123,1,2.876
-0.678,0,-1.098
1.012,1,4.512
-0.567,0,-1.034
0.345,1,3.145
-1.234,0,-1.321
0.678,1,3.789
-0.456,0,-1.056
1.123,1,4.789
-0.345,0,-0.876
0.89,1,4.234
-1.012,0,-1.234
0.567,1,3.512
-0.789,0,-1.145
1.456,1,5.456
-0.234,0,-0.789
0.678,1,3.678
-1.345,0,-1.432
0.89,1,4.321
-0.567,0,-1.098
1.234,1,5.012
-0.456,0,-1.045
0.345,1,3.213
-1.012,0,-1.321
0.678,1,3.542
-0.789,0,-1.145
1.345,1,5.234
-0.234,0,-0.912
0.89,1,4.321
-1.456,0,-1.678
0.123,1,2.876
-0.678,0,-1.098
1.012,1,4.512
-0.567,0,-1.034
0.345,1,3.145
-1.234,0,-1.321
0.678,1,3.789
-0.456,0,-1.056
1.123,1,4.789
-0.345,0,-0.876
0.89,1,4.234
-1.012,0,-1.234
0.567,1,3.512
-0.789,0,-1.145
1.456,1,5.456
-0.234,0,-0.789
0.678,1,3.678
-1.345,0,-1.432
0.89,1,4.321
-0.567,0,-1.098
1.234,1,5.012
-0.456,0,-1.045
0.345,1,3.213
-1.012,0,-1.321
0.678,1,3.542
-0.789,0,-1.145
1.345,1,5.234
-0.234,0,-0.912
0.89,1,4.321
-1.456,0,-1.678
0.123,1,2.876
-0.678,0,-1.098
1.012,1,4.512
-0.567,0,-1.034
0.345,1,3.145
-1.234,0,-1.321
0.678,1,3.789
-0.456,0,-1.056
1.123,1,4.789
-0.345,0,-0.876
0.89,1,4.234
-1.012,0,-1.234
-0.123456,1,5.678912
0.987654,0,4.321098
-1.234567,1,3.456789
0.54321,0,2.345678
1.345678,1,6.789012
-0.987654,0,3.210987
0.123456,1,5.432109
-0.654321,0,4.56789
0.456789,1,5.678901
-1.111111,0,2.345678
1.234567,1,6.123456
0.789012,0,4.56789
-0.345678,1,5.678901
0.678901,0,3.456789
-1.5,1,2.345678
0.234567,0,4.321098
1.456789,1,6.789012
-0.876543,0,3.210987
0.345678,1,5.432109
-1.234567,0,2.345678
0.56789,1,5.678901
1.234567,0,4.321098
-0.456789,1,3.456789
0.678901,0,2.345678
-1.345678,1,5.678912
0.987654,0,4.321098
-0.123456,1,3.456789
1.234567,0,6.789012
0.54321,1,5.678901
-0.987654,0,2.345678
0.123456,1,4.56789
-0.654321,0,3.210987
1.345678,1,6.123456
-0.789012,0,2.345678
0.456789,1,5.678901
-1.111111,0,4.321098
0.234567,1,3.456789
1.5,0,6.789012
-0.678901,1,5.432109
0.345678,0,2.345678
-1.234567,1,3.456789
0.987654,0,4.321098
-0.123456,1,5.678912
1.234567,0,6.789012
0.54321,1,5.678901
-0.987654,0,3.210987
0.123456,1,4.56789
-0.654321,0,2.345678
1.345678,1,6.123456
-0.789012,0,3.456789
0.456789,1,5.678901
-1.111111,0,4.321098
0.234567,1,3.456789
1.5,0,6.789012
-0.678901,1,5.432109
0.345678,0,2.345678
-1.234567,1,3.456789
0.987654,0,4.321098
-0.123456,1,5.678912
1.234567,0,6.789012
0.54321,1,5.678901
-0.987654,0,3.210987
0.123456,1,4.56789
-0.654321,0,2.345678
1.345678,1,6.123456
-0.789012,0,3.456789
0.456789,1,5.678901
-1.111111,0,4.321098
0.234567,1,3.456789
1.5,0,6.789012
-0.678901,1,5.432109
0.345678,0,2.345678
-1.234567,1,3.456789
0.987654,0,4.321098
-0.123456,1,5.678912
1.234567,0,6.789012
0.54321,1,5.678901
-0.987654,0,3.210987
0.123456,1,4.56789
-0.654321,0,2.345678
1.345678,1,6.123456
-0.789012,0,3.456789
0.456789,1,5.678901
-1.111111,0,4.321098
0.234567,1,3.456789
1.5,0,6.789012
-0.678901,1,5.432109
0.345678,0,2.345678
-1.234567,1,3.456789
0.987654,0,4.321098
-0.123456,1,5.678912
1.234567,0,6.789012
0.54321,1,5.678901
-0.987654,0,3.210987
0.123456,1,4.56789
-0.654321,0,2.345678
1.345678,1,6.123456
-0.789012,0,3.456789
0.456789,1,5.678901
-1.111111,0,4.321098
0.234567,1,3.456789
1.5,0,6.789012
-0.678901,1,5.432109
0.345678,0,2.345678
-1.234567,1,3.456789
0.987654,0,4.321098
-0.123456,1,5.678912
1.234567,0,6.789012
0.54321,1,5.678901
-0.987654,0,3.210987
0.123456,1,4.56789
-0.654321,0,2.345678
1.345678,1,6.123456
-0.789012,0,3.456789
0.456789,1,5.678901
-1.111111,0,4.321098
0.234567,1,3.456789
1.5,0,6.789012
-0.678901,1,5.432109
0.345678,0,2.345678
-1.234567,1,3.456789
0.987654,0,4.321098
-0.123456,1,5.678912
1.234567,0,6.789012
0.54321,1,5.678901
-0.987654,0,3.210987
0.123456,1,4.56789
-0.654321,0,2.345678
1.345678,1,6.123456
-0.789012,0,3.456789
0.456789,1,5.678901
-1.111111,0,4.321098
0.234567,1,3.456789
1.5,0,6.789012
-0.678901,1,5.432109
0.345678,0,2.345678
-1.234567,1,3.456789
0.987654,0,4.321098
-0.123456,1,5.678912
1.234567,0,6.789012
0.54321,1,5.678901
-0.987654,0,3.210987
0.123456,1,4.56789
-0.654321,0,2.345678
1.345678,1,6.123456
-0.789012,0,3.456789
0.456789,1,5.678901
-1.111111,0,4.321098
0.234567,1,3.456789
1.5,0,6.789012
-0.678901,1,5.432109
0.345678,0,2.345678
-1.234567,1,3.456789
0.987654,0,4.321098
-0.123456,1,5.678912
1.234567,0,6.789012
0.54321,1,5.678901
-0.987654,0,3.210987
0.123456,1,4.56789
-0.654321,0,2.345678
1.345678,1,6.123456
-0.789012,0,3.456789
0.456789,1,5.678901
-1.111111,0,4.321098
0.234567,1,3.456789
1.5,0,6.789012
-0.678901,1,5.432109
0.345678,0,2.345678
-1.234567,1,3.456789
0.987654,0,4.321098
-0.123456,1,5.678912
1.234567,0,6.789012
0.54321,1,5.678901
-0.987654,0,3.210987
0.123456,1,4.56789
-0.654321,0,2.345678
1.345678,1,6.123456
-0.789012,0,3.456789
0.456789,1,5.678901
-1.111111,0,4.321098
0.234567,1,3.456789
1.5,0,6.789012
-0.678901,1,5.432109
0.345678,0,2.345678
-1.234567,1,3.456789
0.987654,0,4.321098
-0.123456,1,5.678912
1.234567,0,6.789012
0.54321,1,5.678901
-0.987654,0,3.210987
0.123456,1,4.56789
-0.654321,0,2.345678
1.345678,1,6.123456
-0.789012,0,3.456789
0.456789,1,5.678901
-1.111111,0,4.321098
0.234567,1,3.456789
1.5,0,6.789012
-0.678901,1,5.432109
0.345678,0,2.345678
-1.234567,1,3.456789
0.987654,0,4.321098
-0.123456,1,5.678912
1.234567,0,6.789012
0.54321,1,5.678901
-0.987654,0,3.210987
0.123456,1,4.56789
-0.654321,0,2.345678
1.345678,1,6.123456
-0.789012,0,3.456789
0.456789,1,5.678901
-1.111111,0,4.321098
0.234567,1,3.456789
1.5,0,6.789012
-0.678901,1,5.432109
0.345678,0,2.345678
-1.234567,1,3.456789
0.987654,0,4.321098
-0.123456,1,5.678912
1.234567,0,6.789012
0.54321,1,5.678901
-0.987654,0,3.210987
0.123456,1,4.56789
-0.654321,0,2.345678
1.345678,1,6.123456
-0.789012,0,3.456789
0.456789,1,5.678901
-1.111111,0,4.321098
0.234567,1,3.456789
1.5,0,6.789012
-0.678901,1,5.432109
0.345678,0,2.345678
-1.234567,1,3.456789
0.987654,0,4.321098
-0.123456,1,5.678912
1.234567,0,6.789012
0.54321,1,5.678901
-0.987654,0,3.210987
0.123456,1,4.56789
-0.654321,0,2.345678
1.345678,1,6.123456
-0.789012,0,3.456789
0.456789,1,5.678901
-1.111111,0,4.321098
0.234567,1,3.456789
1.5,0,6.789012
-0.678901,1,5.432109
0.345678,0,2.345678
-1.234567,1,3.456789
0.987654,0,4.321098
-0.123456,1,5.678912
1.234567,0,6.789012
0.54321,1,5.678901
-0.987654,0,3.210987
0.123456,1,4.56789
-0.654321,0,2.345678
1.345678,1,6.123456
-0.789012,0,3.456789
0.456789,1,5.678901
-1.111111,0,4.321098
0.234567,1,3.456789
1.5,0,6.789012
-0.678901,1,5.432109
0.345678,0,2.345678
-1.234567,1,3.456789
0.987654,0,4.321098
-0.123456,1,5.678912
1.234567,0,6.789012
0.54321,1,5.678901
-0.987654,0,3.210987
0.123456,1,4.56789
-0.654321,0,2.345678
1.345678,1,6.123456
-0.789012,0,3.456789
0.456789,1,5.678901
-1.111111,0,4.321098
0.234567,1,3.456789
1.5,0,6.789012
-0.678901,1,5.432109
0.345678,0,2.345678
-1.234567,1,3.456789
0.987654,0,4.321098
-0.123456,1,5.678912
1.234567,0,6.789012
0.54321,1,5.678901
-0.987654,0,3.210987
0.123456,1,4.56789
-0.654321,0,2.345678
1.345678,1,6.123456
-0.789012,0,3.456789
0.456789,1,5.678901
-1.111111,0,4.321098
0.234567,1,3.456789
1.5,0,6.789012
-0.678901,1,5.432109
0.345678,0,2.345678
-1.234567,1,3.456789
0.987654,0,4.321098
-0.123456,1,5.678912
1.234567,0,6.789012
0.54321,1,5.678901
-0.987654,0,3.210987
0.123456,1,4.56789
-0.654321,0,2.345678
1.345678,1,6.123456
-0.789012,0,3.456789
0.456789,1,5.678901
-1.111111,0,4.321098
0.234567,1,3.456789
1.5,0,6.789012
-0.678901,1,5.432109
0.345678,0,2.345678
-1.234567,1,3.456789
0.987654,0,4.321098
-0.123456,1,5.678912
1.234567,0,6.789012
0.54321,1,5.678901
-0.987654,0,3.210987
0.123456,1,4.56789
-0.654321,0,2.345678
1.345678,1,6.123456
-0.123456,1,5.678912
0.456789,0,3.456123
1.234567,1,7.890123
-1.345678,0,2.345678
0.987654,1,6.54321
-0.654321,0,4.321098
1.111111,1,8.765432
-0.222222,0,3.987654
0.333333,1,5.123456
-1.111111,0,2.987654
1.444444,1,7.654321
-0.888888,0,3.456789
0.555555,1,5.678901
-1.234567,0,2.345678
0.777777,1,6.54321
-0.444444,0,4.321098
1.5,1,8.765432
-0.333333,0,3.987654
0.222222,1,5.123456
-1.5,0,2.987654
1.5,1,7.654321
-0.666666,0,3.456789
0.888888,1,5.678901
-1.5,0,2.345678
1.5,1,8.765432
-0.111111,0,3.987654
0.444444,1,5.123456
-1.222222,0,2.987654
1.333333,1,7.654321
-0.555555,0,3.456789
0.666666,1,5.678901
-1.444444,0,2.345678
1.111111,1,8.765432
-0.888888,0,3.987654
0.999999,1,5.123456
-1.5,0,2.987654
1.222222,1,7.654321
-0.222222,0,3.456789
0.333333,1,5.678901
-1.111111,0,2.345678
1.444444,1,8.765432
-0.444444,0,3.987654
0.555555,1,5.123456
-1.333333,0,2.987654
1.5,1,7.654321
-0.777777,0,3.456789
0.888888,1,5.678901
-1.222222,0,2.345678
1.5,1,8.765432
-0.111111,0,3.987654
0.444444,1,5.123456
-1.444444,0,2.987654
1.333333,1,7.654321
-0.555555,0,3.456789
0.666666,1,5.678901
-1.5,0,2.345678
1.111111,1,8.765432
-0.888888,0,3.987654
0.999999,1,5.123456
-1.5,0,2.987654
1.222222,1,7.654321
-0.222222,0,3.456789
0.333333,1,5.678901
-1.111111,0,2.345678
1.444444,1,8.765432
-0.444444,0,3.987654
0.555555,1,5.123456
-1.333333,0,2.987654
1.5,1,7.654321
-0.777777,0,3.456789
0.888888,1,5.678901
-1.222222,0,2.345678
1.5,1,8.765432
-0.111111,0,3.987654
0.444444,1,5.123456
-1.444444,0,2.987654
1.333333,1,7.654321
-0.555555,0,3.456789
0.666666,1,5.678901
-1.5,0,2.345678
1.111111,1,8.765432
-0.888888,0,3.987654
0.999999,1,5.123456
-1.5,0,2.987654
1.222222,1,7.654321
-0.222222,0,3.456789
0.333333,1,5.678901
-1.111111,0,2.345678
1.444444,1,8.765432
-0.444444,0,3.987654
0.555555,1,5.123456
-1.333333,0,2.987654
1.5,1,7.654321
-0.777777,0,3.456789
0.888888,1,5.678901
-1.222222,0,2.345678
1.5,1,8.765432
-0.111111,0,3.987654
0.444444,1,5.123456
-1.444444,0,2.987654
1.333333,1,7.654321
-0.555555,0,3.456789
0.666666,1,5.678901
-1.5,0,2.345678
1.111111,1,8.765432
-0.888888,0,3.987654
0.999999,1,5.123456
-1.5,0,2.987654
1.222222,1,7.654321
-0.222222,0,3.456789
0.333333,1,5.678901
-1.111111,0,2.345678
1.444444,1,8.765432
-0.444444,0,3.987654
0.555555,1,5.123456
-1.333333,0,2.987654
1.5,1,7.654321
-0.777777,0,3.456789
0.888888,1,5.678901
-1.222222,0,2.345678
1.5,1,8.765432
-0.111111,0,3.987654
0.444444,1,5.123456
-1.444444,0,2.987654
1.333333,1,7.654321
-0.555555,0,3.456789
0.666666,1,5.678901
-1.5,0,2.345678
1.111111,1,8.765432
-0.888888,0,3.987654
0.999999,1,5.123456
-1.5,0,2.987654
1.222222,1,7.654321
-0.222222,0,3.456789
0.333333,1,5.678901
-1.111111,0,2.345678
1.444444,1,8.765432
-0.444444,0,3.987654
0.555555,1,5.123456
-1.333333,0,2.987654
1.5,1,7.654321
-0.777777,0,3.456789
0.888888,1,5.678901
-1.222222,0,2.345678
1.5,1,8.765432
-0.111111,0,3.987654
0.444444,1,5.123456
-1.444444,0,2.987654
1.333333,1,7.654321
-0.555555,0,3.456789
0.666666,1,5.678901
-1.5,0,2.345678
1.111111,1,8.765432
-0.888888,0,3.987654
0.999999,1,5.123456
-1.5,0,2.987654
1.222222,1,7.654321
-0.222222,0,3.456789
0.333333,1,5.678901
-1.111111,0,2.345678
1.444444,1,8.765432
-0.444444,0,3.987654
0.555555,1,5.123456
-1.333333,0,2.987654
1.5,1,7.654321
-0.777777,0,3.456789
0.888888,1,5.678901
-1.222222,0,2.345678
1.5,1,8.765432
-0.111111,0,3.987654
0.444444,1,5.123456
-1.444444,0,2.987654
1.333333,1,7.654321
-0.555555,0,3.456789
0.666666,1,5.678901
-1.5,0,2.345678
1.111111,1,8.765432
-0.888888,0,3.987654
0.999999,1,5.123456
-1.5,0,2.987654
1.222222,1,7.654321
-0.222222,0,3.456789
0.333333,1,5.678901
-1.111111,0,2.345678
1.444444,1,8.765432
-0.444444,0,3.987654
0.555555,1,5.123456
-1.333333,0,2.987654
1.5,1,7.654321
-0.777777,0,3.456789
0.888888,1,5.678901
-1.222222,0,2.345678
1.5,1,8.765432
-0.111111,0,3.987654
0.444444,1,5.123456
-1.444444,0,2.987654
1.333333,1,7.654321
-0.555555,0,3.456789
0.666666,1,5.678901
-1.5,0,2.345678
1.111111,1,8.765432
-0.888888,0,3.987654
0.999999,1,5.123456
-1.5,0,2.987654
1.222222,1,7.654321
-0.222222,0,3.456789
0.333333,1,5.678901
-1.111111,0,2.345678
1.444444,1,8.765432
-0.444444,0,3.987654
0.555555,1,5.123456
-1.333333,0,2.987654
1.5,1,7.654321
-0.777777,0,3.456789
0.888888,1,5.678901
-1.222222,0,2.345678
1.5,1,8.765432
-0.111111,0,3.987654
0.444444,1,5.123456
-1.444444,0,2.987654
1.333333,1,7.654321
-0.555555,0,3.456789
0.666666,1,5.678901
-1.5,0,2.345678
1.111111,1,8.765432
-0.888888,0,3.987654
0.999999,1,5.123456
-1.5,0,2.987654
1.222222,1,7.654321
-0.222222,0,3.456789
0.333333,1,5.678901
-1.111111,0,2.345678
1.444444,1,8.765432
-0.444444,0,3.987654
0.555555,1,5.123456
-1.333333,0,2.987654
1.5,1,7.654321
-0.777777,0,3.456789
0.888888,1,5.678901
-1.222222,0,2.345678
1.5,1,8.765432
-0.111111,0,3.987654
0.444444,1,5.123456
-1.444444,0,2.987654
1.333333,1,7.654321
-0.555555,0,3.456789
0.666666,1,5.678901
-1.5,0,2.345678
1.111111,1,8.765432
-0.888888,0,3.987654
0.999999,1,5.123456
-1.5,0,2.987654
1.222222,1,7.654321
-0.222222,0,3.456789
0.333333,1,5.678901
-1.111111,0,2.345678
1.444444,1,8.765432
-0.444444,0,3.987654
0.555555,1,5.123456
-1.333333,0,2.987654
1.5,1,7.654321
-0.777777,0,3.456789
0.888888,1,5.678901
-1.222222,0,2.345678
1.5,1,8.765432
-0.111111,0,3.987654
0.444444,1,5.123456
-1.444444,0,2.987654
1.333333,1,7.654321
-0.555555,0,3.456789
0.666666,1,5.678901
-1.5,0,2.345678
1.111111,1,8.765432
-0.888888,0,3.987654
0.999999,1,5.123456
-1.5,0,2.987654
1.222222,1,7.654321
-0.222222,0,3.456789
0.333333,1,5.678901
-1.111111,0,2.345678
1.444444,1,8.765432
-0.444444,0,3.987654
0.555555,1,5.123456
-1.333333,0,2.987654
1.5,1,7.654321
-0.777777,0,3.456789
0.888888,1,5.678901
-1.222222,0,2.345678
1.5,1,8.765432
-0.111111,0,3.987654
0.444444,1,5.123456
-1.444444,0,2.987654
1.333333,1,7.654321
-0.555555,0,3.456789
0.666666,1,5.678901
-1.5,0,2.345678
1.111111,1,8.765432
-0.888888,0,3.987654
0.999999,1,5.123456
-1.5,0,2.987654
1.222222,1,7.654321
-0.222222,0,3.456789
0.333333,1,5.678901
-1.111111,0,2.345678
1.444444,1,8.765432
-0.444444,0,3.987654
0.555555,1,5.123456
-1.333333,0,2.987654
1.5,1,7.654321
-0.777777,0,3.456789
0.888888,1,5.678901
-1.222222,0,2.345678
1.5,1,8.765432
-0.111111,0,3.987654
0.444444,1,5.123456
-1.444444,0,2.987654
1.333333,1,7.654321
-0.555555,0,3.456789
0.666666,1,5.678901
-1.5,0,2.0
-0.123456,0,3.456789
0.987654,1,7.123456
-1.234567,0,2.345678
0.54321,1,6.789012
1.345678,1,8.901234
-0.987654,0,3.56789
0.234567,1,5.678901
-1.456789,0,2.456789
0.876543,1,7.234567
-0.345678,0,3.678901
1.234567,1,8.012345
-0.56789,0,3.789012
0.654321,1,6.890123
-1.5,0,2.56789
0.123456,1,5.789012
1.456789,1,8.123456
-0.234567,0,3.890123
0.789012,1,6.901234
-1.345678,0,2.678901
0.345678,1,5.678901
1.5,1,8.234567
-0.456789,0,3.901234
0.456789,1,6.012345
-1.5,0,2.789012
0.678901,1,6.123456
-0.678901,0,3.012345
1.5,1,8.345678
-0.789012,0,3.123456
0.890123,1,6.234567
-1.5,0,2.890123
0.012345,1,5.901234
1.5,1,8.456789
-0.890123,0,3.234567
0.123456,1,5.012345
-1.5,0,2.901234
0.234567,1,5.123456
1.5,1,8.56789
-0.012345,0,3.345678
0.345678,1,5.234567
-1.012345,0,2.012345
0.456789,1,5.345678
1.012345,1,7.678901
-0.123456,0,3.456789
0.56789,1,5.456789
-1.123456,0,2.123456
0.678901,1,5.56789
1.123456,1,7.789012
-0.234567,0,3.56789
0.789012,1,5.678901
-1.234567,0,2.234567
0.890123,1,5.789012
1.234567,1,7.890123
-0.345678,0,3.678901
0.901234,1,5.890123
-1.345678,0,2.345678
0.012345,1,5.901234
1.345678,1,8.012345
-0.456789,0,3.789012
0.123456,1,5.012345
-1.456789,0,2.456789
0.234567,1,5.123456
1.456789,1,8.123456
-0.56789,0,3.890123
0.345678,1,5.234567
-1.5,0,2.56789
0.456789,1,5.345678
1.5,1,8.234567
-0.678901,0,3.901234
0.56789,1,5.456789
-1.5,0,2.678901
0.678901,1,5.56789
1.5,1,8.345678
-0.789012,0,3.012345
0.789012,1,5.678901
-1.5,0,2.789012
0.890123,1,5.789012
1.5,1,8.456789
-0.890123,0,3.234567
0.901234,1,5.890123
-1.5,0,2.901234
0.012345,1,5.901234
1.5,1,8.56789
-0.123456,0,3.456789
0.123456,1,5.012345
-1.012345,0,2.123456
0.234567,1,5.123456
1.012345,1,7.678901
-0.234567,0,3.56789
0.345678,1,5.234567
-1.123456,0,2.234567
0.456789,1,5.345678
1.123456,1,7.789012
-0.345678,0,3.678901
0.56789,1,5.456789
-1.234567,0,2.345678
0.678901,1,5.56789
1.234567,1,7.890123
-0.456789,0,3.789012
0.789012,1,5.678901
-1.345678,0,2.456789
0.890123,1,5.789012
1.345678,1,8.012345
-0.56789,0,3.890123
0.901234,1,5.890123
-1.456789,0,2.56789
0.012345,1,5.901234
1.456789,1,8.123456
-0.678901,0,3.901234
0.123456,1,5.012345
-1.5,0,2.678901
0.234567,1,5.123456
1.5,1,8.234567
-0.789012,0,3.012345
0.345678,1,5.234567
-1.5,0,2.789012
0.456789,1,5.345678
1.5,1,8.345678
-0.890123,0,3.234567
0.56789,1,5.456789
-1.5,0,2.890123
0.678901,1,5.56789
1.5,1,8.456789
-0.901234,0,3.345678
0.789012,1,5.678901
-1.5,0,2.901234
0.890123,1,5.789012
1.5,1,8.56789
-0.012345,0,3.456789
0.123456,1,5.012345
-1.012345,0,2.123456
0.234567,1,5.123456
1.012345,1,7.678901
-0.234567,0,3.56789
0.345678,1,5.234567
-1.123456,0,2.234567
0.456789,1,5.345678
1.123456,1,7.789012
-0.345678,0,3.678901
0.56789,1,5.456789
-1.234567,0,2.345678
0.678901,1,5.56789
1.234567,1,7.890123
-0.456789,0,3.789012
0.789012,1,5.678901
-1.345678,0,2.456789
0.890123,1,5.789012
1.345678,1,8.012345
-0.56789,0,3.890123
0.901234,1,5.890123
-1.456789,0,2.56789
0.012345,1,5.901234
1.456789,1,8.123456
-0.678901,0,3.901234
0.123456,1,5.012345
-1.5,0,2.678901
0.234567,1,5.123456
1.5,1,8.234567
-0.789012,0,3.012345
0.345678,1,5.234567
-1.5,0,2.789012
0.456789,1,5.345678
1.5,1,8.345678
-0.890123,0,3.234567
0.56789,1,5.456789
-1.5,0,2.890123
0.678901,1,5.56789
1.5,1,8.456789
-0.901234,0,3.345678
0.789012,1,5.678901
-1.5,0,2.901234
0.890123,1,5.789012
1.5,1,8.56789
-0.012345,0,3.456789
0.123456,1,5.012345
-1.012345,0,2.123456
0.234567,1,5.123456
1.012345,1,7.678901
-0.234567,0,3.56789
0.345678,1,5.234567
-1.123456,0,2.234567
0.456789,1,5.345678
1.123456,1,7.789012
-0.345678,0,3.678901
0.56789,1,5.456789
-1.234567,0,2.345678
0.678901,1,5.56789
1.234567,1,7.890123
-0.456789,0,3.789012
0.789012,1,5.678901
-1.345678,0,2.456789
0.890123,1,5.789012
1.345678,1,8.012345
-0.56789,0,3.890123
0.901234,1,5.890123
-1.456789,0,2.56789
0.012345,1,5.901234
1.456789,1,8.123456
-0.678901,0,3.901234
0.123456,1,5.012345
-1.5,0,2.678901
0.234567,1,5.123456
1.5,1,8.234567
-0.789012,0,3.012345
0.345678,1,5.234567
-1.5,0,2.789012
0.456789,1,5.345678
1.5,1,8.345678
-0.890123,0,3.234567
0.56789,1,5.456789
-1.5,0,2.890123
0.678901,1,5.56789
1.5,1,8.456789
-0.901234,0,3.345678
0.789012,1,5.678901
-1.5,0,2.901234
0.890123,1,5.789012
1.5,1,8.56789
-0.012345,0,3.456789
0.123456,1,5.012345
-1.012345,0,2.123456
0.234567,1,5.123456
1.012345,1,7.678901
-0.234567,0,3.56789
0.345678,1,5.234567
-1.123456,0,2.234567
0.456789,1,5.345678
1.123456,1,7.789012
-0.345678,0,3.678901
0.56789,1,5.456789
-1.234567,0,2.345678
0.678901,1,5.56789
1.234567,1,7.890123
-0.456789,0,3.789012
0.789012,1,5.678901
-1.345678,0,2.456789
0.890123,1,5.789012
1.345678,1,8.012345
-0.56789,0,3.890123
0.901234,1,5.890123
-1.456789,0,2.56789
0.012345,1,5.901234
1.456789,1,8.123456
-0.678901,0,3.901234
0.123456,1,5.012345
-1.5,0,2.678901
0.234567,1,5.123456
1.5,1,8.234567
-0.789012,0,3.012345
0.345678,1,5.234567
-1.5,0,2.789012
0.456789,1,5.345678
1.5,1,8.345678
-0.890123,0,3.234567
0.56789,1,5.456789
-1.5,0,2.890123
0.678901,1,5.56789
1.5,1,8.456789
-0.901234,0,3.345678
0.789012,1,5.678901
-1.5,0,2.901234
0.890123,1,5.789012
1.5,1,8.56789
-0.012345,0,3.456789
0.123456,1,5.012345
-1.012345,0,2.123456
0.234567,1,5.123456
1.012345,1,7.678901
-0.234567,0,3.56789
0.345678,1,5.234567
-1.123456,0,2.234567
0.456789,1,5.345678
1.123456,1,7.789012
-0.345678,0,3.678901
0.56789,1,5.456789
-1.234567,0,2.345678
0.678901,1,5.56789
1.234567,1,7.890123
-0.456789,0,3.789012
0.789012,1,5.678901
-1.345678,0,2.456789
0.890123,1,5.789012
1.345678,1,8.012345
-0.56789,0,3.890123
0.901234,1,5.890123
-1.456789,0,2.56789
0.012345,1,5.901234
1.456789,1,8.123456
-0.678901,0,3.901234
0.123456,1,5.012345
-1.5,0,2.678901
0.234567,1,5.123456
1.5,1,8.234567
-0.789012,0,3.012345
0.345678,1,5.234567
-1.5,0,2.789012
0.456789,1,5.345678
1.5,1,8.345678
-0.890123,0,3.234567
0.56789,1,5.456789
-1.5,0,2.890123
0.678901,1,5.56789
1.5,1,8.456789
-0.901234,0,3.345678
0.789012,1,5.678901
-1.5,0,2.901234
0.890123,1,5.789012
1.5,1,8.56789
-0.012345,0,3.456789
0.123456,1,5.012345
-1.012345,0,2.123456
0.234567,1,5.123456
1.012345,1,7.678901
-0.234567,0,3.56789
0.345678,1,5.234567
-1.123456,0,2.234567
0.456789,1,5.345678
1.123456,1,7.789012
-0.345678,0,3.678901
0.56789,1,5.456789
-1.234567,0,2.345678
0.678901,1,5.56789
1.234567,1,7.890123
-0.123456,1,5.678912
0.456789,0,3.234567
1.234567,1,7.890123
-1.234567,0,2.345678
0.987654,1,6.54321
-0.654321,0,3.456789
0.345678,1,5.678901
-1.345678,0,2.123456
1.123456,1,7.456789
-0.987654,0,3.789012
0.56789,1,5.890123
-0.234567,0,3.012345
1.345678,1,7.890456
-0.456789,0,2.678901
0.678901,1,6.123456
-1.5,0,2.456789
0.789012,1,6.789012
-0.789012,0,3.345678
1.5,1,8.123456
-0.345678,0,2.890123
0.123456,1,5.456789
-1.123456,0,2.234567
0.234567,1,5.678901
-0.678901,0,3.56789
1.456789,1,7.890123
-0.56789,0,2.345678
0.890123,1,6.54321
-1.456789,0,2.123456
0.456789,1,5.678912
-0.123456,0,3.234567
1.234567,1,7.890123
-0.987654,0,2.345678
0.678901,1,6.54321
-1.234567,0,2.678901
0.345678,1,5.678901
-0.654321,0,3.456789
1.345678,1,7.890456
-0.456789,0,2.123456
0.789012,1,6.123456
-1.5,0,2.456789
0.56789,1,5.890123
-0.234567,0,3.012345
1.5,1,8.123456
-0.345678,0,2.890123
0.123456,1,5.456789
-1.123456,0,2.234567
0.234567,1,5.678901
-0.678901,0,3.56789
1.456789,1,7.890123
-0.56789,0,2.345678
0.890123,1,6.54321
-1.456789,0,2.123456
0.456789,1,5.678912
-0.123456,0,3.234567
1.234567,1,7.890123
-0.987654,0,2.345678
0.678901,1,6.54321
-1.234567,0,2.678901
0.345678,1,5.678901
-0.654321,0,3.456789
1.345678,1,7.890456
-0.456789,0,2.123456
0.789012,1,6.123456
-1.5,0,2.456789
0.56789,1,5.890123
-0.234567,0,3.012345
1.5,1,8.123456
-0.345678,0,2.890123
0.123456,1,5.456789
-1.123456,0,2.234567
0.234567,1,5.678901
-0.678901,0,3.56789
1.456789,1,7.890123
-0.56789,0,2.345678
0.890123,1,6.54321
-1.456789,0,2.123456
0.456789,1,5.678912
-0.123456,0,3.234567
1.234567,1,7.890123
-0.987654,0,2.345678
0.678901,1,6.54321
-1.234567,0,2.678901
0.345678,1,5.678901
-0.654321,0,3.456789
1.345678,1,7.890456
-0.456789,0,2.123456
0.789012,1,6.123456
-1.5,0,2.456789
0.56789,1,5.890123
-0.234567,0,3.012345
1.5,1,8.123456
-0.345678,0,2.890123
0.123456,1,5.456789
-1.123456,0,2.234567
0.234567,1,5.678901
-0.678901,0,3.56789
1.456789,1,7.890123
-0.56789,0,2.345678
0.890123,1,6.54321
-1.456789,0,2.123456
0.456789,1,5.678912
-0.123456,0,3.234567
1.234567,1,7.890123
-0.987654,0,2.345678
0.678901,1,6.54321
-1.234567,0,2.678901
0.345678,1,5.678901
-0.654321,0,3.456789
1.345678,1,7.890456
-0.456789,0,2.123456
0.789012,1,6.123456
-1.5,0,2.456789
0.56789,1,5.890123
-0.234567,0,3.012345
1.5,1,8.123456
-0.345678,0,2.890123
0.123456,1,5.456789
-1.123456,0,2.234567
0.234567,1,5.678901
-0.678901,0,3.56789
1.456789,1,7.890123
-0.56789,0,2.345678
0.890123,1,6.54321
-1.456789,0,2.123456
0.456789,1,5.678912
-0.123456,0,3.234567
1.234567,1,7.890123
-0.987654,0,2.345678
0.678901,1,6.54321
-1.234567,0,2.678901
0.345678,1,5.678901
-0.654321,0,3.456789
1.345678,1,7.890456
-0.456789,0,2.123456
0.789012,1,6.123456
-1.5,0,2.456789
0.56789,1,5.890123
-0.234567,0,3.012345
1.5,1,8.123456
-0.345678,0,2.890123
0.123456,1,5.456789
-1.123456,0,2.234567
0.234567,1,5.678901
-0.678901,0,3.56789
1.456789,1,7.890123
-0.56789,0,2.345678
0.890123,1,6.54321
-1.456789,0,2.123456
0.456789,1,5.678912
-0.123456,0,3.234567
1.234567,1,7.890123
-0.987654,0,2.345678
0.678901,1,6.54321
-1.234567,0,2.678901
0.345678,1,5.678901
-0.654321,0,3.456789
1.345678,1,7.890456
-0.456789,0,2.123456
0.789012,1,6.123456
-1.5,0,2.456789
0.56789,1,5.890123
-0.234567,0,3.012345
1.5,1,8.123456
-0.345678,0,2.890123
0.123456,1,5.456789
-1.123456,0,2.234567
0.234567,1,5.678901
-0.678901,0,3.56789
1.456789,1,7.890123
-0.56789,0,2.345678
0.890123,1,6.54321
-1.456789,0,2.123456
0.456789,1,5.678912
-0.123456,0,3.234567
1.234567,1,7.890123
-0.987654,0,2.345678
0.678901,1,6.54321
-1.234567,0,2.678901
0.345678,1,5.678901
-0.654321,0,3.456789
1.345678,1,7.890456
-0.456789,0,2.123456
0.789012,1,6.123456
-1.5,0,2.456789
0.56789,1,5.890123
-0.234567,0,3.012345
1.5,1,8.123456
-0.345678,0,2.890123
0.123456,1,5.456789
-1.123456,0,2.234567
0.234567,1,5.678901
-0.678901,0,3.56789
1.456789,1,7.890123
-0.56789,0,2.345678
0.890123,1,6.54321
-1.456789,0,2.123456
0.456789,1,5.678912
-0.123456,0,3.234567
1.234567,1,7.890123
-0.987654,0,2.345678
0.678901,1,6.54321
-1.234567,0,2.678901
0.345678,1,5.678901
-0.654321,0,3.456789
1.345678,1,7.890456
-0.456789,0,2.123456
0.789012,1,6.123456
-1.5,0,2.456789
0.56789,1,5.890123
-0.234567,0,3.012345
1.5,1,8.123456
-0.345678,0,2.890123
0.123456,1,5.456789
-1.123456,0,2.234567
0.234567,1,5.678901
-0.678901,0,3.56789
1.456789,1,7.890123
-0.56789,0,2.345678
0.890123,1,6.54321
-1.456789,0,2.123456
0.456789,1,5.678912
-0.123456,0,3.234567
1.234567,1,7.890123
-0.987654,0,2.345678
0.678901,1,6.54321
-1.234567,0,2.678901
0.345678,1,5.678901
-0.654321,0,3.456789
1.345678,1,7.890456
-0.456789,0,2.123456
0.789012,1,6.123456
-1.5,0,2.456789
0.56789,1,5.890123
-0.234567,0,3.012345
1.5,1,8.123456
-0.345678,0,2.890123
0.123456,1,5.456789
-1.123456,0,2.234567
0.234567,1,5.678901
-0.678901,0,3.56789
1.456789,1,7.890123
-0.56789,0,2.345678
0.890123,1,6.54321
-1.456789,0,2.123456
0.456789,1,5.678912
-0.123456,0,3.234567
1.234567,1,7.890123
-0.987654,0,2.345678
0.678901,1,6.54321
-1.234567,0,2.678901
0.345678,1,5.678901
-0.654321,0,3.456789
1.345678,1,7.890456
-0.456789,0,2.123456
0.789012,1,6.123456
-1.5,0,2.456789
0.56789,1,5.890123
-0.234567,0,3.012345
1.5,1,8.123456
-0.345678,0,2.890123
0.123456,1,5.456789
-1.123456,0,2.234567
0.234567,1,5.678901
-0.678901,0,3.56789
1.456789,1,7.890123
-0.56789,0,2.345678
0.890123,1,6.54321
-1.456789,0,2.123456
0.456789,1,5.678912
-0.123456,0,3.234567
1.234567,1,7.890123
-0.987654,0,2.345678
0.678901,1,6.54321
-1.234567,0,2.678901
0.345678,1,5.678901
-0.654321,0,3.456789
1.345678,1,7.890456
-0.456789,0,2.123456
0.789012,1,6.123456
-1.5,0,2.456789
0.56789,1,5.890123
-0.234567,0,3.012345
1.5,1,8.123456
-0.345678,0,2.890123
0.123456,1,5.456789
-1.123456,0,2.234567
0.234567,1,5.678901
-0.678901,0,3.56789
1.456789,1,7.890123
-0.56789,0,2.345678
0.890123,1,6.54321
-1.456789,0,2.123456
0.456789,1,5.678912
-0.123456,0,3.234567
1.234567,1,7.890123
-0.987654,0,2.345678
0.678901,1,6.54321
-1.234567,0,2.678901
0.345678,1,5.678901
-0.654321,0,3.456789
1.345678,1,7.890456
-0.456789,0,2.123456
0.789012,1,6.123456
-1.5,0,2.456789
0.56789,1,5.890123
-0.234567,0,3.012345
1.5,1,8.123456
-0.345678,0,2.890123
0.123456,1,5.456789
-1.123456,0,2.234567
0.234567,1,5.678901
-0.678901,0,3.56789
1.456789,1,7.890123
-0.56789,0,2.345678
0.890123,1,6.54321
-1.456789,0,2.123456
0.456789,1,5.678912
-0.123456,0,3.234567
1.234567,1,7.890123
-0.987654,0,2.0
-0.123456,0,3.456789
0.987654,1,5.123456
-1.234567,0,2.987654
0.345678,1,4.56789
1.234567,1,6.789012
-0.56789,0,3.234567
0.456789,1,4.678901
-1.345678,0,2.876543
0.678901,1,5.123456
1.123456,1,6.345678
-0.234567,0,3.456789
0.789012,1,5.678901
-1.456789,0,2.765432
0.890123,1,5.789012
1.345678,1,6.901234
-0.345678,0,3.56789
0.56789,1,4.789012
-1.5,0,2.654321
0.678901,1,5.890123
1.456789,1,7.012345
-0.456789,0,3.678901
0.789012,1,5.901234
-1.5,0,2.54321
0.890123,1,6.012345
1.5,1,7.123456
-0.56789,0,3.789012
0.678901,1,5.012345
-1.5,0,2.432109
0.789012,1,5.123456
1.5,1,7.234567
-0.678901,0,3.890123
0.890123,1,5.234567
-1.5,0,2.321098
0.901234,1,5.345678
1.5,1,7.345678
-0.789012,0,3.901234
0.123456,1,4.456789
-1.5,0,2.210987
0.234567,1,4.56789
1.5,1,7.456789
-0.890123,0,3.012345
0.345678,1,4.678901
-1.012345,0,2.109876
0.456789,1,4.789012
1.5,1,7.56789
-0.901234,0,3.123456
0.56789,1,4.890123
-1.123456,0,2.098765
0.678901,1,5.012345
1.012345,1,6.678901
-0.012345,0,3.234567
0.789012,1,5.123456
-1.234567,0,2.987654
0.890123,1,5.234567
1.123456,1,6.789012
-0.123456,0,3.456789
0.234567,1,4.678901
-1.345678,0,2.876543
0.345678,1,4.789012
1.234567,1,6.901234
-0.234567,0,3.56789
0.456789,1,5.890123
-1.456789,0,2.765432
0.56789,1,5.901234
1.345678,1,7.012345
-0.345678,0,3.678901
0.678901,1,5.012345
-1.5,0,2.654321
0.789012,1,5.123456
1.456789,1,7.123456
-0.456789,0,3.789012
0.890123,1,5.234567
-1.5,0,2.54321
0.901234,1,5.345678
1.5,1,7.234567
-0.56789,0,3.890123
0.123456,1,4.456789
-1.5,0,2.432109
0.234567,1,4.56789
1.5,1,7.345678
-0.678901,0,3.901234
0.345678,1,4.678901
-1.5,0,2.321098
0.456789,1,4.789012
1.5,1,7.456789
-0.789012,0,3.012345
0.56789,1,4.890123
-1.012345,0,2.109876
0.678901,1,5.012345
1.012345,1,6.678901
-0.012345,0,3.234567
0.789012,1,5.123456
-1.234567,0,2.987654
0.890123,1,5.234567
1.123456,1,6.789012
-0.123456,0,3.456789
0.234567,1,4.678901
-1.345678,0,2.876543
0.345678,1,4.789012
1.234567,1,6.901234
-0.234567,0,3.56789
0.456789,1,5.890123
-1.456789,0,2.765432
0.56789,1,5.901234
1.345678,1,7.012345
-0.345678,0,3.678901
0.678901,1,5.012345
-1.5,0,2.654321
0.789012,1,5.123456
1.456789,1,7.123456
-0.456789,0,3.789012
0.890123,1,5.234567
-1.5,0,2.54321
0.901234,1,5.345678
1.5,1,7.234567
-0.56789,0,3.890123
0.123456,1,4.456789
-1.5,0,2.432109
0.234567,1,4.56789
1.5,1,7.345678
-0.678901,0,3.901234
0.345678,1,4.678901
-1.5,0,2.321098
0.456789,1,4.789012
1.5,1,7.456789
-0.789012,0,3.012345
0.56789,1,4.890123
-1.012345,0,2.109876
0.678901,1,5.012345
1.012345,1,6.678901
-0.012345,0,3.234567
0.789012,1,5.123456
-1.234567,0,2.987654
0.890123,1,5.234567
1.123456,1,6.789012
-0.123456,0,3.456789
0.234567,1,4.678901
-1.345678,0,2.876543
0.345678,1,4.789012
1.234567,1,6.901234
-0.234567,0,3.56789
0.456789,1,5.890123
-1.456789,0,2.765432
0.56789,1,5.901234
1.345678,1,7.012345
-0.345678,0,3.678901
0.678901,1,5.012345
-1.5,0,2.654321
0.789012,1,5.123456
1.456789,1,7.123456
-0.456789,0,3.789012
0.890123,1,5.234567
-1.5,0,2.54321
0.901234,1,5.345678
1.5,1,7.234567
-0.56789,0,3.890123
0.123456,1,4.456789
-1.5,0,2.432109
0.234567,1,4.56789
1.5,1,7.345678
-0.678901,0,3.901234
0.345678,1,4.678901
-1.5,0,2.321098
0.456789,1,4.789012
1.5,1,7.456789
-0.789012,0,3.012345
0.56789,1,4.890123
-1.012345,0,2.109876
0.678901,1,5.012345
1.012345,1,6.678901
-0.012345,0,3.234567
0.789012,1,5.123456
-1.234567,0,2.987654
0.890123,1,5.234567
1.123456,1,6.789012
-0.123456,0,3.456789
0.234567,1,4.678901
-1.345678,0,2.876543
0.345678,1,4.789012
1.234567,1,6.901234
-0.234567,0,3.56789
0.456789,1,5.890123
-1.456789,0,2.765432
0.56789,1,5.901234
1.345678,1,7.012345
-0.345678,0,3.678901
0.678901,1,5.012345
-1.5,0,2.654321
0.789012,1,5.123456
1.456789,1,7.123456
-0.456789,0,3.789012
0.890123,1,5.234567
-1.5,0,2.54321
0.901234,1,5.345678
1.5,1,7.234567
-0.56789,0,3.890123
0.123456,1,4.456789
-1.5,0,2.432109
0.234567,1,4.56789
1.5,1,7.345678
-0.678901,0,3.901234
0.345678,1,4.678901
-1.5,0,2.321098
0.456789,1,4.789012
1.5,1,7.456789
-0.789012,0,3.012345
0.56789,1,4.890123
-1.012345,0,2.109876
0.678901,1,5.012345
1.012345,1,6.678901
-0.012345,0,3.234567
0.789012,1,5.123456
-1.234567,0,2.987654
0.890123,1,5.234567
1.123456,1,6.789012
-0.123456,0,3.456789
0.234567,1,4.678901
-1.345678,0,2.876543
0.345678,1,4.789012
1.234567,1,6.901234
-0.234567,0,3.56789
0.456789,1,5.890123
-1.456789,0,2.765432
0.56789,1,5.901234
1.345678,1,7.012345
-0.345678,0,3.678901
0.678901,1,5.012345
-1.5,0,2.654321
0.789012,1,5.123456
1.456789,1,7.123456
-0.456789,0,3.789012
0.890123,1,5.234567
-1.5,0,2.54321
0.901234,1,5.345678
1.5,1,7.234567
-0.56789,0,3.890123
0.123456,1,4.456789
-1.5,0,2.432109
0.234567,1,4.56789
1.5,1,7.345678
-0.678901,0,3.901234
0.345678,1,4.678901
-1.5,0,2.321098
0.456789,1,4.789012
1.5,1,7.456789
-0.789012,0,3.012345
0.56789,1,4.890123
-1.012345,0,2.109876
0.678901,1,5.012345
1.012345,1,6.678901
-0.012345,0,3.234567
0.789012,1,5.123456
-1.234567,0,2.987654
0.890123,1,5.234567
1.123456,1,6.789012
-0.123456,0,3.456789
0.234567,1,4.678901
-1.345678,0,2.876543
0.345678,1,4.789012
1.234567,1,6.901234
-0.234567,0,3.56789
0.456789,1,5.890123
-1.456789,0,2.765432
0.56789,1,5.901234
1.345678,1,7.012345
-0.345678,0,3.678901
0.678901,1,5.012345
-1.5,0,2.654321
0.789012,1,5.123456
1.456789,1,7.123456
-0.456789,0,3.789012
0.890123,1,5.234567
-1.5,0,2.54321
0.901234,1,5.345678
1.5,1,7.234567
-0.56789,0,3.890123
0.123456,1,4.456789
-1.5,0,2.432109
0.234567,1,4.56789
1.5,1,7.345678
-0.678901,0,3.901234
0.345678,1,4.678901
-1.5,0,2.321098
0.456789,1,4.789012
1.5,1,7.456789
-0.789012,0,3.012345
0.56789,1,4.890123
-1.012345,0,2.109876
0.678901,1,5.012345
1.012345,1,6.678901
-0.012345,0,3.234567
0.789012,1,5.123456
-1.234567,0,2.987654
0.890123,1,5.234567
1.123456,1,6.789012
-0.123456,0,3.456789
0.234567,1,4.678901
-1.345678,0,2.876543
0.345678,1,4.789012
1.234567,1,6.901234
-0.234567,0,3.56789
0.456789,1,5.890123
-1.456789,0,2.765432
0.56789,1,5.901234
1.345678,1,7.012345
-0.345678,0,3.678901
0.678901,1,5.012345
-1.5,0,2.654321
0.789012,1,5.123456
1.456789,1,7.123456
-0.456789,0,3.789012
0.890123,1,5.234567
-1.5,0,2.54321
0.901234,1,5.345678
1.5,1,7.234567
-0.56789,0,3.890123
0.123456,1,4.456789
-1.5,0,2.432109
0.234567,1,4.56789
1.5,1,7.345678
-0.678901,0,3.901234
0.345678,1,4.678901
-0.123456,1,5.678912
0.456789,0,3.234567
1.234567,1,7.890123
-1.234567,0,2.345678
0.987654,1,6.54321
-0.654321,0,3.456789
1.345678,1,8.901234
-0.987654,0,2.456789
0.123456,1,5.678901
-1.456789,0,1.234567
0.789012,1,6.789012
-0.345678,0,3.56789
1.5,1,9.012345
-0.234567,0,2.678901
0.678901,1,5.789012
-1.5,0,1.345678
0.345678,1,4.56789
-0.56789,0,3.678901
1.456789,1,7.890123
-0.789012,0,2.345678
0.234567,1,5.678901
-1.345678,0,1.234567
0.56789,1,6.789012
-0.123456,0,3.456789
1.234567,1,8.901234
-0.456789,0,2.456789
0.890123,1,7.012345
-1.012345,0,1.678901
0.345678,1,5.678912
-0.678901,0,3.234567
1.5,1,9.123456
-0.890123,0,2.345678
0.456789,1,6.789012
-1.234567,0,1.456789
0.123456,1,5.678901
-0.345678,0,3.56789
1.234567,1,7.890123
-0.56789,0,2.678901
0.678901,1,6.789012
-1.456789,0,1.234567
0.789012,1,5.678912
-0.123456,0,3.456789
1.345678,1,8.901234
-0.789012,0,2.456789
0.890123,1,7.012345
-1.012345,0,1.678901
0.234567,1,5.678901
-0.678901,0,3.234567
1.5,1,9.123456
-0.890123,0,2.345678
0.456789,1,6.789012
-1.234567,0,1.456789
0.123456,1,5.678901
-0.345678,0,3.56789
1.234567,1,7.890123
-0.56789,0,2.678901
0.678901,1,6.789012
-1.456789,0,1.234567
0.789012,1,5.678912
-0.123456,0,3.456789
1.345678,1,8.901234
-0.789012,0,2.456789
0.890123,1,7.012345
-1.012345,0,1.678901
0.234567,1,5.678901
-0.678901,0,3.234567
1.5,1,9.123456
-0.890123,0,2.345678
0.456789,1,6.789012
-1.234567,0,1.456789
0.123456,1,5.678901
-0.345678,0,3.56789
1.234567,1,7.890123
-0.56789,0,2.678901
0.678901,1,6.789012
-1.456789,0,1.234567
0.789012,1,5.678912
-0.123456,0,3.456789
1.345678,1,8.901234
-0.789012,0,2.456789
0.890123,1,7.012345
-1.012345,0,1.678901
0.234567,1,5.678901
-0.678901,0,3.234567
1.5,1,9.123456
-0.890123,0,2.345678
0.456789,1,6.789012
-1.234567,0,1.456789
0.123456,1,5.678901
-0.345678,0,3.56789
1.234567,1,7.890123
-0.56789,0,2.678901
0.678901,1,6.789012
-1.456789,0,1.234567
0.789012,1,5.678912
-0.123456,0,3.456789
1.345678,1,8.901234
-0.789012,0,2.456789
0.890123,1,7.012345
-1.012345,0,1.678901
0.234567,1,5.678901
-0.678901,0,3.234567
1.5,1,9.123456
-0.890123,0,2.345678
0.456789,1,6.789012
-1.234567,0,1.456789
0.123456,1,5.678901
-0.345678,0,3.56789
1.234567,1,7.890123
-0.56789,0,2.678901
0.678901,1,6.789012
-1.456789,0,1.234567
0.789012,1,5.678912
-0.123456,0,3.456789
1.345678,1,8.901234
-0.789012,0,2.456789
0.890123,1,7.012345
-1.012345,0,1.678901
0.234567,1,5.678901
-0.678901,0,3.234567
1.5,1,9.123456
-0.890123,0,2.345678
0.456789,1,6.789012
-1.234567,0,1.456789
0.123456,1,5.678901
-0.345678,0,3.56789
1.234567,1,7.890123
-0.56789,0,2.678901
0.678901,1,6.789012
-1.456789,0,1.234567
0.789012,1,5.678912
-0.123456,0,3.456789
1.345678,1,8.901234
-0.789012,0,2.456789
0.890123,1,7.012345
-1.012345,0,1.678901
0.234567,1,5.678901
-0.678901,0,3.234567
1.5,1,9.123456
-0.890123,0,2.345678
0.456789,1,6.789012
-1.234567,0,1.456789
0.123456,1,5.678901
-0.345678,0,3.56789
1.234567,1,7.890123
-0.56789,0,2.678901
0.678901,1,6.789012
-1.456789,0,1.234567
0.789012,1,5.678912
-0.123456,0,3.456789
1.345678,1,8.901234
-0.789012,0,2.456789
0.890123,1,7.012345
-1.012345,0,1.678901
0.234567,1,5.678901
-0.678901,0,3.234567
1.5,1,9.123456
-0.890123,0,2.345678
0.456789,1,6.789012
-1.234567,0,1.456789
0.123456,1,5.678901
-0.345678,0,3.56789
1.234567,1,7.890123
-0.56789,0,2.678901
0.678901,1,6.789012
-1.456789,0,1.234567
0.789012,1,5.678912
-0.123456,0,3.456789
1.345678,1,8.901234
-0.789012,0,2.456789
0.890123,1,7.012345
-1.012345,0,1.678901
0.234567,1,5.678901
-0.678901,0,3.234567
1.5,1,9.123456
-0.890123,0,2.345678
0.456789,1,6.789012
-1.234567,0,1.456789
0.123456,1,5.678901
-0.345678,0,3.56789
1.234567,1,7.890123
-0.56789,0,2.678901
0.678901,1,6.789012
-1.456789,0,1.234567
0.789012,1,5.678912
-0.123456,0,3.456789
1.345678,1,8.901234
-0.789012,0,2.456789
0.890123,1,7.012345
-1.012345,0,1.678901
0.234567,1,5.678901
-0.678901,0,3.234567
1.5,1,9.123456
-0.890123,0,2.345678
0.456789,1,6.789012
-1.234567,0,1.456789
0.123456,1,5.678901
-0.345678,0,3.56789
1.234567,1,7.890123
-0.56789,0,2.678901
0.678901,1,6.789012
-1.456789,0,1.234567
0.789012,1,5.678912
-0.123456,0,3.456789
1.345678,1,8.901234
-0.789012,0,2.456789
0.890123,1,7.012345
-1.012345,0,1.678901
0.234567,1,5.678901
-0.678901,0,3.234567
1.5,1,9.123456
-0.890123,0,2.345678
0.456789,1,6.789012
-1.234567,0,1.456789
0.123456,1,5.678901
-0.345678,0,3.56789
1.234567,1,7.890123
-0.56789,0,2.678901
0.678901,1,6.789012
-1.456789,0,1.234567
0.789012,1,5.678912
-0.123456,0,3.456789
1.345678,1,8.901234
-0.789012,0,2.456789
0.890123,1,7.012345
-1.012345,0,1.678901
0.234567,1,5.678901
-0.678901,0,3.234567
1.5,1,9.123456
-0.890123,0,2.345678
0.456789,1,6.789012
-1.234567,0,1.456789
0.123456,1,5.678901
-0.345678,0,3.56789
1.234567,1,7.890123
-0.56789,0,2.678901
0.678901,1,6.789012
-1.456789,0,1.234567
0.789012,1,5.678912
-0.123456,0,3.456789
1.345678,1,8.901234
-0.789012,0,2.456789
0.890123,1,7.012345
-1.012345,0,1.678901
0.234567,1,5.678901
-0.678901,0,3.234567
1.5,1,9.123456
-0.890123,0,2.345678
0.456789,1,6.789012
-1.234567,0,1.456789
0.123456,1,5.678901
-0.345678,0,3.56789
1.234567,1,7.890123
-0.56789,0,2.678901
0.678901,1,6.789012
-1.456789,0,1.234567
0.789012,1,5.678912
-0.123456,0,3.456789
1.345678,1,8.901234
-0.789012,0,2.456789
0.890123,1,7.012345
-1.012345,0,1.678901
0.234567,1,5.678901
-0.678901,0,3.234567
1.5,1,9.123456
-0.890123,0,2.345678
0.456789,1,6.789012
-1.234567,0,1.456789
0.123456,1,5.678901
-0.345678,0,3.56789
1.234567,1,7.890123
-0.56789,0,2.678901
0.678901,1,6.789012
-1.456789,0,1.234567
0.789012,1,5.678912
-0.123456,0,3.456789
1.345678,1,8.901234
-0.789012,0,2.456789
0.890123,1,7.012345
-1.012345,0,1.678901
0.234567,1,5.678901
-0.678901,0,3.234567
1.5,1,9.123456
-0.890123,0,2.345678
0.456789,1,6.789012
-1.234567,0,1.456789
0.123456,1,5.678901
-0.345678,0,3.56789
1.234567,1,7.890123
-0.56789,0,2.678901
0.678901,1,6.789012
-1.456789,0,1.234567
0.789012,1,5.678912
-0.123456,0,3.456789
1.345678,1,8.901234
-0.789012,0,2.456789
0.890123,1,7.012345
-1.012345,0,1.678901
0.234567,1,5.678901
-0.678901,0,3.234567
1.5,1,9.123456
-0.890123,0,2.345678
0.456789,1,6.789012
-1.234567,0,1.456789
0.123456,1,5.678901
-0.345678,0,3.56789
1.234567,1,7.890123
-0.56789,0,2.678901
0.678901,1,6.789012
-1.456789,0,1.234567
0.789012,1,5.678912
-0.123456,0,3.456789
1.345678,1,8.901234
-0.789012,0,2.456789
0.890123,1,7.012345
-1.012345,0,1.678901
0.234567,1,5.678901
-0.678901,0,3.234567
1.5,1,9.123456
-0.890123,0,2.0
-0.123456,0,3.234567
0.987654,1,6.345678
-1.234567,0,2.456789
0.456789,1,5.678901
1.345678,1,7.890123
-0.987654,0,2.345678
0.234567,1,4.56789
-0.56789,0,3.456789
1.234567,1,6.789012
-1.345678,0,1.234567
0.678901,1,5.678901
-0.345678,0,2.56789
1.456789,1,7.123456
-0.789012,0,2.678901
0.123456,1,4.789012
-1.5,0,1.345678
0.345678,1,5.678901
1.5,1,7.890123
-0.234567,0,2.456789
0.789012,1,6.123456
-1.5,0,1.234567
0.456789,1,5.678901
1.5,1,8.012345
-0.456789,0,2.345678
0.56789,1,5.678901
-1.234567,0,2.456789
0.678901,1,6.789012
1.234567,1,7.890123
-0.123456,0,3.234567
0.345678,1,5.678901
-1.345678,0,1.234567
0.987654,1,6.345678
-0.678901,0,2.56789
1.456789,1,7.123456
-0.789012,0,2.678901
0.123456,1,4.789012
-1.5,0,1.345678
0.234567,1,4.56789
1.5,1,8.012345
-0.456789,0,2.345678
0.56789,1,5.678901
-1.234567,0,2.456789
0.678901,1,6.789012
1.234567,1,7.890123
-0.123456,0,3.234567
0.345678,1,5.678901
-1.345678,0,1.234567
0.987654,1,6.345678
-0.678901,0,2.56789
1.456789,1,7.123456
-0.789012,0,2.678901
0.123456,1,4.789012
-1.5,0,1.345678
0.234567,1,4.56789
1.5,1,8.012345
-0.456789,0,2.345678
0.56789,1,5.678901
-1.234567,0,2.456789
0.678901,1,6.789012
1.234567,1,7.890123
-0.123456,0,3.234567
0.345678,1,5.678901
-1.345678,0,1.234567
0.987654,1,6.345678
-0.678901,0,2.56789
1.456789,1,7.123456
-0.789012,0,2.678901
0.123456,1,4.789012
-1.5,0,1.345678
0.234567,1,4.56789
1.5,1,8.012345
-0.456789,0,2.345678
0.56789,1,5.678901
-1.234567,0,2.456789
0.678901,1,6.789012
1.234567,1,7.890123
-0.123456,0,3.234567
0.345678,1,5.678901
-1.345678,0,1.234567
0.987654,1,6.345678
-0.678901,0,2.56789
1.456789,1,7.123456
-0.789012,0,2.678901
0.123456,1,4.789012
-1.5,0,1.345678
0.234567,1,4.56789
1.5,1,8.012345
-0.456789,0,2.345678
0.56789,1,5.678901
-1.234567,0,2.456789
0.678901,1,6.789012
1.234567,1,7.890123
-0.123456,0,3.234567
0.345678,1,5.678901
-1.345678,0,1.234567
0.987654,1,6.345678
-0.678901,0,2.56789
1.456789,1,7.123456
-0.789012,0,2.678901
0.123456,1,4.789012
-1.5,0,1.345678
0.234567,1,4.56789
1.5,1,8.012345
-0.456789,0,2.345678
0.56789,1,5.678901
-1.234567,0,2.456789
0.678901,1,6.789012
1.234567,1,7.890123
-0.123456,0,3.234567
0.345678,1,5.678901
-1.345678,0,1.234567
0.987654,1,6.345678
-0.678901,0,2.56789
1.456789,1,7.123456
-0.789012,0,2.678901
0.123456,1,4.789012
-1.5,0,1.345678
0.234567,1,4.56789
1.5,1,8.012345
-0.456789,0,2.345678
0.56789,1,5.678901
-1.234567,0,2.456789
0.678901,1,6.789012
1.234567,1,7.890123
-0.123456,0,3.234567
0.345678,1,5.678901
-1.345678,0,1.234567
0.987654,1,6.345678
-0.678901,0,2.56789
1.456789,1,7.123456
-0.789012,0,2.678901
0.123456,1,4.789012
-1.5,0,1.345678
0.234567,1,4.56789
1.5,1,8.012345
-0.456789,0,2.345678
0.56789,1,5.678901
-1.234567,0,2.456789
0.678901,1,6.789012
1.234567,1,7.890123
-0.123456,0,3.234567
0.345678,1,5.678901
-1.345678,0,1.234567
0.987654,1,6.345678
-0.678901,0,2.56789
1.456789,1,7.123456
-0.789012,0,2.678901
0.123456,1,4.789012
-1.5,0,1.345678
0.234567,1,4.56789
1.5,1,8.012345
-0.456789,0,2.345678
0.56789,1,5.678901
-1.234567,0,2.456789
0.678901,1,6.789012
1.234567,1,7.890123
-0.123456,0,3.234567
0.345678,1,5.678901
-1.345678,0,1.234567
0.987654,1,6.345678
-0.678901,0,2.56789
1.456789,1,7.123456
-0.789012,0,2.678901
0.123456,1,4.789012
-1.5,0,1.345678
0.234567,1,4.56789
1.5,1,8.012345
-0.456789,0,2.345678
0.56789,1,5.678901
-1.234567,0,2.456789
0.678901,1,6.789012
1.234567,1,7.890123
-0.123456,0,3.234567
0.345678,1,5.678901
-1.345678,0,1.234567
0.987654,1,6.345678
-0.678901,0,2.56789
1.456789,1,7.123456
-0.789012,0,2.678901
0.123456,1,4.789012
-1.5,0,1.345678
0.234567,1,4.56789
1.5,1,8.012345
-0.456789,0,2.345678
0.56789,1,5.678901
-1.234567,0,2.456789
0.678901,1,6.789012
1.234567,1,7.890123
-0.123456,0,3.234567
0.345678,1,5.678901
-1.345678,0,1.234567
0.987654,1,6.345678
-0.678901,0,2.56789
1.456789,1,7.123456
-0.789012,0,2.678901
0.123456,1,4.789012
-1.5,0,1.345678
0.234567,1,4.56789
1.5,1,8.012345
-0.456789,0,2.345678
0.56789,1,5.678901
-1.234567,0,2.456789
0.678901,1,6.789012
1.234567,1,7.890123
-0.123456,0,3.234567
0.345678,1,5.678901
-1.345678,0,1.234567
0.987654,1,6.345678
-0.678901,0,2.56789
1.456789,1,7.123456
-0.789012,0,2.678901
0.123456,1,4.789012
-1.5,0,1.345678
0.234567,1,4.56789
1.5,1,8.012345
-0.456789,0,2.345678
0.56789,1,5.678901
-1.234567,0,2.456789
0.678901,1,6.789012
1.234567,1,7.890123
-0.123456,0,3.234567
0.345678,1,5.678901
-1.345678,0,1.234567
0.987654,1,6.345678
-0.678901,0,2.56789
1.456789,1,7.123456
-0.789012,0,2.678901
0.123456,1,4.789012
-1.5,0,1.345678
0.234567,1,4.56789
1.5,1,8.012345
-0.456789,0,2.345678
0.56789,1,5.678901
-1.234567,0,2.456789
0.678901,1,6.789012
1.234567,1,7.890123
-0.123456,0,3.234567
0.345678,1,5.678901
-1.345678,0,1.234567
0.987654,1,6.345678
-0.678901,0,2.56789
1.456789,1,7.123456
-0.789012,0,2.678901
0.123456,1,4.789012
-1.5,0,1.345678
0.234567,1,4.56789
1.5,1,8.012345
-0.456789,0,2.345678
0.56789,1,5.678901
-1.234567,0,2.456789
0.678901,1,6.789012
1.234567,1,7.890123
-0.123456,0,3.234567
0.345678,1,5.678901
-1.345678,0,1.234567
0.987654,1,6.345678
-0.678901,0,2.56789
1.456789,1,7.123456
-0.789012,0,2.678901
0.123456,1,4.789012
-1.5,0,1.345678
0.234567,1,4.56789
1.5,1,8.012345
-0.456789,0,2.345678
0.56789,1,5.678901
-1.234567,0,2.456789
0.678901,1,6.789012
1.234567,1,7.890123
-0.123456,0,3.234567
0.345678,1,5.678901
-1.345678,0,1.234567
0.987654,1,6.345678
-0.678901,0,2.56789
1.456789,1,7.123456
-0.789012,0,2.678901
0.123456,1,4.789012
-1.5,0,1.345678
0.234567,1,4.56789
1.5,1,8.012345
-0.456789,0,2.345678
0.56789,1,5.678901
-1.234567,0,2.456789
0.678901,1,6.789012
1.234567,1,7.890123
-0.123456,0,3.234567
0.345678,1,5.678901
-1.345678,0,1.234567
0.987654,1,6.345678
-0.678901,0,2.56789
1.456789,1,7.123456
-0.789012,0,2.678901
0.123456,1,4.789012
-1.5,0,1.345678
0.234567,1,4.56789
1.5,1,8.012345
-0.456789,0,2.345678
0.56789,1,5.678901
-1.234567,0,2.456789
0.678901,1,6.789012
1.234567,1,7.890123
-0.123456,0,3.234567
0.345678,1,5.678901
-1.345678,0,1.234567
0.987654,1,6.345678
-0.678901,0,2.56789
1.456789,1,7.123456
-0.789012,0,2.678901
0.123456,1,4.789012
-1.5,0,1.345678
0.234567,1,4.56789
1.5,1,8.012345
-0.456789,0,2.345678
0.56789,1,5.678901
-1.234567,0,2.456789
0.678901,1,6.789012
1.234567,1,7.890123
-0.123456,0,3.234567
0.345678,1,5.678901
-1.345678,0,1.234567
0.987654,1,6.345678
-0.678901,0,2.56789
-0.321,1,5.211
0.145,1,5.134
1.215,1,7.892
0.789,1,6.743
-1.234,0,2.456
0.678,1,6.512
-0.456,0,3.012
1.345,1,8.123
-1.112,0,2.789
0.234,1,5.678
-0.987,0,2.345
1.456,1,8.456
-0.654,0,3.123
0.567,1,5.89
1.012,1,7.456
-1.345,0,2.678
0.89,1,6.234
-0.123,0,3.456
1.5,1,8.789
-0.789,0,2.89
0.345,1,5.789
1.123,1,7.89
-1.456,0,2.123
0.456,1,5.456
-0.234,0,3.678
1.234,1,8.012
-0.567,0,2.456
0.678,1,6.89
1.345,1,7.123
-1.012,0,2.789
0.789,1,6.456
-0.89,0,3.234
1.456,1,8.345
-0.321,0,2.678
0.234,1,5.123
1.5,1,8.678
-1.234,0,2.89
0.89,1,6.234
-0.456,0,3.456
1.012,1,7.89
-0.678,0,2.123
0.567,1,5.678
1.345,1,8.123
-1.345,0,2.456
0.678,1,6.512
-0.789,0,3.012
1.456,1,7.456
-0.234,0,3.789
0.89,1,6.89
1.123,1,7.89
-1.012,0,2.678
0.456,1,5.456
-0.567,0,3.123
1.234,1,8.012
-0.89,0,2.345
0.678,1,6.678
1.5,1,8.789
-1.456,0,2.678
0.234,1,5.789
-0.321,0,3.456
1.012,1,7.123
-0.678,0,2.89
0.567,1,5.89
1.345,1,8.456
-1.234,0,2.123
0.89,1,6.234
-0.456,0,3.678
1.5,1,8.012
-0.789,0,2.456
0.678,1,5.678
1.123,1,7.89
-1.012,0,2.789
0.456,1,5.456
-0.567,0,3.123
1.234,1,8.345
-0.89,0,2.678
0.89,1,6.89
1.345,1,7.123
-1.345,0,2.89
0.678,1,6.512
-0.321,0,3.012
1.456,1,8.123
-0.234,0,2.678
0.567,1,5.89
1.5,1,8.789
-1.234,0,2.456
0.89,1,6.234
-0.456,0,3.456
1.012,1,7.89
-0.678,0,2.123
0.234,1,5.678
1.345,1,8.456
-1.012,0,2.789
0.678,1,6.89
-0.789,0,3.234
1.456,1,7.456
-0.89,0,2.678
0.89,1,6.234
1.123,1,7.89
-1.345,0,2.123
0.456,1,5.456
-0.567,0,3.678
1.234,1,8.012
-0.321,0,2.89
0.678,1,5.678
1.5,1,8.789
-1.234,0,2.456
0.89,1,6.234
-0.456,0,3.456
1.012,1,7.89
-0.678,0,2.123
0.567,1,5.89
1.345,1,8.456
-1.012,0,2.789
0.678,1,6.89
-0.789,0,3.234
1.456,1,7.456
-0.89,0,2.678
0.89,1,6.234
1.123,1,7.89
-1.345,0,2.123
0.456,1,5.456
-0.567,0,3.678
1.234,1,8.012
-0.321,0,2.89
0.678,1,5.678
1.5,1,8.789
-1.234,0,2.456
0.89,1,6.234
-0.456,0,3.456
1.012,1,7.89
-0.678,0,2.123
0.567,1,5.89
1.345,1,8.456
-1.012,0,2.789
0.678,1,6.89
-0.789,0,3.234
1.456,1,7.456
-0.89,0,2.678
0.89,1,6.234
1.123,1,7.89
-1.345,0,2.123
0.456,1,5.456
-0.567,0,3.678
1.234,1,8.012
-0.321,0,2.89
0.678,1,5.678
1.5,1,8.789
-1.234,0,2.456
0.89,1,6.234
-0.456,0,3.456
1.012,1,7.89
-0.678,0,2.123
0.567,1,5.89
1.345,1,8.456
-1.012,0,2.789
0.678,1,6.89
-0.789,0,3.234
1.456,1,7.456
-0.89,0,2.678
0.89,1,6.234
1.123,1,7.89
-1.345,0,2.123
0.456,1,5.456
-0.567,0,3.678
1.234,1,8.012
-0.321,0,2.89
0.678,1,5.678
1.5,1,8.789
-1.234,0,2.456
0.89,1,6.234
-0.456,0,3.456
1.012,1,7.89
-0.678,0,2.123
0.567,1,5.89
1.345,1,8.456
-1.012,0,2.789
0.678,1,6.89
-0.789,0,3.234
1.456,1,7.456
-0.89,0,2.678
0.89,1,6.234
1.123,1,7.89
-1.345,0,2.123
0.456,1,5.456
-0.567,0,3.678
1.234,1,8.012
-0.321,0,2.89
0.678,1,5.678
1.5,1,8.789
-1.234,0,2.456
0.89,1,6.234
-0.456,0,3.456
1.012,1,7.89
-0.678,0,2.123
0.567,1,5.89
1.345,1,8.456
-1.012,0,2.789
0.678,1,6.89
-0.789,0,3.234
1.456,1,7.456
-0.89,0,2.678
0.89,1,6.234
1.123,1,7.89
-1.345,0,2.123
0.456,1,5.456
-0.567,0,3.678
1.234,1,8.012
-0.321,0,2.89
0.678,1,5.678
1.5,1,8.789
-1.234,0,2.456
0.89,1,6.234
-0.456,0,3.456
1.012,1,7.89
-0.678,0,2.123
0.567,1,5.89
1.345,1,8.456
-1.012,0,2.789
0.678,1,6.89
-0.789,0,3.234
1.456,1,7.456
-0.89,0,2.678
0.89,1,6.234
1.123,1,7.89
-1.345,0,2.123
0.456,1,5.456
-0.567,0,3.678
1.234,1,8.012
-0.321,0,2.89
0.678,1,5.678
1.5,1,8.789
-1.234,0,2.456
0.89,1,6.234
-0.456,0,3.456
1.012,1,7.89
-0.678,0,2.123
0.567,1,5.89
1.345,1,8.456
-1.012,0,2.789
0.678,1,6.89
-0.789,0,3.234
1.456,1,7.456
-0.89,0,2.678
0.89,1,6.234
1.123,1,7.89
-1.345,0,2.123
0.456,1,5.456
-0.567,0,3.678
1.234,1,8.012
-0.321,0,2.89
0.678,1,5.678
1.5,1,8.789
-1.234,0,2.456
0.89,1,6.234
-0.456,0,3.456
1.012,1,7.89
-0.678,0,2.123
0.567,1,5.89
1.345,1,8.456
-1.012,0,2.789
0.678,1,6.89
-0.789,0,3.234
1.456,1,7.456
-0.89,0,2.678
0.89,1,6.234
1.123,1,7.89
-1.345,0,2.123
0.456,1,5.456
-0.567,0,3.678
1.234,1,8.012
-0.321,0,2.89
0.678,1,5.678
1.5,1,8.789
-1.234,0,2.456
0.89,1,6.234
-0.456,0,3.456
1.012,1,7.89
-0.678,0,2.123
0.567,1,5.89
1.345,1,8.456
-1.012,0,2.789
0.678,1,6.89
-0.789,0,3.234
1.456,1,7.456
-0.89,0,2.678
0.89,1,6.234
1.123,1,7.89
-1.345,0,2.123
0.456,1,5.456
-0.567,0,3.678
1.234,1,8.012
-0.321,0,2.89
0.678,1,5.678
1.5,1,8.789
-1.234,0,2.456
0.89,1,6.234
-0.456,0,3.456
1.012,1,7.89
-0.678,0,2.123
0.567,1,5.89
1.345,1,8.456
-1.012,0,2.789
0.678,1,6.89
-0.789,0,3.234
1.456,1,7.456
-0.89,0,2.678
0.89,1,6.234
1.123,1,7.89
-1.345,0,2.123
0.456,1,5.456
-0.567,0,3.678
1.234,1,8.012
-0.321,0,2.89
0.678,1,5.678
1.5,1,8.789
-1.234,0,2.456
0.89,1,6.234
-0.456,0,3.456
1.012,1,7.89
-0.678,0,2.123
0.567,1,5.89
1.345,1,8.456
-1.012,0,2.789
0.678,1,6.89
-0.789,0,3.234
1.456,1,7.456
-0.89,0,2.678
0.89,1,6.234
1.123,1,7.89
-1.345,0,2.123
0.456,1,5.456
-0.567,0,3.678
1.234,1,8.012
-0.321,0,2.89
0.678,1,5.678
1.5,1,8.789
-1.234,0,2.456
0.89,1,6.234
-0.456,0,3.456
1.012,1,7.89
-0.678,0,2.123
0.567,1,5.89
1.345,1,8.456
-1.012,0,2.789
0.678,1,6.89
-0.789,0,3.234
1.456,1,7.456
-0.89,0,2.678
0.89,1,6.234
1.123,1,7.89
-1.345,0,2.123
0.456,1,5.456
-0.567,0,3.678
1.234,1,8.012
-0.321,0,2.89
0.678,1,5.678
1.5,1,8.789
-1.234,0,2.456
0.89,1,6.234
-0.456,0,3.456
1.012,1,7.89
-0.678,0,2.123
0.567,1,5.89
1.345,1,8.456
-1.012,0,2.789
0.678,1,6.89
-0.789,0,3.234
1.456,1,7.456
-0.89,0,2.678
0.89,1,6.234
1.123,1,7.89
-1.345,0,2.123
0.456,1,5.456
-0.567,0,3.678
1.234,1,8.012
-0.321,0,2.89
0.678,1,5.678
1.5,1,8.789
-1.234,0,2.456
0.89,1,6.234
-0.456,0,3.456
1.012,1,7.89
-0.123456,1,5.678912
0.456789,0,3.234567
1.234567,1,7.890123
-1.234567,0,2.345678
0.987654,1,6.54321
-0.654321,0,3.456789
1.345678,1,8.123456
-0.987654,0,2.678901
0.123456,1,5.432109
-1.345678,0,2.123456
0.56789,1,6.789012
-0.456789,0,3.56789
1.5,1,8.345678
-0.234567,0,2.456789
0.678901,1,6.987654
-1.5,0,2.345678
0.789012,1,7.123456
-0.789012,0,3.678901
1.5,1,8.56789
-0.345678,0,2.56789
0.890123,1,7.345678
-1.5,0,2.678901
0.234567,1,5.678901
-0.123456,0,3.456789
1.234567,1,7.890123
-0.987654,0,2.345678
0.456789,1,6.54321
-1.234567,0,2.678901
0.678901,1,6.987654
-0.56789,0,3.56789
1.345678,1,8.123456
-0.890123,0,2.456789
0.123456,1,5.432109
-1.345678,0,2.123456
0.56789,1,6.789012
-0.456789,0,3.456789
1.5,1,8.345678
-0.234567,0,2.456789
0.678901,1,6.987654
-1.5,0,2.345678
0.789012,1,7.123456
-0.789012,0,3.678901
1.5,1,8.56789
-0.345678,0,2.56789
0.890123,1,7.345678
-1.5,0,2.678901
0.234567,1,5.678901
-0.123456,0,3.456789
1.234567,1,7.890123
-0.987654,0,2.345678
0.456789,1,6.54321
-1.234567,0,2.678901
0.678901,1,6.987654
-0.56789,0,3.56789
1.345678,1,8.123456
-0.890123,0,2.456789
0.123456,1,5.432109
-1.345678,0,2.123456
0.56789,1,6.789012
-0.456789,0,3.456789
1.5,1,8.345678
-0.234567,0,2.456789
0.678901,1,6.987654
-1.5,0,2.345678
0.789012,1,7.123456
-0.789012,0,3.678901
1.5,1,8.56789
-0.345678,0,2.56789
0.890123,1,7.345678
-1.5,0,2.678901
0.234567,1,5.678901
-0.123456,0,3.456789
1.234567,1,7.890123
-0.987654,0,2.345678
0.456789,1,6.54321
-1.234567,0,2.678901
0.678901,1,6.987654
-0.56789,0,3.56789
1.345678,1,8.123456
-0.890123,0,2.456789
0.123456,1,5.432109
-1.345678,0,2.123456
0.56789,1,6.789012
-0.456789,0,3.456789
1.5,1,8.345678
-0.234567,0,2.456789
0.678901,1,6.987654
-1.5,0,2.345678
0.789012,1,7.123456
-0.789012,0,3.678901
1.5,1,8.56789
-0.345678,0,2.56789
0.890123,1,7.345678
-1.5,0,2.678901
0.234567,1,5.678901
-0.123456,0,3.456789
1.234567,1,7.890123
-0.987654,0,2.345678
0.456789,1,6.54321
-1.234567,0,2.678901
0.678901,1,6.987654
-0.56789,0,3.56789
1.345678,1,8.123456
-0.890123,0,2.456789
0.123456,1,5.432109
-1.345678,0,2.123456
0.56789,1,6.789012
-0.456789,0,3.456789
1.5,1,8.345678
-0.234567,0,2.456789
0.678901,1,6.987654
-1.5,0,2.345678
0.789012,1,7.123456
-0.789012,0,3.678901
1.5,1,8.56789
-0.345678,0,2.56789
0.890123,1,7.345678
-1.5,0,2.678901
0.234567,1,5.678901
-0.123456,0,3.456789
1.234567,1,7.890123
-0.987654,0,2.345678
0.456789,1,6.54321
-1.234567,0,2.678901
0.678901,1,6.987654
-0.56789,0,3.56789
1.345678,1,8.123456
-0.890123,0,2.456789
0.123456,1,5.432109
-1.345678,0,2.123456
0.56789,1,6.789012
-0.456789,0,3.456789
1.5,1,8.345678
-0.234567,0,2.456789
0.678901,1,6.987654
-1.5,0,2.345678
0.789012,1,7.123456
-0.789012,0,3.678901
1.5,1,8.56789
-0.345678,0,2.56789
0.890123,1,7.345678
-1.5,0,2.678901
0.234567,1,5.678901
-0.123456,0,3.456789
1.234567,1,7.890123
-0.987654,0,2.345678
0.456789,1,6.54321
-1.234567,0,2.678901
0.678901,1,6.987654
-0.56789,0,3.56789
1.345678,1,8.123456
-0.890123,0,2.456789
0.123456,1,5.432109
-1.345678,0,2.123456
0.56789,1,6.789012
-0.456789,0,3.456789
1.5,1,8.345678
-0.234567,0,2.456789
0.678901,1,6.987654
-1.5,0,2.345678
0.789012,1,7.123456
-0.789012,0,3.678901
1.5,1,8.56789
-0.345678,0,2.56789
0.890123,1,7.345678
-1.5,0,2.678901
0.234567,1,5.678901
-0.123456,0,3.456789
1.234567,1,7.890123
-0.987654,0,2.345678
0.456789,1,6.54321
-1.234567,0,2.678901
0.678901,1,6.987654
-0.56789,0,3.56789
1.345678,1,8.123456
-0.890123,0,2.456789
0.123456,1,5.432109
-1.345678,0,2.123456
0.56789,1,6.789012
-0.456789,0,3.456789
1.5,1,8.345678
-0.234567,0,2.456789
0.678901,1,6.987654
-1.5,0,2.345678
0.789012,1,7.123456
-0.789012,0,3.678901
1.5,1,8.56789
-0.345678,0,2.56789
0.890123,1,7.345678
-1.5,0,2.678901
0.234567,1,5.678901
-0.123456,0,3.456789
1.234567,1,7.890123
-0.987654,0,2.345678
0.456789,1,6.54321
-1.234567,0,2.678901
0.678901,1,6.987654
-0.56789,0,3.56789
1.345678,1,8.123456
-0.890123,0,2.456789
0.123456,1,5.432109
-1.345678,0,2.123456
0.56789,1,6.789012
-0.456789,0,3.456789
1.5,1,8.345678
-0.234567,0,2.456789
0.678901,1,6.987654
-1.5,0,2.345678
0.789012,1,7.123456
-0.789012,0,3.678901
1.5,1,8.56789
-0.345678,0,2.56789
0.890123,1,7.345678
-1.5,0,2.678901
0.234567,1,5.678901
-0.123456,0,3.456789
1.234567,1,7.890123
-0.987654,0,2.345678
0.456789,1,6.54321
-1.234567,0,2.678901
0.678901,1,6.987654
-0.56789,0,3.56789
1.345678,1,8.123456
-0.890123,0,2.456789
0.123456,1,5.432109
-1.345678,0,2.123456
0.56789,1,6.789012
-0.456789,0,3.456789
1.5,1,8.345678
-0.234567,0,2.456789
0.678901,1,6.987654
-1.5,0,2.345678
0.789012,1,7.123456
-0.789012,0,3.678901
1.5,1,8.56789
-0.345678,0,2.56789
0.890123,1,7.345678
-1.5,0,2.678901
0.234567,1,5.678901
-0.123456,0,3.456789
1.234567,1,7.890123
-0.987654,0,2.345678
0.456789,1,6.54321
-1.234567,0,2.678901
0.678901,1,6.987654
-0.56789,0,3.56789
1.345678,1,8.123456
-0.890123,0,2.456789
0.123456,1,5.432109
-1.345678,0,2.123456
0.56789,1,6.789012
-0.456789,0,3.456789
1.5,1,8.345678
-0.234567,0,2.456789
0.678901,1,6.987654
-1.5,0,2.345678
0.789012,1,7.123456
-0.789012,0,3.678901
1.5,1,8.56789
-0.345678,0,2.56789
0.890123,1,7.345678
-1.5,0,2.678901
0.234567,1,5.678901
-0.123456,0,3.456789
1.234567,1,7.890123
-0.987654,0,2.345678
0.456789,1,6.54321
-1.234567,0,2.678901
0.678901,1,6.987654
-0.56789,0,3.56789
1.345678,1,8.123456
-0.890123,0,2.456789
0.123456,1,5.432109
-1.345678,0,2.123456
0.56789,1,6.789012
-0.456789,0,3.456789
1.5,1,8.345678
-0.234567,0,2.456789
0.678901,1,6.987654
-1.5,0,2.345678
0.789012,1,7.123456
-0.789012,0,3.678901
1.5,1,8.56789
-0.345678,0,2.56789
0.890123,1,7.345678
-1.5,0,2.678901
0.234567,1,5.678901
-0.123456,0,3.456789
1.234567,1,7.890123
-0.987654,0,2.345678
0.456789,1,6.54321
-1.234567,0,2.678901
0.678901,1,6.987654
-0.56789,0,3.56789
1.345678,1,8.123456
-0.890123,0,2.456789
0.123456,1,5.432109
-1.345678,0,2.123456
0.56789,1,6.789012
-0.456789,0,3.456789
1.5,1,8.345678
-0.234567,0,2.456789
0.678901,1,6.987654
-1.5,0,2.345678
0.789012,1,7.123456
-0.789012,0,3.678901
1.5,1,8.56789
-0.345678,0,2.56789
0.890123,1,7.345678
-1.5,0,2.678901
0.234567,1,5.678901
-0.123456,0,3.456789
1.234567,1,7.890123
-0.987654,0,2.345678
0.456789,1,6.54321
-1.234567,0,2.678901
0.678901,1,6.987654
-0.56789,0,3.56789
1.345678,1,8.123456
-0.890123,0,2.0
-1.203,0,-1.148
0.123,1,3.168
0.456,1,4.123
-0.789,0,-0.876
1.234,1,5.678
-0.456,0,-1.234
0.789,1,4.567
-1.345,0,-1.456
0.567,1,3.789
1.012,1,5.123
-0.234,0,-0.678
1.456,1,5.789
-1.123,0,-1.234
0.345,1,3.456
-0.678,0,-0.789
1.5,1,6.123
-0.567,0,-0.456
0.89,1,4.678
-1.456,0,-1.567
0.234,1,3.234
1.345,1,5.456
-0.89,0,-1.012
0.678,1,4.123
-1.012,0,-1.345
0.456,1,3.678
1.234,1,5.789
-0.123,0,-0.456
0.89,1,4.567
-1.5,0,-1.789
0.567,1,3.456
1.456,1,5.678
-0.345,0,-0.678
0.123,1,3.789
-1.234,0,-1.456
0.789,1,4.123
1.012,1,5.456
-0.678,0,-0.789
0.345,1,3.234
-1.456,0,-1.567
0.89,1,4.678
1.5,1,6.123
-0.567,0,-0.456
0.234,1,3.678
-1.123,0,-1.234
0.456,1,4.123
1.345,1,5.789
-0.89,0,-1.012
0.678,1,4.567
-1.012,0,-1.345
0.123,1,3.456
1.234,1,5.678
-0.234,0,-0.678
0.789,1,4.123
-1.345,0,-1.456
0.567,1,3.789
1.456,1,5.123
-0.456,0,-1.234
0.89,1,4.678
-1.5,0,-1.789
0.345,1,3.456
1.012,1,5.456
-0.678,0,-0.789
0.234,1,3.234
-1.123,0,-1.234
0.456,1,4.123
1.345,1,5.789
-0.89,0,-1.012
0.678,1,4.567
-1.012,0,-1.345
0.123,1,3.678
1.234,1,5.678
-0.234,0,-0.678
0.789,1,4.123
-1.345,0,-1.456
0.567,1,3.789
1.456,1,5.123
-0.456,0,-1.234
0.89,1,4.678
-1.5,0,-1.789
0.345,1,3.456
1.012,1,5.456
-0.678,0,-0.789
0.234,1,3.234
-1.123,0,-1.234
0.456,1,4.123
1.345,1,5.789
-0.89,0,-1.012
0.678,1,4.567
-1.012,0,-1.345
0.123,1,3.678
1.234,1,5.678
-0.234,0,-0.678
0.789,1,4.123
-1.345,0,-1.456
0.567,1,3.789
1.456,1,5.123
-0.456,0,-1.234
0.89,1,4.678
-1.5,0,-1.789
0.345,1,3.456
1.012,1,5.456
-0.678,0,-0.789
0.234,1,3.234
-1.123,0,-1.234
0.456,1,4.123
1.345,1,5.789
-0.89,0,-1.012
0.678,1,4.567
-1.012,0,-1.345
0.123,1,3.678
1.234,1,5.678
-0.234,0,-0.678
0.789,1,4.123
-1.345,0,-1.456
0.567,1,3.789
1.456,1,5.123
-0.456,0,-1.234
0.89,1,4.678
-1.5,0,-1.789
0.345,1,3.456
1.012,1,5.456
-0.678,0,-0.789
0.234,1,3.234
-1.123,0,-1.234
0.456,1,4.123
1.345,1,5.789
-0.89,0,-1.012
0.678,1,4.567
-1.012,0,-1.345
0.123,1,3.678
1.234,1,5.678
-0.234,0,-0.678
0.789,1,4.123
-1.345,0,-1.456
0.567,1,3.789
1.456,1,5.123
-0.456,0,-1.234
0.89,1,4.678
-1.5,0,-1.789
0.345,1,3.456
1.012,1,5.456
-0.678,0,-0.789
0.234,1,3.234
-1.123,0,-1.234
0.456,1,4.123
1.345,1,5.789
-0.89,0,-1.012
0.678,1,4.567
-1.012,0,-1.345
0.123,1,3.678
1.234,1,5.678
-0.234,0,-0.678
0.789,1,4.123
-1.345,0,-1.456
0.567,1,3.789
1.456,1,5.123
-0.456,0,-1.234
0.89,1,4.678
-1.5,0,-1.789
0.345,1,3.456
1.012,1,5.456
-0.678,0,-0.789
0.234,1,3.234
-1.123,0,-1.234
0.456,1,4.123
1.345,1,5.789
-0.89,0,-1.012
0.678,1,4.567
-1.012,0,-1.345
0.123,1,3.678
1.234,1,5.678
-0.234,0,-0.678
0.789,1,4.123
-1.345,0,-1.456
0.567,1,3.789
1.456,1,5.123
-0.456,0,-1.234
0.89,1,4.678
-1.5,0,-1.789
0.345,1,3.456
1.012,1,5.456
-0.678,0,-0.789
0.234,1,3.234
-1.123,0,-1.234
0.456,1,4.123
1.345,1,5.789
-0.89,0,-1.012
0.678,1,4.567
-1.012,0,-1.345
0.123,1,3.678
1.234,1,5.678
-0.234,0,-0.678
0.789,1,4.123
-1.345,0,-1.456
0.567,1,3.789
1.456,1,5.123
-0.456,0,-1.234
0.89,1,4.678
-1.5,0,-1.789
0.345,1,3.456
1.012,1,5.456
-0.678,0,-0.789
0.234,1,3.234
-1.123,0,-1.234
0.456,1,4.123
1.345,1,5.789
-0.89,0,-1.012
0.678,1,4.567
-1.012,0,-1.345
0.123,1,3.678
1.234,1,5.678
-0.234,0,-0.678
0.789,1,4.123
-1.345,0,-1.456
0.567,1,3.789
1.456,1,5.123
-0.456,0,-1.234
0.89,1,4.678
-1.5,0,-1.789
0.345,1,3.456
1.012,1,5.456
-0.678,0,-0.789
0.234,1,3.234
-1.123,0,-1.234
0.456,1,4.123
1.345,1,5.789
-0.89,0,-1.012
0.678,1,4.567
-1.012,0,-1.345
0.123,1,3.678
1.234,1,5.678
-0.234,0,-0.678
0.789,1,4.123
-1.345,0,-1.456
0.567,1,3.789
1.456,1,5.123
-0.456,0,-1.234
0.89,1,4.678
-1.5,0,-1.789
0.345,1,3.456
1.012,1,5.456
-0.678,0,-0.789
0.234,1,3.234
-1.123,0,-1.234
0.456,1,4.123
1.345,1,5.789
-0.89,0,-1.012
0.678,1,4.567
-1.012,0,-1.345
0.123,1,3.678
1.234,1,5.678
-0.234,0,-0.678
0.789,1,4.123
-1.345,0,-1.456
0.567,1,3.789
1.456,1,5.123
-0.456,0,-1.234
0.89,1,4.678
-1.5,0,-1.789
0.345,1,3.456
1.012,1,5.456
-0.678,0,-0.789
0.234,1,3.234
-1.123,0,-1.234
0.456,1,4.123
1.345,1,5.789
-0.89,0,-1.012
0.678,1,4.567
-1.012,0,-1.345
0.123,1,3.678
1.234,1,5.678
-0.234,0,-0.678
0.789,1,4.123
-1.345,0,-1.456
0.567,1,3.789
1.456,1,5.123
-0.456,0,-1.234
0.89,1,4.678
-1.5,0,-1.789
0.345,1,3.456
1.012,1,5.456
-0.678,0,-0.789
0.234,1,3.234
-1.123,0,-1.234
0.456,1,4.123
1.345,1,5.789
-0.89,0,-1.012
0.678,1,4.567
-1.012,0,-1.345
0.123,1,3.678
1.234,1,5.678
-0.234,0,-0.678
0.789,1,4.123
-1.345,0,-1.456
0.567,1,3.789
1.456,1,5.123
-0.456,0,-1.234
0.89,1,4.678
-1.5,0,-1.789
0.345,1,3.456
1.012,1,5.456
-0.678,0,-0.789
0.234,1,3.234
-1.123,0,-1.234
0.456,1,4.123
1.345,1,5.789
-0.89,0,-1.012
0.678,1,4.567
-1.012,0,-1.345
0.123,1,3.678
1.234,1,5.678
-0.234,0,-0.678
0.789,1,4.123
-1.345,0,-1.456
0.567,1,3.789
1.456,1,5.123
-0.456,0,-1.234
0.89,1,4.678
-1.5,0,-1.789
0.345,1,3.456
1.012,1,5.456
-0.678,0,-0.789
0.234,1,3.234
-1.123,0,-1.234
0.456,1,4.123
1.345,1,5.789
-0.89,0,-1.012
0.678,1,4.567
-1.012,0,-1.345
0.123,1,3.678
1.234,1,5.678
-0.234,0,-0.678
0.789,1,4.123
-1.345,0,-1.456
0.567,1,3.789
1.456,1,5.123
-0.456,0,-1.234
0.89,1,4.678
-1.5,0,-1.789
0.345,1,3.456
1.012,1,5.456
-0.678,0,-0.789
0.234,1,3.234
-1.123,0,-1.234
0.456,1,4.123
1.345,1,5.789
-0.89,0,-1.012
0.678,1,4.567
-1.012,0,-1.345
0.123,1,3.678
1.234,1,5.678
-0.234,0,-0.678
0.789,1,4.123
-1.345,0,-1.456
0.567,1,3.789
1.456,1,5.123
-0.456,0,-1.234
0.89,1,4.678
-1.5,0,-1.789
0.345,1,3.456
1.012,1,5.456
-0.678,0,-0.789
0.234,1,3.234
-1.123,0,-1.234
0.456,1,4.123
1.345,1,5.789
-0.89,0,-1.012
0.678,1,4.567
-1.012,0,-1.345
0.123,1,3.678
1.234,1,5.678
-0.234,0,-0.678
0.789,1,4.123
-1.345,0,-1.456
0.567,1,3.789
1.456,1,5.123
-0.456,0,-1.234
0.89,1,4.678
-1.5,0,-1.789
0.345,1,3.456
1.012,1,5.456
-0.678,0,-0.789
0.234,1,3.234
-1.123,0,-1.234
-0.123456,1,5.678912
0.456789,0,3.234567
1.234567,1,7.890123
-1.234567,0,2.345678
0.987654,1,6.54321
-0.654321,0,3.456789
1.345678,1,8.123456
-0.987654,0,2.456789
0.123456,1,5.678901
-1.345678,0,2.345678
0.56789,1,6.789012
-0.56789,0,3.56789
1.456789,1,7.890234
-0.234567,0,3.123456
0.876543,1,6.543456
-1.456789,0,2.678901
0.345678,1,5.678234
-0.345678,0,3.456123
1.5,1,8.123789
-0.789012,0,2.345678
0.234567,1,5.678901
-1.5,0,2.456789
0.678901,1,6.789123
-0.678901,0,3.56789
1.5,1,7.890345
-0.123456,0,3.234567
0.789012,1,6.543678
-1.5,0,2.345678
0.456789,1,5.678912
-0.456789,0,3.234567
1.5,1,8.123456
-0.789012,0,2.456789
0.345678,1,5.678901
-1.5,0,2.345678
0.678901,1,6.789012
-0.678901,0,3.56789
1.5,1,7.890123
-0.234567,0,3.123456
0.987654,1,6.54321
-1.5,0,2.678901
0.123456,1,5.678901
-1.5,0,2.345678
0.56789,1,6.789012
-0.56789,0,3.56789
1.456789,1,7.890234
-0.234567,0,3.123456
0.876543,1,6.543456
-1.456789,0,2.678901
0.345678,1,5.678234
-0.345678,0,3.456123
1.5,1,8.123789
-0.789012,0,2.345678
0.234567,1,5.678901
-1.5,0,2.456789
0.678901,1,6.789123
-0.678901,0,3.56789
1.5,1,7.890345
-0.123456,0,3.234567
0.789012,1,6.543678
-1.5,0,2.345678
0.456789,1,5.678912
-0.456789,0,3.234567
1.5,1,8.123456
-0.789012,0,2.456789
0.345678,1,5.678901
-1.5,0,2.345678
0.678901,1,6.789012
-0.678901,0,3.56789
1.5,1,7.890123
-0.234567,0,3.123456
0.987654,1,6.54321
-1.5,0,2.678901
0.123456,1,5.678901
-1.5,0,2.345678
0.56789,1,6.789012
-0.56789,0,3.56789
1.456789,1,7.890234
-0.234567,0,3.123456
0.876543,1,6.543456
-1.456789,0,2.678901
0.345678,1,5.678234
-0.345678,0,3.456123
1.5,1,8.123789
-0.789012,0,2.345678
0.234567,1,5.678901
-1.5,0,2.456789
0.678901,1,6.789123
-0.678901,0,3.56789
1.5,1,7.890345
-0.123456,0,3.234567
0.789012,1,6.543678
-1.5,0,2.345678
0.456789,1,5.678912
-0.456789,0,3.234567
1.5,1,8.123456
-0.789012,0,2.456789
0.345678,1,5.678901
-1.5,0,2.345678
0.678901,1,6.789012
-0.678901,0,3.56789
1.5,1,7.890123
-0.234567,0,3.123456
0.987654,1,6.54321
-1.5,0,2.678901
0.123456,1,5.678901
-1.5,0,2.345678
0.56789,1,6.789012
-0.56789,0,3.56789
1.456789,1,7.890234
-0.234567,0,3.123456
0.876543,1,6.543456
-1.456789,0,2.678901
0.345678,1,5.678234
-0.345678,0,3.456123
1.5,1,8.123789
-0.789012,0,2.345678
0.234567,1,5.678901
-1.5,0,2.456789
0.678901,1,6.789123
-0.678901,0,3.56789
1.5,1,7.890345
-0.123456,0,3.234567
0.789012,1,6.543678
-1.5,0,2.345678
0.456789,1,5.678912
-0.456789,0,3.234567
1.5,1,8.123456
-0.789012,0,2.456789
0.345678,1,5.678901
-1.5,0,2.345678
0.678901,1,6.789012
-0.678901,0,3.56789
1.5,1,7.890123
-0.234567,0,3.123456
0.987654,1,6.54321
-1.5,0,2.678901
0.123456,1,5.678901
-1.5,0,2.345678
0.56789,1,6.789012
-0.56789,0,3.56789
1.456789,1,7.890234
-0.234567,0,3.123456
0.876543,1,6.543456
-1.456789,0,2.678901
0.345678,1,5.678234
-0.345678,0,3.456123
1.5,1,8.123789
-0.789012,0,2.345678
0.234567,1,5.678901
-1.5,0,2.456789
0.678901,1,6.789123
-0.678901,0,3.56789
1.5,1,7.890345
-0.123456,0,3.234567
0.789012,1,6.543678
-1.5,0,2.345678
0.456789,1,5.678912
-0.456789,0,3.234567
1.5,1,8.123456
-0.789012,0,2.456789
0.345678,1,5.678901
-1.5,0,2.345678
0.678901,1,6.789012
-0.678901,0,3.56789
1.5,1,7.890123
-0.234567,0,3.123456
0.987654,1,6.54321
-1.5,0,2.678901
0.123456,1,5.678901
-1.5,0,2.345678
0.56789,1,6.789012
-0.56789,0,3.56789
1.456789,1,7.890234
-0.234567,0,3.123456
0.876543,1,6.543456
-1.456789,0,2.678901
0.345678,1,5.678234
-0.345678,0,3.456123
1.5,1,8.123789
-0.789012,0,2.345678
0.234567,1,5.678901
-1.5,0,2.456789
0.678901,1,6.789123
-0.678901,0,3.56789
1.5,1,7.890345
-0.123456,0,3.234567
0.789012,1,6.543678
-1.5,0,2.345678
0.456789,1,5.678912
-0.456789,0,3.234567
1.5,1,8.123456
-0.789012,0,2.456789
0.345678,1,5.678901
-1.5,0,2.345678
0.678901,1,6.789012
-0.678901,0,3.56789
1.5,1,7.890123
-0.234567,0,3.123456
0.987654,1,6.54321
-1.5,0,2.678901
0.123456,1,5.678901
-1.5,0,2.345678
0.56789,1,6.789012
-0.56789,0,3.56789
1.456789,1,7.890234
-0.234567,0,3.123456
0.876543,1,6.543456
-1.456789,0,2.678901
0.345678,1,5.678234
-0.345678,0,3.456123
1.5,1,8.123789
-0.789012,0,2.345678
0.234567,1,5.678901
-1.5,0,2.456789
0.678901,1,6.789123
-0.678901,0,3.56789
1.5,1,7.890345
-0.123456,0,3.234567
0.789012,1,6.543678
-1.5,0,2.345678
0.456789,1,5.678912
-0.456789,0,3.234567
1.5,1,8.123456
-0.789012,0,2.456789
0.345678,1,5.678901
-1.5,0,2.345678
0.678901,1,6.789012
-0.678901,0,3.56789
1.5,1,7.890123
-0.234567,0,3.123456
0.987654,1,6.54321
-1.5,0,2.678901
0.123456,1,5.678901
-1.5,0,2.345678
0.56789,1,6.789012
-0.56789,0,3.56789
1.456789,1,7.890234
-0.234567,0,3.123456
0.876543,1,6.543456
-1.456789,0,2.678901
0.345678,1,5.678234
-0.345678,0,3.456123
1.5,1,8.123789
-0.789012,0,2.345678
0.234567,1,5.678901
-1.5,0,2.456789
0.678901,1,6.789123
-0.678901,0,3.56789
1.5,1,7.890345
-0.123456,0,3.234567
0.789012,1,6.543678
-1.5,0,2.345678
0.456789,1,5.678912
-0.456789,0,3.234567
1.5,1,8.123456
-0.789012,0,2.456789
0.345678,1,5.678901
-1.5,0,2.345678
0.678901,1,6.789012
-0.678901,0,3.56789
1.5,1,7.890123
-0.234567,0,3.123456
0.987654,1,6.54321
-1.5,0,2.678901
0.123456,1,5.678901
-1.5,0,2.345678
0.56789,1,6.789012
-0.56789,0,3.56789
1.456789,1,7.890234
-0.234567,0,3.123456
0.876543,1,6.543456
-1.456789,0,2.678901
0.345678,1,5.678234
-0.345678,0,3.456123
1.5,1,8.123789
-0.789012,0,2.345678
0.234567,1,5.678901
-1.5,0,2.456789
0.678901,1,6.789123
-0.678901,0,3.56789
1.5,1,7.890345
-0.123456,0,3.234567
0.789012,1,6.543678
-1.5,0,2.345678
0.456789,1,5.678912
-0.456789,0,3.234567
1.5,1,8.123456
-0.789012,0,2.456789
0.345678,1,5.678901
-1.5,0,2.345678
0.678901,1,6.789012
-0.678901,0,3.56789
1.5,1,7.890123
-0.234567,0,3.123456
0.987654,1,6.54321
-1.5,0,2.678901
0.123456,1,5.678901
-1.5,0,2.345678
0.56789,1,6.789012
-0.56789,0,3.56789
1.456789,1,7.890234
-0.234567,0,3.123456
0.876543,1,6.543456
-1.456789,0,2.678901
0.345678,1,5.678234
-0.345678,0,3.456123
1.5,1,8.123789
-0.789012,0,2.345678
0.234567,1,5.678901
-1.5,0,2.456789
0.678901,1,6.789123
-0.678901,0,3.56789
1.5,1,7.890345
-0.123456,0,3.234567
0.789012,1,6.543678
-1.5,0,2.345678
0.456789,1,5.678912
-0.456789,0,3.234567
1.5,1,8.123456
-0.789012,0,2.0
-1.234567,0,1.234567
0.56789,1,3.456789
1.234567,1,5.678901
-0.56789,0,2.345678
0.123456,1,3.456789
-1.123456,0,1.234567
0.987654,1,4.56789
-0.234567,0,2.345678
1.345678,1,5.678901
-0.987654,0,1.234567
0.456789,1,3.456789
-1.345678,0,1.234567
0.234567,1,3.456789
1.5,1,5.678901
-0.123456,0,2.345678
0.678901,1,4.56789
-0.678901,0,1.234567
1.5,1,5.678901
-1.5,0,1.234567
0.345678,1,3.456789
-0.456789,0,2.345678
1.234567,1,5.678901
-0.345678,0,1.234567
0.678901,1,4.56789
-1.5,0,1.234567
0.123456,1,3.456789
-0.789012,0,2.345678
1.456789,1,5.678901
-0.56789,0,1.234567
0.234567,1,3.456789
-1.234567,0,1.234567
0.987654,1,4.56789
-0.123456,0,2.345678
1.5,1,5.678901
-0.678901,0,1.234567
0.456789,1,3.456789
-1.345678,0,1.234567
0.345678,1,3.456789
-0.890123,0,2.345678
1.5,1,5.678901
-0.234567,0,1.234567
0.678901,1,4.56789
-1.5,0,1.234567
0.123456,1,3.456789
-0.456789,0,2.345678
1.234567,1,5.678901
-0.678901,0,1.234567
0.987654,1,4.56789
-1.5,0,1.234567
0.234567,1,3.456789
-0.789012,0,2.345678
1.456789,1,5.678901
-0.56789,0,1.234567
0.345678,1,3.456789
-1.234567,0,1.234567
0.678901,1,4.56789
-0.123456,0,2.345678
1.5,1,5.678901
-0.678901,0,1.234567
0.456789,1,3.456789
-1.345678,0,1.234567
0.123456,1,3.456789
-0.890123,0,2.345678
1.5,1,5.678901
-0.234567,0,1.234567
0.678901,1,4.56789
-1.5,0,1.234567
0.345678,1,3.456789
-0.456789,0,2.345678
1.234567,1,5.678901
-0.678901,0,1.234567
0.987654,1,4.56789
-1.5,0,1.234567
0.234567,1,3.456789
-0.789012,0,2.345678
1.456789,1,5.678901
-0.56789,0,1.234567
0.345678,1,3.456789
-1.234567,0,1.234567
0.678901,1,4.56789
-0.123456,0,2.345678
1.5,1,5.678901
-0.678901,0,1.234567
0.456789,1,3.456789
-1.345678,0,1.234567
0.123456,1,3.456789
-0.890123,0,2.345678
1.5,1,5.678901
-0.234567,0,1.234567
0.678901,1,4.56789
-1.5,0,1.234567
0.345678,1,3.456789
-0.456789,0,2.345678
1.234567,1,5.678901
-0.678901,0,1.234567
0.987654,1,4.56789
-1.5,0,1.234567
0.234567,1,3.456789
-0.789012,0,2.345678
1.456789,1,5.678901
-0.56789,0,1.234567
0.345678,1,3.456789
-1.234567,0,1.234567
0.678901,1,4.56789
-0.123456,0,2.345678
1.5,1,5.678901
-0.678901,0,1.234567
0.456789,1,3.456789
-1.345678,0,1.234567
0.123456,1,3.456789
-0.890123,0,2.345678
1.5,1,5.678901
-0.234567,0,1.234567
0.678901,1,4.56789
-1.5,0,1.234567
0.345678,1,3.456789
-0.456789,0,2.345678
1.234567,1,5.678901
-0.678901,0,1.234567
0.987654,1,4.56789
-1.5,0,1.234567
0.234567,1,3.456789
-0.789012,0,2.345678
1.456789,1,5.678901
-0.56789,0,1.234567
0.345678,1,3.456789
-1.234567,0,1.234567
0.678901,1,4.56789
-0.123456,0,2.345678
1.5,1,5.678901
-0.678901,0,1.234567
0.456789,1,3.456789
-1.345678,0,1.234567
0.123456,1,3.456789
-0.890123,0,2.345678
1.5,1,5.678901
-0.234567,0,1.234567
0.678901,1,4.56789
-1.5,0,1.234567
0.345678,1,3.456789
-0.456789,0,2.345678
1.234567,1,5.678901
-0.678901,0,1.234567
0.987654,1,4.56789
-1.5,0,1.234567
0.234567,1,3.456789
-0.789012,0,2.345678
1.456789,1,5.678901
-0.56789,0,1.234567
0.345678,1,3.456789
-1.234567,0,1.234567
0.678901,1,4.56789
-0.123456,0,2.345678
1.5,1,5.678901
-0.678901,0,1.234567
0.456789,1,3.456789
-1.345678,0,1.234567
0.123456,1,3.456789
-0.890123,0,2.345678
1.5,1,5.678901
-0.234567,0,1.234567
0.678901,1,4.56789
-1.5,0,1.234567
0.345678,1,3.456789
-0.456789,0,2.345678
1.234567,1,5.678901
-0.678901,0,1.234567
0.987654,1,4.56789
-1.5,0,1.234567
0.234567,1,3.456789
-0.789012,0,2.345678
1.456789,1,5.678901
-0.56789,0,1.234567
0.345678,1,3.456789
-1.234567,0,1.234567
0.678901,1,4.56789
-0.123456,0,2.345678
1.5,1,5.678901
-0.678901,0,1.234567
0.456789,1,3.456789
-1.345678,0,1.234567
0.123456,1,3.456789
-0.890123,0,2.345678
1.5,1,5.678901
-0.234567,0,1.234567
0.678901,1,4.56789
-1.5,0,1.234567
0.345678,1,3.456789
-0.456789,0,2.345678
1.234567,1,5.678901
-0.678901,0,1.234567
0.987654,1,4.56789
-1.5,0,1.234567
0.234567,1,3.456789
-0.789012,0,2.345678
1.456789,1,5.678901
-0.56789,0,1.234567
0.345678,1,3.456789
-1.234567,0,1.234567
0.678901,1,4.56789
-0.123456,0,2.345678
1.5,1,5.678901
-0.678901,0,1.234567
0.456789,1,3.456789
-1.345678,0,1.234567
0.123456,1,3.456789
-0.890123,0,2.345678
1.5,1,5.678901
-0.234567,0,1.234567
0.678901,1,4.56789
-1.5,0,1.234567
0.345678,1,3.456789
-0.456789,0,2.345678
1.234567,1,5.678901
-0.678901,0,1.234567
0.987654,1,4.56789
-1.5,0,1.234567
0.234567,1,3.456789
-0.789012,0,2.345678
1.456789,1,5.678901
-0.56789,0,1.234567
0.345678,1,3.456789
-1.234567,0,1.234567
0.678901,1,4.56789
-0.123456,0,2.345678
1.5,1,5.678901
-0.678901,0,1.234567
0.456789,1,3.456789
-1.345678,0,1.234567
0.123456,1,3.456789
-0.890123,0,2.345678
1.5,1,5.678901
-0.234567,0,1.234567
0.678901,1,4.56789
-1.5,0,1.234567
0.345678,1,3.456789
-0.456789,0,2.345678
1.234567,1,5.678901
-0.678901,0,1.234567
0.987654,1,4.56789
-1.5,0,1.234567
0.234567,1,3.456789
-0.789012,0,2.345678
1.456789,1,5.678901
-0.56789,0,1.234567
0.345678,1,3.456789
-1.234567,0,1.234567
0.678901,1,4.56789
-0.123456,0,2.345678
1.5,1,5.678901
-0.678901,0,1.234567
0.456789,1,3.456789
-1.345678,0,1.234567
0.123456,1,3.456789
-0.890123,0,2.345678
1.5,1,5.678901
-0.234567,0,1.234567
0.678901,1,4.56789
-1.5,0,1.234567
0.345678,1,3.456789
-0.456789,0,2.345678
1.234567,1,5.678901
-0.678901,0,1.234567
0.987654,1,4.56789
-1.5,0,1.234567
0.234567,1,3.456789
-0.789012,0,2.345678
1.456789,1,5.678901
-0.56789,0,1.234567
0.345678,1,3.456789
-1.234567,0,1.234567
0.678901,1,4.56789
-0.123456,0,2.345678
1.5,1,5.678901
-0.678901,0,1.234567
0.456789,1,3.456789
-1.345678,0,1.234567
0.123456,1,3.456789
-0.890123,0,2.345678
1.5,1,5.678901
-0.234567,0,1.234567
0.678901,1,4.56789
-1.5,0,1.234567
0.345678,1,3.456789
-0.456789,0,2.345678
1.234567,1,5.678901
-0.678901,0,1.234567
0.987654,1,4.56789
-1.5,0,1.234567
0.234567,1,3.456789
-0.789012,0,2.345678
1.456789,1,5.678901
-0.56789,0,1.234567
0.345678,1,3.456789
-1.234567,0,1.234567
0.678901,1,4.56789
-0.123456,0,2.345678
1.5,1,5.678901
-0.678901,0,1.234567
0.456789,1,3.456789
-1.345678,0,1.234567
0.123456,1,3.456789
-0.890123,0,2.345678
1.5,1,5.678901
-0.234567,0,1.234567
0.678901,1,4.56789
-1.5,0,1.234567
0.345678,1,3.456789
-0.456789,0,2.345678
1.234567,1,5.678901
-0.678901,0,1.234567
0.987654,1,4.56789
-1.5,0,1.234567
0.234567,1,3.456789
-0.789012,0,2.345678
1.456789,1,5.678901
-0.56789,0,1.234567
0.345678,1,3.456789
-1.234567,0,1.234567
0.678901,1,4.0
-0.123,1,5.321
0.456,0,3.789
1.234,1,7.654
-1.234,0,2.456
0.789,1,6.123
-0.456,0,3.987
1.123,1,7.321
-0.789,0,2.789
0.321,1,5.654
-1.456,0,2.123
0.654,1,6.789
-0.321,0,3.456
1.456,1,7.987
-1.123,0,2.321
0.987,1,6.456
-0.654,0,3.654
1.345,1,7.543
-1.345,0,2.654
0.234,1,5.987
-0.234,0,3.321
1.5,1,8.123
-1.5,0,2.987
0.876,1,6.321
-0.876,0,3.789
1.012,1,7.654
-1.012,0,2.456
0.543,1,5.432
-0.543,0,3.123
1.5,1,8.456
-1.5,0,2.321
0.678,1,6.789
-0.678,0,3.654
1.234,1,7.321
-1.234,0,2.987
0.345,1,5.678
-0.345,0,3.456
1.5,1,7.89
-1.5,0,2.654
0.456,1,6.123
-0.456,0,3.789
1.5,1,8.321
-1.5,0,2.987
0.234,1,5.987
-0.234,0,3.321
1.012,1,7.543
-1.012,0,2.456
0.678,1,6.654
-0.678,0,3.789
1.345,1,7.89
-1.345,0,2.321
0.543,1,5.432
-0.543,0,3.123
1.5,1,8.123
-1.5,0,2.987
0.876,1,6.321
-0.876,0,3.654
1.234,1,7.543
-1.234,0,2.654
0.89,1,6.789
-0.89,0,3.456
1.456,1,7.987
-1.456,0,2.321
0.321,1,5.654
-0.321,0,3.789
1.5,1,8.456
-1.5,0,2.987
0.678,1,6.123
-0.678,0,3.321
1.234,1,7.321
-1.234,0,2.654
0.543,1,5.432
-0.543,0,3.123
1.5,1,8.123
-1.5,0,2.987
0.876,1,6.321
-0.876,0,3.654
1.345,1,7.89
-1.345,0,2.321
0.89,1,6.789
-0.89,0,3.456
1.456,1,7.987
-1.456,0,2.654
0.321,1,5.654
-0.321,0,3.789
1.5,1,8.456
-1.5,0,2.987
0.678,1,6.123
-0.678,0,3.321
1.234,1,7.321
-1.234,0,2.654
0.543,1,5.432
-0.543,0,3.123
1.5,1,8.123
-1.5,0,2.987
0.876,1,6.321
-0.876,0,3.654
1.345,1,7.89
-1.345,0,2.321
0.89,1,6.789
-0.89,0,3.456
1.456,1,7.987
-1.456,0,2.654
0.321,1,5.654
-0.321,0,3.789
1.5,1,8.456
-1.5,0,2.987
0.678,1,6.123
-0.678,0,3.321
1.234,1,7.321
-1.234,0,2.654
0.543,1,5.432
-0.543,0,3.123
1.5,1,8.123
-1.5,0,2.987
0.876,1,6.321
-0.876,0,3.654
1.345,1,7.89
-1.345,0,2.321
0.89,1,6.789
-0.89,0,3.456
1.456,1,7.987
-1.456,0,2.654
0.321,1,5.654
-0.321,0,3.789
1.5,1,8.456
-1.5,0,2.987
0.678,1,6.123
-0.678,0,3.321
1.234,1,7.321
-1.234,0,2.654
0.543,1,5.432
-0.543,0,3.123
1.5,1,8.123
-1.5,0,2.987
0.876,1,6.321
-0.876,0,3.654
1.345,1,7.89
-1.345,0,2.321
0.89,1,6.789
-0.89,0,3.456
1.456,1,7.987
-1.456,0,2.654
0.321,1,5.654
-0.321,0,3.789
1.5,1,8.456
-1.5,0,2.987
0.678,1,6.123
-0.678,0,3.321
1.234,1,7.321
-1.234,0,2.654
0.543,1,5.432
-0.543,0,3.123
1.5,1,8.123
-1.5,0,2.987
0.876,1,6.321
-0.876,0,3.654
1.345,1,7.89
-1.345,0,2.321
0.89,1,6.789
-0.89,0,3.456
1.456,1,7.987
-1.456,0,2.654
0.321,1,5.654
-0.321,0,3.789
1.5,1,8.456
-1.5,0,2.987
0.678,1,6.123
-0.678,0,3.321
1.234,1,7.321
-1.234,0,2.654
0.543,1,5.432
-0.543,0,3.123
1.5,1,8.123
-1.5,0,2.987
0.876,1,6.321
-0.876,0,3.654
1.345,1,7.89
-1.345,0,2.321
0.89,1,6.789
-0.89,0,3.456
1.456,1,7.987
-1.456,0,2.654
0.321,1,5.654
-0.321,0,3.789
1.5,1,8.456
-1.5,0,2.987
0.678,1,6.123
-0.678,0,3.321
1.234,1,7.321
-1.234,0,2.654
0.543,1,5.432
-0.543,0,3.123
1.5,1,8.123
-1.5,0,2.987
0.876,1,6.321
-0.876,0,3.654
1.345,1,7.89
-1.345,0,2.321
0.89,1,6.789
-0.89,0,3.456
1.456,1,7.987
-1.456,0,2.654
0.321,1,5.654
-0.321,0,3.789
1.5,1,8.456
-1.5,0,2.987
0.678,1,6.123
-0.678,0,3.321
1.234,1,7.321
-1.234,0,2.654
0.543,1,5.432
-0.543,0,3.123
1.5,1,8.123
-1.5,0,2.987
0.876,1,6.321
-0.876,0,3.654
1.345,1,7.89
-1.345,0,2.321
0.89,1,6.789
-0.89,0,3.456
1.456,1,7.987
-1.456,0,2.654
0.321,1,5.654
-0.321,0,3.789
1.5,1,8.456
-1.5,0,2.987
0.678,1,6.123
-0.678,0,3.321
1.234,1,7.321
-1.234,0,2.654
0.543,1,5.432
-0.543,0,3.123
1.5,1,8.123
-1.5,0,2.987
0.876,1,6.321
-0.876,0,3.654
1.345,1,7.89
-1.345,0,2.321
0.89,1,6.789
-0.89,0,3.456
1.456,1,7.987
-1.456,0,2.654
0.321,1,5.654
-0.321,0,3.789
1.5,1,8.456
-1.5,0,2.987
0.678,1,6.123
-0.678,0,3.321
1.234,1,7.321
-1.234,0,2.654
0.543,1,5.432
-0.543,0,3.123
1.5,1,8.123
-1.5,0,2.987
0.876,1,6.321
-0.876,0,3.654
1.345,1,7.89
-1.345,0,2.321
0.89,1,6.789
-0.89,0,3.456
1.456,1,7.987
-1.456,0,2.654
0.321,1,5.654
-0.321,0,3.789
1.5,1,8.456
-1.5,0,2.987
0.678,1,6.123
-0.678,0,3.321
1.234,1,7.321
-1.234,0,2.654
0.543,1,5.432
-0.543,0,3.123
1.5,1,8.123
-1.5,0,2.987
0.876,1,6.321
-0.876,0,3.654
1.345,1,7.89
-1.345,0,2.321
0.89,1,6.789
-0.89,0,3.456
1.456,1,7.987
-1.456,0,2.654
0.321,1,5.654
-0.321,0,3.789
1.5,1,8.456
-1.5,0,2.987
0.678,1,6.123
-0.678,0,3.321
1.234,1,7.321
-1.234,0,2.654
0.543,1,5.432
-0.543,0,3.123
1.5,1,8.123
-1.5,0,2.987
0.876,1,6.321
-0.876,0,3.654
1.345,1,7.89
-1.345,0,2.321
0.89,1,6.789
-0.89,0,3.456
1.456,1,7.987
-1.456,0,2.654
0.321,1,5.654
-0.321,0,3.789
1.5,1,8.456
-1.5,0,2.987
0.678,1,6.123
-0.678,0,3.321
1.234,1,7.321
-1.234,0,2.654
0.543,1,5.432
-0.543,0,3.123
1.5,1,8.123
-1.5,0,2.987
0.876,1,6.321
-0.876,0,3.654
1.345,1,7.89
-1.345,0,2.321
0.89,1,6.789
-0.89,0,3.456
1.456,1,7.987
-1.456,0,2.654
0.321,1,5.654
-0.321,0,3.789
1.5,1,8.456
-1.5,0,2.987
0.678,1,6.123
-0.678,0,3.321
1.234,1,7.321
-1.234,0,2.654
0.543,1,5.432
-0.543,0,3.123
1.5,1,8.123
-1.5,0,2.987
0.876,1,6.321
-0.876,0,3.654
1.345,1,7.89
-1.345,0,2.321
0.89,1,6.789
-0.89,0,3.456
1.456,1,7.987
-1.456,0,2.654
0.321,1,5.654
-0.321,0,3.789
1.5,1,8.456
-1.5,0,2.987
0.678,1,6.123
-0.678,0,3.321
1.234,1,7.321
-1.234,0,2.654
0.543,1,5.432
-0.543,0,3.123
1.5,1,8.123
-1.5,0,2.987
0.876,1,6.321
-0.876,0,3.654
1.345,1,7.89
-1.345,0,2.321
0.89,1,6.789
-0.89,0,3.456
1.456,1,7.987
-1.456,0,2.654
0.321,1,5.654
-0.321,0,3.789
1.5,1,8.456
-1.5,0,2.987
0.678,1,6.123
-0.678,0,3.321
1.234,1,7.321
-1.234,0,2.654
0.543,1,5.432
-0.543,0,3.123
1.5,1,8.123
-1.5,0,2.987
0.876,1,6.321
-0.876,0,3.654
1.345,1,7.89
-1.345,0,2.321
0.89,1,6.789
-0.89,0,3.456
-0.132,0,3.42
1.217,1,7.091
0.456,1,5.052
-1.049,0,2.112
0.798,1,6.125
-0.745,0,2.871
0.621,1,5.678
-1.284,0,1.97
1.084,1,6.872
0.345,1,4.823
-0.256,0,3.056
1.463,1,7.724
-0.982,0,2.345
0.732,1,5.412
-1.387,0,1.823
0.895,1,6.487
-0.564,0,2.668
1.132,1,6.543
-1.203,0,2.014
0.478,1,5.134
-0.847,0,2.455
1.305,1,6.912
-0.371,0,2.785
0.215,1,4.217
-1.136,0,2.098
0.642,1,5.739
-0.912,0,2.321
1.157,1,6.678
-1.482,0,1.654
0.823,1,6.042
-0.045,1,4.512
1.372,1,7.204
-0.688,0,2.942
0.934,1,5.867
-1.021,0,2.192
0.556,1,5.314
-0.194,0,3.203
1.241,1,6.823
-1.356,0,1.789
0.719,1,5.487
-0.874,0,2.407
1.067,1,6.612
-0.432,0,2.641
0.398,1,4.789
-1.145,0,2.056
0.812,1,5.934
-0.267,0,3.045
1.198,1,6.734
-1.074,0,2.198
0.654,1,5.562
-0.812,0,2.389
1.412,1,7.301
-0.569,0,2.783
0.911,1,6.421
-1.22,0,1.885
0.234,1,4.356
-0.456,0,3.12
1.056,1,6.421
-1.305,0,1.724
0.789,1,5.812
-0.678,0,2.512
1.145,1,6.678
-0.823,0,2.301
0.512,1,5.134
-1.067,0,2.045
0.945,1,5.912
-0.342,0,3.045
1.324,1,7.045
-1.412,0,1.654
0.678,1,5.678
-0.256,0,3.112
1.098,1,6.543
-0.789,0,2.412
0.456,1,5.134
-1.134,0,2.098
0.812,1,5.934
-0.678,0,2.512
1.245,1,6.789
-1.056,0,2.045
0.789,1,5.678
-0.432,0,2.641
1.067,1,6.612
-0.912,0,2.321
0.398,1,4.789
-1.145,0,2.056
0.812,1,5.934
-0.267,0,3.045
1.198,1,6.734
-1.074,0,2.198
0.654,1,5.562
-0.812,0,2.389
1.412,1,7.301
-0.569,0,2.783
0.911,1,6.421
-1.22,0,1.885
0.234,1,4.356
-0.456,0,3.12
1.056,1,6.421
-1.305,0,1.724
0.789,1,5.812
-0.678,0,2.512
1.145,1,6.678
-0.823,0,2.301
0.512,1,5.134
-1.067,0,2.045
0.945,1,5.912
-0.342,0,3.045
1.324,1,7.045
-1.412,0,1.654
0.678,1,5.678
-0.256,0,3.112
1.098,1,6.543
-0.789,0,2.412
0.456,1,5.134
-1.134,0,2.098
0.812,1,5.934
-0.678,0,2.512
1.245,1,6.789
-1.056,0,2.045
0.789,1,5.678
-0.432,0,2.641
1.067,1,6.612
-0.912,0,2.321
0.398,1,4.789
-1.145,0,2.056
0.812,1,5.934
-0.267,0,3.045
1.198,1,6.734
-1.074,0,2.198
0.654,1,5.562
-0.812,0,2.389
1.412,1,7.301
-0.569,0,2.783
0.911,1,6.421
-1.22,0,1.885
0.234,1,4.356
-0.456,0,3.12
1.056,1,6.421
-1.305,0,1.724
0.789,1,5.812
-0.678,0,2.512
1.145,1,6.678
-0.823,0,2.301
0.512,1,5.134
-1.067,0,2.045
0.945,1,5.912
-0.342,0,3.045
1.324,1,7.045
-1.412,0,1.654
0.678,1,5.678
-0.256,0,3.112
1.098,1,6.543
-0.789,0,2.412
0.456,1,5.134
-1.134,0,2.098
0.812,1,5.934
-0.678,0,2.512
1.245,1,6.789
-1.056,0,2.045
0.789,1,5.678
-0.432,0,2.641
1.067,1,6.612
-0.912,0,2.321
0.398,1,4.789
-1.145,0,2.056
0.812,1,5.934
-0.267,0,3.045
1.198,1,6.734
-1.074,0,2.198
0.654,1,5.562
-0.812,0,2.389
1.412,1,7.301
-0.569,0,2.783
0.911,1,6.421
-1.22,0,1.885
0.234,1,4.356
-0.456,0,3.12
1.056,1,6.421
-1.305,0,1.724
0.789,1,5.812
-0.678,0,2.512
1.145,1,6.678
-0.823,0,2.301
0.512,1,5.134
-1.067,0,2.045
0.945,1,5.912
-0.342,0,3.045
1.324,1,7.045
-1.412,0,1.654
0.678,1,5.678
-0.256,0,3.112
1.098,1,6.543
-0.789,0,2.412
0.456,1,5.134
-1.134,0,2.098
0.812,1,5.934
-0.678,0,2.512
1.245,1,6.789
-1.056,0,2.045
0.789,1,5.678
-0.432,0,2.641
1.067,1,6.612
-0.912,0,2.321
0.398,1,4.789
-1.145,0,2.056
0.812,1,5.934
-0.267,0,3.045
1.198,1,6.734
-1.074,0,2.198
0.654,1,5.562
-0.812,0,2.389
1.412,1,7.301
-0.569,0,2.783
0.911,1,6.421
-1.22,0,1.885
0.234,1,4.356
-0.456,0,3.12
1.056,1,6.421
-1.305,0,1.724
0.789,1,5.812
-0.678,0,2.512
1.145,1,6.678
-0.823,0,2.301
0.512,1,5.134
-1.067,0,2.045
0.945,1,5.912
-0.342,0,3.045
1.324,1,7.045
-1.412,0,1.654
0.678,1,5.678
-0.256,0,3.112
1.098,1,6.543
-0.789,0,2.412
0.456,1,5.134
-1.134,0,2.098
0.812,1,5.934
-0.678,0,2.512
1.245,1,6.789
-1.056,0,2.045
0.789,1,5.678
-0.432,0,2.641
1.067,1,6.612
-0.912,0,2.321
0.398,1,4.789
-1.145,0,2.056
0.812,1,5.934
-0.267,0,3.045
1.198,1,6.734
-1.074,0,2.198
0.654,1,5.562
-0.812,0,2.389
1.412,1,7.301
-0.569,0,2.783
0.911,1,6.421
-1.22,0,1.885
0.234,1,4.356
-0.456,0,3.12
1.056,1,6.421
-1.305,0,1.724
0.789,1,5.812
-0.678,0,2.512
1.145,1,6.678
-0.823,0,2.301
0.512,1,5.134
-1.067,0,2.045
0.945,1,5.912
-0.342,0,3.045
1.324,1,7.045
-1.412,0,1.654
0.678,1,5.678
-0.256,0,3.112
1.098,1,6.543
-0.789,0,2.412
0.456,1,5.134
-1.134,0,2.098
0.812,1,5.934
-0.678,0,2.512
1.245,1,6.789
-1.056,0,2.045
0.789,1,5.678
-0.432,0,2.641
1.067,1,6.612
-0.912,0,2.321
0.398,1,4.789
-1.145,0,2.056
0.812,1,5.934
-0.267,0,3.045
1.198,1,6.734
-1.074,0,2.198
0.654,1,5.562
-0.812,0,2.389
1.412,1,7.301
-0.569,0,2.783
0.911,1,6.421
-1.22,0,1.885
0.234,1,4.356
-0.456,0,3.12
1.056,1,6.421
-1.305,0,1.724
0.789,1,5.812
-0.678,0,2.512
1.145,1,6.678
-0.823,0,2.301
0.512,1,5.134
-1.067,0,2.045
0.945,1,5.912
-0.342,0,3.045
1.324,1,7.045
-1.412,0,1.654
0.678,1,5.678
-0.256,0,3.112
1.098,1,6.543
-0.789,0,2.412
0.456,1,5.134
-1.134,0,2.098
0.812,1,5.934
-0.678,0,2.512
1.245,1,6.789
-1.056,0,2.045
0.789,1,5.678
-0.432,0,2.641
1.067,1,6.612
-0.912,0,2.321
0.398,1,4.789
-1.145,0,2.056
0.812,1,5.934
-0.267,0,3.045
1.198,1,6.734
-1.074,0,2.198
0.654,1,5.562
-0.812,0,2.389
1.412,1,7.301
-0.569,0,2.783
0.911,1,6.421
-1.22,0,1.885
0.234,1,4.356
-0.456,0,3.12
1.056,1,6.421
-1.305,0,1.724
0.789,1,5.812
-0.678,0,2.512
1.145,1,6.678
-0.823,0,2.301
0.512,1,5.134
-1.067,0,2.045
0.945,1,5.912
-0.342,0,3.045
1.324,1,7.045
-1.412,0,1.654
0.678,1,5.678
-0.256,0,3.112
1.098,1,6.543
-0.789,0,2.412
0.456,1,5.134
-1.134,0,2.098
0.812,1,5.934
-0.678,0,2.512
1.245,1,6.789
-1.056,0,2.045
0.789,1,5.678
-0.432,0,2.641
1.067,1,6.612
-0.912,0,2.321
0.398,1,4.789
-1.145,0,2.056
0.812,1,5.934
-0.267,0,3.045
1.198,1,6.734
-1.074,0,2.198
0.654,1,5.562
-0.812,0,2.389
1.412,1,7.301
-0.569,0,2.783
0.911,1,6.421
-1.22,0,1.885
0.234,1,4.356
-0.456,0,3.12
1.056,1,6.421
-1.305,0,1.724
0.789,1,5.812
-0.123456,1,5.678912
0.987654,0,4.321098
-1.234567,1,3.456789
0.54321,0,2.345678
1.345678,1,6.789012
-0.987654,0,3.210987
0.234567,1,4.56789
-0.345678,0,2.456789
1.234567,1,5.678901
-1.456789,0,3.123456
0.678901,1,4.890123
-0.56789,0,2.678901
1.456789,1,6.123456
-0.789012,0,3.456789
0.123456,1,5.012345
-1.345678,0,2.345678
0.876543,1,4.56789
-0.234567,0,3.678901
1.5,1,6.789012
-1.5,0,3.210987
0.345678,1,5.678901
-0.456789,0,2.123456
1.234567,1,6.345678
-0.678901,0,3.456789
0.456789,1,5.890123
-1.234567,0,2.678901
0.789012,1,4.56789
-0.123456,0,3.012345
1.345678,1,6.789012
-0.987654,0,2.345678
0.234567,1,5.678901
-1.456789,0,3.456789
0.678901,1,4.890123
-0.56789,0,2.678901
1.456789,1,6.123456
-0.789012,0,3.456789
0.123456,1,5.012345
-1.345678,0,2.345678
0.876543,1,4.56789
-0.234567,0,3.678901
1.5,1,6.789012
-1.5,0,3.210987
0.345678,1,5.678901
-0.456789,0,2.123456
1.234567,1,6.345678
-0.678901,0,3.456789
0.456789,1,5.890123
-1.234567,0,2.678901
0.789012,1,4.56789
-0.123456,0,3.012345
1.345678,1,6.789012
-0.987654,0,2.345678
0.234567,1,5.678901
-1.456789,0,3.456789
0.678901,1,4.890123
-0.56789,0,2.678901
1.456789,1,6.123456
-0.789012,0,3.456789
0.123456,1,5.012345
-1.345678,0,2.345678
0.876543,1,4.56789
-0.234567,0,3.678901
1.5,1,6.789012
-1.5,0,3.210987
0.345678,1,5.678901
-0.456789,0,2.123456
1.234567,1,6.345678
-0.678901,0,3.456789
0.456789,1,5.890123
-1.234567,0,2.678901
0.789012,1,4.56789
-0.123456,0,3.012345
1.345678,1,6.789012
-0.987654,0,2.345678
0.234567,1,5.678901
-1.456789,0,3.456789
0.678901,1,4.890123
-0.56789,0,2.678901
1.456789,1,6.123456
-0.789012,0,3.456789
0.123456,1,5.012345
-1.345678,0,2.345678
0.876543,1,4.56789
-0.234567,0,3.678901
1.5,1,6.789012
-1.5,0,3.210987
0.345678,1,5.678901
-0.456789,0,2.123456
1.234567,1,6.345678
-0.678901,0,3.456789
0.456789,1,5.890123
-1.234567,0,2.678901
0.789012,1,4.56789
-0.123456,0,3.012345
1.345678,1,6.789012
-0.987654,0,2.345678
0.234567,1,5.678901
-1.456789,0,3.456789
0.678901,1,4.890123
-0.56789,0,2.678901
1.456789,1,6.123456
-0.789012,0,3.456789
0.123456,1,5.012345
-1.345678,0,2.345678
0.876543,1,4.56789
-0.234567,0,3.678901
1.5,1,6.789012
-1.5,0,3.210987
0.345678,1,5.678901
-0.456789,0,2.123456
1.234567,1,6.345678
-0.678901,0,3.456789
0.456789,1,5.890123
-1.234567,0,2.678901
0.789012,1,4.56789
-0.123456,0,3.012345
1.345678,1,6.789012
-0.987654,0,2.345678
0.234567,1,5.678901
-1.456789,0,3.456789
0.678901,1,4.890123
-0.56789,0,2.678901
1.456789,1,6.123456
-0.789012,0,3.456789
0.123456,1,5.012345
-1.345678,0,2.345678
0.876543,1,4.56789
-0.234567,0,3.678901
1.5,1,6.789012
-1.5,0,3.210987
0.345678,1,5.678901
-0.456789,0,2.123456
1.234567,1,6.345678
-0.678901,0,3.456789
0.456789,1,5.890123
-1.234567,0,2.678901
0.789012,1,4.56789
-0.123456,0,3.012345
1.345678,1,6.789012
-0.987654,0,2.345678
0.234567,1,5.678901
-1.456789,0,3.456789
0.678901,1,4.890123
-0.56789,0,2.678901
1.456789,1,6.123456
-0.789012,0,3.456789
0.123456,1,5.012345
-1.345678,0,2.345678
0.876543,1,4.56789
-0.234567,0,3.678901
1.5,1,6.789012
-1.5,0,3.210987
0.345678,1,5.678901
-0.456789,0,2.123456
1.234567,1,6.345678
-0.678901,0,3.456789
0.456789,1,5.890123
-1.234567,0,2.678901
0.789012,1,4.56789
-0.123456,0,3.012345
1.345678,1,6.789012
-0.987654,0,2.345678
0.234567,1,5.678901
-1.456789,0,3.456789
0.678901,1,4.890123
-0.56789,0,2.678901
1.456789,1,6.123456
-0.789012,0,3.456789
0.123456,1,5.012345
-1.345678,0,2.345678
0.876543,1,4.56789
-0.234567,0,3.678901
1.5,1,6.789012
-1.5,0,3.210987
0.345678,1,5.678901
-0.456789,0,2.123456
1.234567,1,6.345678
-0.678901,0,3.456789
0.456789,1,5.890123
-1.234567,0,2.678901
0.789012,1,4.56789
-0.123456,0,3.012345
1.345678,1,6.789012
-0.987654,0,2.345678
0.234567,1,5.678901
-1.456789,0,3.456789
0.678901,1,4.890123
-0.56789,0,2.678901
1.456789,1,6.123456
-0.789012,0,3.456789
0.123456,1,5.012345
-1.345678,0,2.345678
0.876543,1,4.56789
-0.234567,0,3.678901
1.5,1,6.789012
-1.5,0,3.210987
0.345678,1,5.678901
-0.456789,0,2.123456
1.234567,1,6.345678
-0.678901,0,3.456789
0.456789,1,5.890123
-1.234567,0,2.678901
0.789012,1,4.56789
-0.123456,0,3.012345
1.345678,1,6.789012
-0.987654,0,2.345678
0.234567,1,5.678901
-1.456789,0,3.456789
0.678901,1,4.890123
-0.56789,0,2.678901
1.456789,1,6.123456
-0.789012,0,3.456789
0.123456,1,5.012345
-1.345678,0,2.345678
0.876543,1,4.56789
-0.234567,0,3.678901
1.5,1,6.789012
-1.5,0,3.210987
0.345678,1,5.678901
-0.456789,0,2.123456
1.234567,1,6.345678
-0.678901,0,3.456789
0.456789,1,5.890123
-1.234567,0,2.678901
0.789012,1,4.56789
-0.123456,0,3.012345
1.345678,1,6.789012
-0.987654,0,2.345678
0.234567,1,5.678901
-1.456789,0,3.456789
0.678901,1,4.890123
-0.56789,0,2.678901
1.456789,1,6.123456
-0.789012,0,3.456789
0.123456,1,5.012345
-1.345678,0,2.345678
0.876543,1,4.56789
-0.234567,0,3.678901
1.5,1,6.789012
-1.5,0,3.210987
0.345678,1,5.678901
-0.456789,0,2.123456
1.234567,1,6.345678
-0.678901,0,3.456789
0.456789,1,5.890123
-1.234567,0,2.678901
0.789012,1,4.56789
-0.123456,0,3.012345
1.345678,1,6.789012
-0.987654,0,2.345678
0.234567,1,5.678901
-1.456789,0,3.456789
0.678901,1,4.890123
-0.56789,0,2.678901
1.456789,1,6.123456
-0.789012,0,3.456789
0.123456,1,5.012345
-1.345678,0,2.345678
0.876543,1,4.56789
-0.234567,0,3.678901
1.5,1,6.789012
-1.5,0,3.210987
0.345678,1,5.678901
-0.456789,0,2.123456
1.234567,1,6.345678
-0.678901,0,3.456789
0.456789,1,5.890123
-1.234567,0,2.678901
0.789012,1,4.56789
-0.123456,0,3.012345
1.345678,1,6.789012
-0.987654,0,2.345678
0.234567,1,5.678901
-1.456789,0,3.456789
0.678901,1,4.890123
-0.56789,0,2.678901
1.456789,1,6.123456
-0.789012,0,3.456789
0.123456,1,5.012345
-1.345678,0,2.345678
0.876543,1,4.56789
-0.234567,0,3.678901
1.5,1,6.789012
-1.5,0,3.210987
0.345678,1,5.678901
-0.456789,0,2.123456
1.234567,1,6.345678
-0.678901,0,3.456789
0.456789,1,5.890123
-1.234567,0,2.678901
0.789012,1,4.56789
-0.123456,0,3.012345
1.345678,1,6.789012
-0.987654,0,2.345678
0.234567,1,5.678901
-1.456789,0,3.456789
0.678901,1,4.890123
-0.56789,0,2.678901
1.456789,1,6.123456
-0.789012,0,3.456789
0.123456,1,5.012345
-1.345678,0,2.345678
0.876543,1,4.56789
-0.234567,0,3.678901
1.5,1,6.789012
-1.5,0,3.210987
0.345678,1,5.678901
-0.456789,0,2.123456
1.234567,1,6.345678
-0.678901,0,3.456789
0.456789,1,5.890123
-1.234567,0,2.678901
0.789012,1,4.56789
-0.123456,0,3.012345
1.345678,1,6.789012
-0.987654,0,2.345678
0.234567,1,5.678901
-1.456789,0,3.456789
0.678901,1,4.890123
-0.56789,0,2.0
-0.123456,0,2.456789
0.987654,1,5.123456
-1.234567,0,1.987654
0.345678,1,4.56789
1.456789,1,6.234567
-0.987654,0,2.345678
0.234567,1,3.456789
-0.56789,0,2.678901
1.234567,1,5.678901
-1.345678,0,1.234567
0.678901,1,4.890123
-0.789012,0,2.123456
0.456789,1,4.56789
1.234567,1,5.890123
-0.345678,0,2.456789
0.123456,1,3.678901
-1.456789,0,1.56789
0.789012,1,4.123456
-0.234567,0,2.789012
1.345678,1,5.456789
-0.678901,0,1.890123
0.56789,1,4.345678
-1.5,0,1.234567
0.345678,1,3.456789
1.5,1,6.789012
-0.456789,0,2.678901
0.890123,1,4.890123
-0.123456,0,2.345678
1.234567,1,5.678901
-1.234567,0,1.987654
0.678901,1,4.56789
-0.789012,0,2.123456
0.456789,1,4.56789
1.234567,1,5.890123
-0.345678,0,2.456789
0.123456,1,3.678901
-1.456789,0,1.56789
0.789012,1,4.123456
-0.234567,0,2.789012
1.345678,1,5.456789
-0.678901,0,1.890123
0.56789,1,4.345678
-1.5,0,1.234567
0.345678,1,3.456789
1.5,1,6.789012
-0.456789,0,2.678901
0.890123,1,4.890123
-0.123456,0,2.345678
1.234567,1,5.678901
-1.234567,0,1.987654
0.678901,1,4.56789
-0.789012,0,2.123456
0.456789,1,4.56789
1.234567,1,5.890123
-0.345678,0,2.456789
0.123456,1,3.678901
-1.456789,0,1.56789
0.789012,1,4.123456
-0.234567,0,2.789012
1.345678,1,5.456789
-0.678901,0,1.890123
0.56789,1,4.345678
-1.5,0,1.234567
0.345678,1,3.456789
1.5,1,6.789012
-0.456789,0,2.678901
0.890123,1,4.890123
-0.123456,0,2.345678
1.234567,1,5.678901
-1.234567,0,1.987654
0.678901,1,4.56789
-0.789012,0,2.123456
0.456789,1,4.56789
1.234567,1,5.890123
-0.345678,0,2.456789
0.123456,1,3.678901
-1.456789,0,1.56789
0.789012,1,4.123456
-0.234567,0,2.789012
1.345678,1,5.456789
-0.678901,0,1.890123
0.56789,1,4.345678
-1.5,0,1.234567
0.345678,1,3.456789
1.5,1,6.789012
-0.456789,0,2.678901
0.890123,1,4.890123
-0.123456,0,2.345678
1.234567,1,5.678901
-1.234567,0,1.987654
0.678901,1,4.56789
-0.789012,0,2.123456
0.456789,1,4.56789
1.234567,1,5.890123
-0.345678,0,2.456789
0.123456,1,3.678901
-1.456789,0,1.56789
0.789012,1,4.123456
-0.234567,0,2.789012
1.345678,1,5.456789
-0.678901,0,1.890123
0.56789,1,4.345678
-1.5,0,1.234567
0.345678,1,3.456789
1.5,1,6.789012
-0.456789,0,2.678901
0.890123,1,4.890123
-0.123456,0,2.345678
1.234567,1,5.678901
-1.234567,0,1.987654
0.678901,1,4.56789
-0.789012,0,2.123456
0.456789,1,4.56789
1.234567,1,5.890123
-0.345678,0,2.456789
0.123456,1,3.678901
-1.456789,0,1.56789
0.789012,1,4.123456
-0.234567,0,2.789012
1.345678,1,5.456789
-0.678901,0,1.890123
0.56789,1,4.345678
-1.5,0,1.234567
0.345678,1,3.456789
1.5,1,6.789012
-0.456789,0,2.678901
0.890123,1,4.890123
-0.123456,0,2.345678
1.234567,1,5.678901
-1.234567,0,1.987654
0.678901,1,4.56789
-0.789012,0,2.123456
0.456789,1,4.56789
1.234567,1,5.890123
-0.345678,0,2.456789
0.123456,1,3.678901
-1.456789,0,1.56789
0.789012,1,4.123456
-0.234567,0,2.789012
1.345678,1,5.456789
-0.678901,0,1.890123
0.56789,1,4.345678
-1.5,0,1.234567
0.345678,1,3.456789
1.5,1,6.789012
-0.456789,0,2.678901
0.890123,1,4.890123
-0.123456,0,2.345678
1.234567,1,5.678901
-1.234567,0,1.987654
0.678901,1,4.56789
-0.789012,0,2.123456
0.456789,1,4.56789
1.234567,1,5.890123
-0.345678,0,2.456789
0.123456,1,3.678901
-1.456789,0,1.56789
0.789012,1,4.123456
-0.234567,0,2.789012
1.345678,1,5.456789
-0.678901,0,1.890123
0.56789,1,4.345678
-1.5,0,1.234567
0.345678,1,3.456789
1.5,1,6.789012
-0.456789,0,2.678901
0.890123,1,4.890123
-0.123456,0,2.345678
1.234567,1,5.678901
-1.234567,0,1.987654
0.678901,1,4.56789
-0.789012,0,2.123456
0.456789,1,4.56789
1.234567,1,5.890123
-0.345678,0,2.456789
0.123456,1,3.678901
-1.456789,0,1.56789
0.789012,1,4.123456
-0.234567,0,2.789012
1.345678,1,5.456789
-0.678901,0,1.890123
0.56789,1,4.345678
-1.5,0,1.234567
0.345678,1,3.456789
1.5,1,6.789012
-0.456789,0,2.678901
0.890123,1,4.890123
-0.123456,0,2.345678
1.234567,1,5.678901
-1.234567,0,1.987654
0.678901,1,4.56789
-0.789012,0,2.123456
0.456789,1,4.56789
1.234567,1,5.890123
-0.345678,0,2.456789
0.123456,1,3.678901
-1.456789,0,1.56789
0.789012,1,4.123456
-0.234567,0,2.789012
1.345678,1,5.456789
-0.678901,0,1.890123
0.56789,1,4.345678
-1.5,0,1.234567
0.345678,1,3.456789
1.5,1,6.789012
-0.456789,0,2.678901
0.890123,1,4.890123
-0.123456,0,2.345678
1.234567,1,5.678901
-1.234567,0,1.987654
0.678901,1,4.56789
-0.789012,0,2.123456
0.456789,1,4.56789
1.234567,1,5.890123
-0.345678,0,2.456789
0.123456,1,3.678901
-1.456789,0,1.56789
0.789012,1,4.123456
-0.234567,0,2.789012
1.345678,1,5.456789
-0.678901,0,1.890123
0.56789,1,4.345678
-1.5,0,1.234567
0.345678,1,3.456789
1.5,1,6.789012
-0.456789,0,2.678901
0.890123,1,4.890123
-0.123456,0,2.345678
1.234567,1,5.678901
-1.234567,0,1.987654
0.678901,1,4.56789
-0.789012,0,2.123456
0.456789,1,4.56789
1.234567,1,5.890123
-0.345678,0,2.456789
0.123456,1,3.678901
-1.456789,0,1.56789
0.789012,1,4.123456
-0.234567,0,2.789012
1.345678,1,5.456789
-0.678901,0,1.890123
0.56789,1,4.345678
-1.5,0,1.234567
0.345678,1,3.456789
1.5,1,6.789012
-0.456789,0,2.678901
0.890123,1,4.890123
-0.123456,0,2.345678
1.234567,1,5.678901
-1.234567,0,1.987654
0.678901,1,4.56789
-0.789012,0,2.123456
0.456789,1,4.56789
1.234567,1,5.890123
-0.345678,0,2.456789
0.123456,1,3.678901
-1.456789,0,1.56789
0.789012,1,4.123456
-0.234567,0,2.789012
1.345678,1,5.456789
-0.678901,0,1.890123
0.56789,1,4.345678
-1.5,0,1.234567
0.345678,1,3.456789
1.5,1,6.789012
-0.456789,0,2.678901
0.890123,1,4.890123
-0.123456,0,2.345678
1.234567,1,5.678901
-1.234567,0,1.987654
0.678901,1,4.56789
-0.789012,0,2.123456
0.456789,1,4.56789
1.234567,1,5.890123
-0.345678,0,2.456789
0.123456,1,3.678901
-1.456789,0,1.56789
0.789012,1,4.123456
-0.234567,0,2.789012
1.345678,1,5.456789
-0.678901,0,1.890123
0.56789,1,4.345678
-1.5,0,1.234567
0.345678,1,3.456789
1.5,1,6.789012
-0.456789,0,2.678901
0.890123,1,4.890123
-0.123456,0,2.345678
1.234567,1,5.678901
-1.234567,0,1.987654
0.678901,1,4.56789
-0.789012,0,2.123456
0.456789,1,4.56789
1.234567,1,5.890123
-0.345678,0,2.456789
0.123456,1,3.678901
-1.456789,0,1.56789
0.789012,1,4.123456
-0.234567,0,2.789012
1.345678,1,5.456789
-0.678901,0,1.890123
0.56789,1,4.345678
-1.5,0,1.234567
0.345678,1,3.456789
1.5,1,6.789012
-0.456789,0,2.678901
0.890123,1,4.890123
-0.123456,0,2.345678
1.234567,1,5.678901
-1.234567,0,1.987654
0.678901,1,4.56789
-0.789012,0,2.123456
0.456789,1,4.56789
1.234567,1,5.890123
-0.345678,0,2.456789
0.123456,1,3.678901
-1.456789,0,1.56789
0.789012,1,4.123456
-0.234567,0,2.789012
1.345678,1,5.456789
-0.678901,0,1.890123
-0.123456,1,5.678901
0.987654,0,3.456789
-1.234567,1,4.56789
0.456789,0,2.345678
1.234567,1,6.789012
-0.987654,0,3.123456
0.123456,1,5.234567
-0.56789,0,2.456789
1.345678,1,7.890123
-1.345678,0,3.678901
0.234567,1,5.678901
-0.345678,0,2.123456
1.456789,1,8.901234
-0.456789,0,3.456789
0.56789,1,5.789012
-1.456789,0,2.678901
0.678901,1,6.123456
-0.678901,0,3.789012
1.5,1,9.012345
-0.789012,0,2.345678
0.789012,1,6.456789
-1.5,0,3.890123
0.890123,1,7.123456
-0.890123,0,2.456789
1.5,1,9.345678
-0.901234,0,3.56789
0.901234,1,7.678901
-1.5,0,2.678901
0.012345,1,4.56789
-0.123456,0,3.456789
1.5,1,10.123456
-0.234567,0,2.789012
0.123456,1,5.678901
-1.5,0,3.890123
0.234567,1,6.789012
-0.345678,0,2.123456
1.5,1,10.456789
-0.456789,0,3.234567
0.345678,1,6.890123
-1.5,0,2.345678
0.456789,1,7.123456
-0.56789,0,3.456789
1.5,1,10.789012
-0.678901,0,2.456789
0.56789,1,7.456789
-1.5,0,3.678901
0.678901,1,7.890123
-0.789012,0,2.678901
1.012345,1,8.123456
-0.890123,0,3.789012
0.789012,1,8.456789
-1.012345,0,2.789012
0.890123,1,8.789012
-0.901234,0,3.890123
1.123456,1,8.901234
-0.012345,0,2.123456
0.901234,1,9.012345
-1.123456,0,3.456789
0.012345,1,4.678901
-0.234567,0,2.345678
1.234567,1,9.123456
-0.345678,0,3.56789
0.123456,1,5.789012
-1.234567,0,2.678901
0.234567,1,6.890123
-0.456789,0,3.789012
1.345678,1,9.456789
-0.56789,0,2.789012
0.345678,1,7.123456
-1.345678,0,3.890123
0.456789,1,7.890123
-0.678901,0,2.456789
1.456789,1,10.123456
-0.789012,0,3.56789
0.56789,1,8.234567
-1.456789,0,2.678901
0.678901,1,8.901234
-0.890123,0,3.789012
1.5,1,10.456789
-0.901234,0,2.345678
0.789012,1,8.678901
-1.5,0,3.890123
0.890123,1,9.012345
-0.012345,0,2.123456
1.5,1,10.789012
-0.123456,0,3.456789
0.901234,1,9.123456
-1.5,0,2.678901
0.012345,1,4.56789
-0.234567,0,2.789012
1.5,1,11.123456
-0.345678,0,3.678901
0.123456,1,5.678901
-1.5,0,2.456789
0.234567,1,6.789012
-0.456789,0,3.789012
1.5,1,11.456789
-0.56789,0,2.678901
0.345678,1,7.890123
-1.5,0,3.890123
0.456789,1,8.123456
-0.678901,0,2.123456
1.5,1,11.789012
-0.789012,0,3.456789
0.56789,1,8.456789
-1.5,0,2.345678
0.678901,1,8.789012
-0.890123,0,3.56789
1.012345,1,9.123456
-0.901234,0,2.678901
0.789012,1,9.456789
-1.012345,0,3.890123
0.890123,1,9.789012
-0.012345,0,2.123456
1.123456,1,10.123456
-0.123456,0,3.456789
0.901234,1,9.901234
-1.123456,0,2.678901
0.012345,1,4.678901
-0.234567,0,2.789012
1.234567,1,10.456789
-0.345678,0,3.678901
0.123456,1,5.789012
-1.234567,0,2.456789
0.234567,1,6.890123
-0.456789,0,3.789012
1.345678,1,10.789012
-0.56789,0,2.678901
0.345678,1,7.123456
-1.345678,0,3.890123
0.456789,1,7.890123
-0.678901,0,2.456789
1.456789,1,11.123456
-0.789012,0,3.56789
0.56789,1,8.234567
-1.456789,0,2.678901
0.678901,1,8.901234
-0.890123,0,3.789012
1.5,1,11.456789
-0.901234,0,2.345678
0.789012,1,8.678901
-1.5,0,3.890123
0.890123,1,9.012345
-0.012345,0,2.123456
1.5,1,11.789012
-0.123456,0,3.456789
0.901234,1,9.123456
-1.5,0,2.678901
0.012345,1,4.56789
-0.234567,0,2.789012
1.5,1,12.123456
-0.345678,0,3.678901
0.123456,1,5.678901
-1.5,0,2.456789
0.234567,1,6.789012
-0.456789,0,3.789012
1.5,1,12.456789
-0.56789,0,2.678901
0.345678,1,7.890123
-1.5,0,3.890123
0.456789,1,8.123456
-0.678901,0,2.123456
1.5,1,12.789012
-0.789012,0,3.456789
0.56789,1,8.456789
-1.5,0,2.345678
0.678901,1,8.789012
-0.890123,0,3.56789
1.012345,1,9.123456
-0.901234,0,2.678901
0.789012,1,9.456789
-1.012345,0,3.890123
0.890123,1,9.789012
-0.012345,0,2.123456
1.123456,1,10.123456
-0.123456,0,3.456789
0.901234,1,9.901234
-1.123456,0,2.678901
0.012345,1,4.678901
-0.234567,0,2.789012
1.234567,1,10.456789
-0.345678,0,3.678901
0.123456,1,5.789012
-1.234567,0,2.456789
0.234567,1,6.890123
-0.456789,0,3.789012
1.345678,1,10.789012
-0.56789,0,2.678901
0.345678,1,7.123456
-1.345678,0,3.890123
0.456789,1,7.890123
-0.678901,0,2.456789
1.456789,1,11.123456
-0.789012,0,3.56789
0.56789,1,8.234567
-1.456789,0,2.678901
0.678901,1,8.901234
-0.890123,0,3.789012
1.5,1,11.456789
-0.901234,0,2.345678
0.789012,1,8.678901
-1.5,0,3.890123
0.890123,1,9.012345
-0.012345,0,2.123456
1.5,1,11.789012
-0.123456,0,3.456789
0.901234,1,9.123456
-1.5,0,2.678901
0.012345,1,4.56789
-0.234567,0,2.789012
1.5,1,12.123456
-0.345678,0,3.678901
0.123456,1,5.678901
-1.5,0,2.456789
0.234567,1,6.789012
-0.456789,0,3.789012
1.5,1,12.456789
-0.56789,0,2.678901
0.345678,1,7.890123
-1.5,0,3.890123
0.456789,1,8.123456
-0.678901,0,2.123456
1.5,1,12.789012
-0.789012,0,3.456789
0.56789,1,8.456789
-1.5,0,2.345678
0.678901,1,8.789012
-0.890123,0,3.56789
1.012345,1,9.123456
-0.901234,0,2.678901
0.789012,1,9.456789
-1.012345,0,3.890123
0.890123,1,9.789012
-0.012345,0,2.123456
1.123456,1,10.123456
-0.123456,0,3.456789
0.901234,1,9.901234
-1.123456,0,2.678901
0.012345,1,4.678901
-0.234567,0,2.789012
1.234567,1,10.456789
-0.345678,0,3.678901
0.123456,1,5.789012
-1.234567,0,2.456789
0.234567,1,6.890123
-0.456789,0,3.789012
1.345678,1,10.789012
-0.56789,0,2.678901
0.345678,1,7.123456
-1.345678,0,3.890123
0.456789,1,7.890123
-0.678901,0,2.456789
1.456789,1,11.123456
-0.789012,0,3.56789
0.56789,1,8.234567
-1.456789,0,2.678901
0.678901,1,8.901234
-0.890123,0,3.789012
1.5,1,11.456789
-0.901234,0,2.345678
0.789012,1,8.678901
-1.5,0,3.890123
0.890123,1,9.012345
-0.012345,0,2.123456
1.5,1,11.789012
-0.123456,0,3.456789
0.901234,1,9.123456
-1.5,0,2.678901
0.012345,1,4.56789
-0.234567,0,2.789012
1.5,1,12.123456
-0.345678,0,3.678901
0.123456,1,5.678901
-1.5,0,2.456789
0.234567,1,6.789012
-0.456789,0,3.789012
1.5,1,12.456789
-0.56789,0,2.678901
0.345678,1,7.890123
-1.5,0,3.890123
0.456789,1,8.123456
-0.678901,0,2.123456
1.5,1,12.789012
-0.789012,0,3.456789
0.56789,1,8.456789
-1.5,0,2.345678
0.678901,1,8.789012
-0.890123,0,3.56789
1.012345,1,9.123456
-0.901234,0,2.678901
0.789012,1,9.456789
-1.012345,0,3.890123
0.890123,1,9.789012
-0.012345,0,2.123456
1.123456,1,10.123456
-0.123456,0,3.456789
0.901234,1,9.901234
-1.123456,0,2.678901
0.012345,1,4.678901
-0.234567,0,2.789012
1.234567,1,10.456789
-0.345678,0,3.678901
0.123456,1,5.789012
-1.234567,0,2.456789
0.234567,1,6.890123
-0.456789,0,3.789012
1.345678,1,10.789012
-0.56789,0,2.678901
0.345678,1,7.123456
-1.345678,0,3.890123
0.456789,1,7.890123
-0.678901,0,2.456789
1.456789,1,11.123456
-0.789012,0,3.56789
0.56789,1,8.234567
-1.456789,0,2.678901
0.678901,1,8.901234
-0.890123,0,3.789012
1.5,1,11.456789
-0.901234,0,2.0
-0.123456,1,5.678912
0.987654,0,2.345678
-1.234567,1,4.56789
0.54321,0,3.456789
1.123456,1,6.789012
-0.987654,0,1.234567
0.234567,1,4.56789
-0.345678,0,2.345678
1.345678,1,7.890123
-1.456789,0,1.678901
0.876543,1,5.678912
-0.56789,0,2.456789
1.234567,1,6.789012
-0.678901,0,2.345678
0.345678,1,4.56789
-1.123456,0,1.234567
0.456789,1,5.678912
-0.234567,0,2.345678
1.456789,1,7.890123
-0.789012,0,1.678901
0.678901,1,5.678912
-1.345678,0,1.234567
0.123456,1,4.56789
-0.456789,0,2.345678
1.5,1,8.901234
-0.890123,0,1.678901
0.789012,1,5.678912
-1.5,0,1.234567
0.234567,1,4.56789
-0.123456,0,2.345678
1.5,1,8.901234
-0.56789,0,1.678901
0.345678,1,5.678912
-1.234567,0,1.234567
0.456789,1,4.56789
-0.678901,0,2.345678
1.5,1,9.012345
-0.890123,0,1.678901
0.678901,1,5.678912
-1.5,0,1.234567
0.123456,1,4.56789
-0.456789,0,2.345678
1.5,1,9.012345
-0.56789,0,1.678901
0.345678,1,5.678912
-1.234567,0,1.234567
0.456789,1,4.56789
-0.678901,0,2.345678
1.5,1,9.123456
-0.890123,0,1.678901
0.678901,1,5.678912
-1.5,0,1.234567
0.123456,1,4.56789
-0.456789,0,2.345678
1.012345,1,8.234567
-0.56789,0,1.678901
0.345678,1,5.678912
-1.012345,0,1.234567
0.456789,1,4.56789
-0.678901,0,2.345678
1.123456,1,7.345678
-0.890123,0,1.678901
0.678901,1,5.678912
-1.123456,0,1.234567
0.123456,1,4.56789
-0.456789,0,2.345678
1.234567,1,8.456789
-0.56789,0,1.678901
0.345678,1,5.678912
-1.234567,0,1.234567
0.456789,1,4.56789
-0.678901,0,2.345678
1.345678,1,9.56789
-0.890123,0,1.678901
0.678901,1,5.678912
-1.345678,0,1.234567
0.123456,1,4.56789
-0.456789,0,2.345678
1.456789,1,8.678901
-0.56789,0,1.678901
0.345678,1,5.678912
-1.456789,0,1.234567
0.456789,1,4.56789
-0.678901,0,2.345678
1.5,1,9.789012
-0.890123,0,1.678901
0.678901,1,5.678912
-1.5,0,1.234567
0.123456,1,4.56789
-0.456789,0,2.345678
1.5,1,8.890123
-0.56789,0,1.678901
0.345678,1,5.678912
-1.5,0,1.234567
0.456789,1,4.56789
-0.678901,0,2.345678
1.5,1,9.901234
-0.890123,0,1.678901
0.678901,1,5.678912
-1.5,0,1.234567
0.123456,1,4.56789
-0.456789,0,2.345678
1.5,1,8.012345
-0.56789,0,1.678901
0.345678,1,5.678912
-1.5,0,1.234567
0.456789,1,4.56789
-0.678901,0,2.345678
1.5,1,9.123456
-0.890123,0,1.678901
0.678901,1,5.678912
-1.5,0,1.234567
0.123456,1,4.56789
-0.456789,0,2.345678
1.012345,1,8.234567
-0.56789,0,1.678901
0.345678,1,5.678912
-1.012345,0,1.234567
0.456789,1,4.56789
-0.678901,0,2.345678
1.123456,1,7.345678
-0.890123,0,1.678901
0.678901,1,5.678912
-1.123456,0,1.234567
0.123456,1,4.56789
-0.456789,0,2.345678
1.234567,1,8.456789
-0.56789,0,1.678901
0.345678,1,5.678912
-1.234567,0,1.234567
0.456789,1,4.56789
-0.678901,0,2.345678
1.345678,1,9.56789
-0.890123,0,1.678901
0.678901,1,5.678912
-1.345678,0,1.234567
0.123456,1,4.56789
-0.456789,0,2.345678
1.456789,1,8.678901
-0.56789,0,1.678901
0.345678,1,5.678912
-1.456789,0,1.234567
0.456789,1,4.56789
-0.678901,0,2.345678
1.5,1,9.789012
-0.890123,0,1.678901
0.678901,1,5.678912
-1.5,0,1.234567
0.123456,1,4.56789
-0.456789,0,2.345678
1.5,1,8.890123
-0.56789,0,1.678901
0.345678,1,5.678912
-1.5,0,1.234567
0.456789,1,4.56789
-0.678901,0,2.345678
1.5,1,9.901234
-0.890123,0,1.678901
0.678901,1,5.678912
-1.5,0,1.234567
0.123456,1,4.56789
-0.456789,0,2.345678
1.5,1,8.012345
-0.56789,0,1.678901
0.345678,1,5.678912
-1.5,0,1.234567
0.456789,1,4.56789
-0.678901,0,2.345678
1.5,1,9.123456
-0.890123,0,1.678901
0.678901,1,5.678912
-1.5,0,1.234567
0.123456,1,4.56789
-0.456789,0,2.345678
1.012345,1,8.234567
-0.56789,0,1.678901
0.345678,1,5.678912
-1.012345,0,1.234567
0.456789,1,4.56789
-0.678901,0,2.345678
1.123456,1,7.345678
-0.890123,0,1.678901
0.678901,1,5.678912
-1.123456,0,1.234567
0.123456,1,4.56789
-0.456789,0,2.345678
1.234567,1,8.456789
-0.56789,0,1.678901
0.345678,1,5.678912
-1.234567,0,1.234567
0.456789,1,4.56789
-0.678901,0,2.345678
1.345678,1,9.56789
-0.890123,0,1.678901
0.678901,1,5.678912
-1.345678,0,1.234567
0.123456,1,4.56789
-0.456789,0,2.345678
1.456789,1,8.678901
-0.56789,0,1.678901
0.345678,1,5.678912
-1.456789,0,1.234567
0.456789,1,4.56789
-0.678901,0,2.345678
1.5,1,9.789012
-0.890123,0,1.678901
0.678901,1,5.678912
-1.5,0,1.234567
0.123456,1,4.56789
-0.456789,0,2.345678
1.5,1,8.890123
-0.56789,0,1.678901
0.345678,1,5.678912
-1.5,0,1.234567
0.456789,1,4.56789
-0.678901,0,2.345678
1.5,1,9.901234
-0.890123,0,1.678901
0.678901,1,5.678912
-1.5,0,1.234567
0.123456,1,4.56789
-0.456789,0,2.345678
1.5,1,8.012345
-0.56789,0,1.678901
0.345678,1,5.678912
-1.5,0,1.234567
0.456789,1,4.56789
-0.678901,0,2.345678
1.5,1,9.123456
-0.890123,0,1.678901
0.678901,1,5.678912
-1.5,0,1.234567
0.123456,1,4.56789
-0.456789,0,2.345678
1.012345,1,8.234567
-0.56789,0,1.678901
0.345678,1,5.678912
-1.012345,0,1.234567
0.456789,1,4.56789
-0.678901,0,2.345678
1.123456,1,7.345678
-0.890123,0,1.678901
0.678901,1,5.678912
-1.123456,0,1.234567
0.123456,1,4.56789
-0.456789,0,2.345678
1.234567,1,8.456789
-0.56789,0,1.678901
0.345678,1,5.678912
-1.234567,0,1.234567
0.456789,1,4.56789
-0.678901,0,2.345678
1.345678,1,9.56789
-0.890123,0,1.678901
0.678901,1,5.678912
-1.345678,0,1.234567
0.123456,1,4.56789
-0.456789,0,2.345678
1.456789,1,8.678901
-0.56789,0,1.678901
0.345678,1,5.678912
-1.456789,0,1.234567
0.456789,1,4.56789
-0.678901,0,2.345678
1.5,1,9.789012
-0.890123,0,1.678901
0.678901,1,5.678912
-1.5,0,1.234567
0.123456,1,4.56789
-0.456789,0,2.345678
1.5,1,8.890123
-0.56789,0,1.678901
0.345678,1,5.678912
-1.5,0,1.234567
0.456789,1,4.56789
-0.678901,0,2.345678
1.5,1,9.901234
-0.890123,0,1.678901
0.678901,1,5.678912
-1.5,0,1.234567
0.123456,1,4.56789
-0.456789,0,2.345678
1.5,1,8.012345
-0.56789,0,1.678901
0.345678,1,5.678912
-1.5,0,1.234567
0.456789,1,4.56789
-0.678901,0,2.345678
1.5,1,9.123456
-0.890123,0,1.678901
0.678901,1,5.678912
-1.5,0,1.234567
0.123456,1,4.56789
-0.456789,0,2.345678
1.012345,1,8.234567
-0.56789,0,1.678901
0.345678,1,5.678912
-1.012345,0,1.234567
0.456789,1,4.56789
-0.678901,0,2.345678
1.123456,1,7.345678
-0.890123,0,1.678901
0.678901,1,5.678912
-1.123456,0,1.234567
0.123456,1,4.56789
-0.456789,0,2.345678
1.234567,1,8.456789
-0.56789,0,1.678901
0.345678,1,5.678912
-1.234567,0,1.234567
0.456789,1,4.56789
-0.678901,0,2.345678
1.345678,1,9.56789
-0.890123,0,1.678901
0.678901,1,5.678912
-1.345678,0,1.234567
0.123456,1,4.56789
-0.456789,0,2.345678
1.456789,1,8.678901
-0.56789,0,1.0
-0.123456,1,5.678912
0.456789,0,3.234567
1.234567,1,7.890123
-1.234567,0,2.345678
0.987654,1,6.54321
-0.654321,0,3.456789
1.345678,1,8.123456
-0.987654,0,2.678901
0.234567,1,5.432109
-1.456789,0,1.987654
0.678901,1,6.789012
-0.345678,0,3.56789
1.5,1,8.234567
-0.789012,0,2.456789
0.123456,1,5.678901
-1.123456,0,2.345678
0.345678,1,5.987654
-1.5,0,1.234567
0.456789,1,6.54321
-0.234567,0,3.456789
1.234567,1,7.890123
-0.678901,0,2.345678
0.987654,1,6.54321
-1.345678,0,1.678901
0.56789,1,5.678912
-0.123456,0,3.234567
1.456789,1,7.890123
-0.456789,0,2.345678
0.678901,1,6.54321
-1.234567,0,2.678901
0.234567,1,5.432109
-0.987654,0,3.456789
1.345678,1,8.123456
-0.345678,0,2.456789
0.123456,1,5.678901
-1.5,0,1.987654
0.456789,1,6.54321
-0.678901,0,3.56789
1.5,1,8.234567
-0.789012,0,2.456789
0.345678,1,5.987654
-1.123456,0,2.345678
0.678901,1,6.789012
-1.234567,0,1.234567
0.987654,1,6.54321
-0.456789,0,3.456789
1.234567,1,7.890123
-0.678901,0,2.345678
0.56789,1,5.678912
-0.123456,0,3.234567
1.456789,1,7.890123
-0.345678,0,2.678901
0.234567,1,5.432109
-1.345678,0,1.678901
0.123456,1,5.678901
-1.5,0,1.987654
0.456789,1,6.54321
-0.789012,0,2.456789
1.5,1,8.234567
-0.678901,0,3.56789
0.345678,1,5.987654
-1.123456,0,2.345678
0.678901,1,6.789012
-1.234567,0,1.234567
0.987654,1,6.54321
-0.456789,0,3.456789
1.234567,1,7.890123
-0.678901,0,2.345678
0.56789,1,5.678912
-0.123456,0,3.234567
1.456789,1,7.890123
-0.345678,0,2.678901
0.234567,1,5.432109
-1.345678,0,1.678901
0.123456,1,5.678901
-1.5,0,1.987654
0.456789,1,6.54321
-0.789012,0,2.456789
1.5,1,8.234567
-0.678901,0,3.56789
0.345678,1,5.987654
-1.123456,0,2.345678
0.678901,1,6.789012
-1.234567,0,1.234567
0.987654,1,6.54321
-0.456789,0,3.456789
1.234567,1,7.890123
-0.678901,0,2.345678
0.56789,1,5.678912
-0.123456,0,3.234567
1.456789,1,7.890123
-0.345678,0,2.678901
0.234567,1,5.432109
-1.345678,0,1.678901
0.123456,1,5.678901
-1.5,0,1.987654
0.456789,1,6.54321
-0.789012,0,2.456789
1.5,1,8.234567
-0.678901,0,3.56789
0.345678,1,5.987654
-1.123456,0,2.345678
0.678901,1,6.789012
-1.234567,0,1.234567
0.987654,1,6.54321
-0.456789,0,3.456789
1.234567,1,7.890123
-0.678901,0,2.345678
0.56789,1,5.678912
-0.123456,0,3.234567
1.456789,1,7.890123
-0.345678,0,2.678901
0.234567,1,5.432109
-1.345678,0,1.678901
0.123456,1,5.678901
-1.5,0,1.987654
0.456789,1,6.54321
-0.789012,0,2.456789
1.5,1,8.234567
-0.678901,0,3.56789
0.345678,1,5.987654
-1.123456,0,2.345678
0.678901,1,6.789012
-1.234567,0,1.234567
0.987654,1,6.54321
-0.456789,0,3.456789
1.234567,1,7.890123
-0.678901,0,2.345678
0.56789,1,5.678912
-0.123456,0,3.234567
1.456789,1,7.890123
-0.345678,0,2.678901
0.234567,1,5.432109
-1.345678,0,1.678901
0.123456,1,5.678901
-1.5,0,1.987654
0.456789,1,6.54321
-0.789012,0,2.456789
1.5,1,8.234567
-0.678901,0,3.56789
0.345678,1,5.987654
-1.123456,0,2.345678
0.678901,1,6.789012
-1.234567,0,1.234567
0.987654,1,6.54321
-0.456789,0,3.456789
1.234567,1,7.890123
-0.678901,0,2.345678
0.56789,1,5.678912
-0.123456,0,3.234567
1.456789,1,7.890123
-0.345678,0,2.678901
0.234567,1,5.432109
-1.345678,0,1.678901
0.123456,1,5.678901
-1.5,0,1.987654
0.456789,1,6.54321
-0.789012,0,2.456789
1.5,1,8.234567
-0.678901,0,3.56789
0.345678,1,5.987654
-1.123456,0,2.345678
0.678901,1,6.789012
-1.234567,0,1.234567
0.987654,1,6.54321
-0.456789,0,3.456789
1.234567,1,7.890123
-0.678901,0,2.345678
0.56789,1,5.678912
-0.123456,0,3.234567
1.456789,1,7.890123
-0.345678,0,2.678901
0.234567,1,5.432109
-1.345678,0,1.678901
0.123456,1,5.678901
-1.5,0,1.987654
0.456789,1,6.54321
-0.789012,0,2.456789
1.5,1,8.234567
-0.678901,0,3.56789
0.345678,1,5.987654
-1.123456,0,2.345678
0.678901,1,6.789012
-1.234567,0,1.234567
0.987654,1,6.54321
-0.456789,0,3.456789
1.234567,1,7.890123
-0.678901,0,2.345678
0.56789,1,5.678912
-0.123456,0,3.234567
1.456789,1,7.890123
-0.345678,0,2.678901
0.234567,1,5.432109
-1.345678,0,1.678901
0.123456,1,5.678901
-1.5,0,1.987654
0.456789,1,6.54321
-0.789012,0,2.456789
1.5,1,8.234567
-0.678901,0,3.56789
0.345678,1,5.987654
-1.123456,0,2.345678
0.678901,1,6.789012
-1.234567,0,1.234567
0.987654,1,6.54321
-0.456789,0,3.456789
1.234567,1,7.890123
-0.678901,0,2.345678
0.56789,1,5.678912
-0.123456,0,3.234567
1.456789,1,7.890123
-0.345678,0,2.678901
0.234567,1,5.432109
-1.345678,0,1.678901
0.123456,1,5.678901
-1.5,0,1.987654
0.456789,1,6.54321
-0.789012,0,2.456789
1.5,1,8.234567
-0.678901,0,3.56789
0.345678,1,5.987654
-1.123456,0,2.345678
0.678901,1,6.789012
-1.234567,0,1.234567
0.987654,1,6.54321
-0.456789,0,3.456789
1.234567,1,7.890123
-0.678901,0,2.345678
0.56789,1,5.678912
-0.123456,0,3.234567
1.456789,1,7.890123
-0.345678,0,2.678901
0.234567,1,5.432109
-1.345678,0,1.678901
0.123456,1,5.678901
-1.5,0,1.987654
0.456789,1,6.54321
-0.789012,0,2.456789
1.5,1,8.234567
-0.678901,0,3.56789
0.345678,1,5.987654
-1.123456,0,2.345678
0.678901,1,6.789012
-1.234567,0,1.234567
0.987654,1,6.54321
-0.456789,0,3.456789
1.234567,1,7.890123
-0.678901,0,2.345678
0.56789,1,5.678912
-0.123456,0,3.234567
1.456789,1,7.890123
-0.345678,0,2.678901
0.234567,1,5.432109
-1.345678,0,1.678901
0.123456,1,5.678901
-1.5,0,1.987654
0.456789,1,6.54321
-0.789012,0,2.456789
1.5,1,8.234567
-0.678901,0,3.56789
0.345678,1,5.987654
-1.123456,0,2.345678
0.678901,1,6.789012
-1.234567,0,1.234567
0.987654,1,6.54321
-0.456789,0,3.456789
1.234567,1,7.890123
-0.678901,0,2.345678
0.56789,1,5.678912
-0.123456,0,3.234567
1.456789,1,7.890123
-0.345678,0,2.678901
0.234567,1,5.432109
-1.345678,0,1.678901
0.123456,1,5.678901
-1.5,0,1.987654
0.456789,1,6.54321
-0.789012,0,2.456789
1.5,1,8.234567
-0.678901,0,3.56789
0.345678,1,5.987654
-1.123456,0,2.345678
0.678901,1,6.789012
-1.234567,0,1.234567
0.987654,1,6.54321
-0.456789,0,3.456789
1.234567,1,7.890123
-0.678901,0,2.345678
0.56789,1,5.678912
-0.123456,0,3.234567
1.456789,1,7.890123
-0.345678,0,2.678901
0.234567,1,5.432109
-1.345678,0,1.678901
0.123456,1,5.678901
-1.5,0,1.987654
0.456789,1,6.54321
-0.789012,0,2.456789
1.5,1,8.234567
-0.678901,0,3.56789
0.345678,1,5.987654
-1.123456,0,2.345678
0.678901,1,6.789012
-1.234567,0,1.234567
0.987654,1,6.54321
-0.456789,0,3.456789
1.234567,1,7.890123
-0.678901,0,2.345678
0.56789,1,5.678912
-0.123456,0,3.234567
1.456789,1,7.890123
-0.345678,0,2.678901
0.234567,1,5.432109
-1.345678,0,1.678901
0.123456,1,5.678901
-1.5,0,1.987654
0.456789,1,6.54321
-0.789012,0,2.456789
1.5,1,8.234567
-0.678901,0,3.0
-0.123456,1,5.678912
0.987654,0,4.321098
-1.234567,1,3.456789
0.54321,0,2.345678
1.234567,1,6.789012
-0.987654,0,3.210987
0.345678,1,4.56789
-0.678901,0,2.456789
1.123456,1,5.678901
-0.456789,0,3.123456
0.234567,1,4.890123
-1.345678,0,2.678901
0.678901,1,5.123456
-0.789012,0,3.456789
1.345678,1,6.890123
-0.234567,0,2.345678
0.456789,1,4.56789
-1.5,0,3.210987
0.789012,1,5.678901
-0.345678,0,2.456789
1.5,1,6.789012
-0.678901,0,3.123456
0.123456,1,4.890123
-1.234567,0,2.678901
0.987654,1,5.123456
-0.456789,0,3.456789
0.345678,1,4.56789
-1.345678,0,2.345678
0.678901,1,5.678901
-0.789012,0,3.210987
1.234567,1,6.890123
-0.234567,0,2.456789
0.456789,1,4.56789
-1.5,0,3.123456
0.789012,1,5.678901
-0.345678,0,2.678901
1.5,1,6.789012
-0.678901,0,3.456789
0.123456,1,4.890123
-1.234567,0,2.345678
0.987654,1,5.123456
-0.456789,0,3.210987
0.345678,1,4.56789
-1.345678,0,2.678901
0.678901,1,5.678901
-0.789012,0,3.456789
1.234567,1,6.890123
-0.234567,0,2.456789
0.456789,1,4.56789
-1.5,0,3.123456
0.789012,1,5.678901
-0.345678,0,2.678901
1.5,1,6.789012
-0.678901,0,3.456789
0.123456,1,4.890123
-1.234567,0,2.345678
0.987654,1,5.123456
-0.456789,0,3.210987
0.345678,1,4.56789
-1.345678,0,2.678901
0.678901,1,5.678901
-0.789012,0,3.456789
1.234567,1,6.890123
-0.234567,0,2.456789
0.456789,1,4.56789
-1.5,0,3.123456
0.789012,1,5.678901
-0.345678,0,2.678901
1.5,1,6.789012
-0.678901,0,3.456789
0.123456,1,4.890123
-1.234567,0,2.345678
0.987654,1,5.123456
-0.456789,0,3.210987
0.345678,1,4.56789
-1.345678,0,2.678901
0.678901,1,5.678901
-0.789012,0,3.456789
1.234567,1,6.890123
-0.234567,0,2.456789
0.456789,1,4.56789
-1.5,0,3.123456
0.789012,1,5.678901
-0.345678,0,2.678901
1.5,1,6.789012
-0.678901,0,3.456789
0.123456,1,4.890123
-1.234567,0,2.345678
0.987654,1,5.123456
-0.456789,0,3.210987
0.345678,1,4.56789
-1.345678,0,2.678901
0.678901,1,5.678901
-0.789012,0,3.456789
1.234567,1,6.890123
-0.234567,0,2.456789
0.456789,1,4.56789
-1.5,0,3.123456
0.789012,1,5.678901
-0.345678,0,2.678901
1.5,1,6.789012
-0.678901,0,3.456789
0.123456,1,4.890123
-1.234567,0,2.345678
0.987654,1,5.123456
-0.456789,0,3.210987
0.345678,1,4.56789
-1.345678,0,2.678901
0.678901,1,5.678901
-0.789012,0,3.456789
1.234567,1,6.890123
-0.234567,0,2.456789
0.456789,1,4.56789
-1.5,0,3.123456
0.789012,1,5.678901
-0.345678,0,2.678901
1.5,1,6.789012
-0.678901,0,3.456789
0.123456,1,4.890123
-1.234567,0,2.345678
0.987654,1,5.123456
-0.456789,0,3.210987
0.345678,1,4.56789
-1.345678,0,2.678901
0.678901,1,5.678901
-0.789012,0,3.456789
1.234567,1,6.890123
-0.234567,0,2.456789
0.456789,1,4.56789
-1.5,0,3.123456
0.789012,1,5.678901
-0.345678,0,2.678901
1.5,1,6.789012
-0.678901,0,3.456789
0.123456,1,4.890123
-1.234567,0,2.345678
0.987654,1,5.123456
-0.456789,0,3.210987
0.345678,1,4.56789
-1.345678,0,2.678901
0.678901,1,5.678901
-0.789012,0,3.456789
1.234567,1,6.890123
-0.234567,0,2.456789
0.456789,1,4.56789
-1.5,0,3.123456
0.789012,1,5.678901
-0.345678,0,2.678901
1.5,1,6.789012
-0.678901,0,3.456789
0.123456,1,4.890123
-1.234567,0,2.345678
0.987654,1,5.123456
-0.456789,0,3.210987
0.345678,1,4.56789
-1.345678,0,2.678901
0.678901,1,5.678901
-0.789012,0,3.456789
1.234567,1,6.890123
-0.234567,0,2.456789
0.456789,1,4.56789
-1.5,0,3.123456
0.789012,1,5.678901
-0.345678,0,2.678901
1.5,1,6.789012
-0.678901,0,3.456789
0.123456,1,4.890123
-1.234567,0,2.345678
0.987654,1,5.123456
-0.456789,0,3.210987
0.345678,1,4.56789
-1.345678,0,2.678901
0.678901,1,5.678901
-0.789012,0,3.456789
1.234567,1,6.890123
-0.234567,0,2.456789
0.456789,1,4.56789
-1.5,0,3.123456
0.789012,1,5.678901
-0.345678,0,2.678901
1.5,1,6.789012
-0.678901,0,3.456789
0.123456,1,4.890123
-1.234567,0,2.345678
0.987654,1,5.123456
-0.456789,0,3.210987
0.345678,1,4.56789
-1.345678,0,2.678901
0.678901,1,5.678901
-0.789012,0,3.456789
1.234567,1,6.890123
-0.234567,0,2.456789
0.456789,1,4.56789
-1.5,0,3.123456
0.789012,1,5.678901
-0.345678,0,2.678901
1.5,1,6.789012
-0.678901,0,3.456789
0.123456,1,4.890123
-1.234567,0,2.345678
0.987654,1,5.123456
-0.456789,0,3.210987
0.345678,1,4.56789
-1.345678,0,2.678901
0.678901,1,5.678901
-0.789012,0,3.456789
1.234567,1,6.890123
-0.234567,0,2.456789
0.456789,1,4.56789
-1.5,0,3.123456
0.789012,1,5.678901
-0.345678,0,2.678901
1.5,1,6.789012
-0.678901,0,3.456789
0.123456,1,4.890123
-1.234567,0,2.345678
0.987654,1,5.123456
-0.456789,0,3.210987
0.345678,1,4.56789
-1.345678,0,2.678901
0.678901,1,5.678901
-0.789012,0,3.456789
1.234567,1,6.890123
-0.234567,0,2.456789
0.456789,1,4.56789
-1.5,0,3.123456
0.789012,1,5.678901
-0.345678,0,2.678901
1.5,1,6.789012
-0.678901,0,3.456789
0.123456,1,4.890123
-1.234567,0,2.345678
0.987654,1,5.123456
-0.456789,0,3.210987
0.345678,1,4.56789
-1.345678,0,2.678901
0.678901,1,5.678901
-0.789012,0,3.456789
1.234567,1,6.890123
-0.234567,0,2.456789
0.456789,1,4.56789
-1.5,0,3.123456
0.789012,1,5.678901
-0.345678,0,2.678901
1.5,1,6.789012
-0.678901,0,3.456789
0.123456,1,4.890123
-1.234567,0,2.345678
0.987654,1,5.123456
-0.456789,0,3.210987
0.345678,1,4.56789
-1.345678,0,2.678901
0.678901,1,5.678901
-0.789012,0,3.456789
1.234567,1,6.890123
-0.234567,0,2.456789
0.456789,1,4.56789
-1.5,0,3.123456
0.789012,1,5.678901
-0.345678,0,2.678901
1.5,1,6.789012
-0.678901,0,3.456789
0.123456,1,4.890123
-1.234567,0,2.345678
0.987654,1,5.123456
-0.456789,0,3.210987
0.345678,1,4.56789
-1.345678,0,2.678901
0.678901,1,5.678901
-0.789012,0,3.456789
1.234567,1,6.890123
-0.234567,0,2.456789
0.456789,1,4.56789
-1.5,0,3.123456
0.789012,1,5.678901
-0.345678,0,2.678901
1.5,1,6.789012
-0.678901,0,3.456789
0.123456,1,4.890123
-1.234567,0,2.345678
0.987654,1,5.123456
-0.456789,0,3.210987
0.345678,1,4.56789
-1.345678,0,2.678901
0.678901,1,5.678901
-0.789012,0,3.456789
1.234567,1,6.890123
-0.234567,0,2.456789
0.456789,1,4.56789
-1.5,0,3.123456
0.789012,1,5.678901
-0.345678,0,2.678901
1.5,1,6.789012
-0.678901,0,3.456789
0.123456,1,4.890123
-1.234567,0,2.345678
0.987654,1,5.123456
-0.456789,0,3.210987
0.345678,1,4.56789
-1.345678,0,2.678901
0.678901,1,5.678901
-0.789012,0,3.456789
1.234567,1,6.890123
-0.234567,0,2.456789
0.456789,1,4.56789
-1.5,0,3.123456
0.789012,1,5.678901
-0.345678,0,2.678901
1.5,1,6.789012
-0.678901,0,3.456789
0.123456,1,4.890123
-1.234567,0,2.345678
0.987654,1,5.123456
-0.456789,0,3.210987
0.345678,1,4.56789
-1.345678,0,2.678901
0.678901,1,5.678901
-0.789012,0,3.456789
1.234567,1,6.890123
-0.234567,0,2.0
-0.123456,1,5.678912
0.987654,0,4.321098
-1.234567,1,3.456789
0.456789,0,2.345678
1.345678,1,6.789012
-0.987654,0,3.210987
0.234567,1,4.56789
-0.345678,0,2.456789
1.234567,1,5.678901
-1.456789,0,3.123456
0.678901,1,4.890123
-0.56789,0,2.345678
1.5,1,6.123456
-0.678901,0,3.456789
0.123456,1,4.56789
-1.345678,0,2.345678
0.345678,1,5.678901
-0.456789,0,3.210987
1.234567,1,6.789012
-0.234567,0,2.456789
0.987654,1,4.321098
-1.5,0,3.456789
0.56789,1,5.678912
-0.789012,0,2.345678
1.456789,1,6.789012
-0.123456,0,3.210987
0.234567,1,4.56789
-1.234567,0,2.456789
0.456789,1,5.678901
1.345678,0,4.321098
-0.987654,1,3.456789
0.678901,0,2.345678
-1.5,1,6.123456
0.123456,0,3.456789
-0.345678,1,4.56789
1.234567,0,5.678901
-0.678901,1,2.345678
0.987654,0,4.321098
-1.345678,1,3.456789
0.456789,0,2.345678
1.5,1,6.789012
-0.234567,0,3.210987
0.678901,1,5.678912
-1.234567,0,2.456789
0.345678,1,4.56789
1.234567,0,5.678901
-0.987654,1,3.456789
0.123456,0,2.345678
-1.5,1,6.123456
0.678901,0,4.321098
-0.456789,1,5.678901
1.345678,0,3.210987
-0.678901,1,2.456789
0.987654,0,4.321098
-1.234567,1,3.456789
0.456789,0,2.345678
1.5,1,6.789012
-0.234567,0,3.210987
0.678901,1,5.678912
-1.345678,0,2.456789
0.345678,1,4.56789
1.234567,0,5.678901
-0.987654,1,3.456789
0.123456,0,2.345678
-1.5,1,6.123456
0.678901,0,4.321098
-0.456789,1,5.678901
1.345678,0,3.210987
-0.678901,1,2.456789
0.987654,0,4.321098
-1.234567,1,3.456789
0.456789,0,2.345678
1.5,1,6.789012
-0.234567,0,3.210987
0.678901,1,5.678912
-1.345678,0,2.456789
0.345678,1,4.56789
1.234567,0,5.678901
-0.987654,1,3.456789
0.123456,0,2.345678
-1.5,1,6.123456
0.678901,0,4.321098
-0.456789,1,5.678901
1.345678,0,3.210987
-0.678901,1,2.456789
0.987654,0,4.321098
-1.234567,1,3.456789
0.456789,0,2.345678
1.5,1,6.789012
-0.234567,0,3.210987
0.678901,1,5.678912
-1.345678,0,2.456789
0.345678,1,4.56789
1.234567,0,5.678901
-0.987654,1,3.456789
0.123456,0,2.345678
-1.5,1,6.123456
0.678901,0,4.321098
-0.456789,1,5.678901
1.345678,0,3.210987
-0.678901,1,2.456789
0.987654,0,4.321098
-1.234567,1,3.456789
0.456789,0,2.345678
1.5,1,6.789012
-0.234567,0,3.210987
0.678901,1,5.678912
-1.345678,0,2.456789
0.345678,1,4.56789
1.234567,0,5.678901
-0.987654,1,3.456789
0.123456,0,2.345678
-1.5,1,6.123456
0.678901,0,4.321098
-0.456789,1,5.678901
1.345678,0,3.210987
-0.678901,1,2.456789
0.987654,0,4.321098
-1.234567,1,3.456789
0.456789,0,2.345678
1.5,1,6.789012
-0.234567,0,3.210987
0.678901,1,5.678912
-1.345678,0,2.456789
0.345678,1,4.56789
1.234567,0,5.678901
-0.987654,1,3.456789
0.123456,0,2.345678
-1.5,1,6.123456
0.678901,0,4.321098
-0.456789,1,5.678901
1.345678,0,3.210987
-0.678901,1,2.456789
0.987654,0,4.321098
-1.234567,1,3.456789
0.456789,0,2.345678
1.5,1,6.789012
-0.234567,0,3.210987
0.678901,1,5.678912
-1.345678,0,2.456789
0.345678,1,4.56789
1.234567,0,5.678901
-0.987654,1,3.456789
0.123456,0,2.345678
-1.5,1,6.123456
0.678901,0,4.321098
-0.456789,1,5.678901
1.345678,0,3.210987
-0.678901,1,2.456789
0.987654,0,4.321098
-1.234567,1,3.456789
0.456789,0,2.345678
1.5,1,6.789012
-0.234567,0,3.210987
0.678901,1,5.678912
-1.345678,0,2.456789
0.345678,1,4.56789
1.234567,0,5.678901
-0.987654,1,3.456789
0.123456,0,2.345678
-1.5,1,6.123456
0.678901,0,4.321098
-0.456789,1,5.678901
1.345678,0,3.210987
-0.678901,1,2.456789
0.987654,0,4.321098
-1.234567,1,3.456789
0.456789,0,2.345678
1.5,1,6.789012
-0.234567,0,3.210987
0.678901,1,5.678912
-1.345678,0,2.456789
0.345678,1,4.56789
1.234567,0,5.678901
-0.987654,1,3.456789
0.123456,0,2.345678
-1.5,1,6.123456
0.678901,0,4.321098
-0.456789,1,5.678901
1.345678,0,3.210987
-0.678901,1,2.456789
0.987654,0,4.321098
-1.234567,1,3.456789
0.456789,0,2.345678
1.5,1,6.789012
-0.234567,0,3.210987
0.678901,1,5.678912
-1.345678,0,2.456789
0.345678,1,4.56789
1.234567,0,5.678901
-0.987654,1,3.456789
0.123456,0,2.345678
-1.5,1,6.123456
0.678901,0,4.321098
-0.456789,1,5.678901
1.345678,0,3.210987
-0.678901,1,2.456789
0.987654,0,4.321098
-1.234567,1,3.456789
0.456789,0,2.345678
1.5,1,6.789012
-0.234567,0,3.210987
0.678901,1,5.678912
-1.345678,0,2.456789
0.345678,1,4.56789
1.234567,0,5.678901
-0.987654,1,3.456789
0.123456,0,2.345678
-1.5,1,6.123456
0.678901,0,4.321098
-0.456789,1,5.678901
1.345678,0,3.210987
-0.678901,1,2.456789
0.987654,0,4.321098
-1.234567,1,3.456789
0.456789,0,2.345678
1.5,1,6.789012
-0.234567,0,3.210987
0.678901,1,5.678912
-1.345678,0,2.456789
0.345678,1,4.56789
1.234567,0,5.678901
-0.987654,1,3.456789
0.123456,0,2.345678
-1.5,1,6.123456
0.678901,0,4.321098
-0.456789,1,5.678901
1.345678,0,3.210987
-0.678901,1,2.456789
0.987654,0,4.321098
-1.234567,1,3.456789
0.456789,0,2.345678
1.5,1,6.789012
-0.234567,0,3.210987
0.678901,1,5.678912
-1.345678,0,2.456789
0.345678,1,4.56789
1.234567,0,5.678901
-0.987654,1,3.456789
0.123456,0,2.345678
-1.5,1,6.123456
0.678901,0,4.321098
-0.456789,1,5.678901
1.345678,0,3.210987
-0.678901,1,2.456789
0.987654,0,4.321098
-1.234567,1,3.456789
0.456789,0,2.345678
1.5,1,6.789012
-0.234567,0,3.210987
0.678901,1,5.678912
-1.345678,0,2.456789
0.345678,1,4.56789
1.234567,0,5.678901
-0.987654,1,3.456789
0.123456,0,2.345678
-1.5,1,6.123456
0.678901,0,4.321098
-0.456789,1,5.678901
1.345678,0,3.210987
-0.678901,1,2.456789
0.987654,0,4.321098
-1.234567,1,3.456789
0.456789,0,2.345678
1.5,1,6.789012
-0.234567,0,3.210987
0.678901,1,5.678912
-1.345678,0,2.456789
0.345678,1,4.56789
1.234567,0,5.678901
-0.987654,1,3.456789
0.123456,0,2.345678
-1.5,1,6.123456
0.678901,0,4.321098
-0.456789,1,5.678901
1.345678,0,3.210987
-0.678901,1,2.456789
0.987654,0,4.321098
-1.234567,1,3.456789
0.456789,0,2.345678
1.5,1,6.789012
-0.234567,0,3.210987
0.678901,1,5.678912
-1.345678,0,2.456789
0.345678,1,4.56789
1.234567,0,5.678901
-0.987654,1,3.456789
0.123456,0,2.345678
-1.5,1,6.123456
0.678901,0,4.321098
-0.456789,1,5.678901
1.345678,0,3.210987
-0.678901,1,2.456789
0.987654,0,4.321098
-1.234567,1,3.456789
0.456789,0,2.345678
1.5,1,6.789012
-0.234567,0,3.210987
0.678901,1,5.678912
-1.345678,0,2.456789
0.345678,1,4.56789
1.234567,0,5.678901
-0.987654,1,3.456789
0.123456,0,2.345678
-1.5,1,6.123456
0.678901,0,4.321098
-0.456789,1,5.678901
1.345678,0,3.210987
-0.678901,1,2.456789
0.987654,0,4.321098
-1.234567,1,3.456789
0.456789,0,2.345678
1.5,1,6.789012
-0.234567,0,3.210987
0.678901,1,5.678912
-1.345678,0,2.456789
0.345678,1,4.56789
1.234567,0,5.678901
-0.987654,1,3.456789
0.123456,0,2.345678
-1.5,1,6.123456
-0.123456,1,5.678912
0.987654,0,4.321098
-1.234567,1,3.456789
0.54321,0,2.345678
1.345678,1,6.789012
-0.987654,0,3.210987
0.111111,1,4.56789
-0.222222,0,2.456789
1.234567,1,7.890123
-1.111111,0,3.123456
0.333333,1,5.678901
-0.444444,0,2.345678
1.5,1,8.901234
-0.666666,0,3.456789
0.777777,1,6.123456
-1.333333,0,2.987654
0.888888,1,5.432109
-0.555555,0,3.56789
1.111111,1,7.234567
-0.888888,0,2.678901
0.444444,1,5.890123
-1.444444,0,3.098765
0.222222,1,4.56789
-0.333333,0,2.345678
1.5,1,8.012345
-0.777777,0,3.456789
0.999999,1,6.789012
-1.222222,0,2.123456
0.555555,1,5.678901
-0.444444,0,3.234567
1.234567,1,7.890123
-0.666666,0,2.345678
0.888888,1,5.678901
-1.111111,0,3.456789
0.333333,1,4.56789
-0.222222,0,2.678901
1.444444,1,8.901234
-0.555555,0,3.098765
0.777777,1,6.123456
-1.333333,0,2.987654
0.999999,1,5.432109
-0.888888,0,3.56789
1.111111,1,7.234567
-0.444444,0,2.345678
0.222222,1,4.56789
-1.5,0,3.456789
0.444444,1,5.890123
-1.111111,0,2.678901
1.5,1,8.012345
-0.777777,0,3.098765
0.999999,1,6.789012
-1.222222,0,2.123456
0.555555,1,5.678901
-0.444444,0,3.234567
1.234567,1,7.890123
-0.666666,0,2.345678
0.888888,1,5.678901
-1.111111,0,3.456789
0.333333,1,4.56789
-0.222222,0,2.678901
1.444444,1,8.901234
-0.555555,0,3.098765
0.777777,1,6.123456
-1.333333,0,2.987654
0.999999,1,5.432109
-0.888888,0,3.56789
1.111111,1,7.234567
-0.444444,0,2.345678
0.222222,1,4.56789
-1.5,0,3.456789
0.444444,1,5.890123
-1.111111,0,2.678901
1.5,1,8.012345
-0.777777,0,3.098765
0.999999,1,6.789012
-1.222222,0,2.123456
0.555555,1,5.678901
-0.444444,0,3.234567
1.234567,1,7.890123
-0.666666,0,2.345678
0.888888,1,5.678901
-1.111111,0,3.456789
0.333333,1,4.56789
-0.222222,0,2.678901
1.444444,1,8.901234
-0.555555,0,3.098765
0.777777,1,6.123456
-1.333333,0,2.987654
0.999999,1,5.432109
-0.888888,0,3.56789
1.111111,1,7.234567
-0.444444,0,2.345678
0.222222,1,4.56789
-1.5,0,3.456789
0.444444,1,5.890123
-1.111111,0,2.678901
1.5,1,8.012345
-0.777777,0,3.098765
0.999999,1,6.789012
-1.222222,0,2.123456
0.555555,1,5.678901
-0.444444,0,3.234567
1.234567,1,7.890123
-0.666666,0,2.345678
0.888888,1,5.678901
-1.111111,0,3.456789
0.333333,1,4.56789
-0.222222,0,2.678901
1.444444,1,8.901234
-0.555555,0,3.098765
0.777777,1,6.123456
-1.333333,0,2.987654
0.999999,1,5.432109
-0.888888,0,3.56789
1.111111,1,7.234567
-0.444444,0,2.345678
0.222222,1,4.56789
-1.5,0,3.456789
0.444444,1,5.890123
-1.111111,0,2.678901
1.5,1,8.012345
-0.777777,0,3.098765
0.999999,1,6.789012
-1.222222,0,2.123456
0.555555,1,5.678901
-0.444444,0,3.234567
1.234567,1,7.890123
-0.666666,0,2.345678
0.888888,1,5.678901
-1.111111,0,3.456789
0.333333,1,4.56789
-0.222222,0,2.678901
1.444444,1,8.901234
-0.555555,0,3.098765
0.777777,1,6.123456
-1.333333,0,2.987654
0.999999,1,5.432109
-0.888888,0,3.56789
1.111111,1,7.234567
-0.444444,0,2.345678
0.222222,1,4.56789
-1.5,0,3.456789
0.444444,1,5.890123
-1.111111,0,2.678901
1.5,1,8.012345
-0.777777,0,3.098765
0.999999,1,6.789012
-1.222222,0,2.123456
0.555555,1,5.678901
-0.444444,0,3.234567
1.234567,1,7.890123
-0.666666,0,2.345678
0.888888,1,5.678901
-1.111111,0,3.456789
0.333333,1,4.56789
-0.222222,0,2.678901
1.444444,1,8.901234
-0.555555,0,3.098765
0.777777,1,6.123456
-1.333333,0,2.987654
0.999999,1,5.432109
-0.888888,0,3.56789
1.111111,1,7.234567
-0.444444,0,2.345678
0.222222,1,4.56789
-1.5,0,3.456789
0.444444,1,5.890123
-1.111111,0,2.678901
1.5,1,8.012345
-0.777777,0,3.098765
0.999999,1,6.789012
-1.222222,0,2.123456
0.555555,1,5.678901
-0.444444,0,3.234567
1.234567,1,7.890123
-0.666666,0,2.345678
0.888888,1,5.678901
-1.111111,0,3.456789
0.333333,1,4.56789
-0.222222,0,2.678901
1.444444,1,8.901234
-0.555555,0,3.098765
0.777777,1,6.123456
-1.333333,0,2.987654
0.999999,1,5.432109
-0.888888,0,3.56789
1.111111,1,7.234567
-0.444444,0,2.345678
0.222222,1,4.56789
-1.5,0,3.456789
0.444444,1,5.890123
-1.111111,0,2.678901
1.5,1,8.012345
-0.777777,0,3.098765
0.999999,1,6.789012
-1.222222,0,2.123456
0.555555,1,5.678901
-0.444444,0,3.234567
1.234567,1,7.890123
-0.666666,0,2.345678
0.888888,1,5.678901
-1.111111,0,3.456789
0.333333,1,4.56789
-0.222222,0,2.678901
1.444444,1,8.901234
-0.555555,0,3.098765
0.777777,1,6.123456
-1.333333,0,2.987654
0.999999,1,5.432109
-0.888888,0,3.56789
1.111111,1,7.234567
-0.444444,0,2.345678
0.222222,1,4.56789
-1.5,0,3.456789
0.444444,1,5.890123
-1.111111,0,2.678901
1.5,1,8.012345
-0.777777,0,3.098765
0.999999,1,6.789012
-1.222222,0,2.123456
0.555555,1,5.678901
-0.444444,0,3.234567
1.234567,1,7.890123
-0.666666,0,2.345678
0.888888,1,5.678901
-1.111111,0,3.456789
0.333333,1,4.56789
-0.222222,0,2.678901
1.444444,1,8.901234
-0.555555,0,3.098765
0.777777,1,6.123456
-1.333333,0,2.987654
0.999999,1,5.432109
-0.888888,0,3.56789
1.111111,1,7.234567
-0.444444,0,2.345678
0.222222,1,4.56789
-1.5,0,3.456789
0.444444,1,5.890123
-1.111111,0,2.678901
1.5,1,8.012345
-0.777777,0,3.098765
0.999999,1,6.789012
-1.222222,0,2.123456
0.555555,1,5.678901
-0.444444,0,3.234567
1.234567,1,7.890123
-0.666666,0,2.345678
0.888888,1,5.678901
-1.111111,0,3.456789
0.333333,1,4.56789
-0.222222,0,2.678901
1.444444,1,8.901234
-0.555555,0,3.098765
0.777777,1,6.123456
-1.333333,0,2.987654
0.999999,1,5.432109
-0.888888,0,3.56789
1.111111,1,7.234567
-0.444444,0,2.345678
0.222222,1,4.56789
-1.5,0,3.456789
0.444444,1,5.890123
-1.111111,0,2.678901
1.5,1,8.012345
-0.777777,0,3.098765
0.999999,1,6.789012
-1.222222,0,2.123456
0.555555,1,5.678901
-0.444444,0,3.234567
1.234567,1,7.890123
-0.666666,0,2.345678
0.888888,1,5.678901
-1.111111,0,3.456789
0.333333,1,4.56789
-0.222222,0,2.678901
1.444444,1,8.901234
-0.555555,0,3.098765
0.777777,1,6.123456
-1.333333,0,2.987654
0.999999,1,5.432109
-0.888888,0,3.56789
1.111111,1,7.234567
-0.444444,0,2.345678
0.222222,1,4.56789
-1.5,0,3.456789
0.444444,1,5.890123
-1.111111,0,2.678901
1.5,1,8.012345
-0.777777,0,3.098765
0.999999,1,6.789012
-1.222222,0,2.123456
0.555555,1,5.678901
-0.444444,0,3.234567
1.234567,1,7.890123
-0.666666,0,2.345678
0.888888,1,5.678901
-1.111111,0,3.456789
0.333333,1,4.56789
-0.222222,0,2.678901
1.444444,1,8.901234
-0.555555,0,3.098765
0.777777,1,6.123456
-1.333333,0,2.987654
0.999999,1,5.432109
-0.888888,0,3.56789
1.111111,1,7.234567
-0.444444,0,2.345678
0.222222,1,4.56789
-1.5,0,3.456789
0.444444,1,5.890123
-1.111111,0,2.678901
1.5,1,8.012345
-0.777777,0,3.098765
0.999999,1,6.789012
-1.222222,0,2.123456
0.555555,1,5.678901
-0.444444,0,3.234567
1.234567,1,7.890123
-0.666666,0,2.0
-0.123456,0,3.456789
0.987654,1,5.123456
-1.234567,0,2.345678
0.54321,1,4.56789
1.345678,1,6.789012
-0.987654,0,3.234567
0.234567,1,4.345678
-1.456789,0,2.456789
0.678901,1,5.678901
1.234567,1,6.123456
-0.345678,0,3.678901
0.456789,1,4.789012
-1.5,0,2.56789
0.123456,1,4.123456
1.456789,1,6.456789
-0.678901,0,3.789012
0.789012,1,5.789012
-1.234567,0,2.678901
0.345678,1,4.56789
1.5,1,6.789012
-0.456789,0,3.456789
0.901234,1,5.123456
-1.5,0,2.345678
0.678901,1,4.56789
1.234567,1,6.123456
-0.123456,0,3.789012
0.54321,1,5.678901
-1.345678,0,2.456789
0.987654,1,4.345678
1.5,1,6.789012
-0.789012,0,3.678901
0.234567,1,4.123456
-1.456789,0,2.678901
0.456789,1,5.789012
1.345678,1,6.456789
-0.678901,0,3.234567
0.123456,1,4.56789
-1.234567,0,2.345678
0.901234,1,5.123456
1.5,1,6.789012
-0.345678,0,3.678901
0.678901,1,4.789012
-1.5,0,2.56789
0.789012,1,5.678901
1.234567,1,6.123456
-0.456789,0,3.456789
0.54321,1,4.345678
-1.234567,0,2.678901
0.987654,1,5.789012
1.5,1,6.789012
-0.123456,0,3.789012
0.234567,1,4.56789
-1.456789,0,2.345678
0.901234,1,5.123456
1.345678,1,6.456789
-0.678901,0,3.678901
0.456789,1,4.789012
-1.5,0,2.678901
0.678901,1,5.678901
1.234567,1,6.123456
-0.345678,0,3.456789
0.54321,1,4.345678
-1.234567,0,2.345678
0.987654,1,5.123456
1.5,1,6.789012
-0.123456,0,3.789012
0.234567,1,4.56789
-1.456789,0,2.678901
0.901234,1,5.789012
1.345678,1,6.456789
-0.678901,0,3.678901
0.456789,1,4.789012
-1.5,0,2.678901
0.678901,1,5.678901
1.234567,1,6.123456
-0.345678,0,3.456789
0.54321,1,4.345678
-1.234567,0,2.345678
0.987654,1,5.123456
1.5,1,6.789012
-0.123456,0,3.789012
0.234567,1,4.56789
-1.456789,0,2.678901
0.901234,1,5.789012
1.345678,1,6.456789
-0.678901,0,3.678901
0.456789,1,4.789012
-1.5,0,2.678901
0.678901,1,5.678901
1.234567,1,6.123456
-0.345678,0,3.456789
0.54321,1,4.345678
-1.234567,0,2.345678
0.987654,1,5.123456
1.5,1,6.789012
-0.123456,0,3.789012
0.234567,1,4.56789
-1.456789,0,2.678901
0.901234,1,5.789012
1.345678,1,6.456789
-0.678901,0,3.678901
0.456789,1,4.789012
-1.5,0,2.678901
0.678901,1,5.678901
1.234567,1,6.123456
-0.345678,0,3.456789
0.54321,1,4.345678
-1.234567,0,2.345678
0.987654,1,5.123456
1.5,1,6.789012
-0.123456,0,3.789012
0.234567,1,4.56789
-1.456789,0,2.678901
0.901234,1,5.789012
1.345678,1,6.456789
-0.678901,0,3.678901
0.456789,1,4.789012
-1.5,0,2.678901
0.678901,1,5.678901
1.234567,1,6.123456
-0.345678,0,3.456789
0.54321,1,4.345678
-1.234567,0,2.345678
0.987654,1,5.123456
1.5,1,6.789012
-0.123456,0,3.789012
0.234567,1,4.56789
-1.456789,0,2.678901
0.901234,1,5.789012
1.345678,1,6.456789
-0.678901,0,3.678901
0.456789,1,4.789012
-1.5,0,2.678901
0.678901,1,5.678901
1.234567,1,6.123456
-0.345678,0,3.456789
0.54321,1,4.345678
-1.234567,0,2.345678
0.987654,1,5.123456
1.5,1,6.789012
-0.123456,0,3.789012
0.234567,1,4.56789
-1.456789,0,2.678901
0.901234,1,5.789012
1.345678,1,6.456789
-0.678901,0,3.678901
0.456789,1,4.789012
-1.5,0,2.678901
0.678901,1,5.678901
1.234567,1,6.123456
-0.345678,0,3.456789
0.54321,1,4.345678
-1.234567,0,2.345678
0.987654,1,5.123456
1.5,1,6.789012
-0.123456,0,3.789012
0.234567,1,4.56789
-1.456789,0,2.678901
0.901234,1,5.789012
1.345678,1,6.456789
-0.678901,0,3.678901
0.456789,1,4.789012
-1.5,0,2.678901
0.678901,1,5.678901
1.234567,1,6.123456
-0.345678,0,3.456789
0.54321,1,4.345678
-1.234567,0,2.345678
0.987654,1,5.123456
1.5,1,6.789012
-0.123456,0,3.789012
0.234567,1,4.56789
-1.456789,0,2.678901
0.901234,1,5.789012
1.345678,1,6.456789
-0.678901,0,3.678901
0.456789,1,4.789012
-1.5,0,2.678901
0.678901,1,5.678901
1.234567,1,6.123456
-0.345678,0,3.456789
0.54321,1,4.345678
-1.234567,0,2.345678
0.987654,1,5.123456
1.5,1,6.789012
-0.123456,0,3.789012
0.234567,1,4.56789
-1.456789,0,2.678901
0.901234,1,5.789012
1.345678,1,6.456789
-0.678901,0,3.678901
0.456789,1,4.789012
-1.5,0,2.678901
0.678901,1,5.678901
1.234567,1,6.123456
-0.345678,0,3.456789
0.54321,1,4.345678
-1.234567,0,2.345678
0.987654,1,5.123456
1.5,1,6.789012
-0.123456,0,3.789012
0.234567,1,4.56789
-1.456789,0,2.678901
0.901234,1,5.789012
1.345678,1,6.456789
-0.678901,0,3.678901
0.456789,1,4.789012
-1.5,0,2.678901
0.678901,1,5.678901
1.234567,1,6.123456
-0.345678,0,3.456789
0.54321,1,4.345678
-1.234567,0,2.345678
0.987654,1,5.123456
1.5,1,6.789012
-0.123456,0,3.789012
0.234567,1,4.56789
-1.456789,0,2.678901
0.901234,1,5.789012
1.345678,1,6.456789
-0.678901,0,3.678901
0.456789,1,4.789012
-1.5,0,2.678901
0.678901,1,5.678901
1.234567,1,6.123456
-0.345678,0,3.456789
0.54321,1,4.345678
-1.234567,0,2.345678
0.987654,1,5.123456
1.5,1,6.789012
-0.123456,0,3.789012
0.234567,1,4.56789
-1.456789,0,2.678901
0.901234,1,5.789012
1.345678,1,6.456789
-0.678901,0,3.678901
0.456789,1,4.789012
-1.5,0,2.678901
0.678901,1,5.678901
1.234567,1,6.123456
-0.345678,0,3.456789
0.54321,1,4.345678
-1.234567,0,2.345678
0.987654,1,5.123456
1.5,1,6.789012
-0.123456,0,3.789012
0.234567,1,4.56789
-1.456789,0,2.678901
0.901234,1,5.789012
1.345678,1,6.456789
-0.678901,0,3.678901
0.456789,1,4.789012
-1.5,0,2.678901
0.678901,1,5.678901
1.234567,1,6.123456
-0.345678,0,3.456789
0.54321,1,4.345678
-1.234567,0,2.345678
0.987654,1,5.123456
1.5,1,6.789012
-0.123456,0,3.789012
0.234567,1,4.56789
-1.456789,0,2.678901
0.901234,1,5.789012
1.345678,1,6.456789
-0.678901,0,3.678901
0.456789,1,4.789012
-1.5,0,2.678901
0.678901,1,5.678901
1.234567,1,6.123456
-0.345678,0,3.456789
0.54321,1,4.345678
-1.234567,0,2.345678
0.987654,1,5.123456
1.5,1,6.789012
-0.123456,0,3.789012
0.234567,1,4.56789
-1.456789,0,2.678901
0.901234,1,5.789012
1.345678,1,6.456789
-0.678901,0,3.678901
0.456789,1,4.789012
-1.5,0,2.678901
0.678901,1,5.678901
1.234567,1,6.123456
-0.345678,0,3.456789
0.54321,1,4.345678
-1.234567,0,2.345678
0.987654,1,5.123456
1.5,1,6.789012
-0.123456,0,3.789012
0.234567,1,4.56789
-1.456789,0,2.678901
0.901234,1,5.789012
1.345678,1,6.456789
-0.678901,0,3.678901
0.456789,1,4.789012
-1.5,0,2.678901
0.678901,1,5.678901
1.234567,1,6.123456
-0.345678,0,3.456789
0.54321,1,4.345678
-1.234567,0,2.345678
0.987654,1,5.123456
1.5,1,6.789012
-0.123456,0,3.789012
0.234567,1,4.56789
-1.456789,0,2.678901
0.901234,1,5.789012
1.345678,1,6.456789
-0.678901,0,3.678901
0.456789,1,4.789012
-1.5,0,2.678901
0.678901,1,5.678901
1.234567,1,6.123456
-0.345678,0,3.456789
0.54321,1,4.345678
-1.234567,0,2.345678
0.987654,1,5.123456
1.5,1,6.789012
-0.123456,0,3.789012
0.234567,1,4.56789
-0.123456,1,4.56789
0.987654,0,2.345678
-1.234567,1,5.678901
0.456789,0,3.456789
1.234567,1,6.789012
-0.987654,0,2.123456
0.123456,1,4.678901
-0.654321,0,3.56789
1.345678,1,7.890123
-1.456789,0,1.234567
0.234567,1,4.789012
-0.345678,0,2.456789
1.456789,1,6.890123
-0.56789,0,3.678901
0.345678,1,5.890123
-1.5,0,1.345678
0.56789,1,4.890123
-0.789012,0,2.678901
1.5,1,7.901234
-0.890123,0,3.789012
0.678901,1,5.901234
-1.5,0,1.456789
0.789012,1,4.901234
-0.901234,0,2.789012
1.5,1,8.012345
-0.123456,0,3.456789
0.987654,1,5.678901
-1.234567,0,2.345678
0.456789,1,4.56789
1.234567,0,6.789012
-0.987654,1,3.123456
0.123456,0,5.678901
-0.654321,1,2.456789
1.345678,0,7.890123
-1.456789,1,1.234567
0.234567,0,4.789012
-0.345678,1,3.678901
1.456789,0,6.890123
-0.56789,1,2.123456
0.345678,0,5.890123
-1.5,1,1.345678
0.56789,0,4.890123
-0.789012,1,2.678901
1.5,0,7.901234
-0.890123,1,3.789012
0.678901,0,5.901234
-1.5,1,1.456789
0.789012,0,4.901234
-0.123456,1,3.456789
0.987654,0,5.678901
-1.234567,1,2.345678
0.456789,0,4.56789
1.234567,1,6.789012
-0.987654,0,3.123456
0.123456,1,5.678901
-0.654321,0,2.456789
1.345678,1,7.890123
-1.456789,0,1.234567
0.234567,1,4.789012
-0.345678,0,3.678901
1.456789,1,6.890123
-0.56789,0,2.123456
0.345678,1,5.890123
-1.5,0,1.345678
0.56789,1,4.890123
-0.789012,0,2.678901
1.5,1,7.901234
-0.890123,0,3.789012
0.678901,1,5.901234
-1.5,0,1.456789
0.789012,1,4.901234
-0.123456,0,3.456789
0.987654,1,5.678901
-1.234567,0,2.345678
0.456789,1,4.56789
1.234567,0,6.789012
-0.987654,1,3.123456
0.123456,0,5.678901
-0.654321,1,2.456789
1.345678,0,7.890123
-1.456789,1,1.234567
0.234567,0,4.789012
-0.345678,1,3.678901
1.456789,0,6.890123
-0.56789,1,2.123456
0.345678,0,5.890123
-1.5,1,1.345678
0.56789,0,4.890123
-0.789012,1,2.678901
1.5,0,7.901234
-0.890123,1,3.789012
0.678901,0,5.901234
-1.5,1,1.456789
0.789012,0,4.901234
-0.123456,1,3.456789
0.987654,0,5.678901
-1.234567,1,2.345678
0.456789,0,4.56789
1.234567,1,6.789012
-0.987654,0,3.123456
0.123456,1,5.678901
-0.654321,0,2.456789
1.345678,1,7.890123
-1.456789,0,1.234567
0.234567,1,4.789012
-0.345678,0,3.678901
1.456789,1,6.890123
-0.56789,0,2.123456
0.345678,1,5.890123
-1.5,0,1.345678
0.56789,1,4.890123
-0.789012,0,2.678901
1.5,1,7.901234
-0.890123,0,3.789012
0.678901,1,5.901234
-1.5,0,1.456789
0.789012,1,4.901234
-0.123456,0,3.456789
0.987654,1,5.678901
-1.234567,0,2.345678
0.456789,1,4.56789
1.234567,0,6.789012
-0.987654,1,3.123456
0.123456,0,5.678901
-0.654321,1,2.456789
1.345678,0,7.890123
-1.456789,1,1.234567
0.234567,0,4.789012
-0.345678,1,3.678901
1.456789,0,6.890123
-0.56789,1,2.123456
0.345678,0,5.890123
-1.5,1,1.345678
0.56789,0,4.890123
-0.789012,1,2.678901
1.5,0,7.901234
-0.890123,1,3.789012
0.678901,0,5.901234
-1.5,1,1.456789
0.789012,0,4.901234
-0.123456,1,3.456789
0.987654,0,5.678901
-1.234567,1,2.345678
0.456789,0,4.56789
1.234567,1,6.789012
-0.987654,0,3.123456
0.123456,1,5.678901
-0.654321,0,2.456789
1.345678,1,7.890123
-1.456789,0,1.234567
0.234567,1,4.789012
-0.345678,0,3.678901
1.456789,1,6.890123
-0.56789,0,2.123456
0.345678,1,5.890123
-1.5,0,1.345678
0.56789,1,4.890123
-0.789012,0,2.678901
1.5,1,7.901234
-0.890123,0,3.789012
0.678901,1,5.901234
-1.5,0,1.456789
0.789012,1,4.901234
-0.123456,0,3.456789
0.987654,1,5.678901
-1.234567,0,2.345678
0.456789,1,4.56789
1.234567,0,6.789012
-0.987654,1,3.123456
0.123456,0,5.678901
-0.654321,1,2.456789
1.345678,0,7.890123
-1.456789,1,1.234567
0.234567,0,4.789012
-0.345678,1,3.678901
1.456789,0,6.890123
-0.56789,1,2.123456
0.345678,0,5.890123
-1.5,1,1.345678
0.56789,0,4.890123
-0.789012,1,2.678901
1.5,0,7.901234
-0.890123,1,3.789012
0.678901,0,5.901234
-1.5,1,1.456789
0.789012,0,4.901234
-0.123456,1,3.456789
0.987654,0,5.678901
-1.234567,1,2.345678
0.456789,0,4.56789
1.234567,1,6.789012
-0.987654,0,3.123456
0.123456,1,5.678901
-0.654321,0,2.456789
1.345678,1,7.890123
-1.456789,0,1.234567
0.234567,1,4.789012
-0.345678,0,3.678901
1.456789,1,6.890123
-0.56789,0,2.123456
0.345678,1,5.890123
-1.5,0,1.345678
0.56789,1,4.890123
-0.789012,0,2.678901
1.5,1,7.901234
-0.890123,0,3.789012
0.678901,1,5.901234
-1.5,0,1.456789
0.789012,1,4.901234
-0.123456,0,3.456789
0.987654,1,5.678901
-1.234567,0,2.345678
0.456789,1,4.56789
1.234567,0,6.789012
-0.987654,1,3.123456
0.123456,0,5.678901
-0.654321,1,2.456789
1.345678,0,7.890123
-1.456789,1,1.234567
0.234567,0,4.789012
-0.345678,1,3.678901
1.456789,0,6.890123
-0.56789,1,2.123456
0.345678,0,5.890123
-1.5,1,1.345678
0.56789,0,4.890123
-0.789012,1,2.678901
1.5,0,7.901234
-0.890123,1,3.789012
0.678901,0,5.901234
-1.5,1,1.456789
0.789012,0,4.901234
-0.123456,1,3.456789
0.987654,0,5.678901
-1.234567,1,2.345678
0.456789,0,4.56789
1.234567,1,6.789012
-0.987654,0,3.123456
0.123456,1,5.678901
-0.654321,0,2.456789
1.345678,1,7.890123
-1.456789,0,1.234567
0.234567,1,4.789012
-0.345678,0,3.678901
1.456789,1,6.890123
-0.56789,0,2.123456
0.345678,1,5.890123
-1.5,0,1.345678
0.56789,1,4.890123
-0.789012,0,2.678901
1.5,1,7.901234
-0.890123,0,3.789012
0.678901,1,5.901234
-1.5,0,1.456789
0.789012,1,4.901234
-0.123456,0,3.456789
0.987654,1,5.678901
-1.234567,0,2.345678
0.456789,1,4.56789
1.234567,0,6.789012
-0.987654,1,3.123456
0.123456,0,5.678901
-0.654321,1,2.456789
1.345678,0,7.890123
-1.456789,1,1.234567
0.234567,0,4.789012
-0.345678,1,3.678901
1.456789,0,6.890123
-0.56789,1,2.123456
0.345678,0,5.890123
-1.5,1,1.345678
0.56789,0,4.890123
-0.789012,1,2.678901
1.5,0,7.901234
-0.890123,1,3.789012
0.678901,0,5.901234
-1.5,1,1.456789
0.789012,1,4.901234
-0.123456,0,3.456789
0.987654,1,5.678901
-1.234567,0,2.345678
0.456789,1,4.56789
1.234567,0,6.789012
-0.987654,1,3.123456
0.123456,0,5.678901
-0.654321,1,2.456789
1.345678,0,7.890123
-1.456789,1,1.234567
0.234567,0,4.789012
-0.345678,1,3.678901
1.456789,0,6.890123
-0.56789,1,2.123456
0.345678,0,5.890123
-1.5,1,1.345678
0.56789,0,4.890123
-0.789012,1,2.678901
1.5,0,7.901234
-0.890123,1,3.789012
0.678901,0,5.901234
-1.5,1,1.456789
0.789012,1,4.901234
-0.123456,0,3.456789
0.987654,1,5.678901
-1.234567,0,2.345678
0.456789,1,4.56789
1.234567,0,6.789012
-0.987654,1,3.123456
0.123456,0,5.678901
-0.654321,1,2.456789
1.345678,0,7.890123
-1.456789,1,1.234567
0.234567,0,4.789012
-0.345678,1,3.678901
1.456789,0,6.890123
-0.56789,1,2.123456
0.345678,0,5.890123
-1.5,1,1.345678
0.56789,0,4.890123
-0.789012,1,2.678901
1.5,0,7.901234
-0.123456,1,5.432789
0.987654,0,3.456123
-1.234567,1,4.56789
0.456789,0,3.789012
1.345678,1,6.123456
-0.987654,0,2.345678
0.234567,1,4.56789
-1.345678,0,2.456789
0.678901,1,5.678901
-0.56789,0,3.234567
1.234567,1,6.789012
-0.345678,0,2.123456
0.123456,1,4.345678
-1.456789,0,2.678901
0.789012,1,5.123456
-0.234567,0,3.456789
1.456789,1,6.456789
-0.678901,0,2.789012
0.345678,1,4.56789
-1.5,0,2.345678
0.56789,1,5.678901
-0.789012,0,3.123456
1.5,1,6.789012
-0.123456,0,2.456789
0.456789,1,4.678901
-1.5,0,2.678901
0.678901,1,5.123456
-0.987654,0,3.456789
1.5,1,6.123456
-0.234567,0,2.345678
0.789012,1,5.678901
-1.234567,0,2.456789
0.123456,1,4.56789
-1.345678,0,2.678901
0.456789,1,5.123456
-0.56789,0,3.789012
1.234567,1,6.456789
-0.678901,0,2.345678
0.345678,1,4.678901
-1.456789,0,2.678901
0.678901,1,5.789012
-0.789012,0,3.123456
1.5,1,6.789012
-0.123456,0,2.456789
0.456789,1,4.56789
-1.5,0,2.678901
0.789012,1,5.123456
-0.987654,0,3.456789
1.5,1,6.123456
-0.234567,0,2.345678
0.123456,1,4.678901
-1.234567,0,2.678901
0.456789,1,5.789012
-0.56789,0,3.789012
1.234567,1,6.456789
-0.678901,0,2.345678
0.345678,1,4.678901
-1.456789,0,2.678901
0.678901,1,5.123456
-0.789012,0,3.123456
1.5,1,6.789012
-0.123456,0,2.456789
0.456789,1,4.56789
-1.5,0,2.678901
0.789012,1,5.678901
-0.987654,0,3.456789
1.5,1,6.123456
-0.234567,0,2.345678
0.123456,1,4.678901
-1.234567,0,2.678901
0.456789,1,5.789012
-0.56789,0,3.789012
1.234567,1,6.456789
-0.678901,0,2.345678
0.345678,1,4.678901
-1.456789,0,2.678901
0.678901,1,5.123456
-0.789012,0,3.123456
1.5,1,6.789012
-0.123456,0,2.456789
0.456789,1,4.56789
-1.5,0,2.678901
0.789012,1,5.678901
-0.987654,0,3.456789
1.5,1,6.123456
-0.234567,0,2.345678
0.123456,1,4.678901
-1.234567,0,2.678901
0.456789,1,5.789012
-0.56789,0,3.789012
1.234567,1,6.456789
-0.678901,0,2.345678
0.345678,1,4.678901
-1.456789,0,2.678901
0.678901,1,5.123456
-0.789012,0,3.123456
1.5,1,6.789012
-0.123456,0,2.456789
0.456789,1,4.56789
-1.5,0,2.678901
0.789012,1,5.678901
-0.987654,0,3.456789
1.5,1,6.123456
-0.234567,0,2.345678
0.123456,1,4.678901
-1.234567,0,2.678901
0.456789,1,5.789012
-0.56789,0,3.789012
1.234567,1,6.456789
-0.678901,0,2.345678
0.345678,1,4.678901
-1.456789,0,2.678901
0.678901,1,5.123456
-0.789012,0,3.123456
1.5,1,6.789012
-0.123456,0,2.456789
0.456789,1,4.56789
-1.5,0,2.678901
0.789012,1,5.678901
-0.987654,0,3.456789
1.5,1,6.123456
-0.234567,0,2.345678
0.123456,1,4.678901
-1.234567,0,2.678901
0.456789,1,5.789012
-0.56789,0,3.789012
1.234567,1,6.456789
-0.678901,0,2.345678
0.345678,1,4.678901
-1.456789,0,2.678901
0.678901,1,5.123456
-0.789012,0,3.123456
1.5,1,6.789012
-0.123456,0,2.456789
0.456789,1,4.56789
-1.5,0,2.678901
0.789012,1,5.678901
-0.987654,0,3.456789
1.5,1,6.123456
-0.234567,0,2.345678
0.123456,1,4.678901
-1.234567,0,2.678901
0.456789,1,5.789012
-0.56789,0,3.789012
1.234567,1,6.456789
-0.678901,0,2.345678
0.345678,1,4.678901
-1.456789,0,2.678901
0.678901,1,5.123456
-0.789012,0,3.123456
1.5,1,6.789012
-0.123456,0,2.456789
0.456789,1,4.56789
-1.5,0,2.678901
0.789012,1,5.678901
-0.987654,0,3.456789
1.5,1,6.123456
-0.234567,0,2.345678
0.123456,1,4.678901
-1.234567,0,2.678901
0.456789,1,5.789012
-0.56789,0,3.789012
1.234567,1,6.456789
-0.678901,0,2.345678
0.345678,1,4.678901
-1.456789,0,2.678901
0.678901,1,5.123456
-0.789012,0,3.123456
1.5,1,6.789012
-0.123456,0,2.456789
0.456789,1,4.56789
-1.5,0,2.678901
0.789012,1,5.678901
-0.987654,0,3.456789
1.5,1,6.123456
-0.234567,0,2.345678
0.123456,1,4.678901
-1.234567,0,2.678901
0.456789,1,5.789012
-0.56789,0,3.789012
1.234567,1,6.456789
-0.678901,0,2.345678
0.345678,1,4.678901
-1.456789,0,2.678901
0.678901,1,5.123456
-0.789012,0,3.123456
1.5,1,6.789012
-0.123456,0,2.456789
0.456789,1,4.56789
-1.5,0,2.678901
0.789012,1,5.678901
-0.987654,0,3.456789
1.5,1,6.123456
-0.234567,0,2.345678
0.123456,1,4.678901
-1.234567,0,2.678901
0.456789,1,5.789012
-0.56789,0,3.789012
1.234567,1,6.456789
-0.678901,0,2.345678
0.345678,1,4.678901
-1.456789,0,2.678901
0.678901,1,5.123456
-0.789012,0,3.123456
1.5,1,6.789012
-0.123456,0,2.456789
0.456789,1,4.56789
-1.5,0,2.678901
0.789012,1,5.678901
-0.987654,0,3.456789
1.5,1,6.123456
-0.234567,0,2.345678
0.123456,1,4.678901
-1.234567,0,2.678901
0.456789,1,5.789012
-0.56789,0,3.789012
1.234567,1,6.456789
-0.678901,0,2.345678
0.345678,1,4.678901
-1.456789,0,2.678901
0.678901,1,5.123456
-0.789012,0,3.123456
1.5,1,6.789012
-0.123456,0,2.456789
0.456789,1,4.56789
-1.5,0,2.678901
0.789012,1,5.678901
-0.987654,0,3.456789
1.5,1,6.123456
-0.234567,0,2.345678
0.123456,1,4.678901
-1.234567,0,2.678901
0.456789,1,5.789012
-0.56789,0,3.789012
1.234567,1,6.456789
-0.678901,0,2.345678
0.345678,1,4.678901
-1.456789,0,2.678901
0.678901,1,5.123456
-0.789012,0,3.123456
1.5,1,6.789012
-0.123456,0,2.456789
0.456789,1,4.56789
-1.5,0,2.678901
0.789012,1,5.678901
-0.987654,0,3.456789
1.5,1,6.123456
-0.234567,0,2.345678
0.123456,1,4.678901
-1.234567,0,2.678901
0.456789,1,5.789012
-0.56789,0,3.789012
1.234567,1,6.456789
-0.678901,0,2.345678
0.345678,1,4.678901
-1.456789,0,2.678901
0.678901,1,5.123456
-0.789012,0,3.123456
1.5,1,6.789012
-0.123456,0,2.456789
0.456789,1,4.56789
-1.5,0,2.678901
0.789012,1,5.678901
-0.987654,0,3.456789
1.5,1,6.123456
-0.234567,0,2.345678
0.123456,1,4.678901
-1.234567,0,2.678901
0.456789,1,5.789012
-0.56789,0,3.789012
1.234567,1,6.456789
-0.678901,0,2.345678
0.345678,1,4.678901
-1.456789,0,2.678901
0.678901,1,5.123456
-0.789012,0,3.123456
1.5,1,6.789012
-0.123456,0,2.456789
0.456789,1,4.56789
-1.5,0,2.678901
0.789012,1,5.678901
-0.987654,0,3.456789
1.5,1,6.123456
-0.234567,0,2.345678
0.123456,1,4.678901
-1.234567,0,2.678901
0.456789,1,5.789012
-0.56789,0,3.789012
1.234567,1,6.456789
-0.678901,0,2.345678
0.345678,1,4.678901
-1.456789,0,2.678901
0.678901,1,5.123456
-0.789012,0,3.123456
1.5,1,6.789012
-0.123456,0,2.456789
0.456789,1,4.56789
-1.5,0,2.678901
0.789012,1,5.678901
-0.987654,0,3.456789
1.5,1,6.123456
-0.234567,0,2.345678
0.123456,1,4.678901
-1.234567,0,2.678901
0.456789,1,5.789012
-0.56789,0,3.789012
1.234567,1,6.456789
-0.678901,0,2.345678
0.345678,1,4.678901
-1.456789,0,2.678901
0.678901,1,5.123456
-0.789012,0,3.123456
1.5,1,6.789012
-0.123456,0,2.456789
0.456789,1,4.56789
-1.5,0,2.678901
0.789012,1,5.678901
-0.987654,0,3.456789
1.5,1,6.123456
-0.234567,0,2.0
-0.123456,0,3.456789
0.987654,1,7.123456
-1.234567,0,2.987654
1.345678,1,8.456789
0.456789,1,5.678901
-0.987654,0,3.234567
1.234567,1,6.789012
-0.345678,0,2.345678
0.678901,1,5.123456
-1.456789,0,2.678901
1.5,1,7.890123
0.234567,1,4.56789
-0.56789,0,3.123456
1.5,1,8.123456
-0.789012,0,2.456789
0.345678,1,5.678901
-1.5,0,2.345678
1.234567,1,7.456789
0.123456,1,4.678901
-0.456789,0,3.56789
1.345678,1,6.789012
-0.678901,0,2.987654
0.987654,1,5.123456
-1.234567,0,2.678901
1.456789,1,7.890123
0.56789,1,5.678901
-0.123456,0,3.456789
1.5,1,8.123456
-0.987654,0,2.345678
0.234567,1,4.56789
-1.345678,0,2.678901
1.234567,1,6.789012
0.456789,1,5.123456
-0.56789,0,3.234567
1.345678,1,7.890123
-0.678901,0,2.456789
0.678901,1,5.678901
-1.456789,0,2.987654
1.5,1,8.456789
0.123456,1,4.678901
-0.345678,0,3.56789
1.5,1,6.789012
-0.789012,0,2.345678
0.987654,1,5.123456
-1.234567,0,2.678901
1.456789,1,7.890123
0.56789,1,5.678901
-0.123456,0,3.456789
1.5,1,8.123456
-0.987654,0,2.345678
0.234567,1,4.56789
-1.345678,0,2.678901
1.234567,1,6.789012
0.456789,1,5.123456
-0.56789,0,3.234567
1.345678,1,7.890123
-0.678901,0,2.456789
0.678901,1,5.678901
-1.456789,0,2.987654
1.5,1,8.456789
0.123456,1,4.678901
-0.345678,0,3.56789
1.5,1,6.789012
-0.789012,0,2.345678
0.987654,1,5.123456
-1.234567,0,2.678901
1.456789,1,7.890123
0.56789,1,5.678901
-0.123456,0,3.456789
1.5,1,8.123456
-0.987654,0,2.345678
0.234567,1,4.56789
-1.345678,0,2.678901
1.234567,1,6.789012
0.456789,1,5.123456
-0.56789,0,3.234567
1.345678,1,7.890123
-0.678901,0,2.456789
0.678901,1,5.678901
-1.456789,0,2.987654
1.5,1,8.456789
0.123456,1,4.678901
-0.345678,0,3.56789
1.5,1,6.789012
-0.789012,0,2.345678
0.987654,1,5.123456
-1.234567,0,2.678901
1.456789,1,7.890123
0.56789,1,5.678901
-0.123456,0,3.456789
1.5,1,8.123456
-0.987654,0,2.345678
0.234567,1,4.56789
-1.345678,0,2.678901
1.234567,1,6.789012
0.456789,1,5.123456
-0.56789,0,3.234567
1.345678,1,7.890123
-0.678901,0,2.456789
0.678901,1,5.678901
-1.456789,0,2.987654
1.5,1,8.456789
0.123456,1,4.678901
-0.345678,0,3.56789
1.5,1,6.789012
-0.789012,0,2.345678
0.987654,1,5.123456
-1.234567,0,2.678901
1.456789,1,7.890123
0.56789,1,5.678901
-0.123456,0,3.456789
1.5,1,8.123456
-0.987654,0,2.345678
0.234567,1,4.56789
-1.345678,0,2.678901
1.234567,1,6.789012
0.456789,1,5.123456
-0.56789,0,3.234567
1.345678,1,7.890123
-0.678901,0,2.456789
0.678901,1,5.678901
-1.456789,0,2.987654
1.5,1,8.456789
0.123456,1,4.678901
-0.345678,0,3.56789
1.5,1,6.789012
-0.789012,0,2.345678
0.987654,1,5.123456
-1.234567,0,2.678901
1.456789,1,7.890123
0.56789,1,5.678901
-0.123456,0,3.456789
1.5,1,8.123456
-0.987654,0,2.345678
0.234567,1,4.56789
-1.345678,0,2.678901
1.234567,1,6.789012
0.456789,1,5.123456
-0.56789,0,3.234567
1.345678,1,7.890123
-0.678901,0,2.456789
0.678901,1,5.678901
-1.456789,0,2.987654
1.5,1,8.456789
0.123456,1,4.678901
-0.345678,0,3.56789
1.5,1,6.789012
-0.789012,0,2.345678
0.987654,1,5.123456
-1.234567,0,2.678901
1.456789,1,7.890123
0.56789,1,5.678901
-0.123456,0,3.456789
1.5,1,8.123456
-0.987654,0,2.345678
0.234567,1,4.56789
-1.345678,0,2.678901
1.234567,1,6.789012
0.456789,1,5.123456
-0.56789,0,3.234567
1.345678,1,7.890123
-0.678901,0,2.456789
0.678901,1,5.678901
-1.456789,0,2.987654
1.5,1,8.456789
0.123456,1,4.678901
-0.345678,0,3.56789
1.5,1,6.789012
-0.789012,0,2.345678
0.987654,1,5.123456
-1.234567,0,2.678901
1.456789,1,7.890123
0.56789,1,5.678901
-0.123456,0,3.456789
1.5,1,8.123456
-0.987654,0,2.345678
0.234567,1,4.56789
-1.345678,0,2.678901
1.234567,1,6.789012
0.456789,1,5.123456
-0.56789,0,3.234567
1.345678,1,7.890123
-0.678901,0,2.456789
0.678901,1,5.678901
-1.456789,0,2.987654
1.5,1,8.456789
0.123456,1,4.678901
-0.345678,0,3.56789
1.5,1,6.789012
-0.789012,0,2.345678
0.987654,1,5.123456
-1.234567,0,2.678901
1.456789,1,7.890123
0.56789,1,5.678901
-0.123456,0,3.456789
1.5,1,8.123456
-0.987654,0,2.345678
0.234567,1,4.56789
-1.345678,0,2.678901
1.234567,1,6.789012
0.456789,1,5.123456
-0.56789,0,3.234567
1.345678,1,7.890123
-0.678901,0,2.456789
0.678901,1,5.678901
-1.456789,0,2.987654
1.5,1,8.456789
0.123456,1,4.678901
-0.345678,0,3.56789
1.5,1,6.789012
-0.789012,0,2.345678
0.987654,1,5.123456
-1.234567,0,2.678901
1.456789,1,7.890123
0.56789,1,5.678901
-0.123456,0,3.456789
1.5,1,8.123456
-0.987654,0,2.345678
0.234567,1,4.56789
-1.345678,0,2.678901
1.234567,1,6.789012
0.456789,1,5.123456
-0.56789,0,3.234567
1.345678,1,7.890123
-0.678901,0,2.456789
0.678901,1,5.678901
-1.456789,0,2.987654
1.5,1,8.456789
0.123456,1,4.678901
-0.345678,0,3.56789
1.5,1,6.789012
-0.789012,0,2.345678
0.987654,1,5.123456
-1.234567,0,2.678901
1.456789,1,7.890123
0.56789,1,5.678901
-0.123456,0,3.456789
1.5,1,8.123456
-0.987654,0,2.345678
0.234567,1,4.56789
-1.345678,0,2.678901
1.234567,1,6.789012
0.456789,1,5.123456
-0.56789,0,3.234567
1.345678,1,7.890123
-0.678901,0,2.456789
0.678901,1,5.678901
-1.456789,0,2.987654
1.5,1,8.456789
0.123456,1,4.678901
-0.345678,0,3.56789
1.5,1,6.789012
-0.789012,0,2.345678
0.987654,1,5.123456
-1.234567,0,2.678901
1.456789,1,7.890123
0.56789,1,5.678901
-0.123456,0,3.456789
1.5,1,8.123456
-0.987654,0,2.345678
0.234567,1,4.56789
-1.345678,0,2.678901
1.234567,1,6.789012
0.456789,1,5.123456
-0.56789,0,3.234567
1.345678,1,7.890123
-0.678901,0,2.456789
0.678901,1,5.678901
-1.456789,0,2.987654
1.5,1,8.456789
0.123456,1,4.678901
-0.345678,0,3.56789
1.5,1,6.789012
-0.789012,0,2.345678
0.987654,1,5.123456
-1.234567,0,2.678901
1.456789,1,7.890123
0.56789,1,5.678901
-0.123456,0,3.456789
1.5,1,8.123456
-0.987654,0,2.345678
0.234567,1,4.56789
-1.345678,0,2.678901
1.234567,1,6.789012
0.456789,1,5.123456
-0.56789,0,3.234567
1.345678,1,7.890123
-0.678901,0,2.456789
0.678901,1,5.678901
-1.456789,0,2.987654
1.5,1,8.456789
0.123456,1,4.678901
-0.345678,0,3.56789
1.5,1,6.789012
-0.789012,0,2.345678
0.987654,1,5.123456
-1.234567,0,2.678901
1.456789,1,7.890123
0.56789,1,5.678901
-0.123456,0,3.456789
1.5,1,8.123456
-0.987654,0,2.345678
0.234567,1,4.56789
-1.345678,0,2.678901
1.234567,1,6.789012
0.456789,1,5.123456
-0.56789,0,3.234567
1.345678,1,7.890123
-0.678901,0,2.456789
0.678901,1,5.678901
-1.456789,0,2.987654
1.5,1,8.456789
0.123456,1,4.678901
-0.345678,0,3.56789
1.5,1,6.789012
-0.789012,0,2.345678
0.987654,1,5.123456
-1.234567,0,2.678901
1.456789,1,7.890123
0.56789,1,5.678901
-0.123456,0,3.456789
-0.123456,0,3.215678
1.234567,1,8.456789
-1.345678,0,2.123456
0.987654,1,7.345678
-0.56789,0,3.456789
1.456789,1,8.56789
-0.234567,0,2.345678
0.345678,1,6.789012
1.123456,1,7.890123
-1.234567,0,2.456789
0.56789,1,6.123456
-0.987654,0,3.678901
1.345678,1,8.678901
-0.456789,0,2.56789
0.678901,1,6.456789
-1.5,0,2.678901
1.5,1,8.789012
-0.678901,0,3.789012
0.789012,1,6.789012
1.5,1,9.012345
-0.789012,0,2.789012
0.890123,1,7.123456
-1.5,0,2.890123
1.5,1,9.123456
-0.890123,0,3.890123
0.901234,1,7.234567
1.5,1,9.234567
-1.5,0,2.901234
0.012345,1,5.678901
-0.123456,0,3.012345
1.234567,1,8.123456
-1.234567,0,2.012345
0.56789,1,6.345678
-0.56789,0,3.123456
1.456789,1,8.234567
-0.678901,0,2.123456
0.678901,1,6.456789
1.5,1,9.345678
-0.789012,0,2.234567
0.789012,1,7.345678
-1.5,0,2.345678
1.5,1,9.456789
-0.890123,0,3.456789
0.901234,1,7.456789
1.012345,1,9.56789
-1.012345,0,2.456789
0.123456,1,5.789012
-0.234567,0,3.56789
1.234567,1,8.345678
-1.345678,0,2.56789
0.345678,1,6.678901
-0.456789,0,3.678901
1.456789,1,8.456789
-0.56789,0,2.678901
0.678901,1,6.789012
1.5,1,9.678901
-0.678901,0,2.789012
0.789012,1,7.789012
-1.5,0,2.890123
1.5,1,9.789012
-0.890123,0,3.890123
0.901234,1,7.890123
1.5,1,9.890123
-1.5,0,2.901234
0.012345,1,5.678901
-0.123456,0,3.012345
1.234567,1,8.123456
-1.234567,0,2.012345
0.56789,1,6.345678
-0.56789,0,3.123456
1.456789,1,8.234567
-0.678901,0,2.123456
0.678901,1,6.456789
1.5,1,9.345678
-0.789012,0,2.234567
0.789012,1,7.345678
-1.5,0,2.345678
1.5,1,9.456789
-0.890123,0,3.456789
0.901234,1,7.456789
1.012345,1,9.56789
-1.012345,0,2.456789
0.123456,1,5.789012
-0.234567,0,3.56789
1.234567,1,8.345678
-1.345678,0,2.56789
0.345678,1,6.678901
-0.456789,0,3.678901
1.456789,1,8.456789
-0.56789,0,2.678901
0.678901,1,6.789012
1.5,1,9.678901
-0.678901,0,2.789012
0.789012,1,7.789012
-1.5,0,2.890123
1.5,1,9.789012
-0.890123,0,3.890123
0.901234,1,7.890123
1.5,1,9.890123
-1.5,0,2.901234
0.012345,1,5.678901
-0.123456,0,3.012345
1.234567,1,8.123456
-1.234567,0,2.012345
0.56789,1,6.345678
-0.56789,0,3.123456
1.456789,1,8.234567
-0.678901,0,2.123456
0.678901,1,6.456789
1.5,1,9.345678
-0.789012,0,2.234567
0.789012,1,7.345678
-1.5,0,2.345678
1.5,1,9.456789
-0.890123,0,3.456789
0.901234,1,7.456789
1.012345,1,9.56789
-1.012345,0,2.456789
0.123456,1,5.789012
-0.234567,0,3.56789
1.234567,1,8.345678
-1.345678,0,2.56789
0.345678,1,6.678901
-0.456789,0,3.678901
1.456789,1,8.456789
-0.56789,0,2.678901
0.678901,1,6.789012
1.5,1,9.678901
-0.678901,0,2.789012
0.789012,1,7.789012
-1.5,0,2.890123
1.5,1,9.789012
-0.890123,0,3.890123
0.901234,1,7.890123
1.5,1,9.890123
-1.5,0,2.901234
0.012345,1,5.678901
-0.123456,0,3.012345
1.234567,1,8.123456
-1.234567,0,2.012345
0.56789,1,6.345678
-0.56789,0,3.123456
1.456789,1,8.234567
-0.678901,0,2.123456
0.678901,1,6.456789
1.5,1,9.345678
-0.789012,0,2.234567
0.789012,1,7.345678
-1.5,0,2.345678
1.5,1,9.456789
-0.890123,0,3.456789
0.901234,1,7.456789
1.012345,1,9.56789
-1.012345,0,2.456789
0.123456,1,5.789012
-0.234567,0,3.56789
1.234567,1,8.345678
-1.345678,0,2.56789
0.345678,1,6.678901
-0.456789,0,3.678901
1.456789,1,8.456789
-0.56789,0,2.678901
0.678901,1,6.789012
1.5,1,9.678901
-0.678901,0,2.789012
0.789012,1,7.789012
-1.5,0,2.890123
1.5,1,9.789012
-0.890123,0,3.890123
0.901234,1,7.890123
1.5,1,9.890123
-1.5,0,2.901234
0.012345,1,5.678901
-0.123456,0,3.012345
1.234567,1,8.123456
-1.234567,0,2.012345
0.56789,1,6.345678
-0.56789,0,3.123456
1.456789,1,8.234567
-0.678901,0,2.123456
0.678901,1,6.456789
1.5,1,9.345678
-0.789012,0,2.234567
0.789012,1,7.345678
-1.5,0,2.345678
1.5,1,9.456789
-0.890123,0,3.456789
0.901234,1,7.456789
1.012345,1,9.56789
-1.012345,0,2.456789
0.123456,1,5.789012
-0.234567,0,3.56789
1.234567,1,8.345678
-1.345678,0,2.56789
0.345678,1,6.678901
-0.456789,0,3.678901
1.456789,1,8.456789
-0.56789,0,2.678901
0.678901,1,6.789012
1.5,1,9.678901
-0.678901,0,2.789012
0.789012,1,7.789012
-1.5,0,2.890123
1.5,1,9.789012
-0.890123,0,3.890123
0.901234,1,7.890123
1.5,1,9.890123
-1.5,0,2.901234
0.012345,1,5.678901
-0.123456,0,3.012345
1.234567,1,8.123456
-1.234567,0,2.012345
0.56789,1,6.345678
-0.56789,0,3.123456
1.456789,1,8.234567
-0.678901,0,2.123456
0.678901,1,6.456789
1.5,1,9.345678
-0.789012,0,2.234567
0.789012,1,7.345678
-1.5,0,2.345678
1.5,1,9.456789
-0.890123,0,3.456789
0.901234,1,7.456789
1.012345,1,9.56789
-1.012345,0,2.456789
0.123456,1,5.789012
-0.234567,0,3.56789
1.234567,1,8.345678
-1.345678,0,2.56789
0.345678,1,6.678901
-0.456789,0,3.678901
1.456789,1,8.456789
-0.56789,0,2.678901
0.678901,1,6.789012
1.5,1,9.678901
-0.678901,0,2.789012
0.789012,1,7.789012
-1.5,0,2.890123
1.5,1,9.789012
-0.890123,0,3.890123
0.901234,1,7.890123
1.5,1,9.890123
-1.5,0,2.901234
0.012345,1,5.678901
-0.123456,0,3.012345
1.234567,1,8.123456
-1.234567,0,2.012345
0.56789,1,6.345678
-0.56789,0,3.123456
1.456789,1,8.234567
-0.678901,0,2.123456
0.678901,1,6.456789
1.5,1,9.345678
-0.789012,0,2.234567
0.789012,1,7.345678
-1.5,0,2.345678
1.5,1,9.456789
-0.890123,0,3.456789
0.901234,1,7.456789
1.012345,1,9.56789
-1.012345,0,2.456789
0.123456,1,5.789012
-0.234567,0,3.56789
1.234567,1,8.345678
-1.345678,0,2.56789
0.345678,1,6.678901
-0.456789,0,3.678901
1.456789,1,8.456789
-0.56789,0,2.678901
0.678901,1,6.789012
1.5,1,9.678901
-0.678901,0,2.789012
0.789012,1,7.789012
-1.5,0,2.890123
1.5,1,9.789012
-0.890123,0,3.890123
0.901234,1,7.890123
1.5,1,9.890123
-1.5,0,2.901234
0.012345,1,5.678901
-0.123456,0,3.012345
1.234567,1,8.123456
-1.234567,0,2.012345
0.56789,1,6.345678
-0.56789,0,3.123456
1.456789,1,8.234567
-0.678901,0,2.123456
0.678901,1,6.456789
1.5,1,9.345678
-0.789012,0,2.234567
0.789012,1,7.345678
-1.5,0,2.345678
1.5,1,9.456789
-0.890123,0,3.456789
0.901234,1,7.456789
1.012345,1,9.56789
-1.012345,0,2.456789
0.123456,1,5.789012
-0.234567,0,3.56789
1.234567,1,8.345678
-1.345678,0,2.56789
0.345678,1,6.678901
-0.456789,0,3.678901
1.456789,1,8.456789
-0.56789,0,2.678901
0.678901,1,6.789012
1.5,1,9.678901
-0.678901,0,2.789012
0.789012,1,7.789012
-1.5,0,2.890123
1.5,1,9.789012
-0.890123,0,3.890123
0.901234,1,7.890123
1.5,1,9.890123
-1.5,0,2.901234
0.012345,1,5.678901
-0.123456,0,3.012345
1.234567,1,8.123456
-1.234567,0,2.012345
0.56789,1,6.345678
-0.123456,0,3.456789
0.987654,1,7.123456
-1.234567,0,2.345678
0.54321,1,6.789012
1.345678,1,8.901234
-0.987654,0,3.56789
0.234567,1,5.678901
-0.345678,0,2.456789
1.234567,1,7.890123
-1.456789,0,1.234567
0.678901,1,6.345678
-0.56789,0,2.678901
0.123456,1,5.123456
1.456789,1,8.234567
-0.234567,0,3.789012
0.345678,1,6.456789
-1.345678,0,1.678901
0.456789,1,5.789012
1.5,1,9.012345
-0.678901,0,2.345678
0.789012,1,6.789012
-1.5,0,1.456789
0.890123,1,7.123456
1.5,1,8.901234
-0.789012,0,2.56789
0.901234,1,5.678901
-1.5,0,1.234567
0.012345,1,4.56789
1.5,1,9.123456
-0.890123,0,2.678901
0.123456,1,5.789012
-1.5,0,1.345678
0.234567,1,6.456789
1.5,1,8.234567
-0.901234,0,2.456789
0.345678,1,5.678901
-1.5,0,1.678901
0.456789,1,6.789012
1.5,1,9.012345
-0.012345,0,2.345678
0.56789,1,5.123456
-1.5,0,1.234567
0.678901,1,6.345678
1.012345,1,8.901234
-0.123456,0,2.56789
0.789012,1,5.678901
-1.012345,0,1.456789
0.890123,1,7.123456
1.123456,1,9.234567
-0.234567,0,2.678901
0.901234,1,6.789012
-1.123456,0,1.345678
0.012345,1,4.56789
1.234567,1,8.901234
-0.345678,0,2.456789
0.123456,1,5.678901
-1.234567,0,1.678901
0.234567,1,6.456789
1.345678,1,9.012345
-0.456789,0,2.345678
0.345678,1,5.123456
-1.345678,0,1.234567
0.456789,1,6.345678
1.456789,1,8.234567
-0.56789,0,2.678901
0.56789,1,5.678901
-1.456789,0,1.345678
0.678901,1,7.123456
1.5,1,9.901234
-0.678901,0,2.456789
0.789012,1,6.789012
-1.5,0,1.234567
0.890123,1,5.678901
1.5,1,8.901234
-0.789012,0,2.56789
0.901234,1,6.456789
-1.5,0,1.678901
0.012345,1,4.56789
1.5,1,9.123456
-0.890123,0,2.678901
0.123456,1,5.789012
-1.5,0,1.345678
0.234567,1,6.456789
1.5,1,8.234567
-0.012345,0,2.345678
0.345678,1,5.678901
-1.5,0,1.678901
0.456789,1,6.789012
1.5,1,9.012345
-0.123456,0,2.56789
0.56789,1,5.123456
-1.5,0,1.234567
0.678901,1,6.345678
1.012345,1,8.901234
-0.234567,0,2.678901
0.789012,1,5.678901
-1.012345,0,1.456789
0.890123,1,7.123456
1.123456,1,9.234567
-0.345678,0,2.678901
0.901234,1,6.789012
-1.123456,0,1.345678
0.012345,1,4.56789
1.234567,1,8.901234
-0.456789,0,2.345678
0.345678,1,5.123456
-1.345678,0,1.234567
0.456789,1,6.345678
1.456789,1,8.234567
-0.56789,0,2.678901
0.56789,1,5.678901
-1.456789,0,1.345678
0.678901,1,7.123456
1.5,1,9.901234
-0.678901,0,2.456789
0.789012,1,6.789012
-1.5,0,1.234567
0.890123,1,5.678901
1.5,1,8.901234
-0.789012,0,2.56789
0.901234,1,6.456789
-1.5,0,1.678901
0.012345,1,4.56789
1.5,1,9.123456
-0.890123,0,2.678901
0.123456,1,5.789012
-1.5,0,1.345678
0.234567,1,6.456789
1.5,1,8.234567
-0.012345,0,2.345678
0.345678,1,5.678901
-1.5,0,1.678901
0.456789,1,6.789012
1.5,1,9.012345
-0.123456,0,2.56789
0.56789,1,5.123456
-1.5,0,1.234567
0.678901,1,6.345678
1.012345,1,8.901234
-0.234567,0,2.678901
0.789012,1,5.678901
-1.012345,0,1.456789
0.890123,1,7.123456
1.123456,1,9.234567
-0.345678,0,2.678901
0.901234,1,6.789012
-1.123456,0,1.345678
0.012345,1,4.56789
1.234567,1,8.901234
-0.456789,0,2.345678
0.345678,1,5.123456
-1.345678,0,1.234567
0.456789,1,6.345678
1.456789,1,8.234567
-0.56789,0,2.678901
0.56789,1,5.678901
-1.456789,0,1.345678
0.678901,1,7.123456
1.5,1,9.901234
-0.678901,0,2.456789
0.789012,1,6.789012
-1.5,0,1.234567
0.890123,1,5.678901
1.5,1,8.901234
-0.789012,0,2.56789
0.901234,1,6.456789
-1.5,0,1.678901
0.012345,1,4.56789
1.5,1,9.123456
-0.890123,0,2.678901
0.123456,1,5.789012
-1.5,0,1.345678
0.234567,1,6.456789
1.5,1,8.234567
-0.012345,0,2.345678
0.345678,1,5.678901
-1.5,0,1.678901
0.456789,1,6.789012
1.5,1,9.012345
-0.123456,0,2.56789
0.56789,1,5.123456
-1.5,0,1.234567
0.678901,1,6.345678
1.012345,1,8.901234
-0.234567,0,2.678901
0.789012,1,5.678901
-1.012345,0,1.456789
0.890123,1,7.123456
1.123456,1,9.234567
-0.345678,0,2.678901
0.901234,1,6.789012
-1.123456,0,1.345678
0.012345,1,4.56789
1.234567,1,8.901234
-0.456789,0,2.345678
0.345678,1,5.123456
-1.345678,0,1.234567
0.456789,1,6.345678
1.456789,1,8.234567
-0.56789,0,2.678901
0.56789,1,5.678901
-1.456789,0,1.345678
0.678901,1,7.123456
1.5,1,9.901234
-0.678901,0,2.456789
0.789012,1,6.789012
-1.5,0,1.234567
0.890123,1,5.678901
1.5,1,8.901234
-0.789012,0,2.56789
0.901234,1,6.456789
-1.5,0,1.678901
0.012345,1,4.56789
1.5,1,9.123456
-0.890123,0,2.678901
0.123456,1,5.789012
-1.5,0,1.345678
0.234567,1,6.456789
1.5,1,8.234567
-0.012345,0,2.345678
0.345678,1,5.678901
-1.5,0,1.678901
0.456789,1,6.789012
1.5,1,9.012345
-0.123456,0,2.56789
0.56789,1,5.123456
-1.5,0,1.234567
0.678901,1,6.345678
1.012345,1,8.901234
-0.234567,0,2.678901
0.789012,1,5.678901
-1.012345,0,1.456789
0.890123,1,7.123456
1.123456,1,9.234567
-0.345678,0,2.678901
0.901234,1,6.789012
-1.123456,0,1.345678
0.012345,1,4.56789
1.234567,1,8.901234
-0.456789,0,2.345678
0.345678,1,5.123456
-1.345678,0,1.234567
0.456789,1,6.345678
1.456789,1,8.234567
-0.56789,0,2.678901
0.56789,1,5.678901
-1.456789,0,1.345678
0.678901,1,7.123456
1.5,1,9.901234
-0.678901,0,2.456789
0.789012,1,6.789012
-1.5,0,1.234567
0.890123,1,5.678901
1.5,1,8.901234
-0.789012,0,2.56789
0.901234,1,6.456789
-1.5,0,1.678901
0.012345,1,4.56789
1.5,1,9.123456
-0.890123,0,2.678901
0.123456,1,5.789012
-1.5,0,1.345678
0.234567,1,6.456789
1.5,1,8.234567
-0.012345,0,2.345678
0.345678,1,5.678901
-1.5,0,1.678901
0.456789,1,6.789012
1.5,1,9.012345
-0.123456,0,2.56789
0.56789,1,5.123456
-1.5,0,1.234567
0.678901,1,6.345678
1.012345,1,8.901234
-0.234567,0,2.678901
0.789012,1,5.678901
-1.012345,0,1.456789
0.890123,1,7.123456
1.123456,1,9.234567
-0.345678,0,2.678901
0.901234,1,6.789012
-1.123456,0,1.345678
0.012345,1,4.56789
1.234567,1,8.901234
-0.456789,0,2.345678
0.345678,1,5.123456
-1.345678,0,1.234567
0.456789,1,6.345678
1.456789,1,8.234567
-0.56789,0,2.678901
0.56789,1,5.678901
-1.456789,0,1.345678
0.678901,1,7.123456
1.5,1,9.901234
-0.678901,0,2.456789
0.789012,1,6.789012
-1.5,0,1.234567
0.890123,1,5.678901
1.5,1,8.901234
-0.789012,0,2.56789
0.901234,1,6.456789
-1.5,0,1.678901
0.012345,1,4.56789
1.5,1,9.123456
-0.890123,0,2.678901
0.123456,1,5.789012
-1.5,0,1.345678
0.234567,1,6.456789
1.5,1,8.234567
-0.012345,0,2.345678
0.345678,1,5.678901
-1.5,0,1.678901
0.456789,1,6.789012
1.5,1,9.012345
-0.123456,0,2.56789
0.56789,1,5.123456
-1.5,0,1.234567
0.678901,1,6.345678
1.012345,1,8.901234
-0.234567,0,2.678901
0.789012,1,5.678901
-1.012345,0,1.456789
-0.123456,1,5.678912
0.987654,0,3.456789
-1.234567,1,4.56789
0.54321,0,2.345678
1.345678,1,6.789012
-0.987654,0,3.123456
0.234567,1,4.56789
-0.345678,0,2.456789
1.234567,1,5.678901
-1.123456,0,3.789012
0.678901,1,4.890123
-0.56789,0,2.123456
1.456789,1,6.012345
-0.789012,0,3.456789
0.345678,1,5.678901
-1.345678,0,2.890123
0.456789,1,4.56789
-0.234567,0,3.123456
1.5,1,6.789012
-0.678901,0,2.345678
0.123456,1,5.678901
-1.456789,0,3.456789
0.789012,1,4.890123
-0.890123,0,2.123456
1.5,1,6.012345
-0.123456,0,3.789012
0.56789,1,5.678901
-1.5,0,2.456789
0.234567,1,4.56789
-0.456789,0,3.123456
1.5,1,6.789012
-0.789012,0,2.890123
0.345678,1,5.678901
-1.5,0,3.456789
0.456789,1,4.890123
-0.678901,0,2.123456
1.5,1,6.012345
-0.234567,0,3.789012
0.123456,1,5.678901
-1.5,0,2.345678
0.678901,1,4.56789
-0.345678,0,3.123456
1.5,1,6.789012
-0.56789,0,2.890123
0.789012,1,5.678901
-1.5,0,3.456789
0.890123,1,4.890123
-0.123456,0,2.123456
1.012345,1,6.012345
-0.234567,0,3.789012
0.456789,1,5.678901
-1.012345,0,2.345678
0.678901,1,4.56789
-0.345678,0,3.123456
1.123456,1,6.789012
-0.456789,0,2.890123
0.789012,1,5.678901
-1.123456,0,3.456789
0.890123,1,4.890123
-0.56789,0,2.123456
1.234567,1,6.012345
-0.678901,0,3.789012
0.345678,1,5.678901
-1.234567,0,2.345678
0.456789,1,4.56789
-0.789012,0,3.123456
1.345678,1,6.789012
-0.890123,0,2.890123
0.123456,1,5.678901
-1.345678,0,3.456789
0.678901,1,4.890123
-0.234567,0,2.123456
1.456789,1,6.012345
-0.56789,0,3.789012
0.789012,1,5.678901
-1.456789,0,2.345678
0.890123,1,4.56789
-0.678901,0,3.123456
1.5,1,6.789012
-0.789012,0,2.890123
0.345678,1,5.678901
-1.5,0,3.456789
0.456789,1,4.890123
-0.890123,0,2.123456
1.5,1,6.012345
-0.123456,0,3.789012
0.678901,1,5.678901
-1.5,0,2.345678
0.789012,1,4.56789
-0.234567,0,3.123456
1.5,1,6.789012
-0.345678,0,2.890123
0.123456,1,5.678901
-1.5,0,3.456789
0.678901,1,4.890123
-0.56789,0,2.123456
1.5,1,6.012345
-0.678901,0,3.789012
0.789012,1,5.678901
-1.5,0,2.345678
0.890123,1,4.56789
-0.123456,0,3.123456
1.5,1,6.789012
-0.234567,0,2.890123
0.456789,1,5.678901
-1.5,0,3.456789
0.678901,1,4.890123
-0.345678,0,2.123456
1.012345,1,6.012345
-0.456789,0,3.789012
0.789012,1,5.678901
-1.012345,0,2.345678
0.890123,1,4.56789
-0.56789,0,3.123456
1.123456,1,6.789012
-0.678901,0,2.890123
0.345678,1,5.678901
-1.123456,0,3.456789
0.456789,1,4.890123
-0.789012,0,2.123456
1.234567,1,6.012345
-0.890123,0,3.789012
0.678901,1,5.678901
-1.234567,0,2.345678
0.789012,1,4.56789
-0.123456,0,3.123456
1.345678,1,6.789012
-0.234567,0,2.890123
0.456789,1,5.678901
-1.345678,0,3.456789
0.678901,1,4.890123
-0.56789,0,2.123456
1.456789,1,6.012345
-0.678901,0,3.789012
0.789012,1,5.678901
-1.456789,0,2.345678
0.890123,1,4.56789
-0.890123,0,3.123456
1.5,1,6.789012
-0.123456,0,2.890123
0.678901,1,5.678901
-1.5,0,3.456789
0.789012,1,4.890123
-0.234567,0,2.123456
1.5,1,6.012345
-0.345678,0,3.789012
0.123456,1,5.678901
-1.5,0,2.345678
0.678901,1,4.56789
-0.456789,0,3.123456
1.5,1,6.789012
-0.56789,0,2.890123
0.789012,1,5.678901
-1.5,0,3.456789
0.890123,1,4.890123
-0.123456,0,2.123456
1.5,1,6.012345
-0.234567,0,3.789012
0.456789,1,5.678901
-1.5,0,2.345678
0.678901,1,4.56789
-0.345678,0,3.123456
1.5,1,6.789012
-0.456789,0,2.890123
0.123456,1,5.678901
-1.5,0,3.456789
0.678901,1,4.890123
-0.56789,0,2.123456
1.012345,1,6.012345
-0.678901,0,3.789012
0.789012,1,5.678901
-1.012345,0,2.345678
0.890123,1,4.56789
-0.123456,0,3.123456
1.123456,1,6.789012
-0.234567,0,2.890123
0.456789,1,5.678901
-1.123456,0,3.456789
0.678901,1,4.890123
-0.345678,0,2.123456
1.234567,1,6.012345
-0.456789,0,3.789012
0.789012,1,5.678901
-1.234567,0,2.345678
0.890123,1,4.56789
-0.56789,0,3.123456
1.345678,1,6.789012
-0.678901,0,2.890123
0.345678,1,5.678901
-1.345678,0,3.456789
0.456789,1,4.890123
-0.789012,0,2.123456
1.456789,1,6.012345
-0.890123,0,3.789012
0.678901,1,5.678901
-1.456789,0,2.345678
0.789012,1,4.56789
-0.123456,0,3.123456
1.5,1,6.789012
-0.234567,0,2.890123
0.456789,1,5.678901
-1.5,0,3.456789
0.678901,1,4.890123
-0.345678,0,2.123456
1.5,1,6.012345
-0.456789,0,3.789012
0.789012,1,5.678901
-1.5,0,2.345678
0.890123,1,4.56789
-0.56789,0,3.123456
1.5,1,6.789012
-0.678901,0,2.890123
0.123456,1,5.678901
-1.5,0,3.456789
0.678901,1,4.890123
-0.234567,0,2.123456
1.5,1,6.012345
-0.345678,0,3.789012
0.456789,1,5.678901
-1.5,0,2.345678
0.678901,1,4.56789
-0.456789,0,3.123456
1.5,1,6.789012
-0.56789,0,2.890123
0.789012,1,5.678901
-1.5,0,3.456789
0.890123,1,4.890123
-0.123456,0,2.123456
1.012345,1,6.012345
-0.234567,0,3.789012
0.456789,1,5.678901
-1.012345,0,2.345678
0.678901,1,4.56789
-0.345678,0,3.123456
1.123456,1,6.789012
-0.456789,0,2.890123
0.789012,1,5.678901
-1.123456,0,3.456789
0.890123,1,4.890123
-0.56789,0,2.123456
1.234567,1,6.012345
-0.678901,0,3.789012
0.345678,1,5.678901
-1.234567,0,2.345678
0.456789,1,4.56789
-0.789012,0,3.123456
1.345678,1,6.789012
-0.890123,0,2.890123
0.123456,1,5.678901
-1.345678,0,3.456789
0.678901,1,4.890123
-0.234567,0,2.123456
1.456789,1,6.012345
-0.56789,0,3.789012
0.789012,1,5.678901
-1.456789,0,2.345678
0.890123,1,4.56789
-0.678901,0,3.123456
1.5,1,6.789012
-0.789012,0,2.890123
0.345678,1,5.678901
-1.5,0,3.456789
0.456789,1,4.890123
-0.890123,0,2.123456
1.5,1,6.012345
-0.123456,0,3.789012
0.678901,1,5.678901
-1.5,0,2.345678
0.789012,1,4.56789
-0.234567,0,3.123456
1.5,1,6.789012
-0.345678,0,2.890123
0.123456,1,5.678901
-1.5,0,3.456789
0.678901,1,4.890123
-0.56789,0,2.123456
1.5,1,6.012345
-0.678901,0,3.789012
0.789012,1,5.678901
-1.5,0,2.345678
0.890123,1,4.56789
-0.123456,0,3.123456
1.5,1,6.789012
-0.234567,0,2.890123
0.456789,1,5.678901
-1.5,0,3.456789
0.678901,1,4.890123
-0.345678,0,2.123456
1.012345,1,6.012345
-0.456789,0,3.789012
0.789012,1,5.678901
-1.012345,0,2.345678
0.890123,1,4.56789
-0.123456,0,3.123456
1.123456,1,6.789012
-0.234567,0,2.890123
0.456789,1,5.678901
-1.123456,0,3.456789
0.678901,1,4.890123
-0.345678,0,2.123456
1.234567,1,6.012345
-0.456789,0,3.789012
0.789012,1,5.678901
-1.234567,0,2.345678
0.890123,1,4.56789
-0.56789,0,3.123456
1.345678,1,6.789012
-0.678901,0,2.890123
0.345678,1,5.678901
-1.345678,0,3.456789
0.456789,1,4.890123
-0.789012,0,2.123456
1.456789,1,6.012345
-0.890123,0,3.789012
0.678901,1,5.678901
-1.456789,0,2.345678
0.789012,1,4.56789
-0.123456,0,3.123456
1.5,1,6.789012
-0.234567,0,2.0
-0.321,1,5.451
0.874,1,7.182
-1.217,0,1.512
0.456,1,6.234
-0.789,0,2.134
1.234,1,8.456
-0.654,0,2.789
0.321,1,5.678
-1.456,0,0.987
0.789,1,6.789
1.123,1,7.456
-0.987,0,1.234
0.567,1,5.345
-1.345,0,1.678
0.456,1,6.123
1.456,1,8.123
-0.123,0,2.456
0.678,1,6.678
-1.111,0,1.567
0.234,1,5.789
1.345,1,7.89
-0.567,0,1.89
0.89,1,6.89
-1.234,0,1.345
0.123,1,5.123
1.5,1,8.234
-0.678,0,2.345
0.456,1,6.456
-1.5,0,0.789
0.789,1,6.789
1.234,1,7.567
-0.345,0,2.678
0.987,1,6.89
-1.456,0,1.234
0.678,1,5.678
1.345,1,7.89
-0.123,0,2.456
0.234,1,5.789
-1.234,0,1.345
0.456,1,6.123
1.5,1,8.456
-0.789,0,1.678
0.89,1,6.789
-1.111,0,1.234
0.321,1,5.678
1.234,1,7.89
-0.654,0,2.789
0.567,1,5.345
-1.345,0,1.678
0.678,1,6.678
1.456,1,8.123
-0.123,0,2.456
0.89,1,6.89
-1.5,0,0.789
0.123,1,5.123
1.5,1,7.456
-0.789,0,1.89
0.234,1,5.789
-1.234,0,1.345
0.456,1,6.123
1.345,1,8.234
-0.678,0,2.345
0.678,1,6.678
-1.111,0,1.567
0.89,1,6.89
1.234,1,7.567
-0.321,0,2.678
0.987,1,6.89
-1.456,0,1.234
0.678,1,5.678
1.5,1,8.456
-0.123,0,2.456
0.234,1,5.789
-1.234,0,1.345
0.456,1,6.123
1.345,1,7.89
-0.789,0,1.89
0.89,1,6.789
-1.111,0,1.234
0.321,1,5.678
1.234,1,8.123
-0.654,0,2.789
0.567,1,5.345
-1.345,0,1.678
0.678,1,6.678
1.456,1,7.89
-0.123,0,2.456
0.89,1,6.89
-1.5,0,0.789
0.123,1,5.123
1.5,1,7.456
-0.789,0,1.89
0.234,1,5.789
-1.234,0,1.345
0.456,1,6.123
1.345,1,8.234
-0.678,0,2.345
0.678,1,6.678
-1.111,0,1.567
0.89,1,6.89
1.234,1,7.567
-0.321,0,2.678
0.987,1,6.89
-1.456,0,1.234
0.678,1,5.678
1.5,1,8.456
-0.123,0,2.456
0.234,1,5.789
-1.234,0,1.345
0.456,1,6.123
1.345,1,7.89
-0.789,0,1.89
0.89,1,6.789
-1.111,0,1.234
0.321,1,5.678
1.234,1,8.123
-0.654,0,2.789
0.567,1,5.345
-1.345,0,1.678
0.678,1,6.678
1.456,1,7.89
-0.123,0,2.456
0.89,1,6.89
-1.5,0,0.789
0.123,1,5.123
1.5,1,7.456
-0.789,0,1.89
0.234,1,5.789
-1.234,0,1.345
0.456,1,6.123
1.345,1,8.234
-0.678,0,2.345
0.678,1,6.678
-1.111,0,1.567
0.89,1,6.89
1.234,1,7.567
-0.321,0,2.678
0.987,1,6.89
-1.456,0,1.234
0.678,1,5.678
1.5,1,8.456
-0.123,0,2.456
0.234,1,5.789
-1.234,0,1.345
0.456,1,6.123
1.345,1,7.89
-0.789,0,1.89
0.89,1,6.789
-1.111,0,1.234
0.321,1,5.678
1.234,1,8.123
-0.654,0,2.789
0.567,1,5.345
-1.345,0,1.678
0.678,1,6.678
1.456,1,7.89
-0.123,0,2.456
0.89,1,6.89
-1.5,0,0.789
0.123,1,5.123
1.5,1,7.456
-0.789,0,1.89
0.234,1,5.789
-1.234,0,1.345
0.456,1,6.123
1.345,1,8.234
-0.678,0,2.345
0.678,1,6.678
-1.111,0,1.567
0.89,1,6.89
1.234,1,7.567
-0.321,0,2.678
0.987,1,6.89
-1.456,0,1.234
0.678,1,5.678
1.5,1,8.456
-0.123,0,2.456
0.234,1,5.789
-1.234,0,1.345
0.456,1,6.123
1.345,1,7.89
-0.789,0,1.89
0.89,1,6.789
-1.111,0,1.234
0.321,1,5.678
1.234,1,8.123
-0.654,0,2.789
0.567,1,5.345
-1.345,0,1.678
0.678,1,6.678
1.456,1,7.89
-0.123,0,2.456
0.89,1,6.89
-1.5,0,0.789
0.123,1,5.123
1.5,1,7.456
-0.789,0,1.89
0.234,1,5.789
-1.234,0,1.345
0.456,1,6.123
1.345,1,8.234
-0.678,0,2.345
0.678,1,6.678
-1.111,0,1.567
0.89,1,6.89
1.234,1,7.567
-0.321,0,2.678
0.987,1,6.89
-1.456,0,1.234
0.678,1,5.678
1.5,1,8.456
-0.123,0,2.456
0.234,1,5.789
-1.234,0,1.345
0.456,1,6.123
1.345,1,7.89
-0.789,0,1.89
0.89,1,6.789
-1.111,0,1.234
0.321,1,5.678
1.234,1,8.123
-0.654,0,2.789
0.567,1,5.345
-1.345,0,1.678
0.678,1,6.678
1.456,1,7.89
-0.123,0,2.456
0.89,1,6.89
-1.5,0,0.789
0.123,1,5.123
1.5,1,7.456
-0.789,0,1.89
0.234,1,5.789
-1.234,0,1.345
0.456,1,6.123
1.345,1,8.234
-0.678,0,2.345
0.678,1,6.678
-1.111,0,1.567
0.89,1,6.89
1.234,1,7.567
-0.321,0,2.678
0.987,1,6.89
-1.456,0,1.234
0.678,1,5.678
1.5,1,8.456
-0.123,0,2.456
0.234,1,5.789
-1.234,0,1.345
0.456,1,6.123
1.345,1,7.89
-0.789,0,1.89
0.89,1,6.789
-1.111,0,1.234
0.321,1,5.678
1.234,1,8.123
-0.654,0,2.789
0.567,1,5.345
-1.345,0,1.678
0.678,1,6.678
1.456,1,7.89
-0.123,0,2.456
0.89,1,6.89
-1.5,0,0.789
0.123,1,5.123
1.5,1,7.456
-0.789,0,1.89
0.234,1,5.789
-1.234,0,1.345
0.456,1,6.123
1.345,1,8.234
-0.678,0,2.345
0.678,1,6.678
-1.111,0,1.567
0.89,1,6.89
1.234,1,7.567
-0.321,0,2.678
0.987,1,6.89
-1.456,0,1.234
0.678,1,5.678
1.5,1,8.456
-0.123,0,2.456
0.234,1,5.789
-1.234,0,1.345
0.456,1,6.123
1.345,1,7.89
-0.789,0,1.89
0.89,1,6.789
-1.111,0,1.234
0.321,1,5.678
1.234,1,8.123
-0.654,0,2.789
0.567,1,5.345
-1.345,0,1.678
0.678,1,6.678
1.456,1,7.89
-0.123,0,2.456
0.89,1,6.89
-1.5,0,0.789
0.123,1,5.123
1.5,1,7.456
-0.789,0,1.89
0.234,1,5.789
-1.234,0,1.345
0.456,1,6.123
1.345,1,8.234
-0.678,0,2.345
0.678,1,6.678
-1.111,0,1.567
0.89,1,6.89
1.234,1,7.567
-0.321,0,2.678
0.987,1,6.89
-1.456,0,1.234
0.678,1,5.678
1.5,1,8.456
-0.123,0,2.456
0.234,1,5.789
-1.234,0,1.345
0.456,1,6.123
1.345,1,7.89
-0.789,0,1.89
0.89,1,6.789
-1.111,0,1.234
0.321,1,5.678
1.234,1,8.123
-0.654,0,2.789
0.567,1,5.345
-1.345,0,1.678
0.678,1,6.678
1.456,1,7.89
-0.123,0,2.456
0.89,1,6.89
-1.5,0,0.789
0.123,1,5.123
1.5,1,7.456
-0.789,0,1.89
0.234,1,5.789
-1.234,0,1.345
0.456,1,6.123
1.345,1,8.234
-0.678,0,2.345
0.678,1,6.678
-1.111,0,1.567
0.89,1,6.89
1.234,1,7.567
-0.321,0,2.678
0.987,1,6.89
-1.456,0,1.234
0.678,1,5.678
1.5,1,8.456
-0.123,0,2.456
0.234,1,5.789
-1.234,0,1.345
0.456,1,6.123
1.345,1,7.89
-0.789,0,1.89
0.89,1,6.789
-1.111,0,1.234
0.321,1,5.678
1.234,1,8.123
-0.654,0,2.789
0.567,1,5.345
-1.345,0,1.678
0.678,1,6.678
1.456,1,7.89
-0.123,0,2.456
0.89,1,6.89
-1.5,0,0.789
0.123,1,5.123
1.5,1,7.456
-0.789,0,1.89
0.234,1,5.789
-1.234,0,1.345
0.456,1,6.123
1.345,1,8.234
-0.678,0,2.345
0.678,1,6.678
-1.111,0,1.567
0.89,1,6.89
1.234,1,7.567
-0.321,0,2.678
0.987,1,6.89
-1.456,0,1.234
-0.123,1,5.312
0.456,0,3.789
1.234,1,7.456
-1.234,0,2.678
0.789,1,6.123
-0.456,0,3.456
1.123,1,7.89
-0.789,0,2.345
0.345,1,5.678
-1.456,0,2.123
1.456,1,8.012
-0.345,0,3.234
0.678,1,6.789
-1.5,0,1.89
0.123,1,5.456
-0.678,0,3.012
1.5,1,8.456
-0.234,0,2.789
0.987,1,6.345
-1.123,0,2.456
0.234,1,5.89
-1.012,0,2.012
1.012,1,7.123
-0.987,0,3.678
0.567,1,6.456
-1.345,0,2.345
0.456,1,5.789
-1.5,0,1.567
0.789,1,6.89
-0.123,0,3.123
1.345,1,7.456
-0.567,0,2.678
0.678,1,5.678
-1.234,0,2.89
1.234,1,7.89
-0.789,0,3.456
0.345,1,5.123
-1.456,0,2.012
0.123,1,5.678
-0.678,0,3.89
1.5,1,8.123
-0.234,0,2.345
0.987,1,6.789
-1.012,0,1.89
0.234,1,5.456
-1.123,0,2.678
1.012,1,7.89
-0.987,0,3.234
0.567,1,6.456
-1.345,0,2.123
0.456,1,5.678
-1.5,0,1.567
0.789,1,6.89
-0.123,0,3.012
1.345,1,7.456
-0.567,0,2.789
0.678,1,5.89
-1.234,0,2.456
1.234,1,8.012
-0.789,0,3.678
0.345,1,5.678
-1.456,0,2.123
0.123,1,5.456
-0.678,0,3.89
1.5,1,8.456
-0.234,0,2.789
0.987,1,6.345
-1.012,0,1.234
0.234,1,5.89
-1.123,0,2.678
1.012,1,7.123
-0.987,0,3.456
0.567,1,6.456
-1.345,0,2.345
0.456,1,5.789
-1.5,0,1.89
0.789,1,6.89
-0.123,0,3.123
1.345,1,7.456
-0.567,0,2.678
0.678,1,5.678
-1.234,0,2.89
1.234,1,7.89
-0.789,0,3.456
0.345,1,5.123
-1.456,0,2.012
0.123,1,5.678
-0.678,0,3.89
1.5,1,8.123
-0.234,0,2.345
0.987,1,6.789
-1.012,0,1.89
0.234,1,5.456
-1.123,0,2.678
1.012,1,7.89
-0.987,0,3.234
0.567,1,6.456
-1.345,0,2.123
0.456,1,5.678
-1.5,0,1.567
0.789,1,6.89
-0.123,0,3.012
1.345,1,7.456
-0.567,0,2.789
0.678,1,5.89
-1.234,0,2.456
1.234,1,8.012
-0.789,0,3.678
0.345,1,5.678
-1.456,0,2.123
0.123,1,5.456
-0.678,0,3.89
1.5,1,8.456
-0.234,0,2.789
0.987,1,6.345
-1.012,0,1.89
0.234,1,5.89
-1.123,0,2.678
1.012,1,7.123
-0.987,0,3.456
0.567,1,6.456
-1.345,0,2.345
0.456,1,5.789
-1.5,0,1.89
0.789,1,6.89
-0.123,0,3.123
1.345,1,7.456
-0.567,0,2.678
0.678,1,5.678
-1.234,0,2.89
1.234,1,7.89
-0.789,0,3.456
0.345,1,5.123
-1.456,0,2.012
0.123,1,5.678
-0.678,0,3.89
1.5,1,8.123
-0.234,0,2.345
0.987,1,6.789
-1.012,0,1.89
0.234,1,5.456
-1.123,0,2.678
1.012,1,7.89
-0.987,0,3.234
0.567,1,6.456
-1.345,0,2.123
0.456,1,5.678
-1.5,0,1.567
0.789,1,6.89
-0.123,0,3.012
1.345,1,7.456
-0.567,0,2.789
0.678,1,5.89
-1.234,0,2.456
1.234,1,8.012
-0.789,0,3.678
0.345,1,5.678
-1.456,0,2.123
0.123,1,5.456
-0.678,0,3.89
1.5,1,8.456
-0.234,0,2.789
0.987,1,6.345
-1.012,0,1.89
0.234,1,5.89
-1.123,0,2.678
1.012,1,7.123
-0.987,0,3.456
0.567,1,6.456
-1.345,0,2.345
0.456,1,5.789
-1.5,0,1.89
0.789,1,6.89
-0.123,0,3.123
1.345,1,7.456
-0.567,0,2.678
0.678,1,5.678
-1.234,0,2.89
1.234,1,7.89
-0.789,0,3.456
0.345,1,5.123
-1.456,0,2.012
0.123,1,5.678
-0.678,0,3.89
1.5,1,8.123
-0.234,0,2.345
0.987,1,6.789
-1.012,0,1.89
0.234,1,5.456
-1.123,0,2.678
1.012,1,7.89
-0.987,0,3.234
0.567,1,6.456
-1.345,0,2.123
0.456,1,5.678
-1.5,0,1.567
0.789,1,6.89
-0.123,0,3.012
1.345,1,7.456
-0.567,0,2.789
0.678,1,5.89
-1.234,0,2.456
1.234,1,8.012
-0.789,0,3.678
0.345,1,5.678
-1.456,0,2.123
0.123,1,5.456
-0.678,0,3.89
1.5,1,8.456
-0.234,0,2.789
0.987,1,6.345
-1.012,0,1.89
0.234,1,5.89
-1.123,0,2.678
1.012,1,7.123
-0.987,0,3.456
0.567,1,6.456
-1.345,0,2.345
0.456,1,5.789
-1.5,0,1.89
0.789,1,6.89
-0.123,0,3.123
1.345,1,7.456
-0.567,0,2.678
0.678,1,5.678
-1.234,0,2.89
1.234,1,7.89
-0.789,0,3.456
0.345,1,5.123
-1.456,0,2.012
0.123,1,5.678
-0.678,0,3.89
1.5,1,8.123
-0.234,0,2.345
0.987,1,6.789
-1.012,0,1.89
0.234,1,5.456
-1.123,0,2.678
1.012,1,7.89
-0.987,0,3.234
0.567,1,6.456
-1.345,0,2.123
0.456,1,5.678
-1.5,0,1.567
0.789,1,6.89
-0.123,0,3.012
1.345,1,7.456
-0.567,0,2.789
0.678,1,5.89
-1.234,0,2.456
1.234,1,8.012
-0.789,0,3.678
0.345,1,5.678
-1.456,0,2.123
0.123,1,5.456
-0.678,0,3.89
1.5,1,8.456
-0.234,0,2.789
0.987,1,6.345
-1.012,0,1.89
0.234,1,5.89
-1.123,0,2.678
1.012,1,7.123
-0.987,0,3.456
0.567,1,6.456
-1.345,0,2.345
0.456,1,5.789
-1.5,0,1.89
0.789,1,6.89
-0.123,0,3.123
1.345,1,7.456
-0.567,0,2.678
0.678,1,5.678
-1.234,0,2.89
1.234,1,7.89
-0.789,0,3.456
0.345,1,5.123
-1.456,0,2.012
0.123,1,5.678
-0.678,0,3.89
1.5,1,8.123
-0.234,0,2.345
0.987,1,6.789
-1.012,0,1.89
0.234,1,5.456
-1.123,0,2.678
1.012,1,7.89
-0.987,0,3.234
0.567,1,6.456
-1.345,0,2.123
0.456,1,5.678
-1.5,0,1.567
0.789,1,6.89
-0.123,0,3.012
1.345,1,7.456
-0.567,0,2.789
0.678,1,5.89
-1.234,0,2.456
1.234,1,8.012
-0.789,0,3.678
0.345,1,5.678
-1.456,0,2.123
0.123,1,5.456
-0.678,0,3.89
1.5,1,8.456
-0.234,0,2.789
0.987,1,6.345
-1.012,0,1.89
0.234,1,5.89
-1.123,0,2.678
1.012,1,7.123
-0.987,0,3.456
0.567,1,6.456
-1.345,0,2.345
0.456,1,5.789
-1.5,0,1.89
0.789,1,6.89
-0.123,0,3.123
1.345,1,7.456
-0.567,0,2.678
0.678,1,5.678
-1.234,0,2.89
1.234,1,7.89
-0.789,0,3.456
0.345,1,5.123
-1.456,0,2.012
0.123,1,5.678
-0.678,0,3.89
1.5,1,8.123
-0.234,0,2.345
0.987,1,6.789
-1.012,0,1.89
0.234,1,5.456
-1.123,0,2.678
1.012,1,7.89
-0.987,0,3.234
0.567,1,6.456
-1.345,0,2.123
0.456,1,5.678
-1.5,0,1.567
0.789,1,6.89
-0.123,0,3.012
1.345,1,7.456
-0.567,0,2.789
0.678,1,5.89
-1.234,0,2.456
1.234,1,8.012
-0.789,0,3.678
0.345,1,5.678
-1.456,0,2.123
0.123,1,5.456
-0.678,0,3.89
1.5,1,8.456
-0.234,0,2.789
0.987,1,6.345
-1.012,0,1.89
0.234,1,5.89
-1.123,0,2.678
1.012,1,7.123
-0.987,0,3.456
0.567,1,6.456
-1.345,0,2.345
0.456,1,5.789
-1.5,0,1.89
0.789,1,6.89
-0.123,0,3.123
1.345,1,7.456
-0.567,0,2.678
0.678,1,5.678
-1.234,0,2.89
1.234,1,7.89
-0.789,0,3.456
0.345,1,5.123
-1.456,0,2.012
0.123,1,5.678
-0.678,0,3.89
1.5,1,8.123
-0.234,0,2.345
0.987,1,6.789
-1.012,0,1.89
-0.123456,0,3.456789
0.987654,1,7.123456
-1.234567,0,2.987654
0.54321,1,6.789012
1.345678,1,8.456789
-0.987654,0,3.123456
0.234567,1,5.678901
-1.456789,0,2.345678
0.876543,1,7.890123
-0.345678,0,3.56789
1.234567,1,8.123456
-0.678901,0,2.456789
0.456789,1,6.345678
-1.123456,0,3.789012
0.678901,1,7.012345
-0.234567,0,2.678901
1.456789,1,8.789012
-0.56789,0,3.890123
0.345678,1,5.456789
-1.345678,0,2.123456
0.789012,1,6.678901
-0.890123,0,3.234567
1.5,1,9.012345
-0.123456,0,2.987654
0.987654,1,7.123456
-1.234567,0,3.456789
0.54321,1,6.789012
1.345678,1,8.456789
-0.987654,0,3.123456
0.234567,1,5.678901
-1.456789,0,2.345678
0.876543,1,7.890123
-0.345678,0,3.56789
1.234567,1,8.123456
-0.678901,0,2.456789
0.456789,1,6.345678
-1.123456,0,3.789012
0.678901,1,7.012345
-0.234567,0,2.678901
1.456789,1,8.789012
-0.56789,0,3.890123
0.345678,1,5.456789
-1.345678,0,2.123456
0.789012,1,6.678901
-0.890123,0,3.234567
1.5,1,9.012345
-0.123456,0,2.987654
0.987654,1,7.123456
-1.234567,0,3.456789
0.54321,1,6.789012
1.345678,1,8.456789
-0.987654,0,3.123456
0.234567,1,5.678901
-1.456789,0,2.345678
0.876543,1,7.890123
-0.345678,0,3.56789
1.234567,1,8.123456
-0.678901,0,2.456789
0.456789,1,6.345678
-1.123456,0,3.789012
0.678901,1,7.012345
-0.234567,0,2.678901
1.456789,1,8.789012
-0.56789,0,3.890123
0.345678,1,5.456789
-1.345678,0,2.123456
0.789012,1,6.678901
-0.890123,0,3.234567
1.5,1,9.012345
-0.123456,0,2.987654
0.987654,1,7.123456
-1.234567,0,3.456789
0.54321,1,6.789012
1.345678,1,8.456789
-0.987654,0,3.123456
0.234567,1,5.678901
-1.456789,0,2.345678
0.876543,1,7.890123
-0.345678,0,3.56789
1.234567,1,8.123456
-0.678901,0,2.456789
0.456789,1,6.345678
-1.123456,0,3.789012
0.678901,1,7.012345
-0.234567,0,2.678901
1.456789,1,8.789012
-0.56789,0,3.890123
0.345678,1,5.456789
-1.345678,0,2.123456
0.789012,1,6.678901
-0.890123,0,3.234567
1.5,1,9.012345
-0.123456,0,2.987654
0.987654,1,7.123456
-1.234567,0,3.456789
0.54321,1,6.789012
1.345678,1,8.456789
-0.987654,0,3.123456
0.234567,1,5.678901
-1.456789,0,2.345678
0.876543,1,7.890123
-0.345678,0,3.56789
1.234567,1,8.123456
-0.678901,0,2.456789
0.456789,1,6.345678
-1.123456,0,3.789012
0.678901,1,7.012345
-0.234567,0,2.678901
1.456789,1,8.789012
-0.56789,0,3.890123
0.345678,1,5.456789
-1.345678,0,2.123456
0.789012,1,6.678901
-0.890123,0,3.234567
1.5,1,9.012345
-0.123456,0,2.987654
0.987654,1,7.123456
-1.234567,0,3.456789
0.54321,1,6.789012
1.345678,1,8.456789
-0.987654,0,3.123456
0.234567,1,5.678901
-1.456789,0,2.345678
0.876543,1,7.890123
-0.345678,0,3.56789
1.234567,1,8.123456
-0.678901,0,2.456789
0.456789,1,6.345678
-1.123456,0,3.789012
0.678901,1,7.012345
-0.234567,0,2.678901
1.456789,1,8.789012
-0.56789,0,3.890123
0.345678,1,5.456789
-1.345678,0,2.123456
0.789012,1,6.678901
-0.890123,0,3.234567
1.5,1,9.012345
-0.123456,0,2.987654
0.987654,1,7.123456
-1.234567,0,3.456789
0.54321,1,6.789012
1.345678,1,8.456789
-0.987654,0,3.123456
0.234567,1,5.678901
-1.456789,0,2.345678
0.876543,1,7.890123
-0.345678,0,3.56789
1.234567,1,8.123456
-0.678901,0,2.456789
0.456789,1,6.345678
-1.123456,0,3.789012
0.678901,1,7.012345
-0.234567,0,2.678901
1.456789,1,8.789012
-0.56789,0,3.890123
0.345678,1,5.456789
-1.345678,0,2.123456
0.789012,1,6.678901
-0.890123,0,3.234567
1.5,1,9.012345
-0.123456,0,2.987654
0.987654,1,7.123456
-1.234567,0,3.456789
0.54321,1,6.789012
1.345678,1,8.456789
-0.987654,0,3.123456
0.234567,1,5.678901
-1.456789,0,2.345678
0.876543,1,7.890123
-0.345678,0,3.56789
1.234567,1,8.123456
-0.678901,0,2.456789
0.456789,1,6.345678
-1.123456,0,3.789012
0.678901,1,7.012345
-0.234567,0,2.678901
1.456789,1,8.789012
-0.56789,0,3.890123
0.345678,1,5.456789
-1.345678,0,2.123456
0.789012,1,6.678901
-0.890123,0,3.234567
1.5,1,9.012345
-0.123456,0,2.987654
0.987654,1,7.123456
-1.234567,0,3.456789
0.54321,1,6.789012
1.345678,1,8.456789
-0.987654,0,3.123456
0.234567,1,5.678901
-1.456789,0,2.345678
0.876543,1,7.890123
-0.345678,0,3.56789
1.234567,1,8.123456
-0.678901,0,2.456789
0.456789,1,6.345678
-1.123456,0,3.789012
0.678901,1,7.012345
-0.234567,0,2.678901
1.456789,1,8.789012
-0.56789,0,3.890123
0.345678,1,5.456789
-1.345678,0,2.123456
0.789012,1,6.678901
-0.890123,0,3.234567
1.5,1,9.012345
-0.123456,0,2.987654
0.987654,1,7.123456
-1.234567,0,3.456789
0.54321,1,6.789012
1.345678,1,8.456789
-0.987654,0,3.123456
0.234567,1,5.678901
-1.456789,0,2.345678
0.876543,1,7.890123
-0.345678,0,3.56789
1.234567,1,8.123456
-0.678901,0,2.456789
0.456789,1,6.345678
-1.123456,0,3.789012
0.678901,1,7.012345
-0.234567,0,2.678901
1.456789,1,8.789012
-0.56789,0,3.890123
0.345678,1,5.456789
-1.345678,0,2.123456
0.789012,1,6.678901
-0.890123,0,3.234567
1.5,1,9.012345
-0.123456,0,2.987654
0.987654,1,7.123456
-1.234567,0,3.456789
0.54321,1,6.789012
1.345678,1,8.456789
-0.987654,0,3.123456
0.234567,1,5.678901
-1.456789,0,2.345678
0.876543,1,7.890123
-0.345678,0,3.56789
1.234567,1,8.123456
-0.678901,0,2.456789
0.456789,1,6.345678
-1.123456,0,3.789012
0.678901,1,7.012345
-0.234567,0,2.678901
1.456789,1,8.789012
-0.56789,0,3.890123
0.345678,1,5.456789
-1.345678,0,2.123456
0.789012,1,6.678901
-0.890123,0,3.234567
1.5,1,9.012345
-0.123456,0,2.987654
0.987654,1,7.123456
-1.234567,0,3.456789
0.54321,1,6.789012
1.345678,1,8.456789
-0.987654,0,3.123456
0.234567,1,5.678901
-1.456789,0,2.345678
0.876543,1,7.890123
-0.345678,0,3.56789
1.234567,1,8.123456
-0.678901,0,2.456789
0.456789,1,6.345678
-1.123456,0,3.789012
0.678901,1,7.012345
-0.234567,0,2.678901
1.456789,1,8.789012
-0.56789,0,3.890123
0.345678,1,5.456789
-1.345678,0,2.123456
0.789012,1,6.678901
-0.890123,0,3.234567
1.5,1,9.012345
-0.123456,0,2.987654
0.987654,1,7.123456
-1.234567,0,3.456789
0.54321,1,6.789012
1.345678,1,8.456789
-0.987654,0,3.123456
0.234567,1,5.678901
-1.456789,0,2.345678
0.876543,1,7.890123
-0.345678,0,3.56789
1.234567,1,8.123456
-0.678901,0,2.456789
0.456789,1,6.345678
-1.123456,0,3.789012
0.678901,1,7.012345
-0.234567,0,2.678901
1.456789,1,8.789012
-0.56789,0,3.890123
0.345678,1,5.456789
-1.345678,0,2.123456
0.789012,1,6.678901
-0.890123,0,3.234567
1.5,1,9.012345
-0.123456,0,2.987654
0.987654,1,7.123456
-1.234567,0,3.456789
0.54321,1,6.789012
1.345678,1,8.456789
-0.987654,0,3.123456
0.234567,1,5.678901
-1.456789,0,2.345678
0.876543,1,7.890123
-0.345678,0,3.56789
1.234567,1,8.123456
-0.678901,0,2.456789
0.456789,1,6.345678
-1.123456,0,3.789012
0.678901,1,7.012345
-0.234567,0,2.678901
1.456789,1,8.789012
-0.56789,0,3.890123
0.345678,1,5.456789
-1.345678,0,2.123456
0.789012,1,6.678901
-0.123456,1,4.56789
0.987654,0,3.456789
-1.234567,1,5.678901
0.54321,0,2.345678
1.345678,1,6.789012
-0.987654,0,3.123456
0.234567,1,4.56789
-0.678901,0,2.456789
1.234567,1,5.678901
0.345678,0,3.456789
-1.456789,1,6.789012
0.456789,0,2.345678
1.5,1,5.678901
-0.234567,0,3.123456
0.678901,1,4.56789
-1.345678,0,2.456789
0.789012,1,5.678901
-0.345678,0,3.456789
1.456789,1,6.789012
0.123456,0,2.345678
-0.56789,1,4.56789
1.5,0,3.456789
-0.789012,1,5.678901
0.987654,0,2.345678
-1.5,1,6.789012
0.234567,0,3.123456
-0.123456,1,4.56789
1.234567,0,5.678901
-0.456789,1,2.345678
0.678901,0,3.456789
-1.234567,1,6.789012
0.54321,0,4.56789
1.345678,1,5.678901
-0.987654,0,2.345678
0.345678,1,3.456789
-1.456789,0,6.789012
0.456789,1,4.56789
1.5,0,2.345678
-0.234567,1,5.678901
0.678901,0,3.456789
-1.345678,1,6.789012
0.789012,0,4.56789
1.5,1,5.678901
-0.345678,0,2.345678
0.123456,1,3.456789
-0.56789,0,6.789012
1.234567,1,4.56789
-0.678901,0,2.345678
0.987654,1,5.678901
-1.5,0,3.456789
0.234567,1,4.56789
-0.123456,0,2.345678
1.345678,1,6.789012
0.54321,0,3.456789
-1.456789,1,5.678901
0.678901,0,2.345678
1.5,1,4.56789
-0.234567,0,3.456789
0.789012,1,5.678901
-1.345678,0,2.345678
0.123456,1,6.789012
-0.56789,0,4.56789
1.234567,1,3.456789
-0.678901,0,5.678901
0.987654,1,2.345678
-1.5,0,6.789012
0.234567,1,4.56789
-0.123456,0,3.456789
1.345678,1,5.678901
0.54321,0,2.345678
-1.456789,1,6.789012
0.678901,0,4.56789
1.5,1,3.456789
-0.234567,0,5.678901
0.789012,1,2.345678
-1.345678,0,6.789012
0.123456,1,4.56789
-0.56789,0,3.456789
1.234567,1,5.678901
-0.678901,0,2.345678
0.987654,1,6.789012
-1.5,0,4.56789
0.234567,1,3.456789
-0.123456,0,5.678901
1.345678,1,2.345678
0.54321,0,6.789012
-1.456789,1,4.56789
0.678901,0,3.456789
1.5,1,5.678901
-0.234567,0,2.345678
0.789012,1,6.789012
-1.345678,0,4.56789
0.123456,1,3.456789
-0.56789,0,5.678901
1.234567,1,2.345678
-0.678901,0,6.789012
0.987654,1,4.56789
-1.5,0,3.456789
0.234567,1,5.678901
-0.123456,0,2.345678
1.345678,1,6.789012
0.54321,0,4.56789
-1.456789,1,3.456789
0.678901,0,5.678901
1.5,1,2.345678
-0.234567,0,6.789012
0.789012,1,4.56789
-1.345678,0,3.456789
0.123456,1,5.678901
-0.56789,0,2.345678
1.234567,1,6.789012
-0.678901,0,4.56789
0.987654,1,3.456789
-1.5,0,5.678901
0.234567,1,2.345678
-0.123456,0,6.789012
1.345678,1,4.56789
0.54321,0,3.456789
-1.456789,1,5.678901
0.678901,0,2.345678
1.5,1,6.789012
-0.234567,0,4.56789
0.789012,1,3.456789
-1.345678,0,5.678901
0.123456,1,2.345678
-0.56789,0,6.789012
1.234567,1,4.56789
-0.678901,0,3.456789
0.987654,1,5.678901
-1.5,0,2.345678
0.234567,1,6.789012
-0.123456,0,4.56789
1.345678,1,3.456789
0.54321,0,5.678901
-1.456789,1,2.345678
0.678901,0,6.789012
1.5,1,4.56789
-0.234567,0,3.456789
0.789012,1,5.678901
-1.345678,0,2.345678
0.123456,1,6.789012
-0.56789,0,4.56789
1.234567,1,3.456789
-0.678901,0,5.678901
0.987654,1,2.345678
-1.5,0,6.789012
0.234567,1,4.56789
-0.123456,0,3.456789
1.345678,1,5.678901
0.54321,0,2.345678
-1.456789,1,6.789012
0.678901,0,4.56789
1.5,1,3.456789
-0.234567,0,5.678901
0.789012,1,2.345678
-1.345678,0,6.789012
0.123456,1,4.56789
-0.56789,0,3.456789
1.234567,1,5.678901
-0.678901,0,2.345678
0.987654,1,6.789012
-1.5,0,4.56789
0.234567,1,3.456789
-0.123456,0,5.678901
1.345678,1,2.345678
0.54321,0,6.789012
-1.456789,1,4.56789
0.678901,0,3.456789
1.5,1,5.678901
-0.234567,0,2.345678
0.789012,1,6.789012
-1.345678,0,4.56789
0.123456,1,3.456789
-0.56789,0,5.678901
1.234567,1,2.345678
-0.678901,0,6.789012
0.987654,1,4.56789
-1.5,0,3.456789
0.234567,1,5.678901
-0.123456,0,2.345678
1.345678,1,6.789012
0.54321,0,4.56789
-1.456789,1,3.456789
0.678901,0,5.678901
1.5,1,2.345678
-0.234567,0,6.789012
0.789012,1,4.56789
-1.345678,0,3.456789
0.123456,1,5.678901
-0.56789,0,2.345678
1.234567,1,6.789012
-0.678901,0,4.56789
0.987654,1,3.456789
-1.5,0,5.678901
0.234567,1,2.345678
-0.123456,0,6.789012
1.345678,1,4.56789
0.54321,0,3.456789
-1.456789,1,5.678901
0.678901,0,2.345678
1.5,1,6.789012
-0.234567,0,4.56789
0.789012,1,3.456789
-1.345678,0,5.678901
0.123456,1,2.345678
-0.56789,0,6.789012
1.234567,1,4.56789
-0.678901,0,3.456789
0.987654,1,5.678901
-1.5,0,2.345678
0.234567,1,6.789012
-0.123456,0,4.56789
1.345678,1,3.456789
0.54321,0,5.678901
-1.456789,1,2.345678
0.678901,0,6.789012
1.5,1,4.56789
-0.234567,0,3.456789
0.789012,1,5.678901
-1.345678,0,2.345678
0.123456,1,6.789012
-0.56789,0,4.56789
1.234567,1,3.456789
-0.678901,0,5.678901
0.987654,1,2.345678
-1.5,0,6.789012
0.234567,1,4.56789
-0.123456,0,3.456789
1.345678,1,5.678901
0.54321,0,2.345678
-1.456789,1,6.789012
0.678901,0,4.56789
1.5,1,3.456789
-0.234567,0,5.678901
0.789012,1,2.345678
-1.345678,0,6.789012
0.123456,1,4.56789
-0.56789,0,3.456789
1.234567,1,5.678901
-0.678901,0,2.345678
0.987654,1,6.789012
-1.5,0,4.56789
0.234567,1,3.456789
-0.123456,0,5.678901
1.345678,1,2.345678
0.54321,0,6.789012
-1.456789,1,4.56789
0.678901,0,3.456789
1.5,1,5.678901
-0.234567,0,2.345678
0.789012,1,6.789012
-1.345678,0,4.56789
0.123456,1,3.456789
-0.56789,0,5.678901
1.234567,1,2.345678
-0.678901,0,6.789012
0.987654,1,4.56789
-1.5,0,3.456789
0.234567,1,5.678901
-0.123456,0,2.345678
1.345678,1,6.789012
0.54321,0,4.56789
-1.456789,1,3.456789
0.678901,0,5.678901
1.5,1,2.345678
-0.234567,0,6.789012
0.789012,1,4.56789
-1.345678,0,3.456789
0.123456,1,5.678901
-0.56789,0,2.345678
1.234567,1,6.789012
-0.678901,0,4.56789
0.987654,1,3.456789
-1.5,0,5.678901
0.234567,1,2.345678
-0.123456,0,6.789012
1.345678,1,4.56789
0.54321,0,3.456789
-1.456789,1,5.678901
0.678901,0,2.345678
1.5,1,6.789012
-0.234567,0,4.56789
0.789012,1,3.456789
-1.345678,0,5.678901
0.123456,1,2.345678
-0.56789,0,6.789012
1.234567,1,4.56789
-0.678901,0,3.456789
0.987654,1,5.678901
-1.5,0,2.345678
0.234567,1,6.789012
-0.123456,0,4.56789
1.345678,1,3.456789
0.54321,0,5.678901
-1.456789,1,2.345678
0.678901,0,6.789012
1.5,1,4.56789
-0.234567,0,3.456789
0.789012,1,5.678901
-1.345678,0,2.345678
0.123456,1,6.789012
-0.56789,0,4.56789
1.234567,1,3.456789
-0.678901,0,5.678901
0.987654,1,2.345678
-1.5,0,6.789012
0.234567,1,4.56789
-0.123456,0,3.456789
1.345678,1,5.678901
0.54321,0,2.345678
-1.456789,1,6.789012
0.678901,0,4.56789
1.5,1,3.456789
-0.234567,0,5.678901
0.789012,1,2.345678
-1.345678,0,6.789012
0.123456,1,4.56789
-0.56789,0,3.456789
1.234567,1,5.678901
-0.678901,0,2.345678
0.987654,1,6.789012
-0.123456,0,3.456789
0.987654,1,5.123456
-1.234567,0,2.987654
0.54321,1,4.56789
1.345678,1,6.234567
-0.987654,0,3.123456
0.234567,1,4.890123
-1.456789,0,2.876543
0.876543,1,5.345678
-0.345678,0,3.234567
1.234567,1,6.456789
-0.654321,0,2.765432
0.456789,1,4.678901
-1.5,0,2.54321
0.678901,1,5.012345
-0.789012,0,3.456789
1.123456,1,6.789012
-0.234567,0,2.987654
0.345678,1,4.123456
-1.345678,0,3.678901
0.56789,1,5.456789
-0.456789,0,2.345678
1.456789,1,6.012345
-0.678901,0,3.890123
0.789012,1,5.678901
-1.234567,0,2.456789
0.123456,1,4.890123
-0.987654,0,3.123456
1.345678,1,6.234567
-0.54321,0,2.987654
0.987654,1,5.123456
-1.5,0,2.876543
0.234567,1,4.56789
-0.345678,0,3.234567
1.234567,1,6.456789
-0.654321,0,2.765432
0.456789,1,4.678901
-1.456789,0,2.54321
0.678901,1,5.012345
-0.789012,0,3.456789
1.123456,1,6.789012
-0.234567,0,2.987654
0.345678,1,4.123456
-1.345678,0,3.678901
0.56789,1,5.456789
-0.456789,0,2.345678
1.456789,1,6.012345
-0.678901,0,3.890123
0.789012,1,5.678901
-1.234567,0,2.456789
0.123456,1,4.890123
-0.987654,0,3.123456
1.345678,1,6.234567
-0.54321,0,2.987654
0.987654,1,5.123456
-1.5,0,2.876543
0.234567,1,4.56789
-0.345678,0,3.234567
1.234567,1,6.456789
-0.654321,0,2.765432
0.456789,1,4.678901
-1.456789,0,2.54321
0.678901,1,5.012345
-0.789012,0,3.456789
1.123456,1,6.789012
-0.234567,0,2.987654
0.345678,1,4.123456
-1.345678,0,3.678901
0.56789,1,5.456789
-0.456789,0,2.345678
1.456789,1,6.012345
-0.678901,0,3.890123
0.789012,1,5.678901
-1.234567,0,2.456789
0.123456,1,4.890123
-0.987654,0,3.123456
1.345678,1,6.234567
-0.54321,0,2.987654
0.987654,1,5.123456
-1.5,0,2.876543
0.234567,1,4.56789
-0.345678,0,3.234567
1.234567,1,6.456789
-0.654321,0,2.765432
0.456789,1,4.678901
-1.456789,0,2.54321
0.678901,1,5.012345
-0.789012,0,3.456789
1.123456,1,6.789012
-0.234567,0,2.987654
0.345678,1,4.123456
-1.345678,0,3.678901
0.56789,1,5.456789
-0.456789,0,2.345678
1.456789,1,6.012345
-0.678901,0,3.890123
0.789012,1,5.678901
-1.234567,0,2.456789
0.123456,1,4.890123
-0.987654,0,3.123456
1.345678,1,6.234567
-0.54321,0,2.987654
0.987654,1,5.123456
-1.5,0,2.876543
0.234567,1,4.56789
-0.345678,0,3.234567
1.234567,1,6.456789
-0.654321,0,2.765432
0.456789,1,4.678901
-1.456789,0,2.54321
0.678901,1,5.012345
-0.789012,0,3.456789
1.123456,1,6.789012
-0.234567,0,2.987654
0.345678,1,4.123456
-1.345678,0,3.678901
0.56789,1,5.456789
-0.456789,0,2.345678
1.456789,1,6.012345
-0.678901,0,3.890123
0.789012,1,5.678901
-1.234567,0,2.456789
0.123456,1,4.890123
-0.987654,0,3.123456
1.345678,1,6.234567
-0.54321,0,2.987654
0.987654,1,5.123456
-1.5,0,2.876543
0.234567,1,4.56789
-0.345678,0,3.234567
1.234567,1,6.456789
-0.654321,0,2.765432
0.456789,1,4.678901
-1.456789,0,2.54321
0.678901,1,5.012345
-0.789012,0,3.456789
1.123456,1,6.789012
-0.234567,0,2.987654
0.345678,1,4.123456
-1.345678,0,3.678901
0.56789,1,5.456789
-0.456789,0,2.345678
1.456789,1,6.012345
-0.678901,0,3.890123
0.789012,1,5.678901
-1.234567,0,2.456789
0.123456,1,4.890123
-0.987654,0,3.123456
1.345678,1,6.234567
-0.54321,0,2.987654
0.987654,1,5.123456
-1.5,0,2.876543
0.234567,1,4.56789
-0.345678,0,3.234567
1.234567,1,6.456789
-0.654321,0,2.765432
0.456789,1,4.678901
-1.456789,0,2.54321
0.678901,1,5.012345
-0.789012,0,3.456789
1.123456,1,6.789012
-0.234567,0,2.987654
0.345678,1,4.123456
-1.345678,0,3.678901
0.56789,1,5.456789
-0.456789,0,2.345678
1.456789,1,6.012345
-0.678901,0,3.890123
0.789012,1,5.678901
-1.234567,0,2.456789
0.123456,1,4.890123
-0.987654,0,3.123456
1.345678,1,6.234567
-0.54321,0,2.987654
0.987654,1,5.123456
-1.5,0,2.876543
0.234567,1,4.56789
-0.345678,0,3.234567
1.234567,1,6.456789
-0.654321,0,2.765432
0.456789,1,4.678901
-1.456789,0,2.54321
0.678901,1,5.012345
-0.789012,0,3.456789
1.123456,1,6.789012
-0.234567,0,2.987654
0.345678,1,4.123456
-1.345678,0,3.678901
0.56789,1,5.456789
-0.456789,0,2.345678
1.456789,1,6.012345
-0.678901,0,3.890123
0.789012,1,5.678901
-1.234567,0,2.456789
0.123456,1,4.890123
-0.987654,0,3.123456
1.345678,1,6.234567
-0.54321,0,2.987654
0.987654,1,5.123456
-1.5,0,2.876543
0.234567,1,4.56789
-0.345678,0,3.234567
1.234567,1,6.456789
-0.654321,0,2.765432
0.456789,1,4.678901
-1.456789,0,2.54321
0.678901,1,5.012345
-0.789012,0,3.456789
1.123456,1,6.789012
-0.234567,0,2.987654
0.345678,1,4.123456
-1.345678,0,3.678901
0.56789,1,5.456789
-0.456789,0,2.345678
1.456789,1,6.012345
-0.678901,0,3.890123
0.789012,1,5.678901
-1.234567,0,2.456789
0.123456,1,4.890123
-0.987654,0,3.123456
1.345678,1,6.234567
-0.54321,0,2.987654
0.987654,1,5.123456
-1.5,0,2.876543
0.234567,1,4.56789
-0.345678,0,3.234567
1.234567,1,6.456789
-0.654321,0,2.765432
0.456789,1,4.678901
-1.456789,0,2.54321
0.678901,1,5.012345
-0.789012,0,3.456789
1.123456,1,6.789012
-0.234567,0,2.987654
0.345678,1,4.123456
-1.345678,0,3.678901
0.56789,1,5.456789
-0.456789,0,2.345678
1.456789,1,6.012345
-0.678901,0,3.890123
0.789012,1,5.678901
-1.234567,0,2.456789
0.123456,1,4.890123
-0.987654,0,3.123456
1.345678,1,6.234567
-0.54321,0,2.987654
0.987654,1,5.123456
-1.5,0,2.876543
0.234567,1,4.56789
-0.345678,0,3.234567
1.234567,1,6.456789
-0.654321,0,2.765432
0.456789,1,4.678901
-1.456789,0,2.54321
0.678901,1,5.012345
-0.789012,0,3.456789
1.123456,1,6.789012
-0.234567,0,2.987654
0.345678,1,4.123456
-1.345678,0,3.678901
0.56789,1,5.456789
-0.456789,0,2.345678
1.456789,1,6.012345
-0.678901,0,3.890123
0.789012,1,5.678901
-1.234567,0,2.456789
0.123456,1,4.890123
-0.987654,0,3.123456
1.345678,1,6.234567
-0.54321,0,2.987654
0.987654,1,5.123456
-1.5,0,2.876543
0.234567,1,4.56789
-0.345678,0,3.234567
1.234567,1,6.456789
-0.654321,0,2.765432
0.456789,1,4.678901
-1.456789,0,2.54321
0.678901,1,5.012345
-0.789012,0,3.456789
1.123456,1,6.789012
-0.234567,0,2.987654
0.345678,1,4.123456
-1.345678,0,3.678901
0.56789,1,5.456789
-0.456789,0,2.345678
1.456789,1,6.012345
-0.678901,0,3.890123
0.789012,1,5.678901
-1.234567,0,2.456789
0.123456,1,4.890123
-0.987654,0,3.123456
1.345678,1,6.234567
-0.54321,0,2.987654
0.987654,1,5.123456
-1.5,0,2.876543
0.234567,1,4.56789
-0.345678,0,3.234567
1.234567,1,6.456789
-0.654321,0,2.765432
0.456789,1,4.678901
-1.456789,0,2.54321
0.678901,1,5.012345
-0.789012,0,3.456789
1.123456,1,6.789012
-0.234567,0,2.987654
0.345678,1,4.123456
-1.345678,0,3.678901
0.56789,1,5.456789
-0.456789,0,2.345678
1.456789,1,6.012345
-0.678901,0,3.890123
0.789012,1,5.678901
-1.234567,0,2.456789
0.123456,1,4.890123
-0.987654,0,3.123456
1.345678,1,6.234567
-0.54321,0,2.987654
0.987654,1,5.123456
-1.5,0,2.0
-0.123456,0,3.456789
0.234567,1,5.678901
1.345678,1,7.890123
-1.234567,0,2.345678
0.456789,1,6.789012
-0.987654,0,3.123456
0.678901,1,5.456789
1.234567,1,8.123456
-0.345678,0,2.678901
0.123456,1,4.56789
-1.456789,0,1.234567
0.789012,1,6.123456
1.5,1,9.012345
-0.678901,0,2.345678
0.345678,1,5.678901
-1.234567,0,3.456789
0.456789,1,6.789012
1.234567,1,7.890123
-0.123456,0,2.345678
0.678901,1,5.456789
-0.987654,0,3.123456
0.234567,1,6.789012
1.345678,1,8.123456
-1.5,0,1.234567
0.123456,1,4.56789
-0.456789,0,2.678901
0.789012,1,6.123456
1.456789,1,9.012345
-0.678901,0,3.456789
0.345678,1,5.678901
-1.234567,0,2.345678
0.456789,1,6.789012
1.234567,1,7.890123
-0.123456,0,2.345678
0.678901,1,5.456789
-0.987654,0,3.123456
0.234567,1,6.789012
1.345678,1,8.123456
-1.5,0,1.234567
0.123456,1,4.56789
-0.456789,0,2.678901
0.789012,1,6.123456
1.456789,1,9.012345
-0.678901,0,3.456789
0.345678,1,5.678901
-1.234567,0,2.345678
0.456789,1,6.789012
1.234567,1,7.890123
-0.123456,0,2.345678
0.678901,1,5.456789
-0.987654,0,3.123456
0.234567,1,6.789012
1.345678,1,8.123456
-1.5,0,1.234567
0.123456,1,4.56789
-0.456789,0,2.678901
0.789012,1,6.123456
1.456789,1,9.012345
-0.678901,0,3.456789
0.345678,1,5.678901
-1.234567,0,2.345678
0.456789,1,6.789012
1.234567,1,7.890123
-0.123456,0,2.345678
0.678901,1,5.456789
-0.987654,0,3.123456
0.234567,1,6.789012
1.345678,1,8.123456
-1.5,0,1.234567
0.123456,1,4.56789
-0.456789,0,2.678901
0.789012,1,6.123456
1.456789,1,9.012345
-0.678901,0,3.456789
0.345678,1,5.678901
-1.234567,0,2.345678
0.456789,1,6.789012
1.234567,1,7.890123
-0.123456,0,2.345678
0.678901,1,5.456789
-0.987654,0,3.123456
0.234567,1,6.789012
1.345678,1,8.123456
-1.5,0,1.234567
0.123456,1,4.56789
-0.456789,0,2.678901
0.789012,1,6.123456
1.456789,1,9.012345
-0.678901,0,3.456789
0.345678,1,5.678901
-1.234567,0,2.345678
0.456789,1,6.789012
1.234567,1,7.890123
-0.123456,0,2.345678
0.678901,1,5.456789
-0.987654,0,3.123456
0.234567,1,6.789012
1.345678,1,8.123456
-1.5,0,1.234567
0.123456,1,4.56789
-0.456789,0,2.678901
0.789012,1,6.123456
1.456789,1,9.012345
-0.678901,0,3.456789
0.345678,1,5.678901
-1.234567,0,2.345678
0.456789,1,6.789012
1.234567,1,7.890123
-0.123456,0,2.345678
0.678901,1,5.456789
-0.987654,0,3.123456
0.234567,1,6.789012
1.345678,1,8.123456
-1.5,0,1.234567
0.123456,1,4.56789
-0.456789,0,2.678901
0.789012,1,6.123456
1.456789,1,9.012345
-0.678901,0,3.456789
0.345678,1,5.678901
-1.234567,0,2.345678
0.456789,1,6.789012
1.234567,1,7.890123
-0.123456,0,2.345678
0.678901,1,5.456789
-0.987654,0,3.123456
0.234567,1,6.789012
1.345678,1,8.123456
-1.5,0,1.234567
0.123456,1,4.56789
-0.456789,0,2.678901
0.789012,1,6.123456
1.456789,1,9.012345
-0.678901,0,3.456789
0.345678,1,5.678901
-1.234567,0,2.345678
0.456789,1,6.789012
1.234567,1,7.890123
-0.123456,0,2.345678
0.678901,1,5.456789
-0.987654,0,3.123456
0.234567,1,6.789012
1.345678,1,8.123456
-1.5,0,1.234567
0.123456,1,4.56789
-0.456789,0,2.678901
0.789012,1,6.123456
1.456789,1,9.012345
-0.678901,0,3.456789
0.345678,1,5.678901
-1.234567,0,2.345678
0.456789,1,6.789012
1.234567,1,7.890123
-0.123456,0,2.345678
0.678901,1,5.456789
-0.987654,0,3.123456
0.234567,1,6.789012
1.345678,1,8.123456
-1.5,0,1.234567
0.123456,1,4.56789
-0.456789,0,2.678901
0.789012,1,6.123456
1.456789,1,9.012345
-0.678901,0,3.456789
0.345678,1,5.678901
-1.234567,0,2.345678
0.456789,1,6.789012
1.234567,1,7.890123
-0.123456,0,2.345678
0.678901,1,5.456789
-0.987654,0,3.123456
0.234567,1,6.789012
1.345678,1,8.123456
-1.5,0,1.234567
0.123456,1,4.56789
-0.456789,0,2.678901
0.789012,1,6.123456
1.456789,1,9.012345
-0.678901,0,3.456789
0.345678,1,5.678901
-1.234567,0,2.345678
0.456789,1,6.789012
1.234567,1,7.890123
-0.123456,0,2.345678
0.678901,1,5.456789
-0.987654,0,3.123456
0.234567,1,6.789012
1.345678,1,8.123456
-1.5,0,1.234567
0.123456,1,4.56789
-0.456789,0,2.678901
0.789012,1,6.123456
1.456789,1,9.012345
-0.678901,0,3.456789
0.345678,1,5.678901
-1.234567,0,2.345678
0.456789,1,6.789012
1.234567,1,7.890123
-0.123456,0,2.345678
0.678901,1,5.456789
-0.987654,0,3.123456
0.234567,1,6.789012
1.345678,1,8.123456
-1.5,0,1.234567
0.123456,1,4.56789
-0.456789,0,2.678901
0.789012,1,6.123456
1.456789,1,9.012345
-0.678901,0,3.456789
0.345678,1,5.678901
-1.234567,0,2.345678
0.456789,1,6.789012
1.234567,1,7.890123
-0.123456,0,2.345678
0.678901,1,5.456789
-0.987654,0,3.123456
0.234567,1,6.789012
1.345678,1,8.123456
-1.5,0,1.234567
0.123456,1,4.56789
-0.456789,0,2.678901
0.789012,1,6.123456
1.456789,1,9.012345
-0.678901,0,3.456789
0.345678,1,5.678901
-1.234567,0,2.345678
0.456789,1,6.789012
1.234567,1,7.890123
-0.123456,0,2.345678
0.678901,1,5.456789
-0.987654,0,3.123456
0.234567,1,6.789012
1.345678,1,8.123456
-1.5,0,1.234567
0.123456,1,4.56789
-0.456789,0,2.678901
0.789012,1,6.123456
1.456789,1,9.012345
-0.678901,0,3.456789
0.345678,1,5.678901
-1.234567,0,2.345678
0.456789,1,6.789012
1.234567,1,7.890123
-0.123456,0,2.345678
0.678901,1,5.456789
-0.987654,0,3.123456
0.234567,1,6.789012
1.345678,1,8.123456
-1.5,0,1.234567
0.123456,1,4.56789
-0.456789,0,2.678901
0.789012,1,6.123456
1.456789,1,9.012345
-0.678901,0,3.456789
0.345678,1,5.678901
-1.234567,0,2.345678
0.456789,1,6.789012
1.234567,1,7.890123
-0.123456,0,2.345678
0.678901,1,5.456789
-0.987654,0,3.123456
0.234567,1,6.789012
1.345678,1,8.123456
-1.5,0,1.234567
0.123456,1,4.56789
-0.456789,0,2.678901
0.789012,1,6.123456
1.456789,1,9.012345
-0.678901,0,3.456789
0.345678,1,5.678901
-1.234567,0,2.345678
0.456789,1,6.789012
1.234567,1,7.890123
-0.123456,0,2.345678
0.678901,1,5.456789
-0.987654,0,3.123456
0.234567,1,6.789012
1.345678,1,8.123456
-1.5,0,1.234567
0.123456,1,4.56789
-0.456789,0,2.678901
0.789012,1,6.123456
1.456789,1,9.012345
-0.678901,0,3.456789
0.345678,1,5.678901
-1.234567,0,2.345678
0.456789,1,6.789012
1.234567,1,7.890123
-0.123456,0,2.345678
0.678901,1,5.678901
-0.987654,0,3.123456
0.234567,1,6.789012
1.345678,1,8.123456
-1.5,0,1.234567
0.123456,1,4.56789
-0.456789,0,2.678901
0.789012,1,6.123456
1.456789,1,9.012345
-0.678901,0,3.456789
0.345678,1,5.678901
-1.234567,0,2.345678
0.456789,1,6.789012
1.234567,1,7.890123
-0.123456,0,2.345678
0.678901,1,5.678901
-0.987654,0,3.123456
0.234567,1,6.789012
1.345678,1,8.123456
-1.5,0,1.234567
0.123456,1,4.56789
-0.456789,0,2.678901
0.789012,1,6.123456
1.456789,1,9.012345
-0.678901,0,3.456789
0.345678,1,5.678901
-1.234567,0,2.345678
0.456789,1,6.789012
1.234567,1,7.890123
-0.123456,0,2.345678
0.678901,1,5.678901
-0.987654,0,3.123456
0.234567,1,6.789012
-0.123456,1,5.678901
0.456789,0,3.234567
1.234567,1,7.890123
-1.345678,0,2.345678
0.987654,1,6.54321
-0.56789,0,3.456789
1.111111,1,7.123456
-0.234567,0,3.678901
0.678901,1,5.890123
-1.234567,0,2.456789
0.345678,1,4.56789
1.5,1,8.123456
-0.987654,0,2.678901
0.123456,1,5.234567
-1.111111,0,2.345678
0.456789,1,6.789012
1.345678,1,7.890123
-0.678901,0,3.456789
0.789012,1,5.678901
-1.234567,0,2.345678
0.234567,1,4.56789
1.111111,1,7.123456
-0.345678,0,3.678901
0.678901,1,5.890123
-1.5,0,2.456789
0.987654,1,6.54321
-0.123456,0,3.234567
1.234567,1,7.890123
-0.456789,0,2.345678
0.56789,1,5.678901
-1.111111,0,2.345678
0.678901,1,6.789012
